ISO-10303-21;
HEADER;
FILE_DESCRIPTION (( 'STEP AP214' ),
    '1' );
FILE_NAME ('DF10M-E3_45.STEP',
    '2021-10-04T16:10:06',
    ( '' ),
    ( '' ),
    'SwSTEP 2.0',
    'SolidWorks 2020',
    '' );
FILE_SCHEMA (( 'AUTOMOTIVE_DESIGN' ));
ENDSEC;

DATA;
#1 =( LENGTH_UNIT ( ) NAMED_UNIT ( * ) SI_UNIT ( .MILLI., .METRE. ) );
#2 = ORIENTED_EDGE ( 'NONE', *, *, #3168, .T. ) ;
#4 =( NAMED_UNIT ( * ) PLANE_ANGLE_UNIT ( ) SI_UNIT ( $, .RADIAN. ) );
#3 = CARTESIAN_POINT ( 'NONE',  ( 3.341664254235964471, 3.205680000000123098, -3.057499999999999662 ) ) ;
#5 = EDGE_CURVE ( 'NONE', #4420, #4205, #3750, .T. ) ;
#6 = EDGE_CURVE ( 'NONE', #3553, #2459, #89, .T. ) ;
#7 = ORIENTED_EDGE ( 'NONE', *, *, #2762, .T. ) ;
#8 = ORIENTED_EDGE ( 'NONE', *, *, #1169, .T. ) ;
#9 = PLANE ( 'NONE',  #3711 ) ;
#10 = ORIENTED_EDGE ( 'NONE', *, *, #445, .T. ) ;
#11 = FACE_OUTER_BOUND ( 'NONE', #151, .T. ) ;
#12 = CARTESIAN_POINT ( 'NONE',  ( 3.341664254235964471, 3.205680000000123098, -3.057499999999999662 ) ) ;
#13 = EDGE_CURVE ( 'NONE', #3547, #2681, #2672, .T. ) ;
#14 = VERTEX_POINT ( 'NONE', #1574 ) ;
#15 = LINE ( 'NONE', #2864, #96 ) ;
#16 = DIRECTION ( 'NONE',  ( 0.000000000000000000, 0.000000000000000000, -1.000000000000000000 ) ) ;
#17 = LINE ( 'NONE', #1819, #4404 ) ;
#18 = DIRECTION ( 'NONE',  ( -0.1583471095125006389, 0.9873835085259607958, 0.000000000000000000 ) ) ;
#19 = DIRECTION ( 'NONE',  ( -1.000000000000000000, 0.000000000000000000, 0.000000000000000000 ) ) ;
#20 = ORIENTED_EDGE ( 'NONE', *, *, #3230, .T. ) ;
#21 = CARTESIAN_POINT ( 'NONE',  ( -4.124659999999999549, -2.660000000000001030, -2.290000000000000036 ) ) ;
#22 = VECTOR ( 'NONE', #3327, 1000.000000000000000 ) ;
#23 = ORIENTED_EDGE ( 'NONE', *, *, #181, .T. ) ;
#24 = AXIS2_PLACEMENT_3D ( 'NONE', #1225, #3353, #2691 ) ;
#25 = EDGE_LOOP ( 'NONE', ( #3293, #3285, #1062, #3315 ) ) ;
#27 = DIRECTION ( 'NONE',  ( 0.000000000000000000, 0.000000000000000000, 1.000000000000000000 ) ) ;
#26 = FACE_OUTER_BOUND ( 'NONE', #2384, .T. ) ;
#28 = ORIENTED_EDGE ( 'NONE', *, *, #1322, .T. ) ;
#29 = ORIENTED_EDGE ( 'NONE', *, *, #426, .F. ) ;
#30 = CARTESIAN_POINT ( 'NONE',  ( 2.656502611444790940, 5.330000000000000071, -2.426457372864449624 ) ) ;
#31 = VECTOR ( 'NONE', #3674, 1000.000000000000000 ) ;
#32 = EDGE_CURVE ( 'NONE', #2304, #3982, #3360, .T. ) ;
#33 = ADVANCED_FACE ( 'NONE', ( #1148 ), #2622, .T. ) ;
#34 = DIRECTION ( 'NONE',  ( 1.000000000000000000, 0.000000000000000000, 0.000000000000000000 ) ) ;
#35 = DIRECTION ( 'NONE',  ( 1.000000000000000000, 0.000000000000000000, 0.000000000000000000 ) ) ;
#36 = AXIS2_PLACEMENT_3D ( 'NONE', #2888, #4424, #4395 ) ;
#37 = AXIS2_PLACEMENT_3D ( 'NONE', #2976, #3677, #2298 ) ;
#38 = DIRECTION ( 'NONE',  ( 0.000000000000000000, -1.000000000000000000, 0.000000000000000000 ) ) ;
#39 = ORIENTED_EDGE ( 'NONE', *, *, #1413, .T. ) ;
#40 = VECTOR ( 'NONE', #2625, 1000.000000000000000 ) ;
#41 = EDGE_CURVE ( 'NONE', #871, #3878, #2268, .T. ) ;
#42 = VECTOR ( 'NONE', #617, 1000.000000000000000 ) ;
#43 = VECTOR ( 'NONE', #2767, 1000.000000000000000 ) ;
#44 = CARTESIAN_POINT ( 'NONE',  ( -2.330449999999999022, 5.304599999999999760, -2.169000000000004036 ) ) ;
#45 = LINE ( 'NONE', #1483, #4021 ) ;
#46 = CARTESIAN_POINT ( 'NONE',  ( -2.330449999999999022, 5.330000000000000071, -2.169000000000004036 ) ) ;
#47 = DIRECTION ( 'NONE',  ( 0.6897911962709534217, 0.000000000000000000, -0.7240083601361844146 ) ) ;
#48 = AXIS2_PLACEMENT_3D ( 'NONE', #3599, #380, #2638 ) ;
#49 = EDGE_LOOP ( 'NONE', ( #3801, #1971, #3630, #2105 ) ) ;
#50 = EDGE_LOOP ( 'NONE', ( #2720, #3986, #4345, #2898 ) ) ;
#51 = PLANE ( 'NONE',  #3272 ) ;
#52 = EDGE_LOOP ( 'NONE', ( #3193, #3377, #3629, #1643 ) ) ;
#54 =( NAMED_UNIT ( * ) SI_UNIT ( $, .STERADIAN. ) SOLID_ANGLE_UNIT ( ) );
#53 = CARTESIAN_POINT ( 'NONE',  ( 4.124659999999999549, 1.000000000000000000, 2.290000000000000036 ) ) ;
#55 = ORIENTED_EDGE ( 'NONE', *, *, #1940, .T. ) ;
#56 = VERTEX_POINT ( 'NONE', #1257 ) ;
#57 = CARTESIAN_POINT ( 'NONE',  ( -2.330449999999984367, 5.304599999999999760, 2.168999999999999151 ) ) ;
#58 = LINE ( 'NONE', #3558, #4534 ) ;
#59 = DIRECTION ( 'NONE',  ( 1.000000000000000000, 0.000000000000000000, -5.812442539711223044E-15 ) ) ;
#60 = EDGE_CURVE ( 'NONE', #3940, #4557, #2378, .T. ) ;
#61 = DIRECTION ( 'NONE',  ( -0.000000000000000000, 1.000000000000000000, -0.000000000000000000 ) ) ;
#62 = ORIENTED_EDGE ( 'NONE', *, *, #2861, .T. ) ;
#63 = ORIENTED_EDGE ( 'NONE', *, *, #4419, .F. ) ;
#64 = CARTESIAN_POINT ( 'NONE',  ( -3.850340000000000096, 1.000000000000000000, -2.290000000000000036 ) ) ;
#65 = DIRECTION ( 'NONE',  ( 1.000000000000000000, 0.000000000000000000, -0.000000000000000000 ) ) ;
#66 = ADVANCED_FACE ( 'NONE', ( #220 ), #3797, .F. ) ;
#67 = EDGE_CURVE ( 'NONE', #2844, #2049, #905, .T. ) ;
#68 = LINE ( 'NONE', #2959, #2243 ) ;
#69 = ORIENTED_EDGE ( 'NONE', *, *, #415, .F. ) ;
#70 = PRODUCT_CONTEXT ( 'NONE', #4450, 'mechanical' ) ;
#71 = EDGE_CURVE ( 'NONE', #3438, #1775, #3115, .T. ) ;
#72 = ORIENTED_EDGE ( 'NONE', *, *, #3312, .F. ) ;
#73 =( LENGTH_UNIT ( ) NAMED_UNIT ( * ) SI_UNIT ( .MILLI., .METRE. ) );
#74 = ORIENTED_EDGE ( 'NONE', *, *, #3156, .F. ) ;
#75 = DIRECTION ( 'NONE',  ( 1.000000000000000000, 0.000000000000000000, -0.000000000000000000 ) ) ;
#76 = VERTEX_POINT ( 'NONE', #1994 ) ;
#77 = VERTEX_POINT ( 'NONE', #1714 ) ;
#78 = LINE ( 'NONE', #1515, #3643 ) ;
#79 = FACE_OUTER_BOUND ( 'NONE', #1181, .T. ) ;
#80 = DIRECTION ( 'NONE',  ( 1.734723475976807094E-15, 1.000000000000000000, 0.000000000000000000 ) ) ;
#81 = SURFACE_STYLE_FILL_AREA ( #3917 ) ;
#82 = ORIENTED_EDGE ( 'NONE', *, *, #2091, .T. ) ;
#83 = VERTEX_POINT ( 'NONE', #3085 ) ;
#84 = FACE_OUTER_BOUND ( 'NONE', #1546, .T. ) ;
#85 = DIRECTION ( 'NONE',  ( 1.000000000000000000, -0.000000000000000000, 0.000000000000000000 ) ) ;
#86 = EDGE_CURVE ( 'NONE', #1640, #2203, #3951, .T. ) ;
#87 = EDGE_CURVE ( 'NONE', #1436, #1343, #2535, .T. ) ;
#88 = CARTESIAN_POINT ( 'NONE',  ( 3.850339999999999652, 0.6800006613150175738, -2.042499999999999538 ) ) ;
#89 = LINE ( 'NONE', #4374, #185 ) ;
#90 = EDGE_LOOP ( 'NONE', ( #642, #136, #384, #28 ) ) ;
#91 = EDGE_CURVE ( 'NONE', #77, #164, #201, .T. ) ;
#92 = CARTESIAN_POINT ( 'NONE',  ( 2.169497388555174044, 5.304599999999999760, -2.673542627135591321 ) ) ;
#93 = ORIENTED_EDGE ( 'NONE', *, *, #1240, .T. ) ;
#95 = FACE_OUTER_BOUND ( 'NONE', #458, .T. ) ;
#94 = DIRECTION ( 'NONE',  ( 0.000000000000000000, 0.9396926207859079838, -0.3420201433256698231 ) ) ;
#96 = VECTOR ( 'NONE', #3237, 1000.000000000000000 ) ;
#97 = ORIENTED_EDGE ( 'NONE', *, *, #86, .T. ) ;
#98 = ORIENTED_EDGE ( 'NONE', *, *, #3075, .T. ) ;
#99 = LINE ( 'NONE', #142, #863 ) ;
#100 = VECTOR ( 'NONE', #2588, 1000.000000000000000 ) ;
#101 = CARTESIAN_POINT ( 'NONE',  ( 3.175000000000000266, 3.680000000000123173, 4.157499999999998863 ) ) ;
#102 = LINE ( 'NONE', #3614, #4390 ) ;
#103 = VERTEX_POINT ( 'NONE', #3873 ) ;
#104 = VECTOR ( 'NONE', #1597, 1000.000000000000114 ) ;
#105 = CARTESIAN_POINT ( 'NONE',  ( -4.124659999999999549, 1.000000000000000000, 2.290000000000000036 ) ) ;
#106 = VECTOR ( 'NONE', #3921, 1000.000000000000000 ) ;
#107 = FACE_OUTER_BOUND ( 'NONE', #50, .T. ) ;
#108 = AXIS2_PLACEMENT_3D ( 'NONE', #2493, #314, #3209 ) ;
#109 = DIRECTION ( 'NONE',  ( 0.000000000000000000, -0.000000000000000000, 1.000000000000000000 ) ) ;
#110 = VECTOR ( 'NONE', #2991, 1000.000000000000000 ) ;
#111 = AXIS2_PLACEMENT_3D ( 'NONE', #982, #3074, #961 ) ;
#112 = DIRECTION ( 'NONE',  ( 0.000000000000000000, 0.000000000000000000, 1.000000000000000000 ) ) ;
#113 = ORIENTED_EDGE ( 'NONE', *, *, #1485, .F. ) ;
#114 = AXIS2_PLACEMENT_3D ( 'NONE', #4103, #1567, #2996 ) ;
#115 = AXIS2_PLACEMENT_3D ( 'NONE', #951, #3184, #992 ) ;
#116 = EDGE_CURVE ( 'NONE', #3057, #4292, #4223, .T. ) ;
#117 = VERTEX_POINT ( 'NONE', #3464 ) ;
#118 = EDGE_CURVE ( 'NONE', #3960, #325, #1636, .T. ) ;
#119 = AXIS2_PLACEMENT_3D ( 'NONE', #3922, #698, #2145 ) ;
#120 = ORIENTED_EDGE ( 'NONE', *, *, #4385, .T. ) ;
#122 = PLANE ( 'NONE',  #2221 ) ;
#121 = LINE ( 'NONE', #4097, #1686 ) ;
#123 = VERTEX_POINT ( 'NONE', #3818 ) ;
#124 = CIRCLE ( 'NONE', #1318, 0.4743200000000002969 ) ;
#125 = VERTEX_POINT ( 'NONE', #1968 ) ;
#126 = ADVANCED_FACE ( 'NONE', ( #601 ), #2017, .F. ) ;
#127 = DIRECTION ( 'NONE',  ( -0.000000000000000000, -0.000000000000000000, 1.000000000000000000 ) ) ;
#128 = MANIFOLD_SOLID_BREP ( 'Marking 4', #3786 ) ;
#129 = DIRECTION ( 'NONE',  ( -0.04357795025174460157, -0.9980991556472297299, -0.04357795025174485137 ) ) ;
#130 = DIRECTION ( 'NONE',  ( 0.000000000000000000, 0.000000000000000000, 1.000000000000000000 ) ) ;
#131 = ORIENTED_EDGE ( 'NONE', *, *, #1233, .T. ) ;
#132 = ADVANCED_FACE ( 'NONE', ( #3050 ), #3398, .T. ) ;
#133 = CARTESIAN_POINT ( 'NONE',  ( 2.339382931423644951, 5.330000000000000071, -2.587350096575891101 ) ) ;
#134 = CARTESIAN_POINT ( 'NONE',  ( -7.170955672305229121E-15, 5.330000000000000071, -2.467450000000010579 ) ) ;
#135 = PLANE ( 'NONE',  #735 ) ;
#136 = ORIENTED_EDGE ( 'NONE', *, *, #3309, .F. ) ;
#137 = VERTEX_POINT ( 'NONE', #652 ) ;
#138 = ORIENTED_EDGE ( 'NONE', *, *, #3291, .T. ) ;
#140 = DIRECTION ( 'NONE',  ( 0.000000000000000000, 0.000000000000000000, -1.000000000000000000 ) ) ;
#139 = DIRECTION ( 'NONE',  ( -1.000000000000000000, -1.184920407087982840E-16, 0.000000000000000000 ) ) ;
#141 = VERTEX_POINT ( 'NONE', #1740 ) ;
#142 = CARTESIAN_POINT ( 'NONE',  ( 0.000000000000000000, 5.046957803640805373, -4.097817333376893245 ) ) ;
#143 = MANIFOLD_SOLID_BREP ( 'Pin 2', #1857 ) ;
#144 = ADVANCED_FACE ( 'NONE', ( #4550 ), #3441, .T. ) ;
#145 = CARTESIAN_POINT ( 'NONE',  ( 2.339382931423644951, 5.304599999999999760, -2.587350096575891101 ) ) ;
#146 = ADVANCED_FACE ( 'NONE', ( #1760 ), #3837, .T. ) ;
#147 = CARTESIAN_POINT ( 'NONE',  ( 2.656502611444808259, 5.304599999999999760, 2.673542627135553129 ) ) ;
#148 = ORIENTED_EDGE ( 'NONE', *, *, #3738, .T. ) ;
#149 = LINE ( 'NONE', #1209, #1542 ) ;
#150 = EDGE_CURVE ( 'NONE', #137, #1726, #295, .T. ) ;
#151 = EDGE_LOOP ( 'NONE', ( #4637, #3761, #1199, #1969 ) ) ;
#152 = FACE_OUTER_BOUND ( 'NONE', #3093, .T. ) ;
#153 = DIRECTION ( 'NONE',  ( 1.000000000000000000, 0.000000000000000000, -2.626776916984867341E-15 ) ) ;
#154 = EDGE_LOOP ( 'NONE', ( #3379, #93, #1124, #1044 ) ) ;
#155 = ORIENTED_EDGE ( 'NONE', *, *, #2335, .F. ) ;
#156 = CARTESIAN_POINT ( 'NONE',  ( -3.174999999999999378, 3.680000000000123173, -4.157500000000000639 ) ) ;
#157 = ORIENTED_EDGE ( 'NONE', *, *, #1129, .T. ) ;
#159 = CARTESIAN_POINT ( 'NONE',  ( -2.032000000000000473, 5.330000000000000071, -2.632550000000004609 ) ) ;
#158 = DIRECTION ( 'NONE',  ( -1.000000000000000000, 0.000000000000000000, 0.000000000000000000 ) ) ;
#160 = ORIENTED_EDGE ( 'NONE', *, *, #922, .T. ) ;
#161 = CARTESIAN_POINT ( 'NONE',  ( 2.525097388555192612, 5.330000000000000071, 2.811466219741497241 ) ) ;
#162 = CARTESIAN_POINT ( 'NONE',  ( -3.341664254235964471, 0.6800006613150175738, 2.042499999999999538 ) ) ;
#163 = DIRECTION ( 'NONE',  ( -0.000000000000000000, 0.000000000000000000, 1.000000000000000000 ) ) ;
#164 = VERTEX_POINT ( 'NONE', #2761 ) ;
#165 = DIRECTION ( 'NONE',  ( 0.000000000000000000, 0.000000000000000000, 1.000000000000000000 ) ) ;
#166 = AXIS2_PLACEMENT_3D ( 'NONE', #4458, #1293, #3748 ) ;
#167 = EDGE_CURVE ( 'NONE', #208, #2804, #2445, .T. ) ;
#168 = ADVANCED_FACE ( 'NONE', ( #3491 ), #3867, .F. ) ;
#169 = CARTESIAN_POINT ( 'NONE',  ( -2.495550000000000601, 5.304599999999999760, -2.632550000000004609 ) ) ;
#170 = AXIS2_PLACEMENT_3D ( 'NONE', #2852, #2832, #3528 ) ;
#171 = EDGE_CURVE ( 'NONE', #1131, #1788, #241, .T. ) ;
#172 = PRESENTATION_LAYER_ASSIGNMENT (  '', '', ( #1677 ) ) ;
#173 = AXIS2_PLACEMENT_3D ( 'NONE', #3364, #140, #2662 ) ;
#174 = AXIS2_PLACEMENT_3D ( 'NONE', #4217, #4198, #272 ) ;
#175 = CARTESIAN_POINT ( 'NONE',  ( -2.495549999999989055, 5.304599999999999760, 1.087893073498222629E-14 ) ) ;
#176 = CARTESIAN_POINT ( 'NONE',  ( 5.697479132940173536E-15, 5.304599999999999760, 2.168999999999992934 ) ) ;
#177 = SURFACE_STYLE_FILL_AREA ( #3138 ) ;
#178 = CIRCLE ( 'NONE', #3481, 3.999999999999998224 ) ;
#179 = AXIS2_PLACEMENT_3D ( 'NONE', #4499, #3129, #1290 ) ;
#180 = ORIENTED_EDGE ( 'NONE', *, *, #2138, .T. ) ;
#181 = EDGE_CURVE ( 'NONE', #1113, #3720, #791, .T. ) ;
#182 = AXIS2_PLACEMENT_3D ( 'NONE', #2389, #941, #2436 ) ;
#183 = DIRECTION ( 'NONE',  ( -1.000000000000000000, 0.000000000000000000, 0.000000000000000000 ) ) ;
#184 = VECTOR ( 'NONE', #3282, 1000.000000000000000 ) ;
#185 = VECTOR ( 'NONE', #2960, 1000.000000000000114 ) ;
#186 = VERTEX_POINT ( 'NONE', #217 ) ;
#187 = FACE_OUTER_BOUND ( 'NONE', #4617, .T. ) ;
#188 = ORIENTED_EDGE ( 'NONE', *, *, #3706, .T. ) ;
#189 = STYLED_ITEM ( 'NONE', ( #2226 ), #1642 ) ;
#190 = CARTESIAN_POINT ( 'NONE',  ( 3.850339999999999652, -2.660000000000001030, 2.810000000000000053 ) ) ;
#191 = AXIS2_PLACEMENT_3D ( 'NONE', #3461, #4147, #3813 ) ;
#192 = FACE_OUTER_BOUND ( 'NONE', #4344, .T. ) ;
#194 = DIRECTION ( 'NONE',  ( -4.336808689942017736E-16, 1.000000000000000000, 0.000000000000000000 ) ) ;
#193 = CARTESIAN_POINT ( 'NONE',  ( -2.330449999999999910, 5.330000000000000071, -2.467450000000003918 ) ) ;
#195 = VECTOR ( 'NONE', #4398, 1000.000000000000000 ) ;
#196 = EDGE_LOOP ( 'NONE', ( #3200, #4031, #2331, #1244 ) ) ;
#197 = DIRECTION ( 'NONE',  ( -3.414809992080328333E-15, 0.000000000000000000, -1.000000000000000000 ) ) ;
#198 = DIRECTION ( 'NONE',  ( 1.000000000000000000, 1.942130114371435793E-14, 0.000000000000000000 ) ) ;
#199 = DIRECTION ( 'NONE',  ( 1.000000000000000000, 0.000000000000000000, 0.000000000000000000 ) ) ;
#200 = ADVANCED_FACE ( 'NONE', ( #577 ), #1371, .F. ) ;
#201 = LINE ( 'NONE', #1276, #2070 ) ;
#202 = EDGE_CURVE ( 'NONE', #4265, #2252, #2418, .T. ) ;
#203 = VERTEX_POINT ( 'NONE', #2013 ) ;
#204 = CARTESIAN_POINT ( 'NONE',  ( -2.330449999999993249, 5.304599999999999760, 9.284384603717507378E-15 ) ) ;
#205 = ORIENTED_EDGE ( 'NONE', *, *, #739, .T. ) ;
#206 = CARTESIAN_POINT ( 'NONE',  ( -3.850339999999999652, -2.660000000000001030, 2.290000000000000036 ) ) ;
#207 = EDGE_CURVE ( 'NONE', #4601, #2410, #2060, .T. ) ;
#208 = VERTEX_POINT ( 'NONE', #2092 ) ;
#209 = CARTESIAN_POINT ( 'NONE',  ( 2.727713273868203725, 5.304599999999999760, 2.598799552413672664 ) ) ;
#210 = LINE ( 'NONE', #231, #2740 ) ;
#212 = CARTESIAN_POINT ( 'NONE',  ( -3.850339999999999652, 0.000000000000000000, -2.042499999999999538 ) ) ;
#211 = FACE_OUTER_BOUND ( 'NONE', #4297, .T. ) ;
#213 = ORIENTED_EDGE ( 'NONE', *, *, #4286, .F. ) ;
#214 = CARTESIAN_POINT ( 'NONE',  ( -3.095201002497907528, 5.507697529787774826, 4.077701002497907012 ) ) ;
#215 = CARTESIAN_POINT ( 'NONE',  ( -3.175000000000000266, 3.680000000000123173, -2.042499999999999538 ) ) ;
#216 = CARTESIAN_POINT ( 'NONE',  ( 3.341664254235964471, 3.680000000000123173, 2.290000000000000036 ) ) ;
#217 = CARTESIAN_POINT ( 'NONE',  ( -2.330449999999999910, 5.330000000000000071, -2.467450000000003918 ) ) ;
#218 = DIRECTION ( 'NONE',  ( 0.7240083601361844146, -0.000000000000000000, 0.6897911962709534217 ) ) ;
#219 = CARTESIAN_POINT ( 'NONE',  ( 5.697479132940173536E-15, 5.304599999999999760, 2.168999999999992934 ) ) ;
#220 = FACE_OUTER_BOUND ( 'NONE', #4283, .T. ) ;
#221 = EDGE_LOOP ( 'NONE', ( #2971, #4651, #3529, #459, #2731, #815, #3006, #1934 ) ) ;
#222 = ADVANCED_FACE ( 'NONE', ( #3514 ), #2476, .T. ) ;
#223 = ADVANCED_FACE ( 'NONE', ( #2115 ), #1427, .T. ) ;
#224 = FACE_OUTER_BOUND ( 'NONE', #439, .T. ) ;
#225 = VERTEX_POINT ( 'NONE', #3615 ) ;
#226 = DIRECTION ( 'NONE',  ( -8.673617379884035472E-16, -1.000000000000000000, -0.000000000000000000 ) ) ;
#227 = EDGE_LOOP ( 'NONE', ( #3803, #336, #1187, #4108, #1458, #2773, #2616, #1897, #1793, #4049, #2791, #344 ) ) ;
#228 = DIRECTION ( 'NONE',  ( 1.000000000000000000, -0.000000000000000000, 0.000000000000000000 ) ) ;
#229 = EDGE_CURVE ( 'NONE', #2428, #1366, #1101, .T. ) ;
#230 = MANIFOLD_SOLID_BREP ( 'Housing', #3341 ) ;
#231 = CARTESIAN_POINT ( 'NONE',  ( 3.850340000000000096, 1.000000000000000000, 2.290000000000000036 ) ) ;
#232 = EDGE_LOOP ( 'NONE', ( #4050, #401, #4312, #4073 ) ) ;
#234 = LINE ( 'NONE', #3507, #1227 ) ;
#233 = DIRECTION ( 'NONE',  ( -2.906221269855598900E-15, 0.000000000000000000, -1.000000000000000000 ) ) ;
#235 = ORIENTED_EDGE ( 'NONE', *, *, #785, .F. ) ;
#236 = DIRECTION ( 'NONE',  ( 1.000000000000000000, 0.000000000000000000, -3.414809992080328333E-15 ) ) ;
#237 = ORIENTED_EDGE ( 'NONE', *, *, #1347, .T. ) ;
#238 = DIRECTION ( 'NONE',  ( 0.04357795025174453912, -0.9980991556472297299, 0.04357795025174480280 ) ) ;
#239 = DIRECTION ( 'NONE',  ( 0.000000000000000000, 0.000000000000000000, 1.000000000000000000 ) ) ;
#240 = AXIS2_PLACEMENT_3D ( 'NONE', #1069, #2760, #239 ) ;
#241 = LINE ( 'NONE', #2371, #2222 ) ;
#242 = AXIS2_PLACEMENT_3D ( 'NONE', #671, #724, #1791 ) ;
#243 = DIRECTION ( 'NONE',  ( 1.000000000000000000, 0.000000000000000000, -5.812442539711223044E-15 ) ) ;
#244 = DIRECTION ( 'NONE',  ( 0.9990482215818579093, -0.04361938736533275962, 0.000000000000000000 ) ) ;
#245 = DIRECTION ( 'NONE',  ( 0.000000000000000000, 1.000000000000000000, -0.000000000000000000 ) ) ;
#246 = ORIENTED_EDGE ( 'NONE', *, *, #2520, .F. ) ;
#247 = CARTESIAN_POINT ( 'NONE',  ( 3.175000000000000266, 3.680000000000123173, -2.290000000000000036 ) ) ;
#248 = VECTOR ( 'NONE', #599, 1000.000000000000000 ) ;
#249 = ORIENTED_EDGE ( 'NONE', *, *, #1700, .T. ) ;
#250 = DIRECTION ( 'NONE',  ( -1.000000000000000000, 9.331360556159751558E-18, 0.000000000000000000 ) ) ;
#251 = AXIS2_PLACEMENT_3D ( 'NONE', #2876, #3969, #2209 ) ;
#252 = ADVANCED_FACE ( 'NONE', ( #374 ), #2568, .F. ) ;
#253 = ORIENTED_EDGE ( 'NONE', *, *, #3799, .F. ) ;
#254 = CARTESIAN_POINT ( 'NONE',  ( -7.170955672305227544E-15, 5.330000000000000071, -2.467450000000010135 ) ) ;
#255 = AXIS2_PLACEMENT_3D ( 'NONE', #1724, #1316, #4496 ) ;
#256 = VECTOR ( 'NONE', #4417, 1000.000000000000000 ) ;
#257 = CARTESIAN_POINT ( 'NONE',  ( -2.330450000000001687, 5.304599999999999760, -2.931000000000003602 ) ) ;
#258 = ORIENTED_EDGE ( 'NONE', *, *, #2471, .F. ) ;
#260 = CARTESIAN_POINT ( 'NONE',  ( -3.174999999999999378, 5.330000000000000071, -3.607573868596874345 ) ) ;
#259 = DIRECTION ( 'NONE',  ( 1.000000000000000000, 0.000000000000000000, 0.000000000000000000 ) ) ;
#261 = EDGE_CURVE ( 'NONE', #1131, #4615, #443, .T. ) ;
#262 = ADVANCED_BREP_SHAPE_REPRESENTATION ( 'DF10M-E3_45', ( #1642, #1653, #143, #1674, #230, #3343, #128, #3303, #1810, #486 ), #4234 ) ;
#263 = ADVANCED_FACE ( 'NONE', ( #4296 ), #395, .F. ) ;
#264 = ORIENTED_EDGE ( 'NONE', *, *, #2345, .F. ) ;
#265 = VECTOR ( 'NONE', #3582, 1000.000000000000000 ) ;
#266 = VECTOR ( 'NONE', #2549, 1000.000000000000000 ) ;
#267 = DIRECTION ( 'NONE',  ( 1.000000000000000000, 0.000000000000000000, -2.626776916984868130E-15 ) ) ;
#268 = ORIENTED_EDGE ( 'NONE', *, *, #2178, .T. ) ;
#269 = CARTESIAN_POINT ( 'NONE',  ( -3.174999999999999378, 3.680000000000123173, 4.157499999999998863 ) ) ;
#270 = LINE ( 'NONE', #2497, #330 ) ;
#271 = ADVANCED_FACE ( 'NONE', ( #1792 ), #1477, .F. ) ;
#272 = DIRECTION ( 'NONE',  ( 0.000000000000000000, 0.000000000000000000, 1.000000000000000000 ) ) ;
#273 = PLANE ( 'NONE',  #1665 ) ;
#274 = LINE ( 'NONE', #2035, #861 ) ;
#275 = DIRECTION ( 'NONE',  ( -0.000000000000000000, -1.000000000000000000, 0.000000000000000000 ) ) ;
#276 = DIRECTION ( 'NONE',  ( -2.833924562156542408E-18, 0.3420201433256698786, -0.9396926207859079838 ) ) ;
#277 = VERTEX_POINT ( 'NONE', #1070 ) ;
#278 = DIRECTION ( 'NONE',  ( 0.000000000000000000, 0.000000000000000000, 1.000000000000000000 ) ) ;
#279 = VERTEX_POINT ( 'NONE', #1815 ) ;
#280 =( NAMED_UNIT ( * ) PLANE_ANGLE_UNIT ( ) SI_UNIT ( $, .RADIAN. ) );
#281 = VERTEX_POINT ( 'NONE', #3637 ) ;
#282 = DIRECTION ( 'NONE',  ( 0.6897911962709469824, 0.000000000000000000, -0.7240083601361906318 ) ) ;
#283 = CARTESIAN_POINT ( 'NONE',  ( 0.1806988503407945812, 5.330000000000000071, 0.1721588907038519300 ) ) ;
#284 = EDGE_LOOP ( 'NONE', ( #1461, #2563, #3456, #69 ) ) ;
#286 = FACE_OUTER_BOUND ( 'NONE', #682, .T. ) ;
#285 = CARTESIAN_POINT ( 'NONE',  ( -2.495549999999992163, 5.304599999999999760, 7.252620489988117204E-15 ) ) ;
#287 = ORIENTED_EDGE ( 'NONE', *, *, #3628, .F. ) ;
#288 = ORIENTED_EDGE ( 'NONE', *, *, #1859, .F. ) ;
#289 = CARTESIAN_POINT ( 'NONE',  ( -0.1979814764979378472, 5.304599999999999760, -0.1886247273267825098 ) ) ;
#290 = ORIENTED_EDGE ( 'NONE', *, *, #4083, .T. ) ;
#291 = EDGE_CURVE ( 'NONE', #1282, #849, #2911, .T. ) ;
#292 = EDGE_CURVE ( 'NONE', #4382, #2108, #2519, .T. ) ;
#293 = DIRECTION ( 'NONE',  ( 0.7240083601361906318, 0.000000000000000000, 0.6897911962709469824 ) ) ;
#294 = FACE_OUTER_BOUND ( 'NONE', #2755, .T. ) ;
#295 = LINE ( 'NONE', #2397, #726 ) ;
#296 = UNCERTAINTY_MEASURE_WITH_UNIT (LENGTH_MEASURE( 1.000000000000000082E-05 ), #1037, 'distance_accuracy_value', 'NONE');
#297 = EDGE_CURVE ( 'NONE', #3790, #1436, #1397, .T. ) ;
#298 = DIRECTION ( 'NONE',  ( -0.1583471095124970307, 0.9873835085259613509, 0.000000000000000000 ) ) ;
#299 = DIRECTION ( 'NONE',  ( -0.04357795025174460157, -0.9980991556472297299, 0.04357795025174485137 ) ) ;
#300 = CARTESIAN_POINT ( 'NONE',  ( 2.525097388555175293, 5.304599999999999760, -2.288533780258505512 ) ) ;
#301 = FILL_AREA_STYLE ('',( #3518 ) ) ;
#302 = FACE_OUTER_BOUND ( 'NONE', #4317, .T. ) ;
#303 = EDGE_LOOP ( 'NONE', ( #3904, #368, #3841, #2391 ) ) ;
#304 = DIRECTION ( 'NONE',  ( 0.000000000000000000, -0.000000000000000000, 1.000000000000000000 ) ) ;
#305 = ORIENTED_EDGE ( 'NONE', *, *, #2936, .T. ) ;
#306 = CARTESIAN_POINT ( 'NONE',  ( 2.486617068576337353, 5.330000000000000071, 2.587350096575852909 ) ) ;
#307 = EDGE_LOOP ( 'NONE', ( #1386, #3602, #2557, #2044 ) ) ;
#308 = DIRECTION ( 'NONE',  ( 0.000000000000000000, 0.000000000000000000, -1.000000000000000000 ) ) ;
#309 = ORIENTED_EDGE ( 'NONE', *, *, #3312, .T. ) ;
#311 = CARTESIAN_POINT ( 'NONE',  ( -2.495549999999992163, 5.304599999999999760, 7.252620489988117204E-15 ) ) ;
#310 = DIRECTION ( 'NONE',  ( 0.000000000000000000, 0.000000000000000000, 1.000000000000000000 ) ) ;
#312 = ORIENTED_EDGE ( 'NONE', *, *, #1195, .T. ) ;
#313 = VERTEX_POINT ( 'NONE', #750 ) ;
#314 = DIRECTION ( 'NONE',  ( 1.000000000000000000, 0.000000000000000000, -2.906221269855598900E-15 ) ) ;
#315 = CARTESIAN_POINT ( 'NONE',  ( 2.169497388555191364, 5.330000000000000071, 2.426457372864411433 ) ) ;
#316 = CARTESIAN_POINT ( 'NONE',  ( 4.074194034103847173, 1.633388438049986124, -2.290000000000000036 ) ) ;
#317 = EDGE_CURVE ( 'NONE', #2274, #3808, #421, .T. ) ;
#318 = ADVANCED_FACE ( 'NONE', ( #771 ), #2212, .F. ) ;
#319 = DIRECTION ( 'NONE',  ( 0.000000000000000000, 0.000000000000000000, 1.000000000000000000 ) ) ;
#320 = DIRECTION ( 'NONE',  ( 0.000000000000000000, 1.000000000000000000, -0.000000000000000000 ) ) ;
#321 = DIRECTION ( 'NONE',  ( 0.000000000000000000, 0.000000000000000000, -1.000000000000000000 ) ) ;
#322 = VECTOR ( 'NONE', #198, 1000.000000000000000 ) ;
#323 = DIRECTION ( 'NONE',  ( 0.000000000000000000, 0.000000000000000000, 1.000000000000000000 ) ) ;
#324 = EDGE_CURVE ( 'NONE', #1436, #447, #3416, .T. ) ;
#325 = VERTEX_POINT ( 'NONE', #3389 ) ;
#326 = VECTOR ( 'NONE', #1497, 1000.000000000000000 ) ;
#327 = CARTESIAN_POINT ( 'NONE',  ( 4.124659999999999549, -2.660000000000001030, -2.810000000000000053 ) ) ;
#328 = ORIENTED_EDGE ( 'NONE', *, *, #4007, .F. ) ;
#329 = APPLICATION_PROTOCOL_DEFINITION ( 'draft international standard', 'automotive_design', 1998, #4450 ) ;
#330 = VECTOR ( 'NONE', #618, 1000.000000000000000 ) ;
#331 = EDGE_CURVE ( 'NONE', #896, #83, #2617, .T. ) ;
#332 = ORIENTED_EDGE ( 'NONE', *, *, #1507, .T. ) ;
#333 = VECTOR ( 'NONE', #2541, 1000.000000000000000 ) ;
#334 = VECTOR ( 'NONE', #488, 1000.000000000000000 ) ;
#335 = SURFACE_SIDE_STYLE ('',( #3549 ) ) ;
#336 = ORIENTED_EDGE ( 'NONE', *, *, #1587, .T. ) ;
#338 = DIRECTION ( 'NONE',  ( 1.000000000000000000, 0.000000000000000000, -2.906221269855598900E-15 ) ) ;
#337 = DIRECTION ( 'NONE',  ( 0.000000000000000000, 1.000000000000000000, -0.000000000000000000 ) ) ;
#339 = ORIENTED_EDGE ( 'NONE', *, *, #3961, .F. ) ;
#340 = VECTOR ( 'NONE', #957, 1000.000000000000000 ) ;
#341 = EDGE_LOOP ( 'NONE', ( #1201, #3037, #249, #3223 ) ) ;
#342 = VECTOR ( 'NONE', #4648, 1000.000000000000000 ) ;
#343 = LINE ( 'NONE', #57, #2447 ) ;
#344 = ORIENTED_EDGE ( 'NONE', *, *, #1989, .F. ) ;
#345 = AXIS2_PLACEMENT_3D ( 'NONE', #456, #139, #2969 ) ;
#346 = LINE ( 'NONE', #3613, #342 ) ;
#347 = DIRECTION ( 'NONE',  ( -0.000000000000000000, -0.000000000000000000, -1.000000000000000000 ) ) ;
#348 = PRESENTATION_STYLE_ASSIGNMENT (( #1498 ) ) ;
#349 = ORIENTED_EDGE ( 'NONE', *, *, #2879, .T. ) ;
#350 = CARTESIAN_POINT ( 'NONE',  ( 3.175000000000000266, 3.680000000000123173, 2.042499999999999538 ) ) ;
#351 = DIRECTION ( 'NONE',  ( -1.113460962759211437E-16, 0.9396926207859079838, 0.3420201433256698231 ) ) ;
#352 = LINE ( 'NONE', #4577, #2379 ) ;
#353 = LINE ( 'NONE', #3570, #489 ) ;
#354 = VECTOR ( 'NONE', #3749, 1000.000000000000000 ) ;
#355 = EDGE_LOOP ( 'NONE', ( #389, #2415, #758, #4259 ) ) ;
#356 = EDGE_CURVE ( 'NONE', #2830, #4096, #1946, .T. ) ;
#357 = EDGE_CURVE ( 'NONE', #2692, #1559, #3040, .T. ) ;
#358 = CARTESIAN_POINT ( 'NONE',  ( -3.341664254235964471, 3.680000000000123173, -3.057499999999999662 ) ) ;
#359 = ORIENTED_EDGE ( 'NONE', *, *, #1767, .F. ) ;
#360 = CARTESIAN_POINT ( 'NONE',  ( 3.850339999999999652, -2.660000000000001030, 2.290000000000000036 ) ) ;
#361 = ORIENTED_EDGE ( 'NONE', *, *, #2199, .T. ) ;
#362 = EDGE_CURVE ( 'NONE', #1525, #3960, #1194, .T. ) ;
#363 = DIRECTION ( 'NONE',  ( -0.000000000000000000, -1.000000000000000000, 0.000000000000000000 ) ) ;
#364 = VERTEX_POINT ( 'NONE', #823 ) ;
#366 = DIRECTION ( 'NONE',  ( -0.000000000000000000, -1.000000000000000000, 0.000000000000000000 ) ) ;
#365 = CARTESIAN_POINT ( 'NONE',  ( 4.124660000000001325, 1.000000000000000000, -3.057499999999999662 ) ) ;
#367 = VERTEX_POINT ( 'NONE', #1548 ) ;
#368 = ORIENTED_EDGE ( 'NONE', *, *, #2656, .T. ) ;
#369 = LINE ( 'NONE', #4271, #4157 ) ;
#370 = VECTOR ( 'NONE', #533, 1000.000000000000000 ) ;
#371 = ORIENTED_EDGE ( 'NONE', *, *, #3707, .T. ) ;
#372 = CYLINDRICAL_SURFACE ( 'NONE', #1236, 0.4743200000000007410 ) ;
#373 = CARTESIAN_POINT ( 'NONE',  ( 2.169497388555174044, 5.304599999999999760, -2.673542627135591321 ) ) ;
#374 = FACE_OUTER_BOUND ( 'NONE', #2251, .T. ) ;
#375 = VERTEX_POINT ( 'NONE', #545 ) ;
#376 = CARTESIAN_POINT ( 'NONE',  ( 2.656502611444808259, 5.330000000000000071, 2.673542627135553129 ) ) ;
#377 = FACE_OUTER_BOUND ( 'NONE', #1893, .T. ) ;
#378 = DIRECTION ( 'NONE',  ( 0.000000000000000000, 0.000000000000000000, 1.000000000000000000 ) ) ;
#379 = FACE_OUTER_BOUND ( 'NONE', #4290, .T. ) ;
#380 = DIRECTION ( 'NONE',  ( 0.000000000000000000, 0.000000000000000000, 1.000000000000000000 ) ) ;
#381 = EDGE_LOOP ( 'NONE', ( #4232, #2470, #4181, #2327 ) ) ;
#382 = DIRECTION ( 'NONE',  ( 1.184920407087982840E-16, 1.000000000000000000, 0.000000000000000000 ) ) ;
#383 = EDGE_CURVE ( 'NONE', #1912, #3663, #2380, .T. ) ;
#384 = ORIENTED_EDGE ( 'NONE', *, *, #4411, .F. ) ;
#385 = EDGE_CURVE ( 'NONE', #1852, #3355, #1607, .T. ) ;
#386 =( NAMED_UNIT ( * ) PLANE_ANGLE_UNIT ( ) SI_UNIT ( $, .RADIAN. ) );
#387 = VERTEX_POINT ( 'NONE', #3746 ) ;
#388 = DIRECTION ( 'NONE',  ( -0.000000000000000000, 1.000000000000000000, -0.000000000000000000 ) ) ;
#389 = ORIENTED_EDGE ( 'NONE', *, *, #4461, .F. ) ;
#390 = ORIENTED_EDGE ( 'NONE', *, *, #843, .F. ) ;
#391 = EDGE_CURVE ( 'NONE', #164, #1315, #939, .T. ) ;
#392 = FACE_OUTER_BOUND ( 'NONE', #701, .T. ) ;
#393 = CARTESIAN_POINT ( 'NONE',  ( 3.539140955941163735, 3.237349421902623092, 2.290000000000000036 ) ) ;
#394 = DIRECTION ( 'NONE',  ( 0.6897911962709469824, 0.000000000000000000, -0.7240083601361906318 ) ) ;
#395 = CYLINDRICAL_SURFACE ( 'NONE', #3418, 0.3556000000000001937 ) ;
#396 = VERTEX_POINT ( 'NONE', #2634 ) ;
#397 = DIRECTION ( 'NONE',  ( -0.000000000000000000, -0.000000000000000000, 1.000000000000000000 ) ) ;
#398 = CARTESIAN_POINT ( 'NONE',  ( 0.000000000000000000, 5.304599999999999760, -2.632550000000004609 ) ) ;
#399 = DIRECTION ( 'NONE',  ( 1.000000000000000000, 0.000000000000000000, -2.626776916984867341E-15 ) ) ;
#400 = CARTESIAN_POINT ( 'NONE',  ( 4.124659999999999549, 2.260341587194643190E-18, -2.809999999999999165 ) ) ;
#401 = ORIENTED_EDGE ( 'NONE', *, *, #693, .F. ) ;
#402 = VECTOR ( 'NONE', #4220, 1000.000000000000000 ) ;
#403 = EDGE_LOOP ( 'NONE', ( #2249, #4272, #4207, #3687 ) ) ;
#404 = AXIS2_PLACEMENT_3D ( 'NONE', #749, #1861, #1448 ) ;
#405 = ADVANCED_FACE ( 'NONE', ( #3000 ), #1926, .T. ) ;
#406 = ORIENTED_EDGE ( 'NONE', *, *, #2586, .T. ) ;
#407 = EDGE_CURVE ( 'NONE', #3675, #4237, #1170, .T. ) ;
#409 = CARTESIAN_POINT ( 'NONE',  ( 2.656502611444790940, 5.304599999999999760, -2.426457372864449624 ) ) ;
#408 = CARTESIAN_POINT ( 'NONE',  ( -2.495549999999992163, 5.304599999999999760, 7.252620489988117204E-15 ) ) ;
#410 = ORIENTED_EDGE ( 'NONE', *, *, #4219, .T. ) ;
#411 = ORIENTED_EDGE ( 'NONE', *, *, #866, .T. ) ;
#412 = PLANE ( 'NONE',  #1922 ) ;
#413 = AXIS2_PLACEMENT_3D ( 'NONE', #360, #3167, #382 ) ;
#414 = MECHANICAL_DESIGN_GEOMETRIC_PRESENTATION_REPRESENTATION (  '', ( #2059 ), #1531 ) ;
#415 = EDGE_CURVE ( 'NONE', #2438, #4375, #149, .T. ) ;
#416 = CARTESIAN_POINT ( 'NONE',  ( -2.032000000000000028, 5.304599999999999760, -2.467450000000004806 ) ) ;
#417 = EDGE_CURVE ( 'NONE', #1143, #225, #4125, .T. ) ;
#418 = CARTESIAN_POINT ( 'NONE',  ( 0.1246599999999993963, 1.000000000000000000, -2.042499999999999538 ) ) ;
#419 = AXIS2_PLACEMENT_3D ( 'NONE', #1105, #3618, #65 ) ;
#420 = VECTOR ( 'NONE', #127, 1000.000000000000000 ) ;
#421 = LINE ( 'NONE', #1123, #1996 ) ;
#422 = EDGE_LOOP ( 'NONE', ( #2877, #2100, #148, #958 ) ) ;
#423 = AXIS2_PLACEMENT_3D ( 'NONE', #4238, #3584, #1017 ) ;
#424 = VECTOR ( 'NONE', #792, 1000.000000000000000 ) ;
#425 = VECTOR ( 'NONE', #3731, 1000.000000000000000 ) ;
#426 = EDGE_CURVE ( 'NONE', #1119, #1063, #2261, .T. ) ;
#427 = CARTESIAN_POINT ( 'NONE',  ( -3.850339999999999652, 0.000000000000000000, 2.042499999999999538 ) ) ;
#428 = PLANE ( 'NONE',  #3859 ) ;
#429 = CIRCLE ( 'NONE', #1777, 0.3556000000000001937 ) ;
#430 = CARTESIAN_POINT ( 'NONE',  ( 2.169497388555174044, 5.330000000000000071, -2.673542627135591321 ) ) ;
#431 =( GEOMETRIC_REPRESENTATION_CONTEXT ( 3 ) GLOBAL_UNCERTAINTY_ASSIGNED_CONTEXT ( ( #3280 ) ) GLOBAL_UNIT_ASSIGNED_CONTEXT ( ( #73, #811, #4051 ) ) REPRESENTATION_CONTEXT ( 'NONE', 'WORKASPACE' ) );
#432 = ORIENTED_EDGE ( 'NONE', *, *, #2578, .F. ) ;
#433 = ORIENTED_EDGE ( 'NONE', *, *, #4465, .T. ) ;
#434 = PLANE ( 'NONE',  #725 ) ;
#435 = ORIENTED_EDGE ( 'NONE', *, *, #2426, .T. ) ;
#437 = SURFACE_STYLE_USAGE ( .BOTH. , #3655 ) ;
#436 = LINE ( 'NONE', #4447, #3572 ) ;
#438 = ORIENTED_EDGE ( 'NONE', *, *, #890, .F. ) ;
#439 = EDGE_LOOP ( 'NONE', ( #1997, #2992, #4055, #328 ) ) ;
#440 = DIRECTION ( 'NONE',  ( 0.000000000000000000, -0.000000000000000000, -1.000000000000000000 ) ) ;
#441 = PLANE ( 'NONE',  #2155 ) ;
#442 = DIRECTION ( 'NONE',  ( -0.000000000000000000, -0.000000000000000000, -1.000000000000000000 ) ) ;
#443 = LINE ( 'NONE', #1881, #3869 ) ;
#444 = ORIENTED_EDGE ( 'NONE', *, *, #1380, .T. ) ;
#445 = EDGE_CURVE ( 'NONE', #1830, #2213, #4061, .T. ) ;
#446 = EDGE_CURVE ( 'NONE', #3288, #3054, #4421, .T. ) ;
#447 = VERTEX_POINT ( 'NONE', #133 ) ;
#448 = CARTESIAN_POINT ( 'NONE',  ( -3.163022930141338396, 3.405680000000123275, 3.057499999999999662 ) ) ;
#449 = PLANE ( 'NONE',  #419 ) ;
#450 = ADVANCED_FACE ( 'NONE', ( #4438 ), #2649, .F. ) ;
#451 = CARTESIAN_POINT ( 'NONE',  ( 2.727713273868203725, 5.304599999999999760, 2.598799552413672664 ) ) ;
#452 = ORIENTED_EDGE ( 'NONE', *, *, #2997, .F. ) ;
#453 = ORIENTED_EDGE ( 'NONE', *, *, #3163, .T. ) ;
#454 = LINE ( 'NONE', #219, #4174 ) ;
#455 = ORIENTED_EDGE ( 'NONE', *, *, #1859, .T. ) ;
#457 = PLANE ( 'NONE',  #924 ) ;
#456 = CARTESIAN_POINT ( 'NONE',  ( -3.850339999999999652, -2.660000000000001030, -2.290000000000000036 ) ) ;
#458 = EDGE_LOOP ( 'NONE', ( #741, #816, #3918, #1494, #1151, #1964, #2256, #3834 ) ) ;
#459 = ORIENTED_EDGE ( 'NONE', *, *, #3163, .F. ) ;
#460 = APPLICATION_CONTEXT ( 'automotive_design' ) ;
#461 = UNCERTAINTY_MEASURE_WITH_UNIT (LENGTH_MEASURE( 1.000000000000000082E-05 ), #4288, 'distance_accuracy_value', 'NONE');
#462 = CARTESIAN_POINT ( 'NONE',  ( 2.414787137949140128, 5.304599999999999760, 2.168999999999982276 ) ) ;
#463 = CYLINDRICAL_SURFACE ( 'NONE', #4626, 0.2000000000000035638 ) ;
#464 = LINE ( 'NONE', #1900, #3930 ) ;
#465 = ORIENTED_EDGE ( 'NONE', *, *, #2498, .F. ) ;
#466 = CARTESIAN_POINT ( 'NONE',  ( 4.124659999999999549, 1.000000000000000000, 2.810000000000000053 ) ) ;
#467 = DIRECTION ( 'NONE',  ( -0.000000000000000000, -0.000000000000000000, -1.000000000000000000 ) ) ;
#468 = CARTESIAN_POINT ( 'NONE',  ( -3.850340000000000096, 0.6800006613150174628, -3.057499999999999662 ) ) ;
#469 = ADVANCED_FACE ( 'NONE', ( #513 ), #2326, .T. ) ;
#470 = DIRECTION ( 'NONE',  ( 1.000000000000000000, 0.000000000000000000, 0.000000000000000000 ) ) ;
#471 = ORIENTED_EDGE ( 'NONE', *, *, #2836, .T. ) ;
#472 = EDGE_CURVE ( 'NONE', #3089, #2644, #3063, .T. ) ;
#473 = EDGE_LOOP ( 'NONE', ( #2670, #3052, #1103, #1428 ) ) ;
#474 = PLANE ( 'NONE',  #1999 ) ;
#475 = ORIENTED_EDGE ( 'NONE', *, *, #2039, .T. ) ;
#476 = LINE ( 'NONE', #875, #2608 ) ;
#477 = EDGE_CURVE ( 'NONE', #1919, #2003, #2392, .T. ) ;
#478 = VECTOR ( 'NONE', #923, 1000.000000000000227 ) ;
#479 = ORIENTED_EDGE ( 'NONE', *, *, #2283, .T. ) ;
#480 = EDGE_LOOP ( 'NONE', ( #410, #564, #1630, #3823 ) ) ;
#481 = PLANE ( 'NONE',  #1007 ) ;
#482 = VECTOR ( 'NONE', #1287, 1000.000000000000114 ) ;
#483 = LINE ( 'NONE', #541, #2896 ) ;
#484 = CARTESIAN_POINT ( 'NONE',  ( 3.102959444200955375, 5.330000000000000071, 4.085459444200953527 ) ) ;
#485 = ORIENTED_EDGE ( 'NONE', *, *, #1323, .T. ) ;
#486 = AXIS2_PLACEMENT_3D ( 'NONE', #778, #3647, #2250 ) ;
#487 = VECTOR ( 'NONE', #1466, 1000.000000000000000 ) ;
#488 = DIRECTION ( 'NONE',  ( -3.414809992080329122E-15, 0.000000000000000000, -1.000000000000000000 ) ) ;
#489 = VECTOR ( 'NONE', #4302, 1000.000000000000000 ) ;
#490 = DIRECTION ( 'NONE',  ( -0.000000000000000000, 1.000000000000000000, -0.000000000000000000 ) ) ;
#491 = AXIS2_PLACEMENT_3D ( 'NONE', #3809, #3509, #2030 ) ;
#492 = AXIS2_PLACEMENT_3D ( 'NONE', #3344, #832, #2272 ) ;
#493 = VECTOR ( 'NONE', #647, 1000.000000000000000 ) ;
#494 = DIRECTION ( 'NONE',  ( 0.6897911962709469824, 0.000000000000000000, -0.7240083601361906318 ) ) ;
#495 = ORIENTED_EDGE ( 'NONE', *, *, #2995, .T. ) ;
#496 = VECTOR ( 'NONE', #2159, 1000.000000000000000 ) ;
#497 = VECTOR ( 'NONE', #727, 1000.000000000000000 ) ;
#498 = EDGE_LOOP ( 'NONE', ( #2758, #1804, #1623, #716, #1469, #3891, #981, #3695, #2141, #72, #246, #339 ) ) ;
#499 = EDGE_CURVE ( 'NONE', #3438, #4069, #3484, .T. ) ;
#500 = EDGE_CURVE ( 'NONE', #364, #2003, #3483, .T. ) ;
#501 = VECTOR ( 'NONE', #4303, 1000.000000000000000 ) ;
#502 = VERTEX_POINT ( 'NONE', #4170 ) ;
#504 = LINE ( 'NONE', #521, #1377 ) ;
#503 = FACE_OUTER_BOUND ( 'NONE', #2870, .T. ) ;
#505 = AXIS2_PLACEMENT_3D ( 'NONE', #1869, #1505, #3620 ) ;
#506 = ORIENTED_EDGE ( 'NONE', *, *, #3512, .T. ) ;
#507 = UNCERTAINTY_MEASURE_WITH_UNIT (LENGTH_MEASURE( 1.000000000000000082E-05 ), #672, 'distance_accuracy_value', 'NONE');
#508 = CARTESIAN_POINT ( 'NONE',  ( 2.411212862050859496, 5.330000000000000071, 2.930999999999982286 ) ) ;
#509 = EDGE_CURVE ( 'NONE', #3689, #3079, #3437, .T. ) ;
#510 = CARTESIAN_POINT ( 'NONE',  ( 2.349032947029440876, 5.330000000000000071, 2.238015934383048133 ) ) ;
#511 = DIRECTION ( 'NONE',  ( 1.000000000000000000, -9.331360556159751558E-18, 0.000000000000000000 ) ) ;
#512 = ORIENTED_EDGE ( 'NONE', *, *, #91, .T. ) ;
#513 = FACE_OUTER_BOUND ( 'NONE', #1481, .T. ) ;
#514 = ORIENTED_EDGE ( 'NONE', *, *, #3598, .F. ) ;
#515 = PLANE ( 'NONE',  #4519 ) ;
#516 = DIRECTION ( 'NONE',  ( 0.000000000000000000, 0.000000000000000000, 1.000000000000000000 ) ) ;
#517 = EDGE_LOOP ( 'NONE', ( #984, #3017, #2424, #10 ) ) ;
#518 = ORIENTED_EDGE ( 'NONE', *, *, #1001, .F. ) ;
#519 = ORIENTED_EDGE ( 'NONE', *, *, #1160, .F. ) ;
#521 = CARTESIAN_POINT ( 'NONE',  ( -4.124659999999999549, 0.6800006613150175738, -2.042499999999999538 ) ) ;
#520 = CARTESIAN_POINT ( 'NONE',  ( -2.330449999999999910, 5.304599999999999760, -2.632550000000004609 ) ) ;
#522 = EDGE_CURVE ( 'NONE', #1755, #4612, #2780, .T. ) ;
#523 = EDGE_CURVE ( 'NONE', #117, #1889, #3080, .T. ) ;
#524 = VERTEX_POINT ( 'NONE', #1367 ) ;
#525 = CARTESIAN_POINT ( 'NONE',  ( -2.495549999999999713, 5.304599999999999760, -2.467450000000003030 ) ) ;
#526 = DIRECTION ( 'NONE',  ( 1.000000000000000000, 1.942130114371435793E-14, 0.000000000000000000 ) ) ;
#527 = DIRECTION ( 'NONE',  ( 1.000000000000000000, 0.000000000000000000, -5.253553833969748094E-15 ) ) ;
#528 = EDGE_CURVE ( 'NONE', #849, #830, #4214, .T. ) ;
#529 = ORIENTED_EDGE ( 'NONE', *, *, #1189, .T. ) ;
#530 = CARTESIAN_POINT ( 'NONE',  ( -2.031999999999993367, 5.304599999999999760, 5.337610695313234818E-15 ) ) ;
#531 = ORIENTED_EDGE ( 'NONE', *, *, #3044, .F. ) ;
#532 = DIRECTION ( 'NONE',  ( -3.983944990760383515E-15, 0.000000000000000000, -1.000000000000000000 ) ) ;
#533 = DIRECTION ( 'NONE',  ( 1.000000000000000000, 0.000000000000000000, -2.626776916984868130E-15 ) ) ;
#534 = ORIENTED_EDGE ( 'NONE', *, *, #1128, .T. ) ;
#535 = ORIENTED_EDGE ( 'NONE', *, *, #3956, .T. ) ;
#536 = LINE ( 'NONE', #2746, #4090 ) ;
#537 = VERTEX_POINT ( 'NONE', #1271 ) ;
#538 = LINE ( 'NONE', #2022, #1235 ) ;
#539 = ORIENTED_EDGE ( 'NONE', *, *, #2023, .F. ) ;
#540 = CARTESIAN_POINT ( 'NONE',  ( 3.850340000000000096, 1.000000000000000000, -2.290000000000000036 ) ) ;
#541 = CARTESIAN_POINT ( 'NONE',  ( 3.163022930141338396, 3.405680000000123275, -2.042499999999999538 ) ) ;
#543 = CARTESIAN_POINT ( 'NONE',  ( 2.300902611444806567, 5.304599999999999760, 2.288533780258464656 ) ) ;
#542 = FACE_OUTER_BOUND ( 'NONE', #4525, .T. ) ;
#544 = ORIENTED_EDGE ( 'NONE', *, *, #4410, .F. ) ;
#545 = CARTESIAN_POINT ( 'NONE',  ( -3.539140955941160183, 3.237349421902622648, 3.057499999999999662 ) ) ;
#546 = CIRCLE ( 'NONE', #1284, 0.3556000000000001937 ) ;
#547 = EDGE_CURVE ( 'NONE', #1309, #1506, #988, .T. ) ;
#548 = ADVANCED_FACE ( 'NONE', ( #2053 ), #945, .F. ) ;
#549 = LINE ( 'NONE', #2694, #2515 ) ;
#550 = AXIS2_PLACEMENT_3D ( 'NONE', #1709, #2782, #4216 ) ;
#551 = VECTOR ( 'NONE', #3276, 1000.000000000000000 ) ;
#552 = EDGE_CURVE ( 'NONE', #1519, #123, #1728, .T. ) ;
#553 = VECTOR ( 'NONE', #1650, 1000.000000000000000 ) ;
#554 = FACE_OUTER_BOUND ( 'NONE', #3936, .T. ) ;
#555 = LINE ( 'NONE', #1967, #2905 ) ;
#556 = SURFACE_SIDE_STYLE ('',( #177 ) ) ;
#557 = AXIS2_PLACEMENT_3D ( 'NONE', #3538, #320, #3567 ) ;
#558 = VERTEX_POINT ( 'NONE', #2439 ) ;
#559 = DIRECTION ( 'NONE',  ( -0.000000000000000000, -0.000000000000000000, 1.000000000000000000 ) ) ;
#560 = AXIS2_PLACEMENT_3D ( 'NONE', #4208, #1265, #3123 ) ;
#561 = VECTOR ( 'NONE', #3840, 1000.000000000000000 ) ;
#562 = ORIENTED_EDGE ( 'NONE', *, *, #2606, .T. ) ;
#563 = DIRECTION ( 'NONE',  ( 1.219574997171545439E-15, 0.000000000000000000, 1.000000000000000000 ) ) ;
#564 = ORIENTED_EDGE ( 'NONE', *, *, #2138, .F. ) ;
#565 = AXIS2_PLACEMENT_3D ( 'NONE', #983, #1015, #3097 ) ;
#566 = DIRECTION ( 'NONE',  ( 0.000000000000000000, -0.000000000000000000, 1.000000000000000000 ) ) ;
#567 = CARTESIAN_POINT ( 'NONE',  ( -2.330449999999999910, 5.330000000000000071, -2.632550000000004609 ) ) ;
#569 = CARTESIAN_POINT ( 'NONE',  ( 0.000000000000000000, 5.304599999999999760, -2.632550000000004609 ) ) ;
#568 = CARTESIAN_POINT ( 'NONE',  ( -4.124659999999997773, 1.000000000000000444, 2.042499999999999538 ) ) ;
#570 = VECTOR ( 'NONE', #3872, 1000.000000000000000 ) ;
#571 = ORIENTED_EDGE ( 'NONE', *, *, #2462, .F. ) ;
#572 = CARTESIAN_POINT ( 'NONE',  ( 3.102959444200955375, 5.330000000000000071, 0.000000000000000000 ) ) ;
#573 = ORIENTED_EDGE ( 'NONE', *, *, #1907, .T. ) ;
#574 = LINE ( 'NONE', #4081, #4381 ) ;
#575 = ADVANCED_FACE ( 'NONE', ( #967 ), #1672, .F. ) ;
#576 = ADVANCED_FACE ( 'NONE', ( #2711 ), #1023, .F. ) ;
#577 = FACE_OUTER_BOUND ( 'NONE', #2131, .T. ) ;
#578 = DIRECTION ( 'NONE',  ( 1.000000000000000000, 0.000000000000000000, -2.906221269855598900E-15 ) ) ;
#579 = DIRECTION ( 'NONE',  ( 1.000000000000000000, 0.000000000000000000, -2.906221269855598900E-15 ) ) ;
#580 = CARTESIAN_POINT ( 'NONE',  ( 2.525097388555192612, 5.304599999999999760, 2.811466219741497241 ) ) ;
#581 = EDGE_CURVE ( 'NONE', #1699, #1115, #4143, .T. ) ;
#582 = ORIENTED_EDGE ( 'NONE', *, *, #1373, .F. ) ;
#583 = CARTESIAN_POINT ( 'NONE',  ( -3.163022930141338396, 3.405680000000123275, 2.290000000000000036 ) ) ;
#584 = ORIENTED_EDGE ( 'NONE', *, *, #4172, .F. ) ;
#585 = DIRECTION ( 'NONE',  ( -0.000000000000000000, 0.9396926207859079838, 0.3420201433256698231 ) ) ;
#586 = ORIENTED_EDGE ( 'NONE', *, *, #1001, .T. ) ;
#587 = DIRECTION ( 'NONE',  ( 1.000000000000000000, 0.000000000000000000, -2.906221269855598900E-15 ) ) ;
#588 = LINE ( 'NONE', #3781, #1396 ) ;
#590 = DIRECTION ( 'NONE',  ( 0.000000000000000000, -0.000000000000000000, 1.000000000000000000 ) ) ;
#589 = PLANE ( 'NONE',  #4468 ) ;
#591 = ORIENTED_EDGE ( 'NONE', *, *, #1247, .F. ) ;
#592 = DIRECTION ( 'NONE',  ( 0.04357795025174453912, 0.9980991556472297299, -0.04357795025174480280 ) ) ;
#593 = ORIENTED_EDGE ( 'NONE', *, *, #973, .T. ) ;
#594 = CARTESIAN_POINT ( 'NONE',  ( 2.411212862050859496, 5.304599999999999760, 2.930999999999982286 ) ) ;
#595 = DIRECTION ( 'NONE',  ( -0.000000000000000000, -0.000000000000000000, -1.000000000000000000 ) ) ;
#596 = DIRECTION ( 'NONE',  ( 0.000000000000000000, 1.000000000000000000, -0.000000000000000000 ) ) ;
#597 = EDGE_CURVE ( 'NONE', #896, #657, #2364, .T. ) ;
#598 = PLANE ( 'NONE',  #3842 ) ;
#599 = DIRECTION ( 'NONE',  ( -0.000000000000000000, 1.000000000000000000, -0.000000000000000000 ) ) ;
#600 = DIRECTION ( 'NONE',  ( 1.000000000000000000, 0.000000000000000000, -2.626776916984874047E-15 ) ) ;
#601 = FACE_OUTER_BOUND ( 'NONE', #196, .T. ) ;
#602 = PLANE ( 'NONE',  #3096 ) ;
#603 = ORIENTED_EDGE ( 'NONE', *, *, #673, .F. ) ;
#604 = ADVANCED_FACE ( 'NONE', ( #1320 ), #2756, .F. ) ;
#605 = ADVANCED_FACE ( 'NONE', ( #4566 ), #3861, .F. ) ;
#606 = CARTESIAN_POINT ( 'NONE',  ( 3.341664254235964471, 3.205680000000123098, -2.290000000000000036 ) ) ;
#607 = ORIENTED_EDGE ( 'NONE', *, *, #3001, .F. ) ;
#608 = LINE ( 'NONE', #4472, #3862 ) ;
#609 = ORIENTED_EDGE ( 'NONE', *, *, #2462, .T. ) ;
#610 = LINE ( 'NONE', #898, #4026 ) ;
#611 = DIRECTION ( 'NONE',  ( -1.000000000000000000, 9.331360556159751558E-18, 0.000000000000000000 ) ) ;
#612 = ORIENTED_EDGE ( 'NONE', *, *, #3092, .T. ) ;
#614 = DIRECTION ( 'NONE',  ( 0.000000000000000000, -0.4999999999999948375, -0.8660254037844415942 ) ) ;
#613 = CARTESIAN_POINT ( 'NONE',  ( -2.495549999999998825, 5.330000000000000071, -2.169000000000003148 ) ) ;
#615 = ORIENTED_EDGE ( 'NONE', *, *, #1049, .T. ) ;
#616 = DIRECTION ( 'NONE',  ( -1.000000000000000000, 0.000000000000000000, 0.000000000000000000 ) ) ;
#617 = DIRECTION ( 'NONE',  ( -0.000000000000000000, 1.000000000000000000, -0.000000000000000000 ) ) ;
#618 = DIRECTION ( 'NONE',  ( 0.000000000000000000, 1.000000000000000000, 0.000000000000000000 ) ) ;
#619 = VECTOR ( 'NONE', #490, 1000.000000000000000 ) ;
#620 = CARTESIAN_POINT ( 'NONE',  ( 3.163022930141338396, 3.405680000000123275, -3.057499999999999662 ) ) ;
#621 = AXIS2_PLACEMENT_3D ( 'NONE', #12, #793, #4059 ) ;
#622 = DIRECTION ( 'NONE',  ( -0.000000000000000000, 1.000000000000000000, -0.000000000000000000 ) ) ;
#623 = LINE ( 'NONE', #4253, #4527 ) ;
#624 = CARTESIAN_POINT ( 'NONE',  ( -2.330449999999999910, 5.304599999999999760, -2.632550000000004609 ) ) ;
#625 = CARTESIAN_POINT ( 'NONE',  ( 2.339382931423644951, 5.304599999999999760, -2.587350096575891101 ) ) ;
#626 = DIRECTION ( 'NONE',  ( 1.000000000000000000, -0.000000000000000000, 0.000000000000000000 ) ) ;
#627 = ORIENTED_EDGE ( 'NONE', *, *, #3195, .F. ) ;
#628 = FACE_OUTER_BOUND ( 'NONE', #2206, .T. ) ;
#629 = VECTOR ( 'NONE', #4020, 1000.000000000000000 ) ;
#630 = EDGE_LOOP ( 'NONE', ( #290, #2687, #1557, #2850 ) ) ;
#631 =( NAMED_UNIT ( * ) SI_UNIT ( $, .STERADIAN. ) SOLID_ANGLE_UNIT ( ) );
#632 = VECTOR ( 'NONE', #4107, 1000.000000000000000 ) ;
#633 = EDGE_CURVE ( 'NONE', #1506, #3388, #369, .T. ) ;
#634 = ORIENTED_EDGE ( 'NONE', *, *, #1829, .F. ) ;
#635 = ADVANCED_FACE ( 'NONE', ( #1787 ), #4008, .F. ) ;
#636 = CARTESIAN_POINT ( 'NONE',  ( 2.656502611444790940, 5.304599999999999760, -2.426457372864449624 ) ) ;
#637 = VECTOR ( 'NONE', #4532, 1000.000000000000000 ) ;
#638 = FACE_OUTER_BOUND ( 'NONE', #747, .T. ) ;
#639 = VERTEX_POINT ( 'NONE', #3911 ) ;
#641 = DIRECTION ( 'NONE',  ( 0.000000000000000000, -0.8660254037844415942, 0.4999999999999948375 ) ) ;
#640 = CARTESIAN_POINT ( 'NONE',  ( 7.699083143682630578E-15, 5.304599999999999760, 2.930999999999992944 ) ) ;
#642 = ORIENTED_EDGE ( 'NONE', *, *, #873, .T. ) ;
#643 = VECTOR ( 'NONE', #3884, 1000.000000000000000 ) ;
#644 = EDGE_CURVE ( 'NONE', #1046, #1830, #1809, .T. ) ;
#645 = CARTESIAN_POINT ( 'NONE',  ( 3.341664254235964471, 3.405680000000123275, 2.290000000000000036 ) ) ;
#646 =( GEOMETRIC_REPRESENTATION_CONTEXT ( 3 ) GLOBAL_UNCERTAINTY_ASSIGNED_CONTEXT ( ( #878 ) ) GLOBAL_UNIT_ASSIGNED_CONTEXT ( ( #1431, #996, #1683 ) ) REPRESENTATION_CONTEXT ( 'NONE', 'WORKASPACE' ) );
#647 = DIRECTION ( 'NONE',  ( 1.000000000000000000, -1.942130114371435793E-14, 0.000000000000000000 ) ) ;
#648 = DIRECTION ( 'NONE',  ( -0.000000000000000000, -0.000000000000000000, 1.000000000000000000 ) ) ;
#649 = FACE_OUTER_BOUND ( 'NONE', #2386, .T. ) ;
#650 = CARTESIAN_POINT ( 'NONE',  ( 3.159209501124186747, 3.318338115855697712, -4.141709501124185344 ) ) ;
#651 = LINE ( 'NONE', #624, #570 ) ;
#652 = CARTESIAN_POINT ( 'NONE',  ( 3.341664254235964471, 3.680000000000123173, -3.057499999999999662 ) ) ;
#653 = CARTESIAN_POINT ( 'NONE',  ( 2.525097388555175293, 5.330000000000000071, -2.288533780258505512 ) ) ;
#654 = EDGE_LOOP ( 'NONE', ( #4268, #1016, #1753, #3311 ) ) ;
#655 = CARTESIAN_POINT ( 'NONE',  ( -0.1246599999999993963, 1.000000000000000000, -2.042499999999999538 ) ) ;
#656 = VERTEX_POINT ( 'NONE', #3555 ) ;
#657 = VERTEX_POINT ( 'NONE', #4314 ) ;
#658 = CARTESIAN_POINT ( 'NONE',  ( 2.411212862050859496, 5.330000000000000071, 2.930999999999982286 ) ) ;
#659 = ADVANCED_FACE ( 'NONE', ( #4619 ), #2189, .F. ) ;
#660 = DIRECTION ( 'NONE',  ( -0.000000000000000000, -0.000000000000000000, 1.000000000000000000 ) ) ;
#661 = ORIENTED_EDGE ( 'NONE', *, *, #1128, .F. ) ;
#662 = EDGE_CURVE ( 'NONE', #3926, #2906, #343, .T. ) ;
#664 = CARTESIAN_POINT ( 'NONE',  ( -2.495549999999984170, 5.330000000000000071, 2.168999999999999595 ) ) ;
#663 = DIRECTION ( 'NONE',  ( 0.000000000000000000, 0.000000000000000000, -1.000000000000000000 ) ) ;
#665 = ORIENTED_EDGE ( 'NONE', *, *, #1612, .F. ) ;
#666 = ORIENTED_EDGE ( 'NONE', *, *, #1234, .F. ) ;
#667 = CARTESIAN_POINT ( 'NONE',  ( 4.074194034103847173, 1.633388438049986124, -3.057499999999999662 ) ) ;
#668 = ORIENTED_EDGE ( 'NONE', *, *, #1415, .F. ) ;
#669 = LINE ( 'NONE', #269, #2610 ) ;
#670 = ADVANCED_FACE ( 'NONE', ( #3988 ), #1139, .F. ) ;
#671 = CARTESIAN_POINT ( 'NONE',  ( -2.793999999999999595, 5.304599999999999760, 0.000000000000000000 ) ) ;
#672 =( LENGTH_UNIT ( ) NAMED_UNIT ( * ) SI_UNIT ( .MILLI., .METRE. ) );
#673 = EDGE_CURVE ( 'NONE', #2658, #2807, #1495, .T. ) ;
#674 = LINE ( 'NONE', #2117, #1839 ) ;
#675 = CARTESIAN_POINT ( 'NONE',  ( 3.102959444200955375, 2.029999999999999805, 4.157499999999998863 ) ) ;
#676 = DIRECTION ( 'NONE',  ( -0.000000000000000000, -0.000000000000000000, 1.000000000000000000 ) ) ;
#677 = CARTESIAN_POINT ( 'NONE',  ( -7.699083143682673177E-15, 5.330000000000000071, -2.931000000000009376 ) ) ;
#678 = ORIENTED_EDGE ( 'NONE', *, *, #523, .T. ) ;
#679 = CARTESIAN_POINT ( 'NONE',  ( 2.525097388555192612, 5.304599999999999760, 2.811466219741497241 ) ) ;
#680 = VERTEX_POINT ( 'NONE', #4645 ) ;
#681 = FACE_OUTER_BOUND ( 'NONE', #1870, .T. ) ;
#682 = EDGE_LOOP ( 'NONE', ( #2747, #2127, #3621, #2875 ) ) ;
#683 = EDGE_LOOP ( 'NONE', ( #4360, #4389, #3320, #4565, #4444, #2098, #1944, #2029 ) ) ;
#685 = CARTESIAN_POINT ( 'NONE',  ( 3.341664254235964471, 3.205680000000123098, 3.057499999999999662 ) ) ;
#684 = CARTESIAN_POINT ( 'NONE',  ( -4.124659999999999549, -2.660000000000001030, -2.290000000000000036 ) ) ;
#686 = ORIENTED_EDGE ( 'NONE', *, *, #1529, .T. ) ;
#687 = EDGE_LOOP ( 'NONE', ( #2776, #82, #305, #4171, #4531, #1270, #2663, #586 ) ) ;
#688 = CARTESIAN_POINT ( 'NONE',  ( -2.032000000000000473, 5.304599999999999760, -2.632550000000004609 ) ) ;
#689 = VERTEX_POINT ( 'NONE', #3937 ) ;
#690 = CARTESIAN_POINT ( 'NONE',  ( -2.330450000000001687, 5.330000000000000071, -2.931000000000003602 ) ) ;
#691 = LINE ( 'NONE', #2136, #1526 ) ;
#692 =( NAMED_UNIT ( * ) PLANE_ANGLE_UNIT ( ) SI_UNIT ( $, .RADIAN. ) );
#693 = EDGE_CURVE ( 'NONE', #1588, #3982, #720, .T. ) ;
#694 = ADVANCED_FACE ( 'NONE', ( #392 ), #412, .T. ) ;
#695 = ORIENTED_EDGE ( 'NONE', *, *, #3688, .F. ) ;
#696 = DIRECTION ( 'NONE',  ( 0.000000000000000000, 0.000000000000000000, 1.000000000000000000 ) ) ;
#697 = CARTESIAN_POINT ( 'NONE',  ( -3.850340000000000096, 2.669532000536496238E-17, 2.809999999999999165 ) ) ;
#698 = DIRECTION ( 'NONE',  ( -0.9873835085259614619, 0.1583471095124970585, 0.000000000000000000 ) ) ;
#699 = VECTOR ( 'NONE', #3419, 1000.000000000000000 ) ;
#700 = FACE_OUTER_BOUND ( 'NONE', #517, .T. ) ;
#701 = EDGE_LOOP ( 'NONE', ( #3583, #4336, #1896, #3257, #2019, #3676 ) ) ;
#702 = EDGE_CURVE ( 'NONE', #1801, #447, #2666, .T. ) ;
#703 = AXIS2_PLACEMENT_3D ( 'NONE', #3942, #3212, #2860 ) ;
#704 = CARTESIAN_POINT ( 'NONE',  ( 3.175000000000000266, 3.680000000000123173, -2.042499999999999538 ) ) ;
#705 = ORIENTED_EDGE ( 'NONE', *, *, #4087, .F. ) ;
#706 = FACE_OUTER_BOUND ( 'NONE', #1043, .T. ) ;
#707 = VECTOR ( 'NONE', #4636, 1000.000000000000227 ) ;
#708 = AXIS2_PLACEMENT_3D ( 'NONE', #3496, #1954, #1578 ) ;
#709 = ORIENTED_EDGE ( 'NONE', *, *, #1072, .F. ) ;
#710 = AXIS2_PLACEMENT_3D ( 'NONE', #204, #4115, #2041 ) ;
#711 = AXIS2_PLACEMENT_3D ( 'NONE', #3892, #236, #197 ) ;
#712 = DIRECTION ( 'NONE',  ( -1.000000000000000000, 0.000000000000000000, 0.000000000000000000 ) ) ;
#713 = ORIENTED_EDGE ( 'NONE', *, *, #3092, .F. ) ;
#715 = LINE ( 'NONE', #3626, #3853 ) ;
#714 = CARTESIAN_POINT ( 'NONE',  ( 2.169497388555191364, 5.304599999999999760, 2.426457372864411433 ) ) ;
#716 = ORIENTED_EDGE ( 'NONE', *, *, #3421, .F. ) ;
#717 = AXIS2_PLACEMENT_3D ( 'NONE', #53, #2924, #4361 ) ;
#718 = ORIENTED_EDGE ( 'NONE', *, *, #4385, .F. ) ;
#719 = AXIS2_PLACEMENT_3D ( 'NONE', #1402, #2736, #3459 ) ;
#720 = LINE ( 'NONE', #688, #796 ) ;
#721 = ORIENTED_EDGE ( 'NONE', *, *, #1390, .T. ) ;
#722 = COLOUR_RGB ( '',0.7921568627450980005, 0.8196078431372548767, 0.9333333333333333481 ) ;
#723 = CARTESIAN_POINT ( 'NONE',  ( 3.341664254235964471, 0.6800006613150175738, 2.042499999999999538 ) ) ;
#724 = DIRECTION ( 'NONE',  ( 1.000000000000000000, 0.000000000000000000, 0.000000000000000000 ) ) ;
#725 = AXIS2_PLACEMENT_3D ( 'NONE', #2126, #1872, #4639 ) ;
#726 = VECTOR ( 'NONE', #2033, 1000.000000000000000 ) ;
#727 = DIRECTION ( 'NONE',  ( -5.812442539711223044E-15, 0.000000000000000000, -1.000000000000000000 ) ) ;
#728 = ORIENTED_EDGE ( 'NONE', *, *, #2336, .F. ) ;
#729 = CARTESIAN_POINT ( 'NONE',  ( -2.330449999999981259, 5.304599999999999760, 2.930999999999999162 ) ) ;
#730 = CARTESIAN_POINT ( 'NONE',  ( -2.793999999999999595, 5.330000000000000071, -2.632550000000004609 ) ) ;
#731 = CARTESIAN_POINT ( 'NONE',  ( -3.174999999999999378, 3.680000000000123173, -4.157500000000000639 ) ) ;
#732 = ADVANCED_FACE ( 'NONE', ( #2927 ), #9, .F. ) ;
#733 = DIRECTION ( 'NONE',  ( 2.626776916984867341E-15, 0.000000000000000000, 1.000000000000000000 ) ) ;
#734 = EDGE_CURVE ( 'NONE', #896, #2021, #4291, .T. ) ;
#735 = AXIS2_PLACEMENT_3D ( 'NONE', #3021, #218, #1616 ) ;
#736 = CARTESIAN_POINT ( 'NONE',  ( 2.486617068576337353, 5.304599999999999760, 2.587350096575852909 ) ) ;
#737 = ORIENTED_EDGE ( 'NONE', *, *, #2471, .T. ) ;
#738 = CARTESIAN_POINT ( 'NONE',  ( -4.124659999999999549, -2.660000000000001030, -2.290000000000000036 ) ) ;
#739 = EDGE_CURVE ( 'NONE', #1509, #3245, #2544, .T. ) ;
#740 = ORIENTED_EDGE ( 'NONE', *, *, #1150, .F. ) ;
#741 = ORIENTED_EDGE ( 'NONE', *, *, #523, .F. ) ;
#743 = FACE_OUTER_BOUND ( 'NONE', #381, .T. ) ;
#742 = CARTESIAN_POINT ( 'NONE',  ( -2.495550000000000601, 5.304599999999999760, -2.632550000000004609 ) ) ;
#744 = ORIENTED_EDGE ( 'NONE', *, *, #2787, .T. ) ;
#745 = ORIENTED_EDGE ( 'NONE', *, *, #1563, .F. ) ;
#746 = PLANE ( 'NONE',  #3860 ) ;
#747 = EDGE_LOOP ( 'NONE', ( #3485, #1727, #1434, #615 ) ) ;
#748 = FACE_OUTER_BOUND ( 'NONE', #4070, .T. ) ;
#749 = CARTESIAN_POINT ( 'NONE',  ( 0.1246599999999993963, 1.000000000000000000, 2.042499999999999538 ) ) ;
#750 = CARTESIAN_POINT ( 'NONE',  ( -3.341664254235964471, 3.405680000000126384, 2.042499999999999538 ) ) ;
#751 = ORIENTED_EDGE ( 'NONE', *, *, #4515, .T. ) ;
#752 = LINE ( 'NONE', #3306, #3326 ) ;
#753 = CARTESIAN_POINT ( 'NONE',  ( 3.803334990045005082, 1.589950658968517949, -2.042499999999999538 ) ) ;
#754 = DIRECTION ( 'NONE',  ( 1.000000000000000000, 0.000000000000000000, 0.000000000000000000 ) ) ;
#755 = ADVANCED_FACE ( 'NONE', ( #1092 ), #746, .F. ) ;
#756 = LINE ( 'NONE', #704, #501 ) ;
#757 = EDGE_LOOP ( 'NONE', ( #1877, #312, #1915, #2660, #2952, #2260 ) ) ;
#758 = ORIENTED_EDGE ( 'NONE', *, *, #1281, .T. ) ;
#759 = EDGE_CURVE ( 'NONE', #2274, #4132, #1754, .T. ) ;
#760 = EDGE_CURVE ( 'NONE', #375, #809, #2300, .T. ) ;
#761 = CARTESIAN_POINT ( 'NONE',  ( -2.793999999999999595, 5.304599999999999760, -0.000000000000000000 ) ) ;
#762 = EDGE_LOOP ( 'NONE', ( #2466, #3526, #2944, #2109 ) ) ;
#764 = CARTESIAN_POINT ( 'NONE',  ( 4.124659999999999549, 1.000000000000000000, 2.290000000000000036 ) ) ;
#763 = DIRECTION ( 'NONE',  ( 0.000000000000000000, 0.000000000000000000, 1.000000000000000000 ) ) ;
#765 = EDGE_LOOP ( 'NONE', ( #3574, #1720, #2198, #1392 ) ) ;
#766 = VERTEX_POINT ( 'NONE', #1249 ) ;
#767 = DIRECTION ( 'NONE',  ( 0.000000000000000000, 0.000000000000000000, -1.000000000000000000 ) ) ;
#768 = EDGE_CURVE ( 'NONE', #4420, #3004, #1987, .T. ) ;
#769 = LINE ( 'NONE', #416, #184 ) ;
#770 = LINE ( 'NONE', #1517, #2357 ) ;
#771 = FACE_OUTER_BOUND ( 'NONE', #2709, .T. ) ;
#772 = ORIENTED_EDGE ( 'NONE', *, *, #1907, .F. ) ;
#773 = DIRECTION ( 'NONE',  ( 1.000000000000000000, 0.000000000000000000, -5.253553833969748094E-15 ) ) ;
#774 = LINE ( 'NONE', #2592, #629 ) ;
#775 = DIRECTION ( 'NONE',  ( 0.000000000000000000, 1.000000000000000000, 0.000000000000000000 ) ) ;
#776 = DIRECTION ( 'NONE',  ( 0.000000000000000000, 1.000000000000000000, 0.000000000000000000 ) ) ;
#777 = EDGE_LOOP ( 'NONE', ( #3733, #1773, #2123, #4034 ) ) ;
#778 = CARTESIAN_POINT ( 'NONE',  ( 0.000000000000000000, 0.000000000000000000, 0.000000000000000000 ) ) ;
#779 = VECTOR ( 'NONE', #3812, 1000.000000000000000 ) ;
#780 = VERTEX_POINT ( 'NONE', #4038 ) ;
#781 = VECTOR ( 'NONE', #4548, 1000.000000000000000 ) ;
#782 = CARTESIAN_POINT ( 'NONE',  ( -0.1246599999999993963, 1.000000000000000000, 2.290000000000000036 ) ) ;
#783 = EDGE_LOOP ( 'NONE', ( #571, #3657, #3751, #4587, #1662, #3672, #2314, #2, #744, #4338, #471, #1071 ) ) ;
#784 = DIRECTION ( 'NONE',  ( 0.000000000000000000, 1.000000000000000000, 0.000000000000000000 ) ) ;
#785 = EDGE_CURVE ( 'NONE', #3553, #14, #99, .T. ) ;
#786 = EDGE_CURVE ( 'NONE', #558, #164, #817, .T. ) ;
#787 = ORIENTED_EDGE ( 'NONE', *, *, #1451, .T. ) ;
#788 = ORIENTED_EDGE ( 'NONE', *, *, #472, .F. ) ;
#789 = DIRECTION ( 'NONE',  ( 1.000000000000000000, 0.000000000000000000, 0.000000000000000000 ) ) ;
#790 = AXIS2_PLACEMENT_3D ( 'NONE', #3585, #366, #3227 ) ;
#791 = CIRCLE ( 'NONE', #4627, 0.1905000000000010019 ) ;
#792 = DIRECTION ( 'NONE',  ( 1.000000000000000000, 0.000000000000000000, -2.906221269855598900E-15 ) ) ;
#793 = DIRECTION ( 'NONE',  ( 0.000000000000000000, 0.000000000000000000, 1.000000000000000000 ) ) ;
#794 = VECTOR ( 'NONE', #1868, 1000.000000000000000 ) ;
#795 = EDGE_CURVE ( 'NONE', #3580, #3179, #1600, .T. ) ;
#796 = VECTOR ( 'NONE', #3251, 1000.000000000000000 ) ;
#797 = SURFACE_SIDE_STYLE ('',( #81 ) ) ;
#798 = EDGE_LOOP ( 'NONE', ( #1537, #4350, #2185, #2077 ) ) ;
#799 = ORIENTED_EDGE ( 'NONE', *, *, #547, .T. ) ;
#800 = AXIS2_PLACEMENT_3D ( 'NONE', #1647, #4189, #3454 ) ;
#801 = VECTOR ( 'NONE', #587, 1000.000000000000000 ) ;
#802 = AXIS2_PLACEMENT_3D ( 'NONE', #4523, #3425, #2788 ) ;
#803 = DIRECTION ( 'NONE',  ( 0.000000000000000000, 0.000000000000000000, 1.000000000000000000 ) ) ;
#804 = CARTESIAN_POINT ( 'NONE',  ( -3.163022930141338396, 3.405680000000123275, -3.057499999999999662 ) ) ;
#805 = MECHANICAL_DESIGN_GEOMETRIC_PRESENTATION_REPRESENTATION (  '', ( #1618 ), #431 ) ;
#806 = AXIS2_PLACEMENT_3D ( 'NONE', #3213, #38, #4650 ) ;
#807 = CARTESIAN_POINT ( 'NONE',  ( 2.169497388555191364, 5.330000000000000071, 2.426457372864411433 ) ) ;
#808 = AXIS2_PLACEMENT_3D ( 'NONE', #430, #1147, #112 ) ;
#809 = VERTEX_POINT ( 'NONE', #879 ) ;
#810 = ORIENTED_EDGE ( 'NONE', *, *, #207, .F. ) ;
#811 =( NAMED_UNIT ( * ) PLANE_ANGLE_UNIT ( ) SI_UNIT ( $, .RADIAN. ) );
#812 = ORIENTED_EDGE ( 'NONE', *, *, #3195, .T. ) ;
#814 = LINE ( 'NONE', #4098, #3027 ) ;
#813 = DIRECTION ( 'NONE',  ( 1.000000000000000000, 0.000000000000000000, -0.000000000000000000 ) ) ;
#815 = ORIENTED_EDGE ( 'NONE', *, *, #3385, .T. ) ;
#816 = ORIENTED_EDGE ( 'NONE', *, *, #4538, .F. ) ;
#817 = LINE ( 'NONE', #1580, #420 ) ;
#818 = VECTOR ( 'NONE', #3396, 1000.000000000000000 ) ;
#819 = EDGE_CURVE ( 'NONE', #1559, #3244, #1161, .T. ) ;
#820 = CARTESIAN_POINT ( 'NONE',  ( 0.000000000000000000, 5.304599999999999760, -2.632550000000004609 ) ) ;
#821 = LINE ( 'NONE', #3679, #4082 ) ;
#822 = VERTEX_POINT ( 'NONE', #3300 ) ;
#823 = CARTESIAN_POINT ( 'NONE',  ( 2.486617068576320033, 5.304599999999999760, -2.512649903424150288 ) ) ;
#824 = EDGE_CURVE ( 'NONE', #186, #2304, #2947, .T. ) ;
#825 = CARTESIAN_POINT ( 'NONE',  ( 2.525097388555175293, 5.330000000000000071, -2.288533780258505512 ) ) ;
#826 = PLANE ( 'NONE',  #3033 ) ;
#827 = EDGE_CURVE ( 'NONE', #3790, #1801, #2235, .T. ) ;
#828 = CARTESIAN_POINT ( 'NONE',  ( 0.000000000000000000, 5.330000000000000071, 0.000000000000000000 ) ) ;
#829 = DIRECTION ( 'NONE',  ( 0.7240083601361906318, -0.000000000000000000, 0.6897911962709469824 ) ) ;
#830 = VERTEX_POINT ( 'NONE', #161 ) ;
#831 = ORIENTED_EDGE ( 'NONE', *, *, #2910, .T. ) ;
#833 = CARTESIAN_POINT ( 'NONE',  ( 3.341664254235964471, 3.405680000000126384, 2.042499999999999538 ) ) ;
#832 = DIRECTION ( 'NONE',  ( -0.000000000000000000, -0.000000000000000000, 1.000000000000000000 ) ) ;
#834 = ORIENTED_EDGE ( 'NONE', *, *, #1858, .T. ) ;
#835 = ORIENTED_EDGE ( 'NONE', *, *, #1587, .F. ) ;
#836 = DIRECTION ( 'NONE',  ( 0.000000000000000000, -1.000000000000000000, 0.000000000000000000 ) ) ;
#837 = CARTESIAN_POINT ( 'NONE',  ( 3.850339999999999652, 0.6800006613150174628, -3.057499999999999662 ) ) ;
#838 = CARTESIAN_POINT ( 'NONE',  ( -2.330449999999984811, 5.304599999999999760, 1.354560671666993120E-14 ) ) ;
#839 = EDGE_LOOP ( 'NONE', ( #3427, #3378, #3176, #2494 ) ) ;
#840 = CARTESIAN_POINT ( 'NONE',  ( -2.495549999999991275, 5.304599999999999760, 8.521829075736036452E-15 ) ) ;
#841 = DIRECTION ( 'NONE',  ( 0.000000000000000000, 0.000000000000000000, 1.000000000000000000 ) ) ;
#842 = PLANE ( 'NONE',  #1985 ) ;
#843 = EDGE_CURVE ( 'NONE', #1248, #2231, #2994, .T. ) ;
#844 = EDGE_CURVE ( 'NONE', #3333, #396, #4075, .T. ) ;
#845 = LINE ( 'NONE', #451, #1703 ) ;
#846 = DIRECTION ( 'NONE',  ( -2.626776916984868130E-15, 0.000000000000000000, -1.000000000000000000 ) ) ;
#847 = EDGE_CURVE ( 'NONE', #1925, #1939, #2062, .T. ) ;
#848 = VERTEX_POINT ( 'NONE', #2321 ) ;
#849 = VERTEX_POINT ( 'NONE', #508 ) ;
#851 = DIRECTION ( 'NONE',  ( -0.000000000000000000, -0.000000000000000000, 1.000000000000000000 ) ) ;
#850 = DIRECTION ( 'NONE',  ( 0.6897911962709443179, 0.000000000000000000, -0.7240083601361931853 ) ) ;
#852 = AXIS2_PLACEMENT_3D ( 'NONE', #4295, #1758, #4623 ) ;
#853 = ORIENTED_EDGE ( 'NONE', *, *, #2075, .T. ) ;
#854 = CARTESIAN_POINT ( 'NONE',  ( 2.349032947029440876, 5.304599999999999760, 2.238015934383048133 ) ) ;
#855 = CIRCLE ( 'NONE', #2354, 0.1905000000000001414 ) ;
#856 = CARTESIAN_POINT ( 'NONE',  ( -2.330449999999999910, 5.330000000000000071, -2.632550000000004609 ) ) ;
#857 = DIRECTION ( 'NONE',  ( -1.184920407087982840E-16, -1.000000000000000000, -0.000000000000000000 ) ) ;
#858 = VERTEX_POINT ( 'NONE', #1898 ) ;
#859 = COLOUR_RGB ( '',1.000000000000000000, 1.000000000000000000, 1.000000000000000000 ) ;
#860 = DIRECTION ( 'NONE',  ( 0.9990482215818579093, -0.04361938736533250982, 0.000000000000000000 ) ) ;
#861 = VECTOR ( 'NONE', #4300, 1000.000000000000114 ) ;
#862 = CARTESIAN_POINT ( 'NONE',  ( -4.124659999999997773, 1.000000000000000444, -3.057499999999999662 ) ) ;
#863 = VECTOR ( 'NONE', #3010, 1000.000000000000000 ) ;
#864 = AXIS2_PLACEMENT_3D ( 'NONE', #3404, #909, #563 ) ;
#865 = AXIS2_PLACEMENT_3D ( 'NONE', #4546, #2011, #1047 ) ;
#866 = EDGE_CURVE ( 'NONE', #2491, #3242, #4416, .T. ) ;
#867 = ADVANCED_FACE ( 'NONE', ( #1188, #2611, #3321, #3658, #3741 ), #481, .F. ) ;
#868 = CARTESIAN_POINT ( 'NONE',  ( 2.349032947029440876, 5.304599999999999760, 2.238015934383048133 ) ) ;
#869 = DIRECTION ( 'NONE',  ( 0.000000000000000000, 0.000000000000000000, 1.000000000000000000 ) ) ;
#870 = VECTOR ( 'NONE', #1228, 1000.000000000000000 ) ;
#871 = VERTEX_POINT ( 'NONE', #1878 ) ;
#872 = VECTOR ( 'NONE', #3196, 1000.000000000000000 ) ;
#873 = EDGE_CURVE ( 'NONE', #4480, #3362, #78, .T. ) ;
#874 = ORIENTED_EDGE ( 'NONE', *, *, #3603, .F. ) ;
#876 = CARTESIAN_POINT ( 'NONE',  ( -3.174999999999999378, 3.680000000000123173, 4.157499999999998863 ) ) ;
#875 = CARTESIAN_POINT ( 'NONE',  ( -3.341664254235964471, 3.680000000000123173, 2.290000000000000036 ) ) ;
#877 = ORIENTED_EDGE ( 'NONE', *, *, #3056, .F. ) ;
#878 = UNCERTAINTY_MEASURE_WITH_UNIT (LENGTH_MEASURE( 1.000000000000000082E-05 ), #1431, 'distance_accuracy_value', 'NONE');
#879 = CARTESIAN_POINT ( 'NONE',  ( -3.341664254235964471, 3.405680000000126384, 3.057499999999999662 ) ) ;
#880 = PLANE ( 'NONE',  #3038 ) ;
#881 = CARTESIAN_POINT ( 'NONE',  ( 4.074194034103847173, 1.633388438049986124, 3.057499999999999662 ) ) ;
#882 = EDGE_LOOP ( 'NONE', ( #4463, #113, #2503, #3142 ) ) ;
#883 = CARTESIAN_POINT ( 'NONE',  ( -2.495549999999991275, 5.304599999999999760, 8.521829075736036452E-15 ) ) ;
#884 = EDGE_LOOP ( 'NONE', ( #3229, #1807, #2923, #978, #2320, #1438, #1060, #3228, #2796, #3319, #2931, #1183 ) ) ;
#885 = LINE ( 'NONE', #2328, #2718 ) ;
#886 = CARTESIAN_POINT ( 'NONE',  ( -3.341664254235964471, 3.405680000000126384, -2.042499999999999538 ) ) ;
#887 = CARTESIAN_POINT ( 'NONE',  ( -3.809999999999999165, 3.280787200984090823, 3.057499999999999662 ) ) ;
#888 = PRODUCT_DEFINITION ( 'UNKNOWN', '', #2523, #4159 ) ;
#889 = ORIENTED_EDGE ( 'NONE', *, *, #597, .T. ) ;
#890 = EDGE_CURVE ( 'NONE', #4205, #1186, #1610, .T. ) ;
#891 = CARTESIAN_POINT ( 'NONE',  ( 7.699083143682630578E-15, 5.304599999999999760, 2.930999999999992944 ) ) ;
#892 = EDGE_LOOP ( 'NONE', ( #4505, #2698, #452, #2081 ) ) ;
#894 = CARTESIAN_POINT ( 'NONE',  ( -2.330449999999999910, 5.304599999999999760, -2.467450000000003918 ) ) ;
#893 = CARTESIAN_POINT ( 'NONE',  ( -4.124659999999997773, 1.000000000000000444, 3.057499999999999662 ) ) ;
#895 = EDGE_CURVE ( 'NONE', #3720, #4601, #1205, .T. ) ;
#896 = VERTEX_POINT ( 'NONE', #3368 ) ;
#897 = ADVANCED_FACE ( 'NONE', ( #4494 ), #1664, .T. ) ;
#898 = CARTESIAN_POINT ( 'NONE',  ( -3.341664254235964471, 0.000000000000000000, 2.290000000000000036 ) ) ;
#899 = DIRECTION ( 'NONE',  ( 0.7240083601361906318, -0.000000000000000000, 0.6897911962709469824 ) ) ;
#900 = FACE_OUTER_BOUND ( 'NONE', #2848, .T. ) ;
#901 = VERTEX_POINT ( 'NONE', #938 ) ;
#902 = DIRECTION ( 'NONE',  ( 1.000000000000000000, 0.000000000000000000, -0.000000000000000000 ) ) ;
#903 = CARTESIAN_POINT ( 'NONE',  ( 2.339382931423662271, 5.330000000000000071, 2.512649903424112097 ) ) ;
#904 = DIRECTION ( 'NONE',  ( -4.359331904783423988E-15, 0.000000000000000000, -1.000000000000000000 ) ) ;
#905 = LINE ( 'NONE', #625, #3716 ) ;
#906 = VERTEX_POINT ( 'NONE', #2797 ) ;
#907 = CARTESIAN_POINT ( 'NONE',  ( 3.850339999999999652, -2.660000000000001030, 2.290000000000000036 ) ) ;
#908 = ORIENTED_EDGE ( 'NONE', *, *, #4633, .F. ) ;
#909 = DIRECTION ( 'NONE',  ( -0.000000000000000000, -1.000000000000000000, 0.000000000000000000 ) ) ;
#910 = ORIENTED_EDGE ( 'NONE', *, *, #2040, .T. ) ;
#911 = FACE_OUTER_BOUND ( 'NONE', #2589, .T. ) ;
#912 = VECTOR ( 'NONE', #3838, 1000.000000000000000 ) ;
#913 = EDGE_CURVE ( 'NONE', #680, #3929, #3780, .T. ) ;
#914 = FACE_OUTER_BOUND ( 'NONE', #303, .T. ) ;
#915 = EDGE_CURVE ( 'NONE', #1119, #3057, #3058, .T. ) ;
#917 = DIRECTION ( 'NONE',  ( 1.000000000000000000, 0.000000000000000000, 0.000000000000000000 ) ) ;
#916 = CARTESIAN_POINT ( 'NONE',  ( -2.330449999999999910, 5.304599999999999760, -2.467450000000003918 ) ) ;
#918 = ORIENTED_EDGE ( 'NONE', *, *, #1906, .T. ) ;
#919 = DIRECTION ( 'NONE',  ( -2.626776916984867341E-15, 0.000000000000000000, -1.000000000000000000 ) ) ;
#920 = VECTOR ( 'NONE', #80, 1000.000000000000000 ) ;
#921 = EDGE_LOOP ( 'NONE', ( #562, #3175, #3274, #2609 ) ) ;
#922 = EDGE_CURVE ( 'NONE', #2752, #1788, #2431, .T. ) ;
#923 = DIRECTION ( 'NONE',  ( 0.1583471095124988348, 0.9873835085259610178, 0.000000000000000000 ) ) ;
#924 = AXIS2_PLACEMENT_3D ( 'NONE', #1087, #3248, #2903 ) ;
#925 = VECTOR ( 'NONE', #1631, 1000.000000000000114 ) ;
#926 = PLANE ( 'NONE',  #4422 ) ;
#927 = PLANE ( 'NONE',  #1864 ) ;
#928 =( NAMED_UNIT ( * ) PLANE_ANGLE_UNIT ( ) SI_UNIT ( $, .RADIAN. ) );
#929 = VECTOR ( 'NONE', #3114, 1000.000000000000000 ) ;
#930 = VECTOR ( 'NONE', #1140, 1000.000000000000000 ) ;
#931 = ORIENTED_EDGE ( 'NONE', *, *, #2496, .T. ) ;
#932 = VECTOR ( 'NONE', #1978, 1000.000000000000000 ) ;
#933 = CARTESIAN_POINT ( 'NONE',  ( -2.793999999999999595, 5.330000000000000071, -0.000000000000000000 ) ) ;
#934 = ORIENTED_EDGE ( 'NONE', *, *, #2039, .F. ) ;
#935 = CYLINDRICAL_SURFACE ( 'NONE', #3095, 0.1905000000000010019 ) ;
#936 = EDGE_LOOP ( 'NONE', ( #1090, #2042, #1019, #2102 ) ) ;
#937 = AXIS2_PLACEMENT_3D ( 'NONE', #655, #278, #3958 ) ;
#938 = CARTESIAN_POINT ( 'NONE',  ( -3.341664254235964471, 3.405680000000126384, -3.057499999999999662 ) ) ;
#939 = CIRCLE ( 'NONE', #4542, 4.000000000000001776 ) ;
#940 = DIRECTION ( 'NONE',  ( -1.000000000000000000, 9.331360556159751558E-18, 0.000000000000000000 ) ) ;
#942 = PLANE ( 'NONE',  #2806 ) ;
#941 = DIRECTION ( 'NONE',  ( -0.000000000000000000, -0.000000000000000000, 1.000000000000000000 ) ) ;
#943 = CIRCLE ( 'NONE', #3581, 3.999999999999998224 ) ;
#944 = ORIENTED_EDGE ( 'NONE', *, *, #2498, .T. ) ;
#945 = PLANE ( 'NONE',  #491 ) ;
#946 = ADVANCED_FACE ( 'NONE', ( #2408 ), #3432, .F. ) ;
#947 = ADVANCED_FACE ( 'NONE', ( #911 ), #2750, .F. ) ;
#948 = VERTEX_POINT ( 'NONE', #2705 ) ;
#949 = CARTESIAN_POINT ( 'NONE',  ( -2.793999999999999595, 5.304599999999999760, -2.467450000000002142 ) ) ;
#950 = FACE_OUTER_BOUND ( 'NONE', #52, .T. ) ;
#951 = CARTESIAN_POINT ( 'NONE',  ( 3.341664254235964471, 3.205680000000123098, 2.042499999999999538 ) ) ;
#952 = EDGE_CURVE ( 'NONE', #2692, #225, #610, .T. ) ;
#953 = CARTESIAN_POINT ( 'NONE',  ( 3.850340000000000096, 1.000000000000000000, -2.042499999999999538 ) ) ;
#954 = PRESENTATION_STYLE_ASSIGNMENT (( #3424 ) ) ;
#955 = ORIENTED_EDGE ( 'NONE', *, *, #13, .F. ) ;
#956 = ADVANCED_FACE ( 'NONE', ( #1644 ), #1360, .F. ) ;
#957 = DIRECTION ( 'NONE',  ( -0.04361938736533251676, 0.9990482215818579093, 0.000000000000000000 ) ) ;
#958 = ORIENTED_EDGE ( 'NONE', *, *, #1803, .F. ) ;
#959 = CARTESIAN_POINT ( 'NONE',  ( 3.850340000000000096, 1.000000000000000000, -3.057499999999999662 ) ) ;
#960 = ORIENTED_EDGE ( 'NONE', *, *, #3579, .F. ) ;
#961 = DIRECTION ( 'NONE',  ( 1.000000000000000000, 0.000000000000000000, -2.906221269855598900E-15 ) ) ;
#962 = DIRECTION ( 'NONE',  ( 1.000000000000000000, 0.000000000000000000, 0.000000000000000000 ) ) ;
#963 = EDGE_LOOP ( 'NONE', ( #1378, #1955, #3932, #2648 ) ) ;
#965 = CARTESIAN_POINT ( 'NONE',  ( -3.341664254235964471, 3.205680000000123098, -3.057499999999999662 ) ) ;
#964 = CARTESIAN_POINT ( 'NONE',  ( -3.341664254235964471, 0.6800006613150175738, 3.057499999999999662 ) ) ;
#966 = ORIENTED_EDGE ( 'NONE', *, *, #3664, .F. ) ;
#967 = FACE_OUTER_BOUND ( 'NONE', #341, .T. ) ;
#968 = CARTESIAN_POINT ( 'NONE',  ( 4.124659999999999549, -2.660000000000001030, 2.290000000000000036 ) ) ;
#969 = LINE ( 'NONE', #2417, #1372 ) ;
#970 = CARTESIAN_POINT ( 'NONE',  ( 2.169497388555174044, 5.304599999999999760, -2.673542627135591321 ) ) ;
#971 = DIRECTION ( 'NONE',  ( 0.000000000000000000, 0.000000000000000000, -1.000000000000000000 ) ) ;
#972 = DIRECTION ( 'NONE',  ( 0.000000000000000000, 1.000000000000000000, 0.000000000000000000 ) ) ;
#973 = EDGE_CURVE ( 'NONE', #1343, #1499, #4510, .T. ) ;
#974 = CARTESIAN_POINT ( 'NONE',  ( 2.656502611444790940, 5.304599999999999760, -2.426457372864449624 ) ) ;
#975 = EDGE_CURVE ( 'NONE', #1919, #2744, #1283, .T. ) ;
#976 = VERTEX_POINT ( 'NONE', #2338 ) ;
#977 = CARTESIAN_POINT ( 'NONE',  ( -3.803334990045005082, 1.589950658968517949, 2.290000000000000036 ) ) ;
#978 = ORIENTED_EDGE ( 'NONE', *, *, #4113, .T. ) ;
#979 = LINE ( 'NONE', #959, #3704 ) ;
#980 = EDGE_CURVE ( 'NONE', #3616, #1138, #3145, .T. ) ;
#981 = ORIENTED_EDGE ( 'NONE', *, *, #1191, .F. ) ;
#982 = CARTESIAN_POINT ( 'NONE',  ( -7.170955672305229121E-15, 5.304599999999999760, -2.467450000000010579 ) ) ;
#983 = CARTESIAN_POINT ( 'NONE',  ( 2.656502611444808259, 5.304599999999999760, 2.673542627135553129 ) ) ;
#984 = ORIENTED_EDGE ( 'NONE', *, *, #1485, .T. ) ;
#986 = PLANE ( 'NONE',  #3182 ) ;
#985 = LINE ( 'NONE', #4139, #932 ) ;
#987 = ORIENTED_EDGE ( 'NONE', *, *, #2854, .T. ) ;
#988 = LINE ( 'NONE', #1705, #4466 ) ;
#989 = PLANE ( 'NONE',  #1388 ) ;
#990 = CYLINDRICAL_SURFACE ( 'NONE', #2957, 3.725680000000000991 ) ;
#991 = VECTOR ( 'NONE', #622, 1000.000000000000000 ) ;
#992 = DIRECTION ( 'NONE',  ( 1.000000000000000000, 0.000000000000000000, 0.000000000000000000 ) ) ;
#993 = VECTOR ( 'NONE', #1251, 1000.000000000000114 ) ;
#994 = CARTESIAN_POINT ( 'NONE',  ( 2.656502611444790940, 5.304599999999999760, -2.426457372864449624 ) ) ;
#995 = CARTESIAN_POINT ( 'NONE',  ( 4.124659999999998661, 0.000000000000000000, -2.042499999999999538 ) ) ;
#996 =( NAMED_UNIT ( * ) PLANE_ANGLE_UNIT ( ) SI_UNIT ( $, .RADIAN. ) );
#997 = CARTESIAN_POINT ( 'NONE',  ( -7.170955672305227544E-15, 5.304599999999999760, -2.467450000000010135 ) ) ;
#998 = DIRECTION ( 'NONE',  ( 1.184920407087982840E-16, 1.000000000000000000, 0.000000000000000000 ) ) ;
#999 = VECTOR ( 'NONE', #3807, 1000.000000000000227 ) ;
#1000 = ORIENTED_EDGE ( 'NONE', *, *, #662, .F. ) ;
#1001 = EDGE_CURVE ( 'NONE', #2804, #2639, #2045, .T. ) ;
#1002 = EDGE_CURVE ( 'NONE', #1508, #396, #3502, .T. ) ;
#1003 = DIRECTION ( 'NONE',  ( 0.1583471095125001116, -0.9873835085259609068, 0.000000000000000000 ) ) ;
#1004 = AXIS2_PLACEMENT_3D ( 'NONE', #4047, #2986, #3328 ) ;
#1005 = ORIENTED_EDGE ( 'NONE', *, *, #3685, .T. ) ;
#1006 = CARTESIAN_POINT ( 'NONE',  ( 3.850339999999999652, 0.6800006613150175738, 2.042499999999999538 ) ) ;
#1007 = AXIS2_PLACEMENT_3D ( 'NONE', #4433, #836, #440 ) ;
#1008 = PRODUCT ( 'DF10M-E3_45', 'DF10M-E3_45', '', ( #70 ) ) ;
#1009 = ORIENTED_EDGE ( 'NONE', *, *, #3049, .F. ) ;
#1010 = CARTESIAN_POINT ( 'NONE',  ( 2.525097388555175293, 5.304599999999999760, -2.288533780258505512 ) ) ;
#1011 = VECTOR ( 'NONE', #2685, 1000.000000000000000 ) ;
#1012 = EDGE_CURVE ( 'NONE', #2837, #3784, #2025, .T. ) ;
#1013 = VECTOR ( 'NONE', #2667, 1000.000000000000000 ) ;
#1014 = AXIS2_PLACEMENT_3D ( 'NONE', #4201, #3495, #1301 ) ;
#1015 = DIRECTION ( 'NONE',  ( 0.000000000000000000, 1.000000000000000000, 0.000000000000000000 ) ) ;
#1016 = ORIENTED_EDGE ( 'NONE', *, *, #3579, .T. ) ;
#1018 = CARTESIAN_POINT ( 'NONE',  ( 3.850339999999999652, -2.660000000000001030, -2.290000000000000036 ) ) ;
#1017 = DIRECTION ( 'NONE',  ( -2.906221269855598900E-15, 0.000000000000000000, -1.000000000000000000 ) ) ;
#1019 = ORIENTED_EDGE ( 'NONE', *, *, #1041, .T. ) ;
#1020 = VECTOR ( 'NONE', #1942, 999.9999999999998863 ) ;
#1021 = MECHANICAL_DESIGN_GEOMETRIC_PRESENTATION_REPRESENTATION (  '', ( #1177 ), #3405 ) ;
#1022 = ORIENTED_EDGE ( 'NONE', *, *, #32, .T. ) ;
#1023 = PLANE ( 'NONE',  #711 ) ;
#1024 = EDGE_CURVE ( 'NONE', #1409, #3929, #3094, .T. ) ;
#1025 = LINE ( 'NONE', #3863, #1470 ) ;
#1026 = FACE_OUTER_BOUND ( 'NONE', #1723, .T. ) ;
#1027 = DIRECTION ( 'NONE',  ( 1.000000000000000000, 8.285841104563521713E-18, 0.000000000000000000 ) ) ;
#1028 = CARTESIAN_POINT ( 'NONE',  ( 2.169497388555174044, 5.304599999999999760, -2.673542627135591321 ) ) ;
#1029 = CARTESIAN_POINT ( 'NONE',  ( 4.124659999999998661, 0.000000000000000000, 2.042499999999999538 ) ) ;
#1030 = DIRECTION ( 'NONE',  ( -3.983944990760383515E-15, 0.000000000000000000, -1.000000000000000000 ) ) ;
#1031 = DIRECTION ( 'NONE',  ( -1.184920407087982840E-16, -1.000000000000000000, -0.000000000000000000 ) ) ;
#1032 = ORIENTED_EDGE ( 'NONE', *, *, #2854, .F. ) ;
#1033 = LINE ( 'NONE', #327, #4545 ) ;
#1034 = ORIENTED_EDGE ( 'NONE', *, *, #3659, .T. ) ;
#1035 = CARTESIAN_POINT ( 'NONE',  ( -2.495549999999992163, 5.330000000000000071, 7.252620489988117204E-15 ) ) ;
#1036 = ORIENTED_EDGE ( 'NONE', *, *, #362, .F. ) ;
#1037 =( LENGTH_UNIT ( ) NAMED_UNIT ( * ) SI_UNIT ( .MILLI., .METRE. ) );
#1038 = EDGE_LOOP ( 'NONE', ( #3910, #465, #3557, #4471 ) ) ;
#1040 = PLANE ( 'NONE',  #1162 ) ;
#1039 = PLANE ( 'NONE',  #423 ) ;
#1041 = EDGE_CURVE ( 'NONE', #1411, #4493, #1313, .T. ) ;
#1042 = EDGE_CURVE ( 'NONE', #1775, #2459, #1338, .T. ) ;
#1043 = EDGE_LOOP ( 'NONE', ( #3726, #4191, #721, #155, #371, #1843, #666, #1159 ) ) ;
#1044 = ORIENTED_EDGE ( 'NONE', *, *, #3291, .F. ) ;
#1045 = DIRECTION ( 'NONE',  ( 0.000000000000000000, 1.000000000000000000, 0.000000000000000000 ) ) ;
#1046 = VERTEX_POINT ( 'NONE', #190 ) ;
#1047 = DIRECTION ( 'NONE',  ( -1.000000000000000000, 0.000000000000000000, 0.000000000000000000 ) ) ;
#1048 = CARTESIAN_POINT ( 'NONE',  ( -4.124659999999998661, -2.272971931803856006E-18, -2.810000000000000053 ) ) ;
#1049 = EDGE_CURVE ( 'NONE', #2485, #3600, #2464, .T. ) ;
#1050 = CARTESIAN_POINT ( 'NONE',  ( 3.163022930141338396, 3.405680000000123275, -2.290000000000000036 ) ) ;
#1051 = LINE ( 'NONE', #4299, #991 ) ;
#1052 = PLANE ( 'NONE',  #2890 ) ;
#1053 = FACE_OUTER_BOUND ( 'NONE', #2912, .T. ) ;
#1054 = DIRECTION ( 'NONE',  ( 0.000000000000000000, 0.000000000000000000, -1.000000000000000000 ) ) ;
#1055 = ORIENTED_EDGE ( 'NONE', *, *, #3472, .F. ) ;
#1056 = LINE ( 'NONE', #2151, #3046 ) ;
#1057 = ORIENTED_EDGE ( 'NONE', *, *, #2111, .T. ) ;
#1058 = VERTEX_POINT ( 'NONE', #2103 ) ;
#1059 = SURFACE_STYLE_FILL_AREA ( #4284 ) ;
#1060 = ORIENTED_EDGE ( 'NONE', *, *, #3843, .T. ) ;
#1061 = DIRECTION ( 'NONE',  ( -0.000000000000000000, 1.000000000000000000, -0.000000000000000000 ) ) ;
#1062 = ORIENTED_EDGE ( 'NONE', *, *, #4580, .F. ) ;
#1063 = VERTEX_POINT ( 'NONE', #658 ) ;
#1064 = DIRECTION ( 'NONE',  ( 3.191513274841260727E-18, 0.3420201433256698786, 0.9396926207859079838 ) ) ;
#1065 = ORIENTED_EDGE ( 'NONE', *, *, #3371, .F. ) ;
#1066 = EDGE_CURVE ( 'NONE', #4142, #502, #4233, .T. ) ;
#1067 = ADVANCED_FACE ( 'NONE', ( #3835 ), #989, .F. ) ;
#1068 = CARTESIAN_POINT ( 'NONE',  ( 3.341664254235964471, 3.205680000000123098, -2.290000000000000036 ) ) ;
#1069 = CARTESIAN_POINT ( 'NONE',  ( 2.656502611444808259, 5.304599999999999760, 2.673542627135553129 ) ) ;
#1070 = CARTESIAN_POINT ( 'NONE',  ( -2.330449999999984367, 5.330000000000000071, 2.168999999999999151 ) ) ;
#1071 = ORIENTED_EDGE ( 'NONE', *, *, #873, .F. ) ;
#1072 = EDGE_CURVE ( 'NONE', #1752, #1506, #3915, .T. ) ;
#1073 = LINE ( 'NONE', #3975, #619 ) ;
#1074 = DIRECTION ( 'NONE',  ( 1.000000000000000000, 0.000000000000000000, 0.000000000000000000 ) ) ;
#1075 = CARTESIAN_POINT ( 'NONE',  ( 2.486617068576337353, 5.304599999999999760, 2.587350096575852909 ) ) ;
#1076 = LINE ( 'NONE', #2502, #4017 ) ;
#1077 = AXIS2_PLACEMENT_3D ( 'NONE', #373, #1165, #2613 ) ;
#1078 = CARTESIAN_POINT ( 'NONE',  ( 2.169497388555191364, 5.304599999999999760, 2.426457372864411433 ) ) ;
#1079 = VERTEX_POINT ( 'NONE', #3511 ) ;
#1080 = CIRCLE ( 'NONE', #1605, 0.1905000000000001414 ) ;
#1081 = VECTOR ( 'NONE', #18, 1000.000000000000114 ) ;
#1082 = ORIENTED_EDGE ( 'NONE', *, *, #3168, .F. ) ;
#1083 = AXIS2_PLACEMENT_3D ( 'NONE', #891, #4204, #3088 ) ;
#1084 = AXIS2_PLACEMENT_3D ( 'NONE', #645, #1045, #767 ) ;
#1085 = ORIENTED_EDGE ( 'NONE', *, *, #2790, .T. ) ;
#1087 = CARTESIAN_POINT ( 'NONE',  ( -3.850339999999999652, -2.660000000000001030, 2.290000000000000036 ) ) ;
#1086 = PLANE ( 'NONE',  #2157 ) ;
#1088 = ORIENTED_EDGE ( 'NONE', *, *, #362, .T. ) ;
#1089 = VECTOR ( 'NONE', #4539, 1000.000000000000000 ) ;
#1090 = ORIENTED_EDGE ( 'NONE', *, *, #2425, .F. ) ;
#1091 = VECTOR ( 'NONE', #4593, 1000.000000000000000 ) ;
#1092 = FACE_OUTER_BOUND ( 'NONE', #2968, .T. ) ;
#1093 = VECTOR ( 'NONE', #846, 1000.000000000000000 ) ;
#1094 = ORIENTED_EDGE ( 'NONE', *, *, #2795, .F. ) ;
#1095 = VECTOR ( 'NONE', #585, 1000.000000000000114 ) ;
#1096 = CARTESIAN_POINT ( 'NONE',  ( 2.169497388555191364, 5.304599999999999760, 2.426457372864411433 ) ) ;
#1097 = LINE ( 'NONE', #3323, #3399 ) ;
#1098 = AXIS2_PLACEMENT_3D ( 'NONE', #2026, #1698, #962 ) ;
#1099 = VECTOR ( 'NONE', #1902, 1000.000000000000000 ) ;
#1100 = EDGE_CURVE ( 'NONE', #2156, #3438, #669, .T. ) ;
#1101 = LINE ( 'NONE', #3592, #4029 ) ;
#1102 = AXIS2_PLACEMENT_3D ( 'NONE', #1078, #2531, #2179 ) ;
#1103 = ORIENTED_EDGE ( 'NONE', *, *, #3714, .T. ) ;
#1104 = LINE ( 'NONE', #427, #22 ) ;
#1105 = CARTESIAN_POINT ( 'NONE',  ( -3.341664254235964471, 3.205680000000123098, -2.042499999999999538 ) ) ;
#1106 = DIRECTION ( 'NONE',  ( 0.000000000000000000, 0.000000000000000000, -1.000000000000000000 ) ) ;
#1107 = VECTOR ( 'NONE', #2595, 1000.000000000000114 ) ;
#1108 = ADVANCED_FACE ( 'NONE', ( #2838 ), #3811, .T. ) ;
#1109 = EDGE_CURVE ( 'NONE', #502, #76, #4162, .T. ) ;
#1110 = DIRECTION ( 'NONE',  ( 0.000000000000000000, 1.000000000000000000, 0.000000000000000000 ) ) ;
#1111 = ORIENTED_EDGE ( 'NONE', *, *, #415, .T. ) ;
#1112 = DIRECTION ( 'NONE',  ( -0.1583471095124970307, -0.9873835085259613509, -0.000000000000000000 ) ) ;
#1113 = VERTEX_POINT ( 'NONE', #2113 ) ;
#1114 = DIRECTION ( 'NONE',  ( -0.000000000000000000, -0.000000000000000000, 1.000000000000000000 ) ) ;
#1115 = VERTEX_POINT ( 'NONE', #3153 ) ;
#1117 = CARTESIAN_POINT ( 'NONE',  ( -2.495549999999981505, 5.304599999999999760, 2.930999999999999606 ) ) ;
#1116 = CARTESIAN_POINT ( 'NONE',  ( -3.809999999999999165, 3.280787200984090823, 3.057499999999999662 ) ) ;
#1118 = VERTEX_POINT ( 'NONE', #1675 ) ;
#1119 = VERTEX_POINT ( 'NONE', #594 ) ;
#1120 = DIRECTION ( 'NONE',  ( 0.000000000000000000, 0.000000000000000000, 1.000000000000000000 ) ) ;
#1121 = CARTESIAN_POINT ( 'NONE',  ( -3.102959444200954486, 2.029999999999999805, -4.085459444200955303 ) ) ;
#1122 = DIRECTION ( 'NONE',  ( 0.1583471095124988348, -0.9873835085259610178, 0.000000000000000000 ) ) ;
#1123 = CARTESIAN_POINT ( 'NONE',  ( -2.330449999999999022, 5.304599999999999760, -2.169000000000004036 ) ) ;
#1124 = ORIENTED_EDGE ( 'NONE', *, *, #3391, .T. ) ;
#1125 = LINE ( 'NONE', #64, #3546 ) ;
#1126 = FACE_OUTER_BOUND ( 'NONE', #936, .T. ) ;
#1127 = FACE_OUTER_BOUND ( 'NONE', #798, .T. ) ;
#1128 = EDGE_CURVE ( 'NONE', #1786, #1508, #3894, .T. ) ;
#1129 = EDGE_CURVE ( 'NONE', #279, #141, #2416, .T. ) ;
#1130 = FACE_OUTER_BOUND ( 'NONE', #3225, .T. ) ;
#1131 = VERTEX_POINT ( 'NONE', #4273 ) ;
#1132 = ORIENTED_EDGE ( 'NONE', *, *, #3688, .T. ) ;
#1133 = ADVANCED_FACE ( 'NONE', ( #2056 ), #1345, .T. ) ;
#1134 = VERTEX_POINT ( 'NONE', #4570 ) ;
#1136 = LINE ( 'NONE', #764, #2958 ) ;
#1135 = LINE ( 'NONE', #1937, #1172 ) ;
#1137 = ORIENTED_EDGE ( 'NONE', *, *, #4323, .F. ) ;
#1138 = VERTEX_POINT ( 'NONE', #2781 ) ;
#1139 = PLANE ( 'NONE',  #108 ) ;
#1140 = DIRECTION ( 'NONE',  ( -0.04361938736533251676, -0.9990482215818579093, -0.000000000000000000 ) ) ;
#1141 = LINE ( 'NONE', #4367, #920 ) ;
#1142 = FILL_AREA_STYLE_COLOUR ( '', #1476 ) ;
#1143 = VERTEX_POINT ( 'NONE', #2031 ) ;
#1144 = ORIENTED_EDGE ( 'NONE', *, *, #1858, .F. ) ;
#1145 = CARTESIAN_POINT ( 'NONE',  ( 2.414787137949140128, 5.304599999999999760, 2.168999999999982276 ) ) ;
#1146 = CARTESIAN_POINT ( 'NONE',  ( -2.330449999999984367, 5.304599999999999760, 2.168999999999999151 ) ) ;
#1147 = DIRECTION ( 'NONE',  ( 0.000000000000000000, 1.000000000000000000, -0.000000000000000000 ) ) ;
#1148 = FACE_OUTER_BOUND ( 'NONE', #3885, .T. ) ;
#1149 = VECTOR ( 'NONE', #4423, 1000.000000000000000 ) ;
#1150 = EDGE_CURVE ( 'NONE', #858, #4096, #1324, .T. ) ;
#1151 = ORIENTED_EDGE ( 'NONE', *, *, #2520, .T. ) ;
#1152 = ADVANCED_FACE ( 'NONE', ( #4194 ), #4215, .F. ) ;
#1153 = AXIS2_PLACEMENT_3D ( 'NONE', #4594, #4649, #4195 ) ;
#1154 = CYLINDRICAL_SURFACE ( 'NONE', #1179, 0.4743200000000007410 ) ;
#1155 = ORIENTED_EDGE ( 'NONE', *, *, #3202, .T. ) ;
#1157 = CARTESIAN_POINT ( 'NONE',  ( -2.495549999999998825, 5.304599999999999760, -2.169000000000003148 ) ) ;
#1156 = DIRECTION ( 'NONE',  ( 0.000000000000000000, 0.000000000000000000, 1.000000000000000000 ) ) ;
#1158 = EDGE_LOOP ( 'NONE', ( #3469, #3296, #3669, #3967 ) ) ;
#1159 = ORIENTED_EDGE ( 'NONE', *, *, #3889, .F. ) ;
#1160 = EDGE_CURVE ( 'NONE', #2508, #4644, #2495, .T. ) ;
#1161 = LINE ( 'NONE', #3721, #3034 ) ;
#1162 = AXIS2_PLACEMENT_3D ( 'NONE', #3100, #2490, #4540 ) ;
#1163 = AXIS2_PLACEMENT_3D ( 'NONE', #2724, #1721, #2356 ) ;
#1164 = PLANE ( 'NONE',  #3269 ) ;
#1165 = DIRECTION ( 'NONE',  ( 0.000000000000000000, 1.000000000000000000, -0.000000000000000000 ) ) ;
#1166 = VECTOR ( 'NONE', #299, 1000.000000000000114 ) ;
#1167 = ORIENTED_EDGE ( 'NONE', *, *, #509, .F. ) ;
#1168 = VECTOR ( 'NONE', #3407, 1000.000000000000000 ) ;
#1169 = EDGE_CURVE ( 'NONE', #3071, #1830, #2441, .T. ) ;
#1170 = LINE ( 'NONE', #4391, #1099 ) ;
#1171 = ORIENTED_EDGE ( 'NONE', *, *, #3707, .F. ) ;
#1172 = VECTOR ( 'NONE', #1560, 1000.000000000000000 ) ;
#1173 = VECTOR ( 'NONE', #3453, 1000.000000000000000 ) ;
#1174 = AXIS2_PLACEMENT_3D ( 'NONE', #974, #275, #1656 ) ;
#1175 = CARTESIAN_POINT ( 'NONE',  ( -3.809999999999999165, 3.280787200984090823, -2.290000000000000036 ) ) ;
#1176 = CARTESIAN_POINT ( 'NONE',  ( 3.102959444200955375, 5.330000000000000071, 0.000000000000000000 ) ) ;
#1177 = STYLED_ITEM ( 'NONE', ( #348 ), #230 ) ;
#1178 = DIRECTION ( 'NONE',  ( 1.000000000000000000, 0.000000000000000000, 0.000000000000000000 ) ) ;
#1179 = AXIS2_PLACEMENT_3D ( 'NONE', #3690, #4128, #2601 ) ;
#1180 = CARTESIAN_POINT ( 'NONE',  ( 3.341664254235964471, 3.205680000000123098, -2.042499999999999538 ) ) ;
#1181 = EDGE_LOOP ( 'NONE', ( #361, #2833, #2712, #2825, #3987, #1111, #3151, #332, #1604, #2505, #2793, #3694 ) ) ;
#1182 = SURFACE_STYLE_FILL_AREA ( #3084 ) ;
#1183 = ORIENTED_EDGE ( 'NONE', *, *, #1887, .T. ) ;
#1185 = CARTESIAN_POINT ( 'NONE',  ( 3.175000000000000266, 3.680000000000123173, 2.290000000000000036 ) ) ;
#1184 = FACE_OUTER_BOUND ( 'NONE', #1694, .T. ) ;
#1186 = VERTEX_POINT ( 'NONE', #3180 ) ;
#1187 = ORIENTED_EDGE ( 'NONE', *, *, #4568, .F. ) ;
#1188 = FACE_BOUND ( 'NONE', #963, .T. ) ;
#1189 = EDGE_CURVE ( 'NONE', #3089, #2492, #1025, .T. ) ;
#1190 = PLANE ( 'NONE',  #114 ) ;
#1191 = EDGE_CURVE ( 'NONE', #313, #2207, #3081, .T. ) ;
#1192 = DIRECTION ( 'NONE',  ( -1.113460962759211437E-16, -0.9396926207859079838, 0.3420201433256698231 ) ) ;
#1193 = EDGE_LOOP ( 'NONE', ( #2342, #2163, #514, #4056 ) ) ;
#1194 = LINE ( 'NONE', #3762, #4405 ) ;
#1195 = EDGE_CURVE ( 'NONE', #281, #2410, #3565, .T. ) ;
#1196 = DIRECTION ( 'NONE',  ( -0.000000000000000000, 1.000000000000000000, -0.000000000000000000 ) ) ;
#1197 = CARTESIAN_POINT ( 'NONE',  ( -3.850339999999999652, 0.000000000000000000, -2.810000000000000053 ) ) ;
#1198 = LINE ( 'NONE', #2575, #3728 ) ;
#1199 = ORIENTED_EDGE ( 'NONE', *, *, #4197, .T. ) ;
#1200 = EDGE_LOOP ( 'NONE', ( #435, #1032, #3974, #4426 ) ) ;
#1201 = ORIENTED_EDGE ( 'NONE', *, *, #597, .F. ) ;
#1203 = DIRECTION ( 'NONE',  ( 1.000000000000000000, 8.285841104563521713E-18, 0.000000000000000000 ) ) ;
#1202 = LINE ( 'NONE', #4071, #2669 ) ;
#1204 = ORIENTED_EDGE ( 'NONE', *, *, #1439, .T. ) ;
#1205 = LINE ( 'NONE', #854, #1770 ) ;
#1206 = FACE_OUTER_BOUND ( 'NONE', #762, .T. ) ;
#1207 = PLANE ( 'NONE',  #3256 ) ;
#1208 = ORIENTED_EDGE ( 'NONE', *, *, #4039, .F. ) ;
#1209 = CARTESIAN_POINT ( 'NONE',  ( -3.163022930141338396, 3.405680000000123275, 3.057499999999999662 ) ) ;
#1210 = EDGE_CURVE ( 'NONE', #2207, #4491, #1292, .T. ) ;
#1211 = ADVANCED_FACE ( 'NONE', ( #3233 ), #441, .F. ) ;
#1212 = CARTESIAN_POINT ( 'NONE',  ( -3.850340000000000096, 1.000000000000000000, 2.290000000000000036 ) ) ;
#1213 = ADVANCED_FACE ( 'NONE', ( #79 ), #1164, .F. ) ;
#1214 = CARTESIAN_POINT ( 'NONE',  ( -2.330450000000001687, 5.304599999999999760, -2.931000000000003602 ) ) ;
#1215 = CARTESIAN_POINT ( 'NONE',  ( -2.031999999999993367, 5.330000000000000071, 5.337610695313234818E-15 ) ) ;
#1216 = ORIENTED_EDGE ( 'NONE', *, *, #3075, .F. ) ;
#1217 = EDGE_LOOP ( 'NONE', ( #2680, #3277, #2981, #1036, #1242, #1570, #2349, #1947 ) ) ;
#1219 = DIRECTION ( 'NONE',  ( 0.000000000000000000, 1.000000000000000000, -0.000000000000000000 ) ) ;
#1218 = CARTESIAN_POINT ( 'NONE',  ( -3.175000000000000266, 3.680000000000123173, 3.057499999999999662 ) ) ;
#1220 = CIRCLE ( 'NONE', #4602, 0.3556000000000001937 ) ;
#1221 = VERTEX_POINT ( 'NONE', #2859 ) ;
#1222 = CARTESIAN_POINT ( 'NONE',  ( 2.411212862050842176, 5.304599999999999760, -2.169000000000020911 ) ) ;
#1223 = VECTOR ( 'NONE', #2007, 1000.000000000000000 ) ;
#1224 = LINE ( 'NONE', #4477, #1862 ) ;
#1225 = CARTESIAN_POINT ( 'NONE',  ( -0.1979814764979378472, 5.304599999999999760, -0.1886247273267825098 ) ) ;
#1226 = EDGE_LOOP ( 'NONE', ( #438, #2769, #1747, #2405 ) ) ;
#1227 = VECTOR ( 'NONE', #2028, 1000.000000000000000 ) ;
#1228 = DIRECTION ( 'NONE',  ( 0.000000000000000000, 1.000000000000000000, 0.000000000000000000 ) ) ;
#1229 = VECTOR ( 'NONE', #2215, 1000.000000000000000 ) ;
#1230 = ORIENTED_EDGE ( 'NONE', *, *, #167, .F. ) ;
#1231 = LINE ( 'NONE', #862, #779 ) ;
#1232 = VECTOR ( 'NONE', #4592, 1000.000000000000000 ) ;
#1233 = EDGE_CURVE ( 'NONE', #1786, #2973, #1860, .T. ) ;
#1234 = EDGE_CURVE ( 'NONE', #3207, #1046, #58, .T. ) ;
#1235 = VECTOR ( 'NONE', #3470, 1000.000000000000000 ) ;
#1236 = AXIS2_PLACEMENT_3D ( 'NONE', #1068, #2516, #3941 ) ;
#1237 = LINE ( 'NONE', #3376, #3357 ) ;
#1238 = ADVANCED_FACE ( 'NONE', ( #748 ), #2612, .T. ) ;
#1239 = EDGE_LOOP ( 'NONE', ( #908, #2355, #1649, #3147 ) ) ;
#1240 = EDGE_CURVE ( 'NONE', #4544, #2403, #2948, .T. ) ;
#1241 = CIRCLE ( 'NONE', #1098, 0.4743200000000002969 ) ;
#1242 = ORIENTED_EDGE ( 'NONE', *, *, #3799, .T. ) ;
#1243 = LINE ( 'NONE', #2094, #2812 ) ;
#1244 = ORIENTED_EDGE ( 'NONE', *, *, #1730, .F. ) ;
#1246 = LINE ( 'NONE', #1185, #4609 ) ;
#1245 = CARTESIAN_POINT ( 'NONE',  ( -2.032000000000000028, 5.330000000000000071, -2.467450000000004806 ) ) ;
#1247 = EDGE_CURVE ( 'NONE', #3821, #4240, #3301, .T. ) ;
#1248 = VERTEX_POINT ( 'NONE', #4387 ) ;
#1249 = CARTESIAN_POINT ( 'NONE',  ( 3.850339999999999652, -2.660000000000001030, 2.290000000000000036 ) ) ;
#1250 = CARTESIAN_POINT ( 'NONE',  ( -3.341664254235964471, 3.205680000000123098, 2.290000000000000036 ) ) ;
#1251 = DIRECTION ( 'NONE',  ( -0.1583471095125006389, 0.9873835085259607958, 0.000000000000000000 ) ) ;
#1252 = ORIENTED_EDGE ( 'NONE', *, *, #2239, .F. ) ;
#1253 = CARTESIAN_POINT ( 'NONE',  ( 0.000000000000000000, 5.330000000000000071, 0.000000000000000000 ) ) ;
#1254 = CARTESIAN_POINT ( 'NONE',  ( 3.341664254235964471, 3.680000000000123173, -2.042499999999999538 ) ) ;
#1255 = DIRECTION ( 'NONE',  ( -4.336808689942017736E-16, 1.000000000000000000, 0.000000000000000000 ) ) ;
#1256 = CARTESIAN_POINT ( 'NONE',  ( 2.169497388555174044, 5.330000000000000071, -2.673542627135591321 ) ) ;
#1257 = CARTESIAN_POINT ( 'NONE',  ( -3.809999999999999165, 3.280787200984090823, 2.042499999999999538 ) ) ;
#1258 = VERTEX_POINT ( 'NONE', #690 ) ;
#1259 = EDGE_CURVE ( 'NONE', #2533, #3609, #346, .T. ) ;
#1260 = ADVANCED_FACE ( 'NONE', ( #1425 ), #372, .T. ) ;
#1261 = LINE ( 'NONE', #907, #1296 ) ;
#1262 = ORIENTED_EDGE ( 'NONE', *, *, #847, .F. ) ;
#1263 = DIRECTION ( 'NONE',  ( -0.000000000000000000, -1.000000000000000000, 0.000000000000000000 ) ) ;
#1264 = ORIENTED_EDGE ( 'NONE', *, *, #528, .F. ) ;
#1265 = DIRECTION ( 'NONE',  ( -0.000000000000000000, -0.000000000000000000, -1.000000000000000000 ) ) ;
#1266 = EDGE_CURVE ( 'NONE', #1411, #4544, #4248, .T. ) ;
#1267 = LINE ( 'NONE', #820, #1475 ) ;
#1269 = CARTESIAN_POINT ( 'NONE',  ( 4.124659999999998661, 0.6800006613150175738, 2.042499999999999538 ) ) ;
#1268 = CARTESIAN_POINT ( 'NONE',  ( -4.124659999999999549, -2.660000000000001030, -2.810000000000000053 ) ) ;
#1270 = ORIENTED_EDGE ( 'NONE', *, *, #2682, .T. ) ;
#1271 = CARTESIAN_POINT ( 'NONE',  ( -3.850340000000000096, 0.6800006613150174628, 3.057499999999999662 ) ) ;
#1272 = ORIENTED_EDGE ( 'NONE', *, *, #4484, .T. ) ;
#1273 = LINE ( 'NONE', #216, #1523 ) ;
#1274 = CARTESIAN_POINT ( 'NONE',  ( 2.486617068576320033, 5.304599999999999760, -2.512649903424150288 ) ) ;
#1275 = FACE_OUTER_BOUND ( 'NONE', #355, .T. ) ;
#1276 = CARTESIAN_POINT ( 'NONE',  ( 4.124659999999998661, 0.000000000000000000, 3.057499999999999662 ) ) ;
#1277 = VERTEX_POINT ( 'NONE', #2169 ) ;
#1278 = LINE ( 'NONE', #583, #1462 ) ;
#1279 = ORIENTED_EDGE ( 'NONE', *, *, #500, .T. ) ;
#1280 = DIRECTION ( 'NONE',  ( -0.000000000000000000, -0.000000000000000000, 1.000000000000000000 ) ) ;
#1281 = EDGE_CURVE ( 'NONE', #3616, #871, #3590, .T. ) ;
#1282 = VERTEX_POINT ( 'NONE', #1446 ) ;
#1283 = LINE ( 'NONE', #4585, #3865 ) ;
#1284 = AXIS2_PLACEMENT_3D ( 'NONE', #2194, #2281, #3665 ) ;
#1285 = CARTESIAN_POINT ( 'NONE',  ( -3.850340000000000096, 0.6800006613150175738, -2.042499999999999538 ) ) ;
#1287 = DIRECTION ( 'NONE',  ( -0.000000000000000000, -0.9396926207859079838, 0.3420201433256698231 ) ) ;
#1286 = FACE_OUTER_BOUND ( 'NONE', #630, .T. ) ;
#1288 = ADVANCED_FACE ( 'NONE', ( #11 ), #4318, .T. ) ;
#1289 = VERTEX_POINT ( 'NONE', #4347 ) ;
#1290 = DIRECTION ( 'NONE',  ( 0.000000000000000000, 0.000000000000000000, 1.000000000000000000 ) ) ;
#1291 = AXIS2_PLACEMENT_3D ( 'NONE', #4104, #2998, #4497 ) ;
#1292 = LINE ( 'NONE', #2210, #1303 ) ;
#1293 = DIRECTION ( 'NONE',  ( -0.000000000000000000, -0.000000000000000000, 1.000000000000000000 ) ) ;
#1294 = VECTOR ( 'NONE', #2468, 1000.000000000000000 ) ;
#1295 = DIRECTION ( 'NONE',  ( 1.000000000000000000, 0.000000000000000000, -5.253553833969748094E-15 ) ) ;
#1296 = VECTOR ( 'NONE', #1639, 1000.000000000000000 ) ;
#1297 = AXIS2_PLACEMENT_3D ( 'NONE', #4079, #860, #3727 ) ;
#1298 = LINE ( 'NONE', #2376, #4339 ) ;
#1299 = PRODUCT_DEFINITION_SHAPE ( 'NONE', 'NONE',  #888 ) ;
#1300 = FACE_OUTER_BOUND ( 'NONE', #1891, .T. ) ;
#1301 = DIRECTION ( 'NONE',  ( 0.000000000000000000, 0.000000000000000000, 1.000000000000000000 ) ) ;
#1302 = VECTOR ( 'NONE', #2851, 1000.000000000000000 ) ;
#1303 = VECTOR ( 'NONE', #1790, 1000.000000000000000 ) ;
#1304 = PRESENTATION_LAYER_ASSIGNMENT (  '', '', ( #1308 ) ) ;
#1305 = VERTEX_POINT ( 'NONE', #1121 ) ;
#1306 = LINE ( 'NONE', #1970, #2224 ) ;
#1307 = AXIS2_PLACEMENT_3D ( 'NONE', #4452, #3322, #4076 ) ;
#1308 = STYLED_ITEM ( 'NONE', ( #2742 ), #128 ) ;
#1309 = VERTEX_POINT ( 'NONE', #2566 ) ;
#1310 = LINE ( 'NONE', #3847, #2291 ) ;
#1311 = ORIENTED_EDGE ( 'NONE', *, *, #60, .T. ) ;
#1312 = STYLED_ITEM ( 'NONE', ( #3954 ), #1810 ) ;
#1313 = LINE ( 'NONE', #1696, #2739 ) ;
#1314 = CARTESIAN_POINT ( 'NONE',  ( 2.656502611444790940, 5.304599999999999760, -2.426457372864449624 ) ) ;
#1315 = VERTEX_POINT ( 'NONE', #3989 ) ;
#1317 = PLANE ( 'NONE',  #170 ) ;
#1316 = DIRECTION ( 'NONE',  ( -0.000000000000000000, -0.000000000000000000, -1.000000000000000000 ) ) ;
#1318 = AXIS2_PLACEMENT_3D ( 'NONE', #4485, #3443, #199 ) ;
#1319 = ORIENTED_EDGE ( 'NONE', *, *, #1829, .T. ) ;
#1320 = FACE_OUTER_BOUND ( 'NONE', #3593, .T. ) ;
#1321 = ORIENTED_EDGE ( 'NONE', *, *, #1736, .T. ) ;
#1322 = EDGE_CURVE ( 'NONE', #822, #4480, #769, .T. ) ;
#1323 = EDGE_CURVE ( 'NONE', #4559, #1783, #2928, .T. ) ;
#1324 = LINE ( 'NONE', #1368, #3489 ) ;
#1325 = PLANE ( 'NONE',  #242 ) ;
#1326 = DIRECTION ( 'NONE',  ( 1.000000000000000000, -0.000000000000000000, -0.000000000000000000 ) ) ;
#1327 = EDGE_CURVE ( 'NONE', #2231, #2950, #2238, .T. ) ;
#1328 = DIRECTION ( 'NONE',  ( -5.812442539711223044E-15, 0.000000000000000000, -1.000000000000000000 ) ) ;
#1329 = CARTESIAN_POINT ( 'NONE',  ( 3.810000000000000053, 3.280787200984090823, -2.290000000000000036 ) ) ;
#1330 = FILL_AREA_STYLE ('',( #4254 ) ) ;
#1331 = DIRECTION ( 'NONE',  ( 1.734723475976807094E-15, 1.000000000000000000, 0.000000000000000000 ) ) ;
#1332 =( LENGTH_UNIT ( ) NAMED_UNIT ( * ) SI_UNIT ( .MILLI., .METRE. ) );
#1333 = ORIENTED_EDGE ( 'NONE', *, *, #1963, .T. ) ;
#1334 = PLANE ( 'NONE',  #1083 ) ;
#1335 = ORIENTED_EDGE ( 'NONE', *, *, #819, .T. ) ;
#1336 = LINE ( 'NONE', #893, #3339 ) ;
#1337 = ORIENTED_EDGE ( 'NONE', *, *, #4228, .F. ) ;
#1338 = LINE ( 'NONE', #1975, #1168 ) ;
#1339 = LINE ( 'NONE', #1285, #1995 ) ;
#1340 = ORIENTED_EDGE ( 'NONE', *, *, #1002, .T. ) ;
#1342 = FACE_OUTER_BOUND ( 'NONE', #1576, .T. ) ;
#1341 = DIRECTION ( 'NONE',  ( 0.000000000000000000, 0.000000000000000000, 1.000000000000000000 ) ) ;
#1343 = VERTEX_POINT ( 'NONE', #2301 ) ;
#1344 = CARTESIAN_POINT ( 'NONE',  ( 2.486617068576337353, 5.304599999999999760, 2.587350096575852909 ) ) ;
#1345 = CYLINDRICAL_SURFACE ( 'NONE', #865, 3.999999999999998224 ) ;
#1346 = LINE ( 'NONE', #3513, #2054 ) ;
#1347 = EDGE_CURVE ( 'NONE', #1801, #2522, #3035, .T. ) ;
#1348 = ADVANCED_FACE ( 'NONE', ( #192 ), #880, .T. ) ;
#1349 = CARTESIAN_POINT ( 'NONE',  ( 4.124659999999999549, -2.660000000000001030, -2.290000000000000036 ) ) ;
#1350 = CARTESIAN_POINT ( 'NONE',  ( 2.486617068576337353, 5.304599999999999760, 2.587350096575852909 ) ) ;
#1351 = LINE ( 'NONE', #2421, #2148 ) ;
#1352 = CARTESIAN_POINT ( 'NONE',  ( -2.793999999999999595, 5.304599999999999760, -2.467450000000002142 ) ) ;
#1353 = CARTESIAN_POINT ( 'NONE',  ( -3.174999999999999378, 3.679999999999874483, 4.157499999999998863 ) ) ;
#1354 = DIRECTION ( 'NONE',  ( -4.359331904783423988E-15, 0.000000000000000000, -1.000000000000000000 ) ) ;
#1355 = ADVANCED_FACE ( 'NONE', ( #2323 ), #2690, .T. ) ;
#1356 = ORIENTED_EDGE ( 'NONE', *, *, #2263, .T. ) ;
#1357 = LINE ( 'NONE', #2556, #3576 ) ;
#1358 = ORIENTED_EDGE ( 'NONE', *, *, #3825, .F. ) ;
#1359 = VERTEX_POINT ( 'NONE', #837 ) ;
#1360 = PLANE ( 'NONE',  #111 ) ;
#1361 = LINE ( 'NONE', #2388, #3348 ) ;
#1362 = VERTEX_POINT ( 'NONE', #2339 ) ;
#1364 = FACE_OUTER_BOUND ( 'NONE', #90, .T. ) ;
#1363 = CARTESIAN_POINT ( 'NONE',  ( -3.034788068704564079, 6.891381201483501862, -0.9031822976444727757 ) ) ;
#1365 = ORIENTED_EDGE ( 'NONE', *, *, #261, .T. ) ;
#1366 = VERTEX_POINT ( 'NONE', #1602 ) ;
#1367 = CARTESIAN_POINT ( 'NONE',  ( -3.341664254235964471, 3.680000000000123173, 3.057499999999999662 ) ) ;
#1368 = CARTESIAN_POINT ( 'NONE',  ( -3.850339999999999652, -2.660000000000001030, -2.810000000000000053 ) ) ;
#1369 = FACE_OUTER_BOUND ( 'NONE', #232, .T. ) ;
#1370 = CIRCLE ( 'NONE', #4305, 0.1905000000000010019 ) ;
#1371 = CYLINDRICAL_SURFACE ( 'NONE', #174, 0.3556000000000001937 ) ;
#1372 = VECTOR ( 'NONE', #3836, 1000.000000000000227 ) ;
#1373 = EDGE_CURVE ( 'NONE', #2681, #125, #2277, .T. ) ;
#1374 = CARTESIAN_POINT ( 'NONE',  ( 3.850340000000000096, 0.6800006613150175738, 2.042499999999999538 ) ) ;
#1375 = CARTESIAN_POINT ( 'NONE',  ( -2.330449999999999022, 5.330000000000000071, -2.169000000000004036 ) ) ;
#1376 = DIRECTION ( 'NONE',  ( 0.9873835085259612399, -0.1583471095124980021, 0.000000000000000000 ) ) ;
#1377 = VECTOR ( 'NONE', #2970, 1000.000000000000114 ) ;
#1378 = ORIENTED_EDGE ( 'NONE', *, *, #4440, .F. ) ;
#1379 = AXIS2_PLACEMENT_3D ( 'NONE', #3681, #165, #1585 ) ;
#1380 = EDGE_CURVE ( 'NONE', #2492, #3438, #3697, .T. ) ;
#1381 = EDGE_CURVE ( 'NONE', #2244, #2086, #483, .T. ) ;
#1382 = CARTESIAN_POINT ( 'NONE',  ( -3.341664254235964471, 3.205680000000123098, 2.810000000000000053 ) ) ;
#1383 = CIRCLE ( 'NONE', #1004, 0.2000000000000035638 ) ;
#1384 = EDGE_LOOP ( 'NONE', ( #1155, #1094, #4203, #4403 ) ) ;
#1385 = VECTOR ( 'NONE', #789, 1000.000000000000000 ) ;
#1386 = ORIENTED_EDGE ( 'NONE', *, *, #1041, .F. ) ;
#1387 = VECTOR ( 'NONE', #2161, 1000.000000000000000 ) ;
#1388 = AXIS2_PLACEMENT_3D ( 'NONE', #1651, #293, #3105 ) ;
#1389 = COLOUR_RGB ( '',0.7921568627450980005, 0.8196078431372548767, 0.9333333333333333481 ) ;
#1390 = EDGE_CURVE ( 'NONE', #2223, #4579, #1977, .T. ) ;
#1391 =( NAMED_UNIT ( * ) SI_UNIT ( $, .STERADIAN. ) SOLID_ANGLE_UNIT ( ) );
#1392 = ORIENTED_EDGE ( 'NONE', *, *, #67, .T. ) ;
#1394 = CARTESIAN_POINT ( 'NONE',  ( 7.699083143682630578E-15, 5.330000000000000071, 2.930999999999992944 ) ) ;
#1393 = LINE ( 'NONE', #684, #3949 ) ;
#1395 = ORIENTED_EDGE ( 'NONE', *, *, #4114, .T. ) ;
#1396 = VECTOR ( 'NONE', #4511, 1000.000000000000000 ) ;
#1397 = CIRCLE ( 'NONE', #1928, 0.3556000000000001937 ) ;
#1398 = ORIENTED_EDGE ( 'NONE', *, *, #2322, .F. ) ;
#1399 = DIRECTION ( 'NONE',  ( 1.000000000000000000, -9.331360556159751558E-18, 0.000000000000000000 ) ) ;
#1400 = ORIENTED_EDGE ( 'NONE', *, *, #4087, .T. ) ;
#1401 = VECTOR ( 'NONE', #2987, 1000.000000000000000 ) ;
#1402 = CARTESIAN_POINT ( 'NONE',  ( 0.000000000000000000, 5.330000000000000071, -4.085459444200955303 ) ) ;
#1403 = DIRECTION ( 'NONE',  ( -0.000000000000000000, -0.000000000000000000, -1.000000000000000000 ) ) ;
#1404 = SURFACE_STYLE_FILL_AREA ( #301 ) ;
#1405 = DIRECTION ( 'NONE',  ( -0.000000000000000000, -1.000000000000000000, 0.000000000000000000 ) ) ;
#1406 = LINE ( 'NONE', #4277, #248 ) ;
#1407 = CARTESIAN_POINT ( 'NONE',  ( 4.124659999999999549, -2.660000000000001030, 2.810000000000000053 ) ) ;
#1408 = FACE_OUTER_BOUND ( 'NONE', #221, .T. ) ;
#1409 = VERTEX_POINT ( 'NONE', #3059 ) ;
#1410 = DIRECTION ( 'NONE',  ( 0.000000000000000000, 0.000000000000000000, 1.000000000000000000 ) ) ;
#1411 = VERTEX_POINT ( 'NONE', #4495 ) ;
#1412 = DIRECTION ( 'NONE',  ( -0.000000000000000000, -0.000000000000000000, 1.000000000000000000 ) ) ;
#1413 = EDGE_CURVE ( 'NONE', #2884, #2658, #1267, .T. ) ;
#1414 = ORIENTED_EDGE ( 'NONE', *, *, #2586, .F. ) ;
#1415 = EDGE_CURVE ( 'NONE', #447, #2988, #2073, .T. ) ;
#1416 = CYLINDRICAL_SURFACE ( 'NONE', #3868, 3.999999999999998224 ) ;
#1417 = VERTEX_POINT ( 'NONE', #856 ) ;
#1419 = DIRECTION ( 'NONE',  ( -0.000000000000000000, -0.000000000000000000, -1.000000000000000000 ) ) ;
#1418 = PLANE ( 'NONE',  #2818 ) ;
#1420 = ORIENTED_EDGE ( 'NONE', *, *, #786, .F. ) ;
#1421 = ORIENTED_EDGE ( 'NONE', *, *, #2208, .T. ) ;
#1422 = EDGE_CURVE ( 'NONE', #2492, #639, #2258, .T. ) ;
#1423 = CARTESIAN_POINT ( 'NONE',  ( 3.850339999999999208, 2.559778827765737034E-18, -2.809999999999999165 ) ) ;
#1424 = VERTEX_POINT ( 'NONE', #3011 ) ;
#1425 = FACE_OUTER_BOUND ( 'NONE', #4136, .T. ) ;
#1426 = FACE_OUTER_BOUND ( 'NONE', #1742, .T. ) ;
#1427 = PLANE ( 'NONE',  #4332 ) ;
#1428 = ORIENTED_EDGE ( 'NONE', *, *, #662, .T. ) ;
#1429 = LINE ( 'NONE', #2063, #402 ) ;
#1430 = CARTESIAN_POINT ( 'NONE',  ( 3.175000000000000266, 3.680000000000123173, -3.057499999999999662 ) ) ;
#1431 =( LENGTH_UNIT ( ) NAMED_UNIT ( * ) SI_UNIT ( .MILLI., .METRE. ) );
#1432 = CARTESIAN_POINT ( 'NONE',  ( 3.341664254235964471, 3.205680000000123098, 3.057499999999999662 ) ) ;
#1433 = FACE_OUTER_BOUND ( 'NONE', #1226, .T. ) ;
#1434 = ORIENTED_EDGE ( 'NONE', *, *, #3318, .F. ) ;
#1435 = PLANE ( 'NONE',  #3852 ) ;
#1436 = VERTEX_POINT ( 'NONE', #145 ) ;
#1437 = ADVANCED_FACE ( 'NONE', ( #1206 ), #463, .F. ) ;
#1438 = ORIENTED_EDGE ( 'NONE', *, *, #2726, .T. ) ;
#1439 = EDGE_CURVE ( 'NONE', #2522, #3981, #4101, .T. ) ;
#1441 = SURFACE_SIDE_STYLE ('',( #2562 ) ) ;
#1440 = CYLINDRICAL_SURFACE ( 'NONE', #2068, 0.3556000000000001937 ) ;
#1442 = ORIENTED_EDGE ( 'NONE', *, *, #4263, .F. ) ;
#1443 = EDGE_LOOP ( 'NONE', ( #2559, #2001, #2361, #2550 ) ) ;
#1444 = CARTESIAN_POINT ( 'NONE',  ( -2.495549999999981505, 5.304599999999999760, 2.930999999999999606 ) ) ;
#1445 = ORIENTED_EDGE ( 'NONE', *, *, #2262, .F. ) ;
#1446 = CARTESIAN_POINT ( 'NONE',  ( 2.411212862050859496, 5.304599999999999760, 2.930999999999982286 ) ) ;
#1447 = ADVANCED_FACE ( 'NONE', ( #1543 ), #1190, .F. ) ;
#1448 = DIRECTION ( 'NONE',  ( 1.000000000000000000, 0.000000000000000000, 0.000000000000000000 ) ) ;
#1449 = CARTESIAN_POINT ( 'NONE',  ( 2.656502611444808259, 5.304599999999999760, 2.673542627135553129 ) ) ;
#1450 = ORIENTED_EDGE ( 'NONE', *, *, #2296, .T. ) ;
#1451 = EDGE_CURVE ( 'NONE', #976, #2410, #3723, .T. ) ;
#1452 = FACE_OUTER_BOUND ( 'NONE', #4306, .T. ) ;
#1453 = DIRECTION ( 'NONE',  ( 0.000000000000000000, 1.000000000000000000, 0.000000000000000000 ) ) ;
#1454 = AXIS2_PLACEMENT_3D ( 'NONE', #2887, #4393, #2985 ) ;
#1455 = CARTESIAN_POINT ( 'NONE',  ( 3.850339999999999652, -2.660000000000001030, -2.290000000000000036 ) ) ;
#1456 = CIRCLE ( 'NONE', #1077, 0.1905000000000001414 ) ;
#1457 = DIRECTION ( 'NONE',  ( 3.191513274841260727E-18, 0.3420201433256698786, -0.9396926207859079838 ) ) ;
#1458 = ORIENTED_EDGE ( 'NONE', *, *, #2284, .F. ) ;
#1459 = PLANE ( 'NONE',  #3330 ) ;
#1460 = VECTOR ( 'NONE', #4239, 1000.000000000000000 ) ;
#1461 = ORIENTED_EDGE ( 'NONE', *, *, #3738, .F. ) ;
#1462 = VECTOR ( 'NONE', #559, 1000.000000000000000 ) ;
#1463 = VECTOR ( 'NONE', #2257, 1000.000000000000000 ) ;
#1464 = VERTEX_POINT ( 'NONE', #1582 ) ;
#1466 = DIRECTION ( 'NONE',  ( -1.000000000000000000, 0.000000000000000000, 0.000000000000000000 ) ) ;
#1465 = DIRECTION ( 'NONE',  ( -0.000000000000000000, -0.000000000000000000, -1.000000000000000000 ) ) ;
#1467 = ORIENTED_EDGE ( 'NONE', *, *, #522, .T. ) ;
#1468 = VECTOR ( 'NONE', #2043, 1000.000000000000000 ) ;
#1469 = ORIENTED_EDGE ( 'NONE', *, *, #4573, .F. ) ;
#1470 = VECTOR ( 'NONE', #238, 1000.000000000000114 ) ;
#1471 = DIRECTION ( 'NONE',  ( -0.000000000000000000, -0.000000000000000000, 1.000000000000000000 ) ) ;
#1472 = AXIS2_PLACEMENT_3D ( 'NONE', #997, #1684, #3445 ) ;
#1473 = DIRECTION ( 'NONE',  ( 0.000000000000000000, 1.000000000000000000, 0.000000000000000000 ) ) ;
#1474 = CARTESIAN_POINT ( 'NONE',  ( -3.174999999999999378, 5.330000000000000071, -3.607573868596874345 ) ) ;
#1475 = VECTOR ( 'NONE', #3369, 1000.000000000000000 ) ;
#1476 = COLOUR_RGB ( '',0.2509803921568627416, 0.2509803921568627416, 0.2509803921568627416 ) ;
#1477 = PLANE ( 'NONE',  #806 ) ;
#1478 = EDGE_CURVE ( 'NONE', #77, #4185, #1224, .T. ) ;
#1479 = ADVANCED_FACE ( 'NONE', ( #2048 ), #3476, .F. ) ;
#1480 = AXIS2_PLACEMENT_3D ( 'NONE', #3160, #3539, #2422 ) ;
#1481 = EDGE_LOOP ( 'NONE', ( #2800, #2052, #2871, #2010 ) ) ;
#1482 = LINE ( 'NONE', #4351, #4386 ) ;
#1483 = CARTESIAN_POINT ( 'NONE',  ( -3.341664254235964471, 0.000000000000000000, 2.810000000000000053 ) ) ;
#1484 = DIRECTION ( 'NONE',  ( -2.906221269855598900E-15, 0.000000000000000000, -1.000000000000000000 ) ) ;
#1485 = EDGE_CURVE ( 'NONE', #2213, #3207, #588, .T. ) ;
#1486 = DIRECTION ( 'NONE',  ( -0.000000000000000000, 1.000000000000000000, -0.000000000000000000 ) ) ;
#1487 = ORIENTED_EDGE ( 'NONE', *, *, #2375, .F. ) ;
#1488 = ORIENTED_EDGE ( 'NONE', *, *, #2689, .T. ) ;
#1489 = DIRECTION ( 'NONE',  ( -1.113460962759211437E-16, 0.9396926207859079838, -0.3420201433256698231 ) ) ;
#1490 = ORIENTED_EDGE ( 'NONE', *, *, #2974, .F. ) ;
#1492 = SURFACE_STYLE_FILL_AREA ( #4033 ) ;
#1491 = DIRECTION ( 'NONE',  ( -0.000000000000000000, -0.000000000000000000, 1.000000000000000000 ) ) ;
#1493 = EDGE_LOOP ( 'NONE', ( #3298, #2894, #853, #3906 ) ) ;
#1494 = ORIENTED_EDGE ( 'NONE', *, *, #417, .F. ) ;
#1495 = LINE ( 'NONE', #3588, #1847 ) ;
#1496 = DIRECTION ( 'NONE',  ( 0.000000000000000000, 0.000000000000000000, -1.000000000000000000 ) ) ;
#1497 = DIRECTION ( 'NONE',  ( -0.000000000000000000, 1.000000000000000000, -0.000000000000000000 ) ) ;
#1498 = SURFACE_STYLE_USAGE ( .BOTH. , #797 ) ;
#1499 = VERTEX_POINT ( 'NONE', #3805 ) ;
#1500 = ORIENTED_EDGE ( 'NONE', *, *, #2910, .F. ) ;
#1501 = CARTESIAN_POINT ( 'NONE',  ( 3.163022930141338396, 3.405680000000123275, -2.290000000000000036 ) ) ;
#1502 = LINE ( 'NONE', #2265, #4464 ) ;
#1503 = ADVANCED_FACE ( 'NONE', ( #4187 ), #4209, .T. ) ;
#1504 = EDGE_CURVE ( 'NONE', #3054, #3166, #3171, .T. ) ;
#1505 = DIRECTION ( 'NONE',  ( 0.000000000000000000, 0.000000000000000000, -1.000000000000000000 ) ) ;
#1506 = VERTEX_POINT ( 'NONE', #257 ) ;
#1507 = EDGE_CURVE ( 'NONE', #524, #4142, #1241, .T. ) ;
#1508 = VERTEX_POINT ( 'NONE', #2727 ) ;
#1509 = VERTEX_POINT ( 'NONE', #2465 ) ;
#1511 = PRESENTATION_STYLE_ASSIGNMENT (( #437 ) ) ;
#1510 = FACE_OUTER_BOUND ( 'NONE', #1876, .T. ) ;
#1512 = EDGE_CURVE ( 'NONE', #1277, #1788, #1339, .T. ) ;
#1513 = ORIENTED_EDGE ( 'NONE', *, *, #499, .T. ) ;
#1514 = EDGE_LOOP ( 'NONE', ( #2939, #29, #433, #4647 ) ) ;
#1515 = CARTESIAN_POINT ( 'NONE',  ( -2.031999999999993367, 5.330000000000000071, 5.337610695313234818E-15 ) ) ;
#1516 = CARTESIAN_POINT ( 'NONE',  ( -2.793999999999999595, 5.304599999999999760, 0.000000000000000000 ) ) ;
#1517 = CARTESIAN_POINT ( 'NONE',  ( 0.1806988503407945812, 5.304599999999999760, 0.1721588907038519300 ) ) ;
#1518 = CARTESIAN_POINT ( 'NONE',  ( 0.1246599999999993963, 1.000000000000000000, 3.057499999999999662 ) ) ;
#1519 = VERTEX_POINT ( 'NONE', #2775 ) ;
#1520 = ORIENTED_EDGE ( 'NONE', *, *, #633, .T. ) ;
#1521 = LINE ( 'NONE', #2933, #4146 ) ;
#1522 = LINE ( 'NONE', #398, #2665 ) ;
#1523 = VECTOR ( 'NONE', #3002, 1000.000000000000000 ) ;
#1524 = CARTESIAN_POINT ( 'NONE',  ( 3.539140955941160183, 3.237349421902622648, 2.042499999999999538 ) ) ;
#1525 = VERTEX_POINT ( 'NONE', #2104 ) ;
#1526 = VECTOR ( 'NONE', #3559, 1000.000000000000000 ) ;
#1527 = ORIENTED_EDGE ( 'NONE', *, *, #3961, .T. ) ;
#1528 = EDGE_CURVE ( 'NONE', #4060, #76, #2434, .T. ) ;
#1529 = EDGE_CURVE ( 'NONE', #1366, #3600, #3854, .T. ) ;
#1530 = VECTOR ( 'NONE', #1412, 1000.000000000000000 ) ;
#1531 =( GEOMETRIC_REPRESENTATION_CONTEXT ( 3 ) GLOBAL_UNCERTAINTY_ASSIGNED_CONTEXT ( ( #4074 ) ) GLOBAL_UNIT_ASSIGNED_CONTEXT ( ( #1332, #2768, #4448 ) ) REPRESENTATION_CONTEXT ( 'NONE', 'WORKASPACE' ) );
#1532 = FACE_OUTER_BOUND ( 'NONE', #473, .T. ) ;
#1533 = EDGE_LOOP ( 'NONE', ( #3680, #258, #3232, #1575, #3501, #39, #2564, #4242, #2904, #1333, #3522, #3829 ) ) ;
#1535 = SURFACE_STYLE_USAGE ( .BOTH. , #1441 ) ;
#1534 = PLANE ( 'NONE',  #345 ) ;
#1536 = EDGE_LOOP ( 'NONE', ( #512, #3336, #3120, #20, #138, #485, #3067, #2826, #812, #4005, #1579, #1565 ) ) ;
#1537 = ORIENTED_EDGE ( 'NONE', *, *, #4114, .F. ) ;
#1538 = UNCERTAINTY_MEASURE_WITH_UNIT (LENGTH_MEASURE( 1.000000000000000082E-05 ), #4502, 'distance_accuracy_value', 'NONE');
#1539 = CARTESIAN_POINT ( 'NONE',  ( -3.803334990045005082, 1.589950658968517949, -2.042499999999999538 ) ) ;
#1540 = AXIS2_PLACEMENT_3D ( 'NONE', #3995, #775, #3401 ) ;
#1541 = EDGE_CURVE ( 'NONE', #2223, #3347, #210, .T. ) ;
#1542 = VECTOR ( 'NONE', #3373, 1000.000000000000000 ) ;
#1543 = FACE_OUTER_BOUND ( 'NONE', #1384, .T. ) ;
#1544 = DIRECTION ( 'NONE',  ( 1.000000000000000000, 0.000000000000000000, 0.000000000000000000 ) ) ;
#1545 = AXIS2_PLACEMENT_3D ( 'NONE', #2478, #971, #1074 ) ;
#1546 = EDGE_LOOP ( 'NONE', ( #4657, #728, #4155, #3208 ) ) ;
#1547 = VECTOR ( 'NONE', #2190, 1000.000000000000114 ) ;
#1548 = CARTESIAN_POINT ( 'NONE',  ( -4.074194034103842732, 1.633388438049987679, -2.042499999999999538 ) ) ;
#1549 = AXIS2_PLACEMENT_3D ( 'NONE', #2642, #2661, #813 ) ;
#1550 = PRESENTATION_LAYER_ASSIGNMENT (  '', '', ( #189 ) ) ;
#1551 = PRESENTATION_LAYER_ASSIGNMENT (  '', '', ( #1991 ) ) ;
#1552 = PLANE ( 'NONE',  #4226 ) ;
#1553 = LINE ( 'NONE', #2525, #3408 ) ;
#1554 = VECTOR ( 'NONE', #1717, 1000.000000000000114 ) ;
#1555 = FACE_OUTER_BOUND ( 'NONE', #3964, .T. ) ;
#1556 = VECTOR ( 'NONE', #1931, 1000.000000000000000 ) ;
#1557 = ORIENTED_EDGE ( 'NONE', *, *, #3714, .F. ) ;
#1558 = VERTEX_POINT ( 'NONE', #567 ) ;
#1559 = VERTEX_POINT ( 'NONE', #1646 ) ;
#1561 = FACE_OUTER_BOUND ( 'NONE', #2607, .T. ) ;
#1560 = DIRECTION ( 'NONE',  ( -3.414809992080329122E-15, 0.000000000000000000, -1.000000000000000000 ) ) ;
#1562 = ADVANCED_FACE ( 'NONE', ( #638 ), #4163, .T. ) ;
#1563 = EDGE_CURVE ( 'NONE', #2021, #1592, #3146, .T. ) ;
#1564 = ORIENTED_EDGE ( 'NONE', *, *, #1380, .F. ) ;
#1565 = ORIENTED_EDGE ( 'NONE', *, *, #1478, .F. ) ;
#1566 = DIRECTION ( 'NONE',  ( 0.000000000000000000, 1.000000000000000000, -0.000000000000000000 ) ) ;
#1567 = DIRECTION ( 'NONE',  ( 1.000000000000000000, -0.000000000000000000, 0.000000000000000000 ) ) ;
#1568 = PLANE ( 'NONE',  #24 ) ;
#1569 = EDGE_CURVE ( 'NONE', #3245, #3347, #2241, .T. ) ;
#1570 = ORIENTED_EDGE ( 'NONE', *, *, #786, .T. ) ;
#1571 = DIRECTION ( 'NONE',  ( 0.000000000000000000, 0.000000000000000000, 1.000000000000000000 ) ) ;
#1572 = CARTESIAN_POINT ( 'NONE',  ( -2.032000000000000028, 5.304599999999999760, -2.467450000000004806 ) ) ;
#1573 = LINE ( 'NONE', #3003, #195 ) ;
#1574 = CARTESIAN_POINT ( 'NONE',  ( -3.115317333376891540, 5.046957803640805373, -4.097817333376893245 ) ) ;
#1575 = ORIENTED_EDGE ( 'NONE', *, *, #1281, .F. ) ;
#1576 = EDGE_LOOP ( 'NONE', ( #2576, #1812, #3140, #3882 ) ) ;
#1578 = DIRECTION ( 'NONE',  ( 0.000000000000000000, 0.000000000000000000, 1.000000000000000000 ) ) ;
#1577 = LINE ( 'NONE', #2318, #40 ) ;
#1579 = ORIENTED_EDGE ( 'NONE', *, *, #4483, .T. ) ;
#1580 = CARTESIAN_POINT ( 'NONE',  ( 4.124660000000000437, 1.000000000000000444, 2.290000000000000036 ) ) ;
#1581 = ADVANCED_FACE ( 'NONE', ( #1748 ), #4586, .F. ) ;
#1582 = CARTESIAN_POINT ( 'NONE',  ( -4.074194034103842732, 1.633388438049987679, -3.057499999999999662 ) ) ;
#1583 = DIRECTION ( 'NONE',  ( -8.673617379884031528E-16, -1.000000000000000000, -0.000000000000000000 ) ) ;
#1584 = ORIENTED_EDGE ( 'NONE', *, *, #1736, .F. ) ;
#1585 = DIRECTION ( 'NONE',  ( 1.000000000000000000, 0.000000000000000000, 0.000000000000000000 ) ) ;
#1586 = EDGE_CURVE ( 'NONE', #3005, #3926, #1361, .T. ) ;
#1587 = EDGE_CURVE ( 'NONE', #1079, #1359, #3828, .T. ) ;
#1588 = VERTEX_POINT ( 'NONE', #4236 ) ;
#1589 = LINE ( 'NONE', #2309, #3087 ) ;
#1590 = ADVANCED_FACE ( 'NONE', ( #914 ), #51, .T. ) ;
#1591 = DIRECTION ( 'NONE',  ( 0.6897911962709534217, 0.000000000000000000, -0.7240083601361844146 ) ) ;
#1592 = VERTEX_POINT ( 'NONE', #2900 ) ;
#1593 = ORIENTED_EDGE ( 'NONE', *, *, #4261, .F. ) ;
#1594 = DIRECTION ( 'NONE',  ( 1.000000000000000000, 0.000000000000000000, 0.000000000000000000 ) ) ;
#1595 = ORIENTED_EDGE ( 'NONE', *, *, #2336, .T. ) ;
#1597 = DIRECTION ( 'NONE',  ( 1.113460962759211437E-16, 0.9396926207859079838, 0.3420201433256698231 ) ) ;
#1596 = DIRECTION ( 'NONE',  ( -8.673617379884031528E-16, -1.000000000000000000, -0.000000000000000000 ) ) ;
#1598 = VECTOR ( 'NONE', #2551, 1000.000000000000000 ) ;
#1599 = ORIENTED_EDGE ( 'NONE', *, *, #2682, .F. ) ;
#1600 = LINE ( 'NONE', #4102, #1463 ) ;
#1601 = AXIS2_PLACEMENT_3D ( 'NONE', #965, #1419, #2412 ) ;
#1602 = CARTESIAN_POINT ( 'NONE',  ( 2.411212862050842176, 5.330000000000000071, -2.169000000000020911 ) ) ;
#1603 = DIRECTION ( 'NONE',  ( 1.219574997171545439E-15, 0.000000000000000000, 1.000000000000000000 ) ) ;
#1604 = ORIENTED_EDGE ( 'NONE', *, *, #1066, .T. ) ;
#1605 = AXIS2_PLACEMENT_3D ( 'NONE', #4492, #1263, #2701 ) ;
#1606 = STYLED_ITEM ( 'NONE', ( #2254 ), #3303 ) ;
#1607 = LINE ( 'NONE', #3700, #4019 ) ;
#1608 = CIRCLE ( 'NONE', #2368, 0.2000000000000035638 ) ;
#1609 = LINE ( 'NONE', #4482, #699 ) ;
#1610 = CIRCLE ( 'NONE', #2225, 0.1905000000000010019 ) ;
#1611 = ADVANCED_FACE ( 'NONE', ( #2507 ), #1416, .T. ) ;
#1612 = EDGE_CURVE ( 'NONE', #1852, #1783, #2202, .T. ) ;
#1613 = AXIS2_PLACEMENT_3D ( 'NONE', #3316, #2581, #850 ) ;
#1614 = VECTOR ( 'NONE', #1879, 1000.000000000000000 ) ;
#1615 = MECHANICAL_DESIGN_GEOMETRIC_PRESENTATION_REPRESENTATION (  '', ( #1308 ), #3415 ) ;
#1616 = DIRECTION ( 'NONE',  ( 0.6897911962709534217, 0.000000000000000000, -0.7240083601361844146 ) ) ;
#1617 = CARTESIAN_POINT ( 'NONE',  ( 5.697479132940173536E-15, 5.330000000000000071, 2.168999999999992934 ) ) ;
#1618 = STYLED_ITEM ( 'NONE', ( #954 ), #1674 ) ;
#1619 = EDGE_CURVE ( 'NONE', #4096, #3940, #3652, .T. ) ;
#1620 = ORIENTED_EDGE ( 'NONE', *, *, #202, .T. ) ;
#1621 = CIRCLE ( 'NONE', #4256, 0.3556000000000001937 ) ;
#1622 = DIRECTION ( 'NONE',  ( -1.000000000000000000, 0.000000000000000000, 0.000000000000000000 ) ) ;
#1623 = ORIENTED_EDGE ( 'NONE', *, *, #2790, .F. ) ;
#1624 = DIRECTION ( 'NONE',  ( -0.000000000000000000, -0.000000000000000000, 1.000000000000000000 ) ) ;
#1625 = ORIENTED_EDGE ( 'NONE', *, *, #71, .F. ) ;
#1626 = DIRECTION ( 'NONE',  ( -0.000000000000000000, 1.000000000000000000, -0.000000000000000000 ) ) ;
#1627 = DIRECTION ( 'NONE',  ( 0.6897911962709469824, 0.000000000000000000, -0.7240083601361906318 ) ) ;
#1629 = LINE ( 'NONE', #3698, #3091 ) ;
#1628 = DIRECTION ( 'NONE',  ( -0.9873835085259609068, -0.1583471095125001116, 0.000000000000000000 ) ) ;
#1630 = ORIENTED_EDGE ( 'NONE', *, *, #759, .F. ) ;
#1631 = DIRECTION ( 'NONE',  ( -0.1583471095125006389, 0.9873835085259607958, 0.000000000000000000 ) ) ;
#1632 = CARTESIAN_POINT ( 'NONE',  ( -2.330449999999999910, 5.304599999999999760, -2.467450000000003918 ) ) ;
#1633 = ADVANCED_FACE ( 'NONE', ( #1848 ), #434, .T. ) ;
#1634 = DIRECTION ( 'NONE',  ( -0.000000000000000000, -0.000000000000000000, -1.000000000000000000 ) ) ;
#1635 = LINE ( 'NONE', #4486, #2618 ) ;
#1636 = LINE ( 'NONE', #2716, #43 ) ;
#1637 = ORIENTED_EDGE ( 'NONE', *, *, #552, .T. ) ;
#1638 = EDGE_CURVE ( 'NONE', #3616, #2884, #3905, .T. ) ;
#1639 = DIRECTION ( 'NONE',  ( -1.184920407087982840E-16, -1.000000000000000000, 0.000000000000000000 ) ) ;
#1640 = VERTEX_POINT ( 'NONE', #4359 ) ;
#1641 = CARTESIAN_POINT ( 'NONE',  ( 3.341664254235964471, 3.680000000000123173, 2.042499999999999538 ) ) ;
#1642 = MANIFOLD_SOLID_BREP ( 'Pin 1', #3866 ) ;
#1643 = ORIENTED_EDGE ( 'NONE', *, *, #3569, .F. ) ;
#1644 = FACE_OUTER_BOUND ( 'NONE', #3858, .T. ) ;
#1645 = EDGE_CURVE ( 'NONE', #1063, #4205, #429, .T. ) ;
#1646 = CARTESIAN_POINT ( 'NONE',  ( -4.124659999999999549, -2.660000000000001030, 2.290000000000000036 ) ) ;
#1648 = CARTESIAN_POINT ( 'NONE',  ( 3.850339999999999652, -2.660000000000001030, -2.810000000000000053 ) ) ;
#1647 = CARTESIAN_POINT ( 'NONE',  ( 0.000000000000000000, 2.029999999999999805, 0.000000000000000000 ) ) ;
#1649 = ORIENTED_EDGE ( 'NONE', *, *, #1528, .T. ) ;
#1650 = DIRECTION ( 'NONE',  ( -0.000000000000000000, 1.000000000000000000, -0.000000000000000000 ) ) ;
#1651 = CARTESIAN_POINT ( 'NONE',  ( 2.727713273868203725, 5.304599999999999760, 2.598799552413672664 ) ) ;
#1652 = DIRECTION ( 'NONE',  ( -3.414809992080328333E-15, 0.000000000000000000, -1.000000000000000000 ) ) ;
#1653 = MANIFOLD_SOLID_BREP ( 'Pin 4', #2236 ) ;
#1654 = CARTESIAN_POINT ( 'NONE',  ( -3.539140955941160183, 3.237349421902622648, -2.042499999999999538 ) ) ;
#1655 = CARTESIAN_POINT ( 'NONE',  ( 3.175000000000000266, 3.680000000000123173, -3.057499999999999662 ) ) ;
#1656 = DIRECTION ( 'NONE',  ( 0.000000000000000000, 0.000000000000000000, 1.000000000000000000 ) ) ;
#1657 = ORIENTED_EDGE ( 'NONE', *, *, #391, .F. ) ;
#1658 = CARTESIAN_POINT ( 'NONE',  ( -2.495550000000001933, 5.304599999999999760, -2.931000000000003158 ) ) ;
#1659 = EDGE_LOOP ( 'NONE', ( #2989, #1279, #4584, #1490, #4369, #120 ) ) ;
#1660 = LINE ( 'NONE', #206, #4084 ) ;
#1661 = EDGE_CURVE ( 'NONE', #3550, #277, #4264, .T. ) ;
#1662 = ORIENTED_EDGE ( 'NONE', *, *, #1002, .F. ) ;
#1663 = EDGE_CURVE ( 'NONE', #766, #1046, #2347, .T. ) ;
#1664 = PLANE ( 'NONE',  #1163 ) ;
#1665 = AXIS2_PLACEMENT_3D ( 'NONE', #1711, #3566, #298 ) ;
#1666 = DIRECTION ( 'NONE',  ( 1.000000000000000000, 0.000000000000000000, 0.000000000000000000 ) ) ;
#1667 = ORIENTED_EDGE ( 'NONE', *, *, #827, .F. ) ;
#1669 = CARTESIAN_POINT ( 'NONE',  ( -3.341664254235964471, 3.405680000000123275, -2.290000000000000036 ) ) ;
#1668 = DIRECTION ( 'NONE',  ( -3.191513274841260727E-18, -0.3420201433256698786, 0.9396926207859079838 ) ) ;
#1670 = ORIENTED_EDGE ( 'NONE', *, *, #1422, .F. ) ;
#1671 = ADVANCED_FACE ( 'NONE', ( #4406 ), #2015, .F. ) ;
#1672 = PLANE ( 'NONE',  #2962 ) ;
#1673 = CIRCLE ( 'NONE', #621, 0.4743200000000002969 ) ;
#1674 = MANIFOLD_SOLID_BREP ( 'Pin 3', #2897 ) ;
#1675 = CARTESIAN_POINT ( 'NONE',  ( -3.809999999999999165, 3.280787200984090823, -2.042499999999999538 ) ) ;
#1676 = CARTESIAN_POINT ( 'NONE',  ( -7.170955672305229121E-15, 5.304599999999999760, -2.467450000000010579 ) ) ;
#1677 = STYLED_ITEM ( 'NONE', ( #2101 ), #262 ) ;
#1678 = COLOUR_RGB ( '',1.000000000000000000, 1.000000000000000000, 1.000000000000000000 ) ;
#1679 = VECTOR ( 'NONE', #2144, 1000.000000000000000 ) ;
#1680 = VECTOR ( 'NONE', #2513, 1000.000000000000000 ) ;
#1681 = LINE ( 'NONE', #953, #354 ) ;
#1682 = CARTESIAN_POINT ( 'NONE',  ( -4.124659999999997773, 1.000000000000000444, -2.290000000000000036 ) ) ;
#1683 =( NAMED_UNIT ( * ) SI_UNIT ( $, .STERADIAN. ) SOLID_ANGLE_UNIT ( ) );
#1684 = DIRECTION ( 'NONE',  ( 2.906221269855598900E-15, 0.000000000000000000, 1.000000000000000000 ) ) ;
#1685 = DIRECTION ( 'NONE',  ( 0.000000000000000000, 1.000000000000000000, 0.000000000000000000 ) ) ;
#1686 = VECTOR ( 'NONE', #94, 1000.000000000000114 ) ;
#1687 = AXIS2_PLACEMENT_3D ( 'NONE', #4122, #899, #1627 ) ;
#1688 = ORIENTED_EDGE ( 'NONE', *, *, #633, .F. ) ;
#1689 = FACE_OUTER_BOUND ( 'NONE', #2921, .T. ) ;
#1690 = VECTOR ( 'NONE', #129, 1000.000000000000114 ) ;
#1691 = VECTOR ( 'NONE', #3896, 1000.000000000000000 ) ;
#1692 = EDGE_LOOP ( 'NONE', ( #3446, #359, #97, #918 ) ) ;
#1693 = LINE ( 'NONE', #3430, #1011 ) ;
#1694 = EDGE_LOOP ( 'NONE', ( #2874, #2182, #3541, #2999 ) ) ;
#1695 = VECTOR ( 'NONE', #972, 1000.000000000000000 ) ;
#1696 = CARTESIAN_POINT ( 'NONE',  ( 3.810000000000000053, 3.280787200984090823, 2.290000000000000036 ) ) ;
#1697 = ADVANCED_FACE ( 'NONE', ( #1300 ), #2270, .T. ) ;
#1698 = DIRECTION ( 'NONE',  ( -0.000000000000000000, -0.000000000000000000, 1.000000000000000000 ) ) ;
#1699 = VERTEX_POINT ( 'NONE', #3671 ) ;
#1700 = EDGE_CURVE ( 'NONE', #83, #780, #454, .T. ) ;
#1702 = DIRECTION ( 'NONE',  ( -0.000000000000000000, -0.000000000000000000, 1.000000000000000000 ) ) ;
#1701 = DIRECTION ( 'NONE',  ( 1.000000000000000000, 0.000000000000000000, -5.253553833969748094E-15 ) ) ;
#1703 = VECTOR ( 'NONE', #494, 1000.000000000000000 ) ;
#1704 = VERTEX_POINT ( 'NONE', #3816 ) ;
#1705 = CARTESIAN_POINT ( 'NONE',  ( -2.330449999999984811, 5.304599999999999760, 1.354560671666993120E-14 ) ) ;
#1706 = EDGE_LOOP ( 'NONE', ( #3324, #1688, #709, #1034 ) ) ;
#1707 = DIRECTION ( 'NONE',  ( 1.000000000000000000, 0.000000000000000000, -2.626776916984868130E-15 ) ) ;
#1708 = ADVANCED_FACE ( 'NONE', ( #1532 ), #474, .T. ) ;
#1709 = CARTESIAN_POINT ( 'NONE',  ( 0.000000000000000000, 5.304599999999999760, -2.632550000000004609 ) ) ;
#1710 = CARTESIAN_POINT ( 'NONE',  ( 2.414787137949140128, 5.304599999999999760, 2.168999999999982276 ) ) ;
#1711 = CARTESIAN_POINT ( 'NONE',  ( 3.539140955941163735, 3.237349421902623092, -2.290000000000000036 ) ) ;
#1712 = CARTESIAN_POINT ( 'NONE',  ( -3.163022930141338396, 3.405680000000123275, -2.042499999999999538 ) ) ;
#1713 = LINE ( 'NONE', #2766, #4413 ) ;
#1714 = CARTESIAN_POINT ( 'NONE',  ( 4.124659999999999549, 0.6800006613150174628, 3.057499999999999662 ) ) ;
#1715 = CARTESIAN_POINT ( 'NONE',  ( -2.495549999999989055, 5.304599999999999760, 1.087893073498222629E-14 ) ) ;
#1716 = ORIENTED_EDGE ( 'NONE', *, *, #2982, .T. ) ;
#1717 = DIRECTION ( 'NONE',  ( -0.04357795025174460157, 0.9980991556472297299, -0.04357795025174485137 ) ) ;
#1718 = ORIENTED_EDGE ( 'NONE', *, *, #1569, .F. ) ;
#1719 = PLANE ( 'NONE',  #413 ) ;
#1720 = ORIENTED_EDGE ( 'NONE', *, *, #229, .F. ) ;
#1721 = DIRECTION ( 'NONE',  ( 0.000000000000000000, 0.000000000000000000, 1.000000000000000000 ) ) ;
#1722 = DIRECTION ( 'NONE',  ( 0.000000000000000000, 0.000000000000000000, 1.000000000000000000 ) ) ;
#1723 = EDGE_LOOP ( 'NONE', ( #4659, #1319, #2633, #1718 ) ) ;
#1725 = LINE ( 'NONE', #3206, #2961 ) ;
#1724 = CARTESIAN_POINT ( 'NONE',  ( 0.1246599999999993963, 1.000000000000000000, -2.290000000000000036 ) ) ;
#1726 = VERTEX_POINT ( 'NONE', #1655 ) ;
#1727 = ORIENTED_EDGE ( 'NONE', *, *, #3351, .F. ) ;
#1728 = LINE ( 'NONE', #4192, #3264 ) ;
#1729 = ADVANCED_FACE ( 'NONE', ( #2941 ), #1154, .T. ) ;
#1730 = EDGE_CURVE ( 'NONE', #4375, #524, #555, .T. ) ;
#1731 = ORIENTED_EDGE ( 'NONE', *, *, #2935, .T. ) ;
#1732 = DIRECTION ( 'NONE',  ( 1.000000000000000000, 0.000000000000000000, 0.000000000000000000 ) ) ;
#1733 = DIRECTION ( 'NONE',  ( 0.000000000000000000, 1.000000000000000000, 0.000000000000000000 ) ) ;
#1734 = CARTESIAN_POINT ( 'NONE',  ( -3.174999999999999378, 3.680000000000123173, 4.157499999999998863 ) ) ;
#1735 = EDGE_CURVE ( 'NONE', #2973, #4092, #1635, .T. ) ;
#1736 = EDGE_CURVE ( 'NONE', #2049, #2744, #1930, .T. ) ;
#1737 = DIRECTION ( 'NONE',  ( -0.000000000000000000, -0.000000000000000000, -1.000000000000000000 ) ) ;
#1738 = CARTESIAN_POINT ( 'NONE',  ( 2.411212862050842176, 5.304599999999999760, -2.169000000000020911 ) ) ;
#1739 = PLANE ( 'NONE',  #1480 ) ;
#1740 = CARTESIAN_POINT ( 'NONE',  ( 3.539140955941160183, 3.237349421902622648, -3.057499999999999662 ) ) ;
#1741 = CARTESIAN_POINT ( 'NONE',  ( -3.809999999999999609, 3.280787200984090823, -2.290000000000000036 ) ) ;
#1742 = EDGE_LOOP ( 'NONE', ( #966, #661, #131, #2624 ) ) ;
#1743 = ADVANCED_FACE ( 'NONE', ( #1275 ), #927, .T. ) ;
#1744 = PLANE ( 'NONE',  #2677 ) ;
#1745 = ORIENTED_EDGE ( 'NONE', *, *, #2553, .F. ) ;
#1746 = FILL_AREA_STYLE_COLOUR ( '', #722 ) ;
#1747 = ORIENTED_EDGE ( 'NONE', *, *, #768, .T. ) ;
#1748 = FACE_OUTER_BOUND ( 'NONE', #3250, .T. ) ;
#1749 = VERTEX_POINT ( 'NONE', #2842 ) ;
#1751 = CARTESIAN_POINT ( 'NONE',  ( 3.803334990045005082, 1.589950658968517949, 3.057499999999999662 ) ) ;
#1750 = DIRECTION ( 'NONE',  ( -0.1583471095124982242, -0.9873835085259611288, 0.000000000000000000 ) ) ;
#1752 = VERTEX_POINT ( 'NONE', #2065 ) ;
#1753 = ORIENTED_EDGE ( 'NONE', *, *, #1612, .T. ) ;
#1754 = LINE ( 'NONE', #2565, #4321 ) ;
#1755 = VERTEX_POINT ( 'NONE', #1075 ) ;
#1756 = AXIS2_PLACEMENT_3D ( 'NONE', #970, #2420, #319 ) ;
#1757 = DIRECTION ( 'NONE',  ( 0.000000000000000000, 1.000000000000000000, -0.000000000000000000 ) ) ;
#1758 = DIRECTION ( 'NONE',  ( -0.000000000000000000, -0.000000000000000000, -1.000000000000000000 ) ) ;
#1759 = VECTOR ( 'NONE', #2344, 1000.000000000000000 ) ;
#1760 = FACE_OUTER_BOUND ( 'NONE', #2627, .T. ) ;
#1761 = AXIS2_PLACEMENT_3D ( 'NONE', #2839, #3916, #4274 ) ;
#1762 = CARTESIAN_POINT ( 'NONE',  ( 2.727713273868203725, 5.330000000000000071, 2.598799552413672664 ) ) ;
#1763 = DIRECTION ( 'NONE',  ( 1.000000000000000000, -1.942130114371435793E-14, 0.000000000000000000 ) ) ;
#1764 = CARTESIAN_POINT ( 'NONE',  ( 0.1246599999999993963, 1.000000000000000000, 2.042499999999999538 ) ) ;
#1765 = EDGE_CURVE ( 'NONE', #1309, #1558, #651, .T. ) ;
#1766 = LINE ( 'NONE', #677, #2966 ) ;
#1767 = EDGE_CURVE ( 'NONE', #1640, #2522, #3494, .T. ) ;
#1768 = AXIS2_PLACEMENT_3D ( 'NONE', #311, #338, #4564 ) ;
#1769 = EDGE_LOOP ( 'NONE', ( #2506, #1816, #1022, #3638, #2628, #4383, #3210, #3587, #1802, #2481, #2074, #3117 ) ) ;
#1770 = VECTOR ( 'NONE', #1941, 999.9999999999998863 ) ;
#1771 = CARTESIAN_POINT ( 'NONE',  ( -3.175000000000000266, 3.680000000000123173, -2.290000000000000036 ) ) ;
#1772 = AXIS2_PLACEMENT_3D ( 'NONE', #3519, #733, #399 ) ;
#1773 = ORIENTED_EDGE ( 'NONE', *, *, #4039, .T. ) ;
#1774 = EDGE_CURVE ( 'NONE', #1749, #3166, #2479, .T. ) ;
#1775 = VERTEX_POINT ( 'NONE', #731 ) ;
#1776 = VECTOR ( 'NONE', #233, 1000.000000000000000 ) ;
#1777 = AXIS2_PLACEMENT_3D ( 'NONE', #2829, #363, #4308 ) ;
#1778 =( GEOMETRIC_REPRESENTATION_CONTEXT ( 3 ) GLOBAL_UNCERTAINTY_ASSIGNED_CONTEXT ( ( #507 ) ) GLOBAL_UNIT_ASSIGNED_CONTEXT ( ( #672, #4249, #4520 ) ) REPRESENTATION_CONTEXT ( 'NONE', 'WORKASPACE' ) );
#1779 = SURFACE_STYLE_USAGE ( .BOTH. , #335 ) ;
#1780 = ORIENTED_EDGE ( 'NONE', *, *, #2366, .F. ) ;
#1782 = CARTESIAN_POINT ( 'NONE',  ( 3.539140955941160183, 3.237349421902622648, 3.057499999999999662 ) ) ;
#1781 = LINE ( 'NONE', #742, #4399 ) ;
#1783 = VERTEX_POINT ( 'NONE', #3899 ) ;
#1784 = AXIS2_PLACEMENT_3D ( 'NONE', #1764, #321, #4630 ) ;
#1785 = VECTOR ( 'NONE', #3014, 1000.000000000000000 ) ;
#1786 = VERTEX_POINT ( 'NONE', #1352 ) ;
#1787 = FACE_OUTER_BOUND ( 'NONE', #2200, .T. ) ;
#1788 = VERTEX_POINT ( 'NONE', #2526 ) ;
#1789 = COLOUR_RGB ( '',1.000000000000000000, 1.000000000000000000, 1.000000000000000000 ) ;
#1790 = DIRECTION ( 'NONE',  ( -0.04361938736533251676, 0.9990482215818579093, 0.000000000000000000 ) ) ;
#1791 = DIRECTION ( 'NONE',  ( 0.000000000000000000, 0.000000000000000000, -1.000000000000000000 ) ) ;
#1792 = FACE_OUTER_BOUND ( 'NONE', #1952, .T. ) ;
#1793 = ORIENTED_EDGE ( 'NONE', *, *, #150, .F. ) ;
#1794 = CARTESIAN_POINT ( 'NONE',  ( 2.414787137949140128, 5.330000000000000071, 2.168999999999982276 ) ) ;
#1795 = FACE_OUTER_BOUND ( 'NONE', #3372, .T. ) ;
#1796 = CARTESIAN_POINT ( 'NONE',  ( -2.495549999999984170, 5.330000000000000071, 2.168999999999999595 ) ) ;
#1797 = ORIENTED_EDGE ( 'NONE', *, *, #734, .F. ) ;
#1798 = ADVANCED_FACE ( 'NONE', ( #3189 ), #1739, .F. ) ;
#1799 = ADVANCED_FACE ( 'NONE', ( #4278 ), #4553, .F. ) ;
#1800 = PLANE ( 'NONE',  #3959 ) ;
#1801 = VERTEX_POINT ( 'NONE', #2816 ) ;
#1802 = ORIENTED_EDGE ( 'NONE', *, *, #3202, .F. ) ;
#1803 = EDGE_CURVE ( 'NONE', #809, #2438, #2786, .T. ) ;
#1804 = ORIENTED_EDGE ( 'NONE', *, *, #2046, .F. ) ;
#1806 = LINE ( 'NONE', #3608, #31 ) ;
#1805 = CARTESIAN_POINT ( 'NONE',  ( 2.525097388555192612, 5.330000000000000071, 2.811466219741497241 ) ) ;
#1807 = ORIENTED_EDGE ( 'NONE', *, *, #1957, .T. ) ;
#1808 = ORIENTED_EDGE ( 'NONE', *, *, #1938, .T. ) ;
#1809 = LINE ( 'NONE', #3531, #1385 ) ;
#1810 = MANIFOLD_SOLID_BREP ( 'Marking 2', #4402 ) ;
#1811 = EDGE_CURVE ( 'NONE', #657, #780, #1713, .T. ) ;
#1812 = ORIENTED_EDGE ( 'NONE', *, *, #2963, .T. ) ;
#1813 = CARTESIAN_POINT ( 'NONE',  ( -7.170955672305227544E-15, 5.304599999999999760, -2.467450000000010135 ) ) ;
#1814 = CARTESIAN_POINT ( 'NONE',  ( 2.300902611444789692, 5.330000000000000071, -2.811466219741534545 ) ) ;
#1815 = CARTESIAN_POINT ( 'NONE',  ( 3.539140955941160183, 3.237349421902622648, -2.042499999999999538 ) ) ;
#1816 = ORIENTED_EDGE ( 'NONE', *, *, #824, .T. ) ;
#1817 = DIRECTION ( 'NONE',  ( 1.113460962759211437E-16, 0.9396926207859079838, -0.3420201433256698231 ) ) ;
#1818 = CARTESIAN_POINT ( 'NONE',  ( 4.124659999999999549, 4.336808689942017736E-16, 2.290000000000000036 ) ) ;
#1819 = CARTESIAN_POINT ( 'NONE',  ( 3.175000000000000266, 3.680000000000123173, -2.290000000000000036 ) ) ;
#1820 = DIRECTION ( 'NONE',  ( 0.000000000000000000, 1.000000000000000000, -0.000000000000000000 ) ) ;
#1821 = FACE_OUTER_BOUND ( 'NONE', #882, .T. ) ;
#1822 = ORIENTED_EDGE ( 'NONE', *, *, #2879, .F. ) ;
#1823 = DIRECTION ( 'NONE',  ( -2.906221269855598900E-15, 0.000000000000000000, -1.000000000000000000 ) ) ;
#1824 = ORIENTED_EDGE ( 'NONE', *, *, #4263, .T. ) ;
#1825 = EDGE_LOOP ( 'NONE', ( #3855, #3826, #737, #4183 ) ) ;
#1827 = DIRECTION ( 'NONE',  ( 0.000000000000000000, 1.000000000000000000, 0.000000000000000000 ) ) ;
#1826 = LINE ( 'NONE', #2106, #1853 ) ;
#1828 = EDGE_CURVE ( 'NONE', #4491, #4375, #352, .T. ) ;
#1829 = EDGE_CURVE ( 'NONE', #1509, #2223, #4479, .T. ) ;
#1830 = VERTEX_POINT ( 'NONE', #1407 ) ;
#1831 = ORIENTED_EDGE ( 'NONE', *, *, #1024, .F. ) ;
#1832 = DIRECTION ( 'NONE',  ( 0.000000000000000000, 1.000000000000000000, -0.000000000000000000 ) ) ;
#1833 = CARTESIAN_POINT ( 'NONE',  ( 3.341664254235964471, 3.205680000000123098, 2.042499999999999538 ) ) ;
#1834 = LINE ( 'NONE', #1474, #4607 ) ;
#1835 = ADVANCED_FACE ( 'NONE', ( #1053 ), #2501, .F. ) ;
#1836 = EDGE_LOOP ( 'NONE', ( #686, #3451, #718, #3662 ) ) ;
#1837 = CARTESIAN_POINT ( 'NONE',  ( 2.525097388555175293, 5.304599999999999760, -2.288533780258505512 ) ) ;
#1838 = PLANE ( 'NONE',  #2446 ) ;
#1839 = VECTOR ( 'NONE', #3537, 1000.000000000000114 ) ;
#1840 = DIRECTION ( 'NONE',  ( 1.000000000000000000, 0.000000000000000000, -2.906221269855598900E-15 ) ) ;
#1841 = CIRCLE ( 'NONE', #2137, 3.725680000000000991 ) ;
#1842 = DIRECTION ( 'NONE',  ( 0.000000000000000000, 1.000000000000000000, -0.000000000000000000 ) ) ;
#1843 = ORIENTED_EDGE ( 'NONE', *, *, #1663, .T. ) ;
#1844 = CIRCLE ( 'NONE', #2362, 3.725680000000000991 ) ;
#1845 = ORIENTED_EDGE ( 'NONE', *, *, #60, .F. ) ;
#1846 = VECTOR ( 'NONE', #4224, 1000.000000000000000 ) ;
#1847 = VECTOR ( 'NONE', #2835, 1000.000000000000000 ) ;
#1848 = FACE_OUTER_BOUND ( 'NONE', #2932, .T. ) ;
#1849 = ORIENTED_EDGE ( 'NONE', *, *, #1811, .T. ) ;
#1851 = FILL_AREA_STYLE_COLOUR ( '', #859 ) ;
#1850 = CARTESIAN_POINT ( 'NONE',  ( -3.809999999999999165, 3.280787200984090823, -2.042499999999999538 ) ) ;
#1852 = VERTEX_POINT ( 'NONE', #3568 ) ;
#1853 = VECTOR ( 'NONE', #3205, 1000.000000000000000 ) ;
#1854 = EDGE_LOOP ( 'NONE', ( #2543, #1487, #3304, #2188 ) ) ;
#1855 = VECTOR ( 'NONE', #3532, 1000.000000000000000 ) ;
#1856 = DIRECTION ( 'NONE',  ( -0.000000000000000000, -1.000000000000000000, 0.000000000000000000 ) ) ;
#1857 = CLOSED_SHELL ( 'NONE', ( #947, #1935, #3252, #126, #4442, #635, #1611, #755, #3627, #3287, #659, #4598, #1437, #4000, #1213, #2084, #3394, #1348 ) ) ;
#1858 = EDGE_CURVE ( 'NONE', #3981, #848, #3354, .T. ) ;
#1859 = EDGE_CURVE ( 'NONE', #125, #1726, #17, .T. ) ;
#1860 = LINE ( 'NONE', #1516, #3340 ) ;
#1861 = DIRECTION ( 'NONE',  ( -0.000000000000000000, -0.000000000000000000, 1.000000000000000000 ) ) ;
#1862 = VECTOR ( 'NONE', #940, 1000.000000000000000 ) ;
#1863 = CARTESIAN_POINT ( 'NONE',  ( 3.341664254235964471, 3.205680000000123098, -2.810000000000000053 ) ) ;
#1864 = AXIS2_PLACEMENT_3D ( 'NONE', #2377, #3796, #579 ) ;
#1865 = EDGE_LOOP ( 'NONE', ( #3890, #3271, #2407, #4100, #593, #264 ) ) ;
#1866 = ADVANCED_FACE ( 'NONE', ( #3902 ), #2845, .F. ) ;
#1867 = CARTESIAN_POINT ( 'NONE',  ( -2.495549999999992163, 5.330000000000000071, 7.252620489988117204E-15 ) ) ;
#1868 = DIRECTION ( 'NONE',  ( -0.04361938736533251676, 0.9990482215818579093, 0.000000000000000000 ) ) ;
#1869 = CARTESIAN_POINT ( 'NONE',  ( -3.341664254235964471, 3.205680000000123098, 2.042499999999999538 ) ) ;
#1870 = EDGE_LOOP ( 'NONE', ( #3164, #1637, #2623, #2055 ) ) ;
#1871 = ORIENTED_EDGE ( 'NONE', *, *, #913, .T. ) ;
#1872 = DIRECTION ( 'NONE',  ( -0.000000000000000000, 0.000000000000000000, -1.000000000000000000 ) ) ;
#1873 = ORIENTED_EDGE ( 'NONE', *, *, #890, .T. ) ;
#1875 = LINE ( 'NONE', #1157, #3772 ) ;
#1874 = FACE_OUTER_BOUND ( 'NONE', #683, .T. ) ;
#1876 = EDGE_LOOP ( 'NONE', ( #1420, #831, #3589, #1657 ) ) ;
#1877 = ORIENTED_EDGE ( 'NONE', *, *, #3019, .T. ) ;
#1878 = CARTESIAN_POINT ( 'NONE',  ( -2.495549999999999713, 5.304599999999999760, -2.467450000000003030 ) ) ;
#1879 = DIRECTION ( 'NONE',  ( -1.000000000000000000, 0.000000000000000000, 0.000000000000000000 ) ) ;
#1880 = DIRECTION ( 'NONE',  ( -0.000000000000000000, -1.000000000000000000, 0.000000000000000000 ) ) ;
#1881 = CARTESIAN_POINT ( 'NONE',  ( -4.124659999999999549, 1.000000000000000000, -2.290000000000000036 ) ) ;
#1882 = ORIENTED_EDGE ( 'NONE', *, *, #1100, .T. ) ;
#1883 = ORIENTED_EDGE ( 'NONE', *, *, #2917, .T. ) ;
#1884 = LINE ( 'NONE', #3260, #1598 ) ;
#1885 = FACE_OUTER_BOUND ( 'NONE', #422, .T. ) ;
#1886 = ADVANCED_FACE ( 'NONE', ( #2122 ), #4281, .T. ) ;
#1887 = EDGE_CURVE ( 'NONE', #367, #3580, #2979, .T. ) ;
#1888 = DIRECTION ( 'NONE',  ( 0.7240083601361844146, 0.000000000000000000, 0.6897911962709534217 ) ) ;
#1889 = VERTEX_POINT ( 'NONE', #3575 ) ;
#1890 = ADVANCED_FACE ( 'NONE', ( #1821 ), #1744, .F. ) ;
#1891 = EDGE_LOOP ( 'NONE', ( #1584, #3909, #4363, #1980 ) ) ;
#1892 = DIRECTION ( 'NONE',  ( 1.000000000000000000, -0.000000000000000000, 0.000000000000000000 ) ) ;
#1893 = EDGE_LOOP ( 'NONE', ( #4643, #3773, #1716, #8 ) ) ;
#1895 = FILL_AREA_STYLE ('',( #3934 ) ) ;
#1894 = LINE ( 'NONE', #3692, #4161 ) ;
#1896 = ORIENTED_EDGE ( 'NONE', *, *, #2208, .F. ) ;
#1897 = ORIENTED_EDGE ( 'NONE', *, *, #3757, .F. ) ;
#1898 = CARTESIAN_POINT ( 'NONE',  ( -3.850339999999999652, -2.660000000000001030, -2.810000000000000053 ) ) ;
#1899 = CARTESIAN_POINT ( 'NONE',  ( 0.1806988503407945812, 5.330000000000000071, 0.1721588907038519300 ) ) ;
#1900 = CARTESIAN_POINT ( 'NONE',  ( -4.124659999999997773, 1.000000000000000444, 2.042499999999999538 ) ) ;
#1901 = ORIENTED_EDGE ( 'NONE', *, *, #2757, .F. ) ;
#1902 = DIRECTION ( 'NONE',  ( -0.000000000000000000, -0.000000000000000000, -1.000000000000000000 ) ) ;
#1903 = CARTESIAN_POINT ( 'NONE',  ( 3.175000000000000266, 3.680000000000123173, 4.157499999999998863 ) ) ;
#1904 = CARTESIAN_POINT ( 'NONE',  ( 3.850340000000000096, 1.000000000000000000, -3.057499999999999662 ) ) ;
#1905 = AXIS2_PLACEMENT_3D ( 'NONE', #2246, #4371, #841 ) ;
#1906 = EDGE_CURVE ( 'NONE', #2203, #3981, #1357, .T. ) ;
#1907 = EDGE_CURVE ( 'NONE', #1305, #1775, #3980, .T. ) ;
#1908 = CARTESIAN_POINT ( 'NONE',  ( 3.341664254235964471, 3.405680000000126384, -2.042499999999999538 ) ) ;
#1909 = ORIENTED_EDGE ( 'NONE', *, *, #3001, .T. ) ;
#1910 = SHAPE_DEFINITION_REPRESENTATION ( #1299, #262 ) ;
#1911 = CIRCLE ( 'NONE', #4231, 0.3556000000000001937 ) ;
#1912 = VERTEX_POINT ( 'NONE', #358 ) ;
#1913 = EDGE_CURVE ( 'NONE', #2508, #1362, #2457, .T. ) ;
#1914 = AXIS2_PLACEMENT_3D ( 'NONE', #3008, #851, #4054 ) ;
#1915 = ORIENTED_EDGE ( 'NONE', *, *, #1451, .F. ) ;
#1917 = CARTESIAN_POINT ( 'NONE',  ( 3.850340000000000096, 1.000000000000000000, 3.057499999999999662 ) ) ;
#1916 = CARTESIAN_POINT ( 'NONE',  ( -3.803334990045005082, 1.589950658968517949, -2.290000000000000036 ) ) ;
#1918 = ORIENTED_EDGE ( 'NONE', *, *, #3130, .F. ) ;
#1919 = VERTEX_POINT ( 'NONE', #3877 ) ;
#1920 = DIRECTION ( 'NONE',  ( 0.000000000000000000, 0.000000000000000000, 1.000000000000000000 ) ) ;
#1921 = VECTOR ( 'NONE', #1354, 1000.000000000000000 ) ;
#1922 = AXIS2_PLACEMENT_3D ( 'NONE', #2907, #1832, #3231 ) ;
#1923 = DIRECTION ( 'NONE',  ( -1.000000000000000000, -8.285841104563521713E-18, -0.000000000000000000 ) ) ;
#1924 = CARTESIAN_POINT ( 'NONE',  ( 2.349032947029440876, 5.330000000000000071, 2.238015934383048133 ) ) ;
#1925 = VERTEX_POINT ( 'NONE', #679 ) ;
#1926 = PLANE ( 'NONE',  #3112 ) ;
#1927 = VECTOR ( 'NONE', #3503, 1000.000000000000000 ) ;
#1928 = AXIS2_PLACEMENT_3D ( 'NONE', #2171, #4322, #3973 ) ;
#1929 = LINE ( 'NONE', #134, #2047 ) ;
#1930 = CIRCLE ( 'NONE', #3278, 0.1905000000000001414 ) ;
#1931 = DIRECTION ( 'NONE',  ( -2.906221269855598900E-15, 0.000000000000000000, -1.000000000000000000 ) ) ;
#1932 = AXIS2_PLACEMENT_3D ( 'NONE', #3766, #2329, #3047 ) ;
#1933 = CARTESIAN_POINT ( 'NONE',  ( 0.1806988503407945812, 5.304599999999999760, 0.1721588907038519300 ) ) ;
#1934 = ORIENTED_EDGE ( 'NONE', *, *, #1024, .T. ) ;
#1935 = ADVANCED_FACE ( 'NONE', ( #4258 ), #1800, .T. ) ;
#1936 = ORIENTED_EDGE ( 'NONE', *, *, #1322, .F. ) ;
#1937 = CARTESIAN_POINT ( 'NONE',  ( -2.495549999999991275, 5.330000000000000071, 8.521829075736036452E-15 ) ) ;
#1938 = EDGE_CURVE ( 'NONE', #1289, #2639, #1033, .T. ) ;
#1939 = VERTEX_POINT ( 'NONE', #736 ) ;
#1940 = EDGE_CURVE ( 'NONE', #125, #2244, #756, .T. ) ;
#1941 = DIRECTION ( 'NONE',  ( 0.6897911962709534217, 0.000000000000000000, -0.7240083601361844146 ) ) ;
#1942 = DIRECTION ( 'NONE',  ( 0.6897911962709534217, 0.000000000000000000, -0.7240083601361844146 ) ) ;
#1943 = CARTESIAN_POINT ( 'NONE',  ( -2.495550000000001933, 5.330000000000000071, -2.931000000000003158 ) ) ;
#1944 = ORIENTED_EDGE ( 'NONE', *, *, #922, .F. ) ;
#1945 = EDGE_CURVE ( 'NONE', #2973, #2837, #4603, .T. ) ;
#1946 = LINE ( 'NONE', #2343, #3791 ) ;
#1947 = ORIENTED_EDGE ( 'NONE', *, *, #4547, .F. ) ;
#1948 = DIRECTION ( 'NONE',  ( 2.833924562156542408E-18, -0.3420201433256698786, 0.9396926207859079838 ) ) ;
#1949 = CARTESIAN_POINT ( 'NONE',  ( -7.699083143682673177E-15, 5.304599999999999760, -2.931000000000009376 ) ) ;
#1950 = ORIENTED_EDGE ( 'NONE', *, *, #2091, .F. ) ;
#1951 = ORIENTED_EDGE ( 'NONE', *, *, #2935, .F. ) ;
#1952 = EDGE_LOOP ( 'NONE', ( #4503, #3691, #4428, #519 ) ) ;
#1954 = DIRECTION ( 'NONE',  ( -0.000000000000000000, 1.000000000000000000, -0.000000000000000000 ) ) ;
#1953 = DIRECTION ( 'NONE',  ( 1.000000000000000000, 0.000000000000000000, -2.906221269855598900E-15 ) ) ;
#1955 = ORIENTED_EDGE ( 'NONE', *, *, #3246, .F. ) ;
#1956 = DIRECTION ( 'NONE',  ( 0.000000000000000000, 1.000000000000000000, 0.000000000000000000 ) ) ;
#1957 = EDGE_CURVE ( 'NONE', #3179, #1277, #2482, .T. ) ;
#1958 = CARTESIAN_POINT ( 'NONE',  ( 2.169497388555174044, 5.330000000000000071, -2.673542627135591321 ) ) ;
#1959 = ADVANCED_FACE ( 'NONE', ( #2792 ), #4634, .F. ) ;
#1960 = CARTESIAN_POINT ( 'NONE',  ( -2.495549999999984170, 5.304599999999999760, 2.168999999999999595 ) ) ;
#1961 = ORIENTED_EDGE ( 'NONE', *, *, #3056, .T. ) ;
#1962 = DIRECTION ( 'NONE',  ( 1.000000000000000000, 0.000000000000000000, -2.626776916984867341E-15 ) ) ;
#1963 = EDGE_CURVE ( 'NONE', #1309, #1588, #1056, .T. ) ;
#1964 = ORIENTED_EDGE ( 'NONE', *, *, #2651, .T. ) ;
#1965 = CARTESIAN_POINT ( 'NONE',  ( 3.163022930141338396, 3.405680000000123275, 3.057499999999999662 ) ) ;
#1966 = DIRECTION ( 'NONE',  ( 2.906221269855598900E-15, -0.000000000000000000, 1.000000000000000000 ) ) ;
#1967 = CARTESIAN_POINT ( 'NONE',  ( -3.175000000000000266, 3.680000000000123173, 3.057499999999999662 ) ) ;
#1968 = CARTESIAN_POINT ( 'NONE',  ( 3.175000000000000266, 3.680000000000123173, -2.042499999999999538 ) ) ;
#1969 = ORIENTED_EDGE ( 'NONE', *, *, #207, .T. ) ;
#1970 = CARTESIAN_POINT ( 'NONE',  ( 5.697479132940173536E-15, 5.304599999999999760, 2.168999999999992934 ) ) ;
#1971 = ORIENTED_EDGE ( 'NONE', *, *, #3384, .F. ) ;
#1972 = CARTESIAN_POINT ( 'NONE',  ( 3.803334990045005082, 1.589950658968517949, -2.290000000000000036 ) ) ;
#1973 = VECTOR ( 'NONE', #1737, 1000.000000000000000 ) ;
#1974 = ORIENTED_EDGE ( 'NONE', *, *, #446, .T. ) ;
#1975 = CARTESIAN_POINT ( 'NONE',  ( -3.174999999999999378, 3.679999999999874483, -4.157500000000000639 ) ) ;
#1976 = CIRCLE ( 'NONE', #2882, 3.725680000000000991 ) ;
#1977 = LINE ( 'NONE', #4435, #1013 ) ;
#1979 = CARTESIAN_POINT ( 'NONE',  ( -1.139495826588046698E-14, 5.304599999999999760, -2.169000000000016026 ) ) ;
#1978 = DIRECTION ( 'NONE',  ( 1.000000000000000000, 0.000000000000000000, 0.000000000000000000 ) ) ;
#1980 = ORIENTED_EDGE ( 'NONE', *, *, #975, .T. ) ;
#1981 = AXIS2_PLACEMENT_3D ( 'NONE', #4578, #1820, #323 ) ;
#1982 = AXIS2_PLACEMENT_3D ( 'NONE', #1050, #2862, #4014 ) ;
#1983 = CARTESIAN_POINT ( 'NONE',  ( 2.339382931423644951, 5.304599999999999760, -2.587350096575891101 ) ) ;
#1984 = ADVANCED_FACE ( 'NONE', ( #1433 ), #2868, .T. ) ;
#1985 = AXIS2_PLACEMENT_3D ( 'NONE', #4563, #1628, #3478 ) ;
#1986 = CARTESIAN_POINT ( 'NONE',  ( -2.495549999999991275, 5.304599999999999760, 8.521829075736036452E-15 ) ) ;
#1987 = CIRCLE ( 'NONE', #4618, 0.1905000000000010019 ) ;
#1988 = AXIS2_PLACEMENT_3D ( 'NONE', #4380, #1156, #2253 ) ;
#1989 = EDGE_CURVE ( 'NONE', #4237, #1699, #4105, .T. ) ;
#1990 = AXIS2_PLACEMENT_3D ( 'NONE', #723, #4010, #3211 ) ;
#1991 = STYLED_ITEM ( 'NONE', ( #4178 ), #143 ) ;
#1992 = CARTESIAN_POINT ( 'NONE',  ( 3.163022930141338396, 3.405680000000123275, -2.042499999999999538 ) ) ;
#1993 = SURFACE_SIDE_STYLE ('',( #1182 ) ) ;
#1994 = CARTESIAN_POINT ( 'NONE',  ( -4.124659999999997773, 1.000000000000000444, 3.057499999999999662 ) ) ;
#1995 = VECTOR ( 'NONE', #4611, 1000.000000000000114 ) ;
#1996 = VECTOR ( 'NONE', #3991, 1000.000000000000000 ) ;
#1997 = ORIENTED_EDGE ( 'NONE', *, *, #2315, .T. ) ;
#1998 = EDGE_CURVE ( 'NONE', #4612, #3242, #1621, .T. ) ;
#1999 = AXIS2_PLACEMENT_3D ( 'NONE', #176, #4150, #3048 ) ;
#2000 = LINE ( 'NONE', #3448, #340 ) ;
#2001 = ORIENTED_EDGE ( 'NONE', *, *, #3919, .T. ) ;
#2002 = CARTESIAN_POINT ( 'NONE',  ( -4.124659999999999549, -2.660000000000001030, -2.810000000000000053 ) ) ;
#2003 = VERTEX_POINT ( 'NONE', #4086 ) ;
#2004 = DIRECTION ( 'NONE',  ( 1.000000000000000000, 8.285841104563521713E-18, 0.000000000000000000 ) ) ;
#2005 = CARTESIAN_POINT ( 'NONE',  ( 7.699083143682630578E-15, 5.330000000000000071, 2.930999999999992944 ) ) ;
#2007 = DIRECTION ( 'NONE',  ( 1.000000000000000000, -9.331360556159751558E-18, 0.000000000000000000 ) ) ;
#2006 = CARTESIAN_POINT ( 'NONE',  ( 3.341664254235964471, 0.6800006613150175738, -2.042499999999999538 ) ) ;
#2008 = VERTEX_POINT ( 'NONE', #1524 ) ;
#2009 = DIRECTION ( 'NONE',  ( 0.000000000000000000, 0.000000000000000000, -1.000000000000000000 ) ) ;
#2010 = ORIENTED_EDGE ( 'NONE', *, *, #693, .T. ) ;
#2011 = DIRECTION ( 'NONE',  ( -0.000000000000000000, -0.000000000000000000, -1.000000000000000000 ) ) ;
#2012 = CYLINDRICAL_SURFACE ( 'NONE', #240, 0.1905000000000001414 ) ;
#2013 = CARTESIAN_POINT ( 'NONE',  ( 4.074194034103847173, 1.633388438049986124, -2.042499999999999538 ) ) ;
#2014 = CARTESIAN_POINT ( 'NONE',  ( -4.124659999999999549, 1.000000000000000000, -2.810000000000000053 ) ) ;
#2015 = PLANE ( 'NONE',  #4168 ) ;
#2016 = EDGE_CURVE ( 'NONE', #1925, #830, #68, .T. ) ;
#2017 = PLANE ( 'NONE',  #1014 ) ;
#2018 = EDGE_CURVE ( 'NONE', #1558, #3982, #1573, .T. ) ;
#2019 = ORIENTED_EDGE ( 'NONE', *, *, #4465, .F. ) ;
#2020 = DIRECTION ( 'NONE',  ( -0.000000000000000000, -0.000000000000000000, 1.000000000000000000 ) ) ;
#2021 = VERTEX_POINT ( 'NONE', #3686 ) ;
#2022 = CARTESIAN_POINT ( 'NONE',  ( -4.074194034103842732, 1.633388438049987679, -2.290000000000000036 ) ) ;
#2023 = EDGE_CURVE ( 'NONE', #689, #2275, #2827, .T. ) ;
#2024 = ORIENTED_EDGE ( 'NONE', *, *, #2982, .F. ) ;
#2025 = LINE ( 'NONE', #3452, #3648 ) ;
#2026 = CARTESIAN_POINT ( 'NONE',  ( -3.341664254235964471, 3.205680000000123098, 3.057499999999999662 ) ) ;
#2028 = DIRECTION ( 'NONE',  ( -4.359331904783423988E-15, 0.000000000000000000, -1.000000000000000000 ) ) ;
#2027 = CYLINDRICAL_SURFACE ( 'NONE', #182, 0.4743200000000007410 ) ;
#2029 = ORIENTED_EDGE ( 'NONE', *, *, #3979, .T. ) ;
#2030 = DIRECTION ( 'NONE',  ( 0.000000000000000000, 0.000000000000000000, 1.000000000000000000 ) ) ;
#2031 = CARTESIAN_POINT ( 'NONE',  ( -3.850340000000000096, 0.6800006613150175738, 2.042499999999999538 ) ) ;
#2032 = DIRECTION ( 'NONE',  ( 1.000000000000000000, 0.000000000000000000, -3.414809992080328333E-15 ) ) ;
#2033 = DIRECTION ( 'NONE',  ( -1.000000000000000000, 0.000000000000000000, 0.000000000000000000 ) ) ;
#2034 = CARTESIAN_POINT ( 'NONE',  ( 0.000000000000000000, 5.330000000000000071, 0.000000000000000000 ) ) ;
#2035 = CARTESIAN_POINT ( 'NONE',  ( 3.850339999999999208, 2.559778827765737034E-18, 2.809999999999999165 ) ) ;
#2036 = DIRECTION ( 'NONE',  ( -0.000000000000000000, -0.000000000000000000, 1.000000000000000000 ) ) ;
#2037 = CARTESIAN_POINT ( 'NONE',  ( 0.000000000000000000, 5.304599999999999760, 0.000000000000000000 ) ) ;
#2038 = ORIENTED_EDGE ( 'NONE', *, *, #2726, .F. ) ;
#2039 = EDGE_CURVE ( 'NONE', #2744, #2275, #2918, .T. ) ;
#2040 = EDGE_CURVE ( 'NONE', #3355, #3431, #4443, .T. ) ;
#2041 = DIRECTION ( 'NONE',  ( -3.983944990760383515E-15, 0.000000000000000000, -1.000000000000000000 ) ) ;
#2042 = ORIENTED_EDGE ( 'NONE', *, *, #2366, .T. ) ;
#2043 = DIRECTION ( 'NONE',  ( -0.000000000000000000, -0.000000000000000000, -1.000000000000000000 ) ) ;
#2044 = ORIENTED_EDGE ( 'NONE', *, *, #3230, .F. ) ;
#2045 = LINE ( 'NONE', #3827, #3715 ) ;
#2046 = EDGE_CURVE ( 'NONE', #2945, #4060, #943, .T. ) ;
#2047 = VECTOR ( 'NONE', #2570, 1000.000000000000000 ) ;
#2048 = FACE_OUTER_BOUND ( 'NONE', #2846, .T. ) ;
#2049 = VERTEX_POINT ( 'NONE', #2621 ) ;
#2051 = LINE ( 'NONE', #4614, #4524 ) ;
#2050 = LINE ( 'NONE', #3148, #2232 ) ;
#2052 = ORIENTED_EDGE ( 'NONE', *, *, #2615, .F. ) ;
#2053 = FACE_OUTER_BOUND ( 'NONE', #687, .T. ) ;
#2054 = VECTOR ( 'NONE', #1733, 1000.000000000000000 ) ;
#2055 = ORIENTED_EDGE ( 'NONE', *, *, #4638, .F. ) ;
#2056 = FACE_OUTER_BOUND ( 'NONE', #1158, .T. ) ;
#2057 = CARTESIAN_POINT ( 'NONE',  ( -2.495550000000000601, 5.330000000000000071, -2.632550000000004609 ) ) ;
#2058 = MECHANICAL_DESIGN_GEOMETRIC_PRESENTATION_REPRESENTATION (  '', ( #1677 ), #3938 ) ;
#2059 = STYLED_ITEM ( 'NONE', ( #1511 ), #3343 ) ;
#2060 = LINE ( 'NONE', #1710, #3042 ) ;
#2061 = VECTOR ( 'NONE', #3053, 1000.000000000000000 ) ;
#2062 = CIRCLE ( 'NONE', #37, 0.1905000000000001414 ) ;
#2063 = CARTESIAN_POINT ( 'NONE',  ( 2.300902611444789692, 5.304599999999999760, -2.811466219741534545 ) ) ;
#2064 = DIRECTION ( 'NONE',  ( 1.000000000000000000, 0.000000000000000000, -5.253553833969748094E-15 ) ) ;
#2065 = CARTESIAN_POINT ( 'NONE',  ( -2.495550000000001933, 5.304599999999999760, -2.931000000000003158 ) ) ;
#2066 = DIRECTION ( 'NONE',  ( 0.000000000000000000, 0.000000000000000000, -1.000000000000000000 ) ) ;
#2067 = LINE ( 'NONE', #2686, #104 ) ;
#2068 = AXIS2_PLACEMENT_3D ( 'NONE', #714, #1061, #4641 ) ;
#2069 = VECTOR ( 'NONE', #2096, 1000.000000000000227 ) ;
#2070 = VECTOR ( 'NONE', #1331, 1000.000000000000000 ) ;
#2071 = ORIENTED_EDGE ( 'NONE', *, *, #4419, .T. ) ;
#2072 = LINE ( 'NONE', #977, #2599 ) ;
#2073 = CIRCLE ( 'NONE', #2308, 0.1905000000000001414 ) ;
#2074 = ORIENTED_EDGE ( 'NONE', *, *, #4646, .F. ) ;
#2075 = EDGE_CURVE ( 'NONE', #2533, #2675, #3668, .T. ) ;
#2076 = ADVANCED_FACE ( 'NONE', ( #1130 ), #4048, .T. ) ;
#2077 = ORIENTED_EDGE ( 'NONE', *, *, #4538, .T. ) ;
#2078 = AXIS2_PLACEMENT_3D ( 'NONE', #3165, #3498, #4334 ) ;
#2079 = DIRECTION ( 'NONE',  ( 0.000000000000000000, 0.000000000000000000, 1.000000000000000000 ) ) ;
#2080 = DIRECTION ( 'NONE',  ( -0.000000000000000000, 1.000000000000000000, -0.000000000000000000 ) ) ;
#2081 = ORIENTED_EDGE ( 'NONE', *, *, #2419, .T. ) ;
#2083 = LINE ( 'NONE', #1018, #1294 ) ;
#2082 = FACE_OUTER_BOUND ( 'NONE', #2187, .T. ) ;
#2084 = ADVANCED_FACE ( 'NONE', ( #3644 ), #2267, .T. ) ;
#2085 = EDGE_CURVE ( 'NONE', #1559, #2435, #2937, .T. ) ;
#2086 = VERTEX_POINT ( 'NONE', #1908 ) ;
#2087 = DIRECTION ( 'NONE',  ( 0.6897911962709469824, 0.000000000000000000, -0.7240083601361906318 ) ) ;
#2088 = ORIENTED_EDGE ( 'NONE', *, *, #407, .T. ) ;
#2089 = CARTESIAN_POINT ( 'NONE',  ( -0.1246599999999993963, 1.000000000000000000, 3.057499999999999662 ) ) ;
#2090 = DIRECTION ( 'NONE',  ( -1.000000000000000000, 0.000000000000000000, 0.000000000000000000 ) ) ;
#2091 = EDGE_CURVE ( 'NONE', #3798, #1079, #2197, .T. ) ;
#2092 = CARTESIAN_POINT ( 'NONE',  ( 3.850339999999999652, -2.660000000000001030, -2.290000000000000036 ) ) ;
#2093 = DIRECTION ( 'NONE',  ( 0.000000000000000000, -0.04361938736533302330, -0.9990482215818579093 ) ) ;
#2094 = CARTESIAN_POINT ( 'NONE',  ( -1.139495826588046698E-14, 5.330000000000000071, -2.169000000000016026 ) ) ;
#2095 = CARTESIAN_POINT ( 'NONE',  ( -3.163022930141338396, 3.405680000000123275, -2.290000000000000036 ) ) ;
#2096 = DIRECTION ( 'NONE',  ( -0.1583471095124982242, -0.9873835085259611288, -0.000000000000000000 ) ) ;
#2097 = CARTESIAN_POINT ( 'NONE',  ( -3.850339999999999652, 0.000000000000000000, -3.057499999999999662 ) ) ;
#2098 = ORIENTED_EDGE ( 'NONE', *, *, #1512, .T. ) ;
#2099 = CARTESIAN_POINT ( 'NONE',  ( 3.850339999999999208, 2.559778827765737034E-18, 2.809999999999999165 ) ) ;
#2100 = ORIENTED_EDGE ( 'NONE', *, *, #1191, .T. ) ;
#2101 = PRESENTATION_STYLE_ASSIGNMENT (( #4605 ) ) ;
#2102 = ORIENTED_EDGE ( 'NONE', *, *, #3109, .F. ) ;
#2103 = CARTESIAN_POINT ( 'NONE',  ( -3.341664254235964471, 3.680000000000123173, 2.042499999999999538 ) ) ;
#2104 = CARTESIAN_POINT ( 'NONE',  ( 4.124659999999999549, 0.6800006613150175738, 2.042499999999999538 ) ) ;
#2105 = ORIENTED_EDGE ( 'NONE', *, *, #2615, .T. ) ;
#2107 = CARTESIAN_POINT ( 'NONE',  ( -4.124659999999999549, -2.660000000000001030, 2.810000000000000053 ) ) ;
#2106 = CARTESIAN_POINT ( 'NONE',  ( -7.170955672305229121E-15, 5.304599999999999760, -2.467450000000010579 ) ) ;
#2108 = VERTEX_POINT ( 'NONE', #1214 ) ;
#2109 = ORIENTED_EDGE ( 'NONE', *, *, #760, .F. ) ;
#2110 = DIRECTION ( 'NONE',  ( 0.1583471095124988348, 0.9873835085259610178, 0.000000000000000000 ) ) ;
#2111 = EDGE_CURVE ( 'NONE', #1282, #1925, #845, .T. ) ;
#2112 = ADVANCED_FACE ( 'NONE', ( #1555 ), #3332, .T. ) ;
#2113 = CARTESIAN_POINT ( 'NONE',  ( 2.339382931423662271, 5.304599999999999760, 2.512649903424112097 ) ) ;
#2114 = LINE ( 'NONE', #1676, #2289 ) ;
#2115 = FACE_OUTER_BOUND ( 'NONE', #4230, .T. ) ;
#2116 = EDGE_CURVE ( 'NONE', #3675, #203, #2984, .T. ) ;
#2117 = CARTESIAN_POINT ( 'NONE',  ( 4.074194034103847173, 1.633388438049986124, 2.042499999999999538 ) ) ;
#2118 = CARTESIAN_POINT ( 'NONE',  ( -2.495550000000000601, 5.330000000000000071, -2.632550000000004609 ) ) ;
#2119 = SURFACE_SIDE_STYLE ('',( #3517 ) ) ;
#2120 = PLANE ( 'NONE',  #3779 ) ;
#2121 = VERTEX_POINT ( 'NONE', #88 ) ;
#2122 = FACE_OUTER_BOUND ( 'NONE', #2255, .T. ) ;
#2123 = ORIENTED_EDGE ( 'NONE', *, *, #3880, .T. ) ;
#2124 =( NAMED_UNIT ( * ) PLANE_ANGLE_UNIT ( ) SI_UNIT ( $, .RADIAN. ) );
#2125 = ORIENTED_EDGE ( 'NONE', *, *, #4489, .F. ) ;
#2126 = CARTESIAN_POINT ( 'NONE',  ( -3.341664254235964471, 3.205680000000123098, -2.810000000000000053 ) ) ;
#2127 = ORIENTED_EDGE ( 'NONE', *, *, #41, .F. ) ;
#2129 = FACE_OUTER_BOUND ( 'NONE', #4608, .T. ) ;
#2128 = CARTESIAN_POINT ( 'NONE',  ( -4.124659999999999549, 1.000000000000000000, 2.810000000000000053 ) ) ;
#2130 = ORIENTED_EDGE ( 'NONE', *, *, #3919, .F. ) ;
#2131 = EDGE_LOOP ( 'NONE', ( #2942, #432, #3299, #3098 ) ) ;
#2132 = DIRECTION ( 'NONE',  ( -0.000000000000000000, -0.000000000000000000, 1.000000000000000000 ) ) ;
#2133 = ORIENTED_EDGE ( 'NONE', *, *, #1507, .F. ) ;
#2134 = VECTOR ( 'NONE', #3393, 1000.000000000000000 ) ;
#2135 = DIRECTION ( 'NONE',  ( 0.9873835085259614619, 0.1583471095124970585, 0.000000000000000000 ) ) ;
#2136 = CARTESIAN_POINT ( 'NONE',  ( 0.000000000000000000, 5.330000000000000071, -2.632550000000004609 ) ) ;
#2137 = AXIS2_PLACEMENT_3D ( 'NONE', #2647, #4165, #4140 ) ;
#2138 = EDGE_CURVE ( 'NONE', #4132, #4116, #1198, .T. ) ;
#2139 = ADVANCED_FACE ( 'NONE', ( #3708 ), #135, .F. ) ;
#2140 = DIRECTION ( 'NONE',  ( -0.000000000000000000, 1.000000000000000000, -0.000000000000000000 ) ) ;
#2141 = ORIENTED_EDGE ( 'NONE', *, *, #552, .F. ) ;
#2142 = VECTOR ( 'NONE', #1685, 1000.000000000000000 ) ;
#2143 = DIRECTION ( 'NONE',  ( 0.000000000000000000, 1.000000000000000000, 0.000000000000000000 ) ) ;
#2144 = DIRECTION ( 'NONE',  ( -0.000000000000000000, -0.000000000000000000, 1.000000000000000000 ) ) ;
#2145 = DIRECTION ( 'NONE',  ( -0.1583471095124970307, -0.9873835085259613509, 0.000000000000000000 ) ) ;
#2146 = CARTESIAN_POINT ( 'NONE',  ( -4.124659999999997773, 1.000000000000000444, -2.042499999999999538 ) ) ;
#2147 = ADVANCED_FACE ( 'NONE', ( #2741 ), #4522, .T. ) ;
#2148 = VECTOR ( 'NONE', #4653, 1000.000000000000227 ) ;
#2149 = ORIENTED_EDGE ( 'NONE', *, *, #2997, .T. ) ;
#2150 = AXIS2_PLACEMENT_3D ( 'NONE', #2857, #2132, #3611 ) ;
#2151 = CARTESIAN_POINT ( 'NONE',  ( 0.000000000000000000, 5.304599999999999760, -2.632550000000004609 ) ) ;
#2152 = VECTOR ( 'NONE', #2294, 1000.000000000000000 ) ;
#2153 = ORIENTED_EDGE ( 'NONE', *, *, #2605, .T. ) ;
#2154 = LINE ( 'NONE', #21, #4315 ) ;
#2155 = AXIS2_PLACEMENT_3D ( 'NONE', #393, #2135, #2880 ) ;
#2156 = VERTEX_POINT ( 'NONE', #4462 ) ;
#2157 = AXIS2_PLACEMENT_3D ( 'NONE', #3933, #2204, #2831 ) ;
#2158 = AXIS2_PLACEMENT_3D ( 'NONE', #2423, #4487, #3161 ) ;
#2159 = DIRECTION ( 'NONE',  ( -0.000000000000000000, -0.000000000000000000, 1.000000000000000000 ) ) ;
#2160 = VERTEX_POINT ( 'NONE', #886 ) ;
#2162 = DIRECTION ( 'NONE',  ( 1.000000000000000000, 0.000000000000000000, 0.000000000000000000 ) ) ;
#2161 = DIRECTION ( 'NONE',  ( 0.000000000000000000, -1.000000000000000000, 0.000000000000000000 ) ) ;
#2163 = ORIENTED_EDGE ( 'NONE', *, *, #3659, .F. ) ;
#2164 = VECTOR ( 'NONE', #4654, 1000.000000000000000 ) ;
#2165 = EDGE_LOOP ( 'NONE', ( #612, #3466, #2569, #1595 ) ) ;
#2166 = DIRECTION ( 'NONE',  ( 1.219574997171545439E-15, 0.000000000000000000, 1.000000000000000000 ) ) ;
#2167 = ORIENTED_EDGE ( 'NONE', *, *, #118, .F. ) ;
#2168 = AXIS2_PLACEMENT_3D ( 'NONE', #4551, #243, #1328 ) ;
#2169 = CARTESIAN_POINT ( 'NONE',  ( -3.850340000000000096, 0.6800006613150175738, -2.042499999999999538 ) ) ;
#2170 = DIRECTION ( 'NONE',  ( 1.000000000000000000, 0.000000000000000000, 0.000000000000000000 ) ) ;
#2171 = CARTESIAN_POINT ( 'NONE',  ( 2.656502611444790940, 5.304599999999999760, -2.426457372864449624 ) ) ;
#2172 = ORIENTED_EDGE ( 'NONE', *, *, #1645, .T. ) ;
#2173 = CARTESIAN_POINT ( 'NONE',  ( -3.102959444200954486, 5.330000000000000071, -3.607573868596874789 ) ) ;
#2174 = CARTESIAN_POINT ( 'NONE',  ( -2.032000000000000028, 5.304599999999999760, -2.467450000000004806 ) ) ;
#2175 = DIRECTION ( 'NONE',  ( -0.000000000000000000, -0.000000000000000000, -1.000000000000000000 ) ) ;
#2176 = DIRECTION ( 'NONE',  ( 0.000000000000000000, 0.000000000000000000, 1.000000000000000000 ) ) ;
#2177 = EDGE_CURVE ( 'NONE', #4644, #1118, #124, .T. ) ;
#2178 = EDGE_CURVE ( 'NONE', #2681, #137, #1298, .T. ) ;
#2179 = DIRECTION ( 'NONE',  ( 0.000000000000000000, 0.000000000000000000, 1.000000000000000000 ) ) ;
#2180 = ORIENTED_EDGE ( 'NONE', *, *, #116, .T. ) ;
#2181 = FILL_AREA_STYLE ('',( #1746 ) ) ;
#2182 = ORIENTED_EDGE ( 'NONE', *, *, #2395, .F. ) ;
#2183 = EDGE_CURVE ( 'NONE', #3846, #3458, #1237, .T. ) ;
#2184 =( NAMED_UNIT ( * ) SI_UNIT ( $, .STERADIAN. ) SOLID_ANGLE_UNIT ( ) );
#2185 = ORIENTED_EDGE ( 'NONE', *, *, #2085, .T. ) ;
#2186 = DIRECTION ( 'NONE',  ( -2.626776916984868130E-15, 0.000000000000000000, -1.000000000000000000 ) ) ;
#2187 = EDGE_LOOP ( 'NONE', ( #3473, #2233, #1599, #1216 ) ) ;
#2188 = ORIENTED_EDGE ( 'NONE', *, *, #2678, .T. ) ;
#2189 = CYLINDRICAL_SURFACE ( 'NONE', #2150, 3.725680000000000991 ) ;
#2190 = DIRECTION ( 'NONE',  ( -0.000000000000000000, -0.9396926207859079838, -0.3420201433256698231 ) ) ;
#2191 = LINE ( 'NONE', #2632, #2594 ) ;
#2192 = CARTESIAN_POINT ( 'NONE',  ( -2.495549999999989055, 5.304599999999999760, 1.087893073498222629E-14 ) ) ;
#2193 = ORIENTED_EDGE ( 'NONE', *, *, #581, .T. ) ;
#2194 = CARTESIAN_POINT ( 'NONE',  ( 2.656502611444808259, 5.330000000000000071, 2.673542627135553129 ) ) ;
#2195 = DIRECTION ( 'NONE',  ( 1.000000000000000000, 0.000000000000000000, 0.000000000000000000 ) ) ;
#2196 = PLANE ( 'NONE',  #2810 ) ;
#2197 = LINE ( 'NONE', #400, #1107 ) ;
#2198 = ORIENTED_EDGE ( 'NONE', *, *, #2341, .T. ) ;
#2199 = EDGE_CURVE ( 'NONE', #537, #3650, #2695, .T. ) ;
#2200 = EDGE_LOOP ( 'NONE', ( #74, #1085, #4016, #2717 ) ) ;
#2201 = ADVANCED_FACE ( 'NONE', ( #3065 ), #3423, .F. ) ;
#2202 = LINE ( 'NONE', #2849, #496 ) ;
#2203 = VERTEX_POINT ( 'NONE', #1274 ) ;
#2205 = LINE ( 'NONE', #4343, #487 ) ;
#2204 = DIRECTION ( 'NONE',  ( 0.000000000000000000, 0.000000000000000000, 1.000000000000000000 ) ) ;
#2206 = EDGE_LOOP ( 'NONE', ( #745, #1797, #889, #4528 ) ) ;
#2207 = VERTEX_POINT ( 'NONE', #2764 ) ;
#2208 = EDGE_CURVE ( 'NONE', #3004, #2491, #2679, .T. ) ;
#2209 = DIRECTION ( 'NONE',  ( 0.1583471095124980021, 0.9873835085259612399, 0.000000000000000000 ) ) ;
#2210 = CARTESIAN_POINT ( 'NONE',  ( -3.163022930141338396, 3.405680000000123275, 2.042499999999999538 ) ) ;
#2211 = FACE_OUTER_BOUND ( 'NONE', #1038, .T. ) ;
#2212 = PLANE ( 'NONE',  #2980 ) ;
#2213 = VERTEX_POINT ( 'NONE', #4149 ) ;
#2214 = CARTESIAN_POINT ( 'NONE',  ( 3.850339999999999208, 2.559778827765737034E-18, -2.810000000000000053 ) ) ;
#2215 = DIRECTION ( 'NONE',  ( 1.000000000000000000, 8.285841104563521713E-18, 0.000000000000000000 ) ) ;
#2216 = FACE_OUTER_BOUND ( 'NONE', #1493, .T. ) ;
#2217 = AXIS2_PLACEMENT_3D ( 'NONE', #3857, #2778, #2390 ) ;
#2218 = DIRECTION ( 'NONE',  ( -0.000000000000000000, -0.000000000000000000, 1.000000000000000000 ) ) ;
#2219 = EDGE_LOOP ( 'NONE', ( #3968, #1311, #1414, #4088, #1358, #3429, #3236, #2130, #3832, #1918, #2834, #1901 ) ) ;
#2220 = AXIS2_PLACEMENT_3D ( 'NONE', #4184, #2385, #3754 ) ;
#2221 = AXIS2_PLACEMENT_3D ( 'NONE', #3465, #276, #1203 ) ;
#2222 = VECTOR ( 'NONE', #1027, 1000.000000000000000 ) ;
#2223 = VERTEX_POINT ( 'NONE', #3795 ) ;
#2224 = VECTOR ( 'NONE', #4504, 1000.000000000000000 ) ;
#2225 = AXIS2_PLACEMENT_3D ( 'NONE', #3696, #2664, #1920 ) ;
#2226 = PRESENTATION_STYLE_ASSIGNMENT (( #3295 ) ) ;
#2227 = ORIENTED_EDGE ( 'NONE', *, *, #1266, .F. ) ;
#2228 = ADVANCED_FACE ( 'NONE', ( #554 ), #4110, .T. ) ;
#2230 = CYLINDRICAL_SURFACE ( 'NONE', #3556, 0.3556000000000001937 ) ;
#2229 = PLANE ( 'NONE',  #1988 ) ;
#2231 = VERTEX_POINT ( 'NONE', #1654 ) ;
#2232 = VECTOR ( 'NONE', #3506, 1000.000000000000114 ) ;
#2233 = ORIENTED_EDGE ( 'NONE', *, *, #4507, .F. ) ;
#2234 = VECTOR ( 'NONE', #3883, 1000.000000000000000 ) ;
#2235 = LINE ( 'NONE', #1222, #4091 ) ;
#2236 = CLOSED_SHELL ( 'NONE', ( #4333, #318, #1260, #3734, #252, #3420, #3635, #2316, #4066, #3482, #3794, #548, #1886, #1866, #4196, #2737, #732, #4063 ) ) ;
#2237 = EDGE_CURVE ( 'NONE', #1409, #2121, #1681, .T. ) ;
#2238 = LINE ( 'NONE', #2631, #4470 ) ;
#2239 = EDGE_CURVE ( 'NONE', #3689, #2108, #2714, .T. ) ;
#2240 = CARTESIAN_POINT ( 'NONE',  ( -2.793999999999999595, 5.330000000000000071, -2.632550000000004609 ) ) ;
#2241 = CIRCLE ( 'NONE', #2537, 3.725680000000000991 ) ;
#2242 = ORIENTED_EDGE ( 'NONE', *, *, #1529, .F. ) ;
#2243 = VECTOR ( 'NONE', #776, 1000.000000000000000 ) ;
#2244 = VERTEX_POINT ( 'NONE', #1992 ) ;
#2245 = ADVANCED_FACE ( 'NONE', ( #3462 ), #926, .T. ) ;
#2246 = CARTESIAN_POINT ( 'NONE',  ( 2.169497388555174044, 5.304599999999999760, -2.673542627135591321 ) ) ;
#2247 = CARTESIAN_POINT ( 'NONE',  ( -2.032000000000000473, 5.330000000000000071, -2.632550000000004609 ) ) ;
#2248 = DIRECTION ( 'NONE',  ( 0.000000000000000000, 0.000000000000000000, 1.000000000000000000 ) ) ;
#2249 = ORIENTED_EDGE ( 'NONE', *, *, #1661, .T. ) ;
#2250 = DIRECTION ( 'NONE',  ( 1.000000000000000000, 0.000000000000000000, 0.000000000000000000 ) ) ;
#2251 = EDGE_LOOP ( 'NONE', ( #455, #4620, #3646, #4052 ) ) ;
#2252 = VERTEX_POINT ( 'NONE', #3113 ) ;
#2254 = PRESENTATION_STYLE_ASSIGNMENT (( #1535 ) ) ;
#2253 = DIRECTION ( 'NONE',  ( 1.000000000000000000, 0.000000000000000000, -0.000000000000000000 ) ) ;
#2255 = EDGE_LOOP ( 'NONE', ( #2088, #3204, #3776, #2539 ) ) ;
#2256 = ORIENTED_EDGE ( 'NONE', *, *, #2199, .F. ) ;
#2257 = DIRECTION ( 'NONE',  ( -8.673617379884031528E-16, -1.000000000000000000, 0.000000000000000000 ) ) ;
#2258 = LINE ( 'NONE', #101, #1690 ) ;
#2259 = CARTESIAN_POINT ( 'NONE',  ( -3.850340000000000096, 1.000000000000000000, 2.042499999999999538 ) ) ;
#2260 = ORIENTED_EDGE ( 'NONE', *, *, #528, .T. ) ;
#2261 = LINE ( 'NONE', #2673, #632 ) ;
#2262 = EDGE_CURVE ( 'NONE', #2830, #4474, #2311, .T. ) ;
#2263 = EDGE_CURVE ( 'NONE', #4092, #3689, #3083, .T. ) ;
#2264 = DIRECTION ( 'NONE',  ( -0.000000000000000000, -0.000000000000000000, -1.000000000000000000 ) ) ;
#2265 = CARTESIAN_POINT ( 'NONE',  ( -3.850339999999999652, -2.660000000000001030, -2.290000000000000036 ) ) ;
#2266 = ADVANCED_FACE ( 'NONE', ( #2398 ), #598, .T. ) ;
#2267 = PLANE ( 'NONE',  #505 ) ;
#2268 = LINE ( 'NONE', #2287, #425 ) ;
#2269 = VERTEX_POINT ( 'NONE', #2173 ) ;
#2270 = CYLINDRICAL_SURFACE ( 'NONE', #2310, 0.1905000000000001414 ) ;
#2271 = ORIENTED_EDGE ( 'NONE', *, *, #3101, .T. ) ;
#2273 = LINE ( 'NONE', #894, #2142 ) ;
#2272 = DIRECTION ( 'NONE',  ( -1.000000000000000000, 0.000000000000000000, 0.000000000000000000 ) ) ;
#2274 = VERTEX_POINT ( 'NONE', #2814 ) ;
#2275 = VERTEX_POINT ( 'NONE', #3492 ) ;
#2276 = DIRECTION ( 'NONE',  ( -2.626776916984868130E-15, 0.000000000000000000, -1.000000000000000000 ) ) ;
#2277 = LINE ( 'NONE', #3758, #4327 ) ;
#2278 = LINE ( 'NONE', #212, #4521 ) ;
#2279 = ORIENTED_EDGE ( 'NONE', *, *, #2917, .F. ) ;
#2280 = DIRECTION ( 'NONE',  ( -3.414809992080329122E-15, 0.000000000000000000, -1.000000000000000000 ) ) ;
#2281 = DIRECTION ( 'NONE',  ( -0.000000000000000000, -1.000000000000000000, 0.000000000000000000 ) ) ;
#2282 = LINE ( 'NONE', #640, #1089 ) ;
#2283 = EDGE_CURVE ( 'NONE', #1063, #4292, #3870, .T. ) ;
#2284 = EDGE_CURVE ( 'NONE', #141, #680, #4628, .T. ) ;
#2285 = AXIS2_PLACEMENT_3D ( 'NONE', #1986, #2032, #1652 ) ;
#2286 = CARTESIAN_POINT ( 'NONE',  ( 0.1246599999999993963, 1.000000000000000000, -2.042499999999999538 ) ) ;
#2287 = CARTESIAN_POINT ( 'NONE',  ( -2.495549999999999713, 5.304599999999999760, -2.467450000000003030 ) ) ;
#2288 = ADVANCED_FACE ( 'NONE', ( #649 ), #4276, .F. ) ;
#2289 = VECTOR ( 'NONE', #4571, 1000.000000000000000 ) ;
#2290 = ORIENTED_EDGE ( 'NONE', *, *, #3365, .T. ) ;
#2291 = VECTOR ( 'NONE', #158, 1000.000000000000000 ) ;
#2292 = PRESENTATION_LAYER_ASSIGNMENT (  '', '', ( #2059 ) ) ;
#2293 = ORIENTED_EDGE ( 'NONE', *, *, #2940, .T. ) ;
#2295 = FACE_OUTER_BOUND ( 'NONE', #3520, .T. ) ;
#2294 = DIRECTION ( 'NONE',  ( 0.6897911962709469824, 0.000000000000000000, -0.7240083601361906318 ) ) ;
#2296 = EDGE_CURVE ( 'NONE', #4292, #4612, #3395, .T. ) ;
#2297 = ORIENTED_EDGE ( 'NONE', *, *, #2016, .T. ) ;
#2298 = DIRECTION ( 'NONE',  ( 0.000000000000000000, 0.000000000000000000, 1.000000000000000000 ) ) ;
#2299 = VECTOR ( 'NONE', #3815, 1000.000000000000000 ) ;
#2300 = CIRCLE ( 'NONE', #2891, 0.2000000000000035638 ) ;
#2301 = CARTESIAN_POINT ( 'NONE',  ( 2.300902611444789692, 5.304599999999999760, -2.811466219741534545 ) ) ;
#2302 = DIRECTION ( 'NONE',  ( 0.6897911962709534217, 0.000000000000000000, -0.7240083601361844146 ) ) ;
#2303 = CIRCLE ( 'NONE', #864, 0.3556000000000001937 ) ;
#2304 = VERTEX_POINT ( 'NONE', #4652 ) ;
#2305 = VECTOR ( 'NONE', #282, 1000.000000000000000 ) ;
#2306 = DIRECTION ( 'NONE',  ( 1.000000000000000000, 8.285841104563521713E-18, 0.000000000000000000 ) ) ;
#2307 = VECTOR ( 'NONE', #1823, 1000.000000000000000 ) ;
#2308 = AXIS2_PLACEMENT_3D ( 'NONE', #1958, #3678, #3352 ) ;
#2309 = CARTESIAN_POINT ( 'NONE',  ( -3.097066807085458340, 5.464963578955314816, -4.079566807085458713 ) ) ;
#2310 = AXIS2_PLACEMENT_3D ( 'NONE', #92, #2399, #3444 ) ;
#2311 = LINE ( 'NONE', #2014, #818 ) ;
#2312 = VECTOR ( 'NONE', #1591, 999.9999999999998863 ) ;
#2313 = ORIENTED_EDGE ( 'NONE', *, *, #3069, .T. ) ;
#2314 = ORIENTED_EDGE ( 'NONE', *, *, #1012, .T. ) ;
#2315 = EDGE_CURVE ( 'NONE', #2086, #2252, #2448, .T. ) ;
#2316 = ADVANCED_FACE ( 'NONE', ( #4596 ), #273, .F. ) ;
#2317 = ORIENTED_EDGE ( 'NONE', *, *, #4567, .T. ) ;
#2319 = FACE_OUTER_BOUND ( 'NONE', #1865, .T. ) ;
#2318 = CARTESIAN_POINT ( 'NONE',  ( -2.031999999999993367, 5.304599999999999760, 5.337610695313234818E-15 ) ) ;
#2320 = ORIENTED_EDGE ( 'NONE', *, *, #843, .T. ) ;
#2321 = CARTESIAN_POINT ( 'NONE',  ( 2.414787137949123252, 5.330000000000000071, -2.931000000000021366 ) ) ;
#2322 = EDGE_CURVE ( 'NONE', #2459, #2492, #15, .T. ) ;
#2323 = FACE_OUTER_BOUND ( 'NONE', #4604, .T. ) ;
#2324 = CARTESIAN_POINT ( 'NONE',  ( -3.850340000000000096, 1.000000000000000000, -2.042499999999999538 ) ) ;
#2325 = ORIENTED_EDGE ( 'NONE', *, *, #1512, .F. ) ;
#2326 = PLANE ( 'NONE',  #2530 ) ;
#2327 = ORIENTED_EDGE ( 'NONE', *, *, #827, .T. ) ;
#2328 = CARTESIAN_POINT ( 'NONE',  ( -2.330449999999993249, 5.330000000000000071, 9.284384603717507378E-15 ) ) ;
#2329 = DIRECTION ( 'NONE',  ( 0.000000000000000000, -0.04361938736533306493, 0.9990482215818579093 ) ) ;
#2330 = ORIENTED_EDGE ( 'NONE', *, *, #6, .F. ) ;
#2331 = ORIENTED_EDGE ( 'NONE', *, *, #4410, .T. ) ;
#2332 = CARTESIAN_POINT ( 'NONE',  ( 4.124660000000001325, 1.000000000000000000, -2.042499999999999538 ) ) ;
#2333 = ORIENTED_EDGE ( 'NONE', *, *, #1528, .F. ) ;
#2334 = PLANE ( 'NONE',  #2220 ) ;
#2335 = EDGE_CURVE ( 'NONE', #325, #4579, #2840, .T. ) ;
#2336 = EDGE_CURVE ( 'NONE', #1343, #2988, #1429, .T. ) ;
#2337 = ORIENTED_EDGE ( 'NONE', *, *, #4062, .F. ) ;
#2338 = CARTESIAN_POINT ( 'NONE',  ( 2.300902611444806567, 5.330000000000000071, 2.288533780258464656 ) ) ;
#2339 = CARTESIAN_POINT ( 'NONE',  ( -3.175000000000000266, 3.680000000000123173, -3.057499999999999662 ) ) ;
#2340 = CARTESIAN_POINT ( 'NONE',  ( 2.525097388555192612, 5.304599999999999760, 2.811466219741497241 ) ) ;
#2341 = EDGE_CURVE ( 'NONE', #2428, #2844, #1220, .T. ) ;
#2342 = ORIENTED_EDGE ( 'NONE', *, *, #3788, .T. ) ;
#2343 = CARTESIAN_POINT ( 'NONE',  ( -3.341664254235964471, 0.000000000000000000, -2.810000000000000053 ) ) ;
#2344 = DIRECTION ( 'NONE',  ( 0.000000000000000000, 1.000000000000000000, 0.000000000000000000 ) ) ;
#2345 = EDGE_CURVE ( 'NONE', #2203, #1499, #3020, .T. ) ;
#2346 = CARTESIAN_POINT ( 'NONE',  ( -3.850339999999999652, 0.000000000000000000, 3.057499999999999662 ) ) ;
#2347 = LINE ( 'NONE', #3314, #2373 ) ;
#2348 = DIRECTION ( 'NONE',  ( -0.000000000000000000, 1.000000000000000000, -0.000000000000000000 ) ) ;
#2349 = ORIENTED_EDGE ( 'NONE', *, *, #91, .F. ) ;
#2350 = AXIS2_PLACEMENT_3D ( 'NONE', #2524, #2093, #2477 ) ;
#2351 = PLANE ( 'NONE',  #4320 ) ;
#2352 = ORIENTED_EDGE ( 'NONE', *, *, #509, .T. ) ;
#2353 = CARTESIAN_POINT ( 'NONE',  ( 3.850340000000000096, 1.000000000000000000, 3.057499999999999662 ) ) ;
#2354 = AXIS2_PLACEMENT_3D ( 'NONE', #2548, #1880, #4418 ) ;
#2355 = ORIENTED_EDGE ( 'NONE', *, *, #2046, .T. ) ;
#2356 = DIRECTION ( 'NONE',  ( 1.000000000000000000, 0.000000000000000000, -0.000000000000000000 ) ) ;
#2357 = VECTOR ( 'NONE', #394, 1000.000000000000000 ) ;
#2358 = DIRECTION ( 'NONE',  ( -0.000000000000000000, -0.000000000000000000, -1.000000000000000000 ) ) ;
#2360 = DIRECTION ( 'NONE',  ( 0.6897911962709443179, 0.000000000000000000, -0.7240083601361931853 ) ) ;
#2359 = CARTESIAN_POINT ( 'NONE',  ( -1.139495826588046698E-14, 5.304599999999999760, -2.169000000000016026 ) ) ;
#2361 = ORIENTED_EDGE ( 'NONE', *, *, #1913, .F. ) ;
#2362 = AXIS2_PLACEMENT_3D ( 'NONE', #2604, #2873, #2162 ) ;
#2363 = VECTOR ( 'NONE', #2983, 1000.000000000000000 ) ;
#2364 = LINE ( 'NONE', #3104, #4243 ) ;
#2365 = ORIENTED_EDGE ( 'NONE', *, *, #1938, .F. ) ;
#2366 = EDGE_CURVE ( 'NONE', #1424, #1411, #674, .T. ) ;
#2367 = ADVANCED_FACE ( 'NONE', ( #1452 ), #4199, .T. ) ;
#2368 = AXIS2_PLACEMENT_3D ( 'NONE', #1432, #1106, #2843 ) ;
#2369 = CARTESIAN_POINT ( 'NONE',  ( -4.124659999999999549, 4.336808689942017736E-16, 2.290000000000000036 ) ) ;
#2370 = VECTOR ( 'NONE', #3475, 1000.000000000000000 ) ;
#2371 = CARTESIAN_POINT ( 'NONE',  ( -3.341664254235964471, 0.000000000000000000, -2.290000000000000036 ) ) ;
#2372 = AXIS2_PLACEMENT_3D ( 'NONE', #4211, #4164, #1341 ) ;
#2373 = VECTOR ( 'NONE', #2036, 1000.000000000000000 ) ;
#2374 = CLOSED_SHELL ( 'NONE', ( #2702, #1355, #1503, #4509, #2139, #1288, #3535, #405 ) ) ;
#2375 = EDGE_CURVE ( 'NONE', #3005, #948, #3135, .T. ) ;
#2376 = CARTESIAN_POINT ( 'NONE',  ( 3.341664254235964471, 3.680000000000123173, -2.290000000000000036 ) ) ;
#2377 = CARTESIAN_POINT ( 'NONE',  ( -7.170955672305227544E-15, 5.304599999999999760, -2.467450000000010135 ) ) ;
#2378 = LINE ( 'NONE', #4129, #561 ) ;
#2379 = VECTOR ( 'NONE', #676, 1000.000000000000000 ) ;
#2380 = CIRCLE ( 'NONE', #1379, 0.4743200000000002969 ) ;
#2381 = ORIENTED_EDGE ( 'NONE', *, *, #2878, .T. ) ;
#2382 = AXIS2_PLACEMENT_3D ( 'NONE', #3265, #1888, #47 ) ;
#2383 = DIRECTION ( 'NONE',  ( 0.1583471095124988348, -0.9873835085259610178, 0.000000000000000000 ) ) ;
#2384 = EDGE_LOOP ( 'NONE', ( #2487, #3563, #531, #1467 ) ) ;
#2385 = DIRECTION ( 'NONE',  ( 0.000000000000000000, -1.000000000000000000, 0.000000000000000000 ) ) ;
#2386 = EDGE_LOOP ( 'NONE', ( #2469, #695, #3013, #1564 ) ) ;
#2387 = CARTESIAN_POINT ( 'NONE',  ( -2.793999999999999595, 5.304599999999999760, -2.467450000000002142 ) ) ;
#2388 = CARTESIAN_POINT ( 'NONE',  ( -2.330449999999993249, 5.304599999999999760, 9.284384603717507378E-15 ) ) ;
#2390 = DIRECTION ( 'NONE',  ( 1.000000000000000000, 0.000000000000000000, -2.626776916984874047E-15 ) ) ;
#2389 = CARTESIAN_POINT ( 'NONE',  ( 3.341664254235964471, 3.205680000000123098, 2.290000000000000036 ) ) ;
#2391 = ORIENTED_EDGE ( 'NONE', *, *, #4357, .F. ) ;
#2392 = LINE ( 'NONE', #289, #1232 ) ;
#2393 = CARTESIAN_POINT ( 'NONE',  ( 3.539140955941163735, 3.237349421902623092, -2.290000000000000036 ) ) ;
#2394 = DIRECTION ( 'NONE',  ( -1.184920407087982840E-16, 1.000000000000000000, 0.000000000000000000 ) ) ;
#2395 = EDGE_CURVE ( 'NONE', #4382, #1417, #1051, .T. ) ;
#2396 = EDGE_CURVE ( 'NONE', #2684, #976, #1370, .T. ) ;
#2397 = CARTESIAN_POINT ( 'NONE',  ( 3.341664254235964471, 3.680000000000123173, -3.057499999999999662 ) ) ;
#2398 = FACE_OUTER_BOUND ( 'NONE', #1769, .T. ) ;
#2399 = DIRECTION ( 'NONE',  ( -0.000000000000000000, 1.000000000000000000, -0.000000000000000000 ) ) ;
#2400 =( NAMED_UNIT ( * ) SI_UNIT ( $, .STERADIAN. ) SOLID_ANGLE_UNIT ( ) );
#2401 = DIRECTION ( 'NONE',  ( 0.000000000000000000, 0.000000000000000000, 1.000000000000000000 ) ) ;
#2402 = EDGE_CURVE ( 'NONE', #1939, #281, #4575, .T. ) ;
#2403 = VERTEX_POINT ( 'NONE', #350 ) ;
#2404 = PLANE ( 'NONE',  #710 ) ;
#2405 = ORIENTED_EDGE ( 'NONE', *, *, #3603, .T. ) ;
#2406 = CARTESIAN_POINT ( 'NONE',  ( 2.169497388555191364, 5.304599999999999760, 2.426457372864411433 ) ) ;
#2407 = ORIENTED_EDGE ( 'NONE', *, *, #297, .T. ) ;
#2408 = FACE_OUTER_BOUND ( 'NONE', #765, .T. ) ;
#2409 = DIRECTION ( 'NONE',  ( -3.983944990760383515E-15, 0.000000000000000000, -1.000000000000000000 ) ) ;
#2410 = VERTEX_POINT ( 'NONE', #1794 ) ;
#2412 = DIRECTION ( 'NONE',  ( 1.000000000000000000, 0.000000000000000000, 0.000000000000000000 ) ) ;
#2411 = CYLINDRICAL_SURFACE ( 'NONE', #255, 3.725680000000000991 ) ;
#2413 = ORIENTED_EDGE ( 'NONE', *, *, #1381, .F. ) ;
#2414 = CARTESIAN_POINT ( 'NONE',  ( -3.341664254235964471, 3.205680000000123098, -2.290000000000000036 ) ) ;
#2415 = ORIENTED_EDGE ( 'NONE', *, *, #980, .F. ) ;
#2416 = LINE ( 'NONE', #2393, #1091 ) ;
#2417 = CARTESIAN_POINT ( 'NONE',  ( -3.809999999999999165, 3.280787200984090823, 2.042499999999999538 ) ) ;
#2418 = LINE ( 'NONE', #620, #1691 ) ;
#2419 = EDGE_CURVE ( 'NONE', #3912, #4043, #1073, .T. ) ;
#2420 = DIRECTION ( 'NONE',  ( 0.000000000000000000, 1.000000000000000000, 0.000000000000000000 ) ) ;
#2421 = CARTESIAN_POINT ( 'NONE',  ( -3.809999999999999165, 3.280787200984090823, -3.057499999999999662 ) ) ;
#2422 = DIRECTION ( 'NONE',  ( 1.000000000000000000, 0.000000000000000000, 0.000000000000000000 ) ) ;
#2423 = CARTESIAN_POINT ( 'NONE',  ( 0.000000000000000000, 5.304599999999999760, 0.000000000000000000 ) ) ;
#2424 = ORIENTED_EDGE ( 'NONE', *, *, #644, .T. ) ;
#2425 = EDGE_CURVE ( 'NONE', #1424, #1315, #752, .T. ) ;
#2426 = EDGE_CURVE ( 'NONE', #849, #2684, #546, .T. ) ;
#2427 = CARTESIAN_POINT ( 'NONE',  ( -2.495550000000001933, 5.304599999999999760, -2.931000000000003158 ) ) ;
#2428 = VERTEX_POINT ( 'NONE', #2619 ) ;
#2429 = DIRECTION ( 'NONE',  ( -8.673617379884035472E-16, -1.000000000000000000, 0.000000000000000000 ) ) ;
#2430 = EDGE_LOOP ( 'NONE', ( #877, #1845, #4514, #3449 ) ) ;
#2431 = LINE ( 'NONE', #4186, #3950 ) ;
#2432 = ADVANCED_FACE ( 'NONE', ( #84 ), #3993, .F. ) ;
#2433 = AXIS2_PLACEMENT_3D ( 'NONE', #376, #1405, #2784 ) ;
#2434 = LINE ( 'NONE', #3433, #643 ) ;
#2435 = VERTEX_POINT ( 'NONE', #3358 ) ;
#2437 = DIRECTION ( 'NONE',  ( 0.000000000000000000, 0.000000000000000000, -1.000000000000000000 ) ) ;
#2436 = DIRECTION ( 'NONE',  ( -1.000000000000000000, 0.000000000000000000, 0.000000000000000000 ) ) ;
#2438 = VERTEX_POINT ( 'NONE', #448 ) ;
#2439 = CARTESIAN_POINT ( 'NONE',  ( 4.124660000000001325, 1.000000000000000000, 2.042499999999999538 ) ) ;
#2440 = CIRCLE ( 'NONE', #404, 4.000000000000001776 ) ;
#2441 = LINE ( 'NONE', #968, #4397 ) ;
#2442 = LINE ( 'NONE', #2475, #781 ) ;
#2443 = AXIS2_PLACEMENT_3D ( 'NONE', #4206, #4558, #3824 ) ;
#2444 = AXIS2_PLACEMENT_3D ( 'NONE', #685, #3149, #4642 ) ;
#2445 = LINE ( 'NONE', #1349, #3108 ) ;
#2446 = AXIS2_PLACEMENT_3D ( 'NONE', #3261, #1453, #109 ) ;
#2447 = VECTOR ( 'NONE', #3631, 1000.000000000000000 ) ;
#2448 = LINE ( 'NONE', #3515, #1973 ) ;
#2449 = LINE ( 'NONE', #995, #4154 ) ;
#2450 = DIRECTION ( 'NONE',  ( -0.9990482215818579093, -0.04361938736533250982, 0.000000000000000000 ) ) ;
#2451 = DIRECTION ( 'NONE',  ( -0.000000000000000000, 1.000000000000000000, -0.000000000000000000 ) ) ;
#2452 = LINE ( 'NONE', #2097, #3705 ) ;
#2453 = VECTOR ( 'NONE', #1750, 1000.000000000000227 ) ;
#2454 = AXIS2_PLACEMENT_3D ( 'NONE', #2089, #3132, #1732 ) ;
#2455 = AXIS2_PLACEMENT_3D ( 'NONE', #1180, #869, #2938 ) ;
#2456 = ORIENTED_EDGE ( 'NONE', *, *, #2419, .F. ) ;
#2457 = LINE ( 'NONE', #1771, #2743 ) ;
#2458 =( GEOMETRIC_REPRESENTATION_CONTEXT ( 3 ) GLOBAL_UNCERTAINTY_ASSIGNED_CONTEXT ( ( #296 ) ) GLOBAL_UNIT_ASSIGNED_CONTEXT ( ( #1037, #386, #1391 ) ) REPRESENTATION_CONTEXT ( 'NONE', 'WORKASPACE' ) );
#2459 = VERTEX_POINT ( 'NONE', #2636 ) ;
#2460 = EDGE_CURVE ( 'NONE', #4043, #3808, #1482, .T. ) ;
#2461 = ORIENTED_EDGE ( 'NONE', *, *, #4013, .T. ) ;
#2462 = EDGE_CURVE ( 'NONE', #4116, #4480, #1929, .T. ) ;
#2463 = AXIS2_PLACEMENT_3D ( 'NONE', #3521, #4229, #1003 ) ;
#2464 = LINE ( 'NONE', #1010, #2234 ) ;
#2465 = CARTESIAN_POINT ( 'NONE',  ( 3.803334990045005082, 1.589950658968517949, 2.042499999999999538 ) ) ;
#2466 = ORIENTED_EDGE ( 'NONE', *, *, #3763, .F. ) ;
#2468 = DIRECTION ( 'NONE',  ( -0.000000000000000000, -0.000000000000000000, -1.000000000000000000 ) ) ;
#2467 = CARTESIAN_POINT ( 'NONE',  ( 3.341664254235964471, 3.205680000000123098, 2.042499999999999538 ) ) ;
#2469 = ORIENTED_EDGE ( 'NONE', *, *, #1189, .F. ) ;
#2470 = ORIENTED_EDGE ( 'NONE', *, *, #324, .F. ) ;
#2471 = EDGE_CURVE ( 'NONE', #1704, #2533, #1521, .T. ) ;
#2472 = CARTESIAN_POINT ( 'NONE',  ( -2.495550000000001933, 5.304599999999999760, -2.931000000000003158 ) ) ;
#2473 = ORIENTED_EDGE ( 'NONE', *, *, #2315, .F. ) ;
#2474 = DIRECTION ( 'NONE',  ( 0.000000000000000000, 1.000000000000000000, -0.000000000000000000 ) ) ;
#2475 = CARTESIAN_POINT ( 'NONE',  ( -7.699083143682673177E-15, 5.330000000000000071, -2.931000000000009376 ) ) ;
#2476 = PLANE ( 'NONE',  #3722 ) ;
#2477 = DIRECTION ( 'NONE',  ( 1.000000000000000000, 0.000000000000000000, 0.000000000000000000 ) ) ;
#2478 = CARTESIAN_POINT ( 'NONE',  ( -3.341664254235964471, 3.205680000000123098, 2.042499999999999538 ) ) ;
#2479 = LINE ( 'NONE', #3217, #4035 ) ;
#2480 = CARTESIAN_POINT ( 'NONE',  ( 4.074194034103847173, 1.633388438049986124, -2.042499999999999538 ) ) ;
#2481 = ORIENTED_EDGE ( 'NONE', *, *, #4461, .T. ) ;
#2482 = LINE ( 'NONE', #3543, #3116 ) ;
#2483 = EDGE_LOOP ( 'NONE', ( #62, #4537, #506, #3172 ) ) ;
#2484 = FACE_OUTER_BOUND ( 'NONE', #1193, .T. ) ;
#2485 = VERTEX_POINT ( 'NONE', #1837 ) ;
#2486 = CARTESIAN_POINT ( 'NONE',  ( 0.000000000000000000, 5.330000000000000071, 0.000000000000000000 ) ) ;
#2487 = ORIENTED_EDGE ( 'NONE', *, *, #1998, .T. ) ;
#2488 = ADVANCED_FACE ( 'NONE', ( #3617 ), #2955, .F. ) ;
#2490 = DIRECTION ( 'NONE',  ( -0.9990482215818579093, -0.04361938736533250982, 0.000000000000000000 ) ) ;
#2489 = CARTESIAN_POINT ( 'NONE',  ( -2.031999999999993367, 5.304599999999999760, 5.337610695313234818E-15 ) ) ;
#2491 = VERTEX_POINT ( 'NONE', #1145 ) ;
#2492 = VERTEX_POINT ( 'NONE', #1903 ) ;
#2493 = CARTESIAN_POINT ( 'NONE',  ( -2.330449999999992805, 5.304599999999999760, 6.772803358334958500E-15 ) ) ;
#2494 = ORIENTED_EDGE ( 'NONE', *, *, #4227, .T. ) ;
#2495 = LINE ( 'NONE', #215, #1855 ) ;
#2496 = EDGE_CURVE ( 'NONE', #1118, #3663, #2913, .T. ) ;
#2497 = CARTESIAN_POINT ( 'NONE',  ( -2.793999999999999595, 5.304599999999999760, -2.632550000000004609 ) ) ;
#2498 = EDGE_CURVE ( 'NONE', #2108, #1258, #4046, .T. ) ;
#2499 = CARTESIAN_POINT ( 'NONE',  ( 2.169497388555191364, 5.330000000000000071, 2.426457372864411433 ) ) ;
#2500 = LINE ( 'NONE', #1682, #106 ) ;
#2501 = PLANE ( 'NONE',  #119 ) ;
#2502 = CARTESIAN_POINT ( 'NONE',  ( 3.850339999999999652, -2.660000000000001030, -2.290000000000000036 ) ) ;
#2503 = ORIENTED_EDGE ( 'NONE', *, *, #4547, .T. ) ;
#2504 = DIRECTION ( 'NONE',  ( 1.000000000000000000, -0.000000000000000000, -0.000000000000000000 ) ) ;
#2505 = ORIENTED_EDGE ( 'NONE', *, *, #1109, .T. ) ;
#2506 = ORIENTED_EDGE ( 'NONE', *, *, #4354, .T. ) ;
#2507 = FACE_OUTER_BOUND ( 'NONE', #1239, .T. ) ;
#2508 = VERTEX_POINT ( 'NONE', #4064 ) ;
#2510 = DIRECTION ( 'NONE',  ( 0.000000000000000000, 1.000000000000000000, 0.000000000000000000 ) ) ;
#2509 = LINE ( 'NONE', #2128, #1387 ) ;
#2511 = ORIENTED_EDGE ( 'NONE', *, *, #3337, .F. ) ;
#2512 = ORIENTED_EDGE ( 'NONE', *, *, #2578, .T. ) ;
#2513 = DIRECTION ( 'NONE',  ( 0.000000000000000000, 1.000000000000000000, 0.000000000000000000 ) ) ;
#2514 = EDGE_LOOP ( 'NONE', ( #3367, #2542, #1974, #3214 ) ) ;
#2515 = VECTOR ( 'NONE', #2713, 1000.000000000000114 ) ;
#2516 = DIRECTION ( 'NONE',  ( -0.000000000000000000, -0.000000000000000000, -1.000000000000000000 ) ) ;
#2517 = CARTESIAN_POINT ( 'NONE',  ( -3.850339999999999652, -2.660000000000001030, -2.290000000000000036 ) ) ;
#2518 = CIRCLE ( 'NONE', #1153, 0.2000000000000035638 ) ;
#2519 = LINE ( 'NONE', #2883, #497 ) ;
#2520 = EDGE_CURVE ( 'NONE', #1143, #2954, #1104, .T. ) ;
#2521 = EDGE_CURVE ( 'NONE', #1362, #1912, #1884, .T. ) ;
#2522 = VERTEX_POINT ( 'NONE', #825 ) ;
#2523 = PRODUCT_DEFINITION_FORMATION_WITH_SPECIFIED_SOURCE ( 'ANY', '', #1008, .NOT_KNOWN. ) ;
#2524 = CARTESIAN_POINT ( 'NONE',  ( 0.000000000000000000, 5.330000000000000071, 4.085459444200953527 ) ) ;
#2525 = CARTESIAN_POINT ( 'NONE',  ( 3.341664254235964471, 0.000000000000000000, -2.810000000000000053 ) ) ;
#2526 = CARTESIAN_POINT ( 'NONE',  ( -3.850340000000000096, -8.673617379884035472E-16, -2.290000000000000036 ) ) ;
#2527 = DIRECTION ( 'NONE',  ( 1.000000000000000000, 0.000000000000000000, -2.626776916984868130E-15 ) ) ;
#2528 = VECTOR ( 'NONE', #351, 1000.000000000000114 ) ;
#2529 = EDGE_CURVE ( 'NONE', #3022, #656, #1125, .T. ) ;
#2530 = AXIS2_PLACEMENT_3D ( 'NONE', #530, #1962, #919 ) ;
#2531 = DIRECTION ( 'NONE',  ( -0.000000000000000000, 1.000000000000000000, -0.000000000000000000 ) ) ;
#2532 = VECTOR ( 'NONE', #3173, 1000.000000000000114 ) ;
#2533 = VERTEX_POINT ( 'NONE', #44 ) ;
#2534 = AXIS2_PLACEMENT_3D ( 'NONE', #1096, #1473, #2908 ) ;
#2535 = CIRCLE ( 'NONE', #802, 0.1905000000000001414 ) ;
#2536 = EDGE_LOOP ( 'NONE', ( #4309, #4449, #3544, #3670 ) ) ;
#2537 = AXIS2_PLACEMENT_3D ( 'NONE', #2751, #308, #1666 ) ;
#2538 =( NAMED_UNIT ( * ) PLANE_ANGLE_UNIT ( ) SI_UNIT ( $, .RADIAN. ) );
#2539 = ORIENTED_EDGE ( 'NONE', *, *, #2116, .F. ) ;
#2541 = DIRECTION ( 'NONE',  ( 0.000000000000000000, 1.000000000000000000, 0.000000000000000000 ) ) ;
#2540 = DIRECTION ( 'NONE',  ( -5.812442539711223044E-15, 0.000000000000000000, -1.000000000000000000 ) ) ;
#2542 = ORIENTED_EDGE ( 'NONE', *, *, #2678, .F. ) ;
#2543 = ORIENTED_EDGE ( 'NONE', *, *, #3246, .T. ) ;
#2544 = LINE ( 'NONE', #4365, #3183 ) ;
#2545 = VERTEX_POINT ( 'NONE', #2214 ) ;
#2546 = VECTOR ( 'NONE', #1255, 1000.000000000000000 ) ;
#2547 = CARTESIAN_POINT ( 'NONE',  ( -3.341664254235964471, 3.205680000000123098, 3.057499999999999662 ) ) ;
#2548 = CARTESIAN_POINT ( 'NONE',  ( 2.656502611444790940, 5.330000000000000071, -2.426457372864449624 ) ) ;
#2549 = DIRECTION ( 'NONE',  ( 0.000000000000000000, 1.000000000000000000, 0.000000000000000000 ) ) ;
#2550 = ORIENTED_EDGE ( 'NONE', *, *, #3740, .F. ) ;
#2551 = DIRECTION ( 'NONE',  ( -1.000000000000000000, 0.000000000000000000, 0.000000000000000000 ) ) ;
#2552 = LINE ( 'NONE', #3290, #1229 ) ;
#2553 = EDGE_CURVE ( 'NONE', #4043, #396, #3640, .T. ) ;
#2554 = PLANE ( 'NONE',  #3560 ) ;
#2555 = EDGE_CURVE ( 'NONE', #2244, #4265, #3289, .T. ) ;
#2556 = CARTESIAN_POINT ( 'NONE',  ( 2.486617068576320033, 5.304599999999999760, -2.512649903424150288 ) ) ;
#2557 = ORIENTED_EDGE ( 'NONE', *, *, #2635, .T. ) ;
#2558 = ADVANCED_FACE ( 'NONE', ( #107 ), #1552, .T. ) ;
#2559 = ORIENTED_EDGE ( 'NONE', *, *, #2183, .T. ) ;
#2560 = ORIENTED_EDGE ( 'NONE', *, *, #4007, .T. ) ;
#2562 = SURFACE_STYLE_FILL_AREA ( #1895 ) ;
#2561 = LINE ( 'NONE', #4310, #4093 ) ;
#2563 = ORIENTED_EDGE ( 'NONE', *, *, #1210, .T. ) ;
#2564 = ORIENTED_EDGE ( 'NONE', *, *, #3598, .T. ) ;
#2565 = CARTESIAN_POINT ( 'NONE',  ( -2.330449999999992805, 5.304599999999999760, 6.772803358334958500E-15 ) ) ;
#2566 = CARTESIAN_POINT ( 'NONE',  ( -2.330449999999999910, 5.304599999999999760, -2.632550000000004609 ) ) ;
#2567 = DIRECTION ( 'NONE',  ( 1.000000000000000000, -0.000000000000000000, -0.000000000000000000 ) ) ;
#2568 = PLANE ( 'NONE',  #1982 ) ;
#2569 = ORIENTED_EDGE ( 'NONE', *, *, #973, .F. ) ;
#2570 = DIRECTION ( 'NONE',  ( 1.000000000000000000, 0.000000000000000000, -2.906221269855598900E-15 ) ) ;
#2571 = CARTESIAN_POINT ( 'NONE',  ( -0.1246599999999993963, 1.000000000000000000, -3.057499999999999662 ) ) ;
#2572 = PLANE ( 'NONE',  #1540 ) ;
#2573 = ADVANCED_FACE ( 'NONE', ( #950 ), #4518, .F. ) ;
#2574 = ADVANCED_FACE ( 'NONE', ( #3064 ), #2650, .T. ) ;
#2575 = CARTESIAN_POINT ( 'NONE',  ( -2.330449999999999910, 5.304599999999999760, -2.467450000000003918 ) ) ;
#2576 = ORIENTED_EDGE ( 'NONE', *, *, #3254, .T. ) ;
#2577 = ORIENTED_EDGE ( 'NONE', *, *, #785, .T. ) ;
#2578 = EDGE_CURVE ( 'NONE', #2003, #2275, #4176, .T. ) ;
#2579 = EDGE_CURVE ( 'NONE', #2435, #225, #574, .T. ) ;
#2580 = ORIENTED_EDGE ( 'NONE', *, *, #2283, .F. ) ;
#2582 = CARTESIAN_POINT ( 'NONE',  ( -2.330449999999981259, 5.304599999999999760, 2.930999999999999162 ) ) ;
#2581 = DIRECTION ( 'NONE',  ( 0.7240083601361931853, 0.000000000000000000, 0.6897911962709443179 ) ) ;
#2583 = ORIENTED_EDGE ( 'NONE', *, *, #3817, .T. ) ;
#2584 = ORIENTED_EDGE ( 'NONE', *, *, #6, .T. ) ;
#2585 = CARTESIAN_POINT ( 'NONE',  ( -4.124659999999999549, 1.000000000000000000, 2.290000000000000036 ) ) ;
#2586 = EDGE_CURVE ( 'NONE', #3554, #4557, #1231, .T. ) ;
#2587 = DIRECTION ( 'NONE',  ( 0.000000000000000000, 0.000000000000000000, -1.000000000000000000 ) ) ;
#2588 = DIRECTION ( 'NONE',  ( 0.000000000000000000, 1.000000000000000000, 0.000000000000000000 ) ) ;
#2589 = EDGE_LOOP ( 'NONE', ( #3499, #4400, #4356, #2820 ) ) ;
#2590 = ORIENTED_EDGE ( 'NONE', *, *, #1957, .F. ) ;
#2591 = CARTESIAN_POINT ( 'NONE',  ( 3.175000000000000266, 3.680000000000123173, 4.157499999999998863 ) ) ;
#2592 = CARTESIAN_POINT ( 'NONE',  ( 2.300902611444806567, 5.304599999999999760, 2.288533780258464656 ) ) ;
#2593 = VECTOR ( 'NONE', #2143, 1000.000000000000000 ) ;
#2594 = VECTOR ( 'NONE', #3302, 1000.000000000000000 ) ;
#2595 = DIRECTION ( 'NONE',  ( -0.000000000000000000, 0.9396926207859079838, -0.3420201433256698231 ) ) ;
#2596 = DIRECTION ( 'NONE',  ( 0.6897911962709469824, 0.000000000000000000, -0.7240083601361906318 ) ) ;
#2597 = VECTOR ( 'NONE', #3218, 1000.000000000000000 ) ;
#2598 = ORIENTED_EDGE ( 'NONE', *, *, #2885, .F. ) ;
#2599 = VECTOR ( 'NONE', #2020, 1000.000000000000000 ) ;
#2600 = VECTOR ( 'NONE', #4476, 1000.000000000000227 ) ;
#2601 = DIRECTION ( 'NONE',  ( -1.000000000000000000, 0.000000000000000000, 0.000000000000000000 ) ) ;
#2602 = ORIENTED_EDGE ( 'NONE', *, *, #3706, .F. ) ;
#2604 = CARTESIAN_POINT ( 'NONE',  ( -0.1246599999999993963, 1.000000000000000000, 2.042499999999999538 ) ) ;
#2603 = PLANE ( 'NONE',  #1613 ) ;
#2605 = EDGE_CURVE ( 'NONE', #1775, #14, #1589, .T. ) ;
#2606 = EDGE_CURVE ( 'NONE', #4644, #1912, #2738, .T. ) ;
#2607 = EDGE_LOOP ( 'NONE', ( #1450, #4193, #3992, #2180 ) ) ;
#2608 = VECTOR ( 'NONE', #1491, 1000.000000000000000 ) ;
#2609 = ORIENTED_EDGE ( 'NONE', *, *, #2177, .F. ) ;
#2610 = VECTOR ( 'NONE', #4246, 1000.000000000000114 ) ;
#2611 = FACE_BOUND ( 'NONE', #783, .T. ) ;
#2612 = PLANE ( 'NONE',  #1990 ) ;
#2613 = DIRECTION ( 'NONE',  ( 0.000000000000000000, 0.000000000000000000, 1.000000000000000000 ) ) ;
#2614 = VECTOR ( 'NONE', #2280, 1000.000000000000000 ) ;
#2615 = EDGE_CURVE ( 'NONE', #4025, #2304, #3460, .T. ) ;
#2616 = ORIENTED_EDGE ( 'NONE', *, *, #202, .F. ) ;
#2617 = LINE ( 'NONE', #883, #2614 ) ;
#2618 = VECTOR ( 'NONE', #1892, 1000.000000000000000 ) ;
#2619 = CARTESIAN_POINT ( 'NONE',  ( 2.411212862050842176, 5.304599999999999760, -2.169000000000020911 ) ) ;
#2620 = DIRECTION ( 'NONE',  ( -0.000000000000000000, -0.000000000000000000, -1.000000000000000000 ) ) ;
#2621 = CARTESIAN_POINT ( 'NONE',  ( 2.339382931423644951, 5.330000000000000071, -2.587350096575891101 ) ) ;
#2622 = PLANE ( 'NONE',  #3350 ) ;
#2623 = ORIENTED_EDGE ( 'NONE', *, *, #3763, .T. ) ;
#2624 = ORIENTED_EDGE ( 'NONE', *, *, #1945, .T. ) ;
#2626 = CARTESIAN_POINT ( 'NONE',  ( 3.341664254235964471, 3.405680000000123275, -2.290000000000000036 ) ) ;
#2625 = DIRECTION ( 'NONE',  ( -2.626776916984868130E-15, 0.000000000000000000, -1.000000000000000000 ) ) ;
#2627 = EDGE_LOOP ( 'NONE', ( #4112, #634, #2602, #213, #3480, #960, #4325, #2227, #1780, #1500, #253, #4225 ) ) ;
#2628 = ORIENTED_EDGE ( 'NONE', *, *, #4172, .T. ) ;
#2629 = CARTESIAN_POINT ( 'NONE',  ( -7.170955672305229121E-15, 5.330000000000000071, -2.467450000000010579 ) ) ;
#2630 = EDGE_CURVE ( 'NONE', #1783, #3431, #3082, .T. ) ;
#2631 = CARTESIAN_POINT ( 'NONE',  ( -3.539140955941163735, 3.237349421902623092, -2.290000000000000036 ) ) ;
#2632 = CARTESIAN_POINT ( 'NONE',  ( -3.102959444200954486, 2.029999999999999805, -4.157500000000000639 ) ) ;
#2633 = ORIENTED_EDGE ( 'NONE', *, *, #1541, .T. ) ;
#2634 = CARTESIAN_POINT ( 'NONE',  ( -2.495549999999999713, 5.330000000000000071, -2.467450000000003030 ) ) ;
#2635 = EDGE_CURVE ( 'NONE', #4544, #4555, #1273, .T. ) ;
#2636 = CARTESIAN_POINT ( 'NONE',  ( 3.175000000000000266, 3.680000000000123173, -4.157500000000000639 ) ) ;
#2637 = LINE ( 'NONE', #1268, #2972 ) ;
#2638 = DIRECTION ( 'NONE',  ( 1.000000000000000000, 0.000000000000000000, 0.000000000000000000 ) ) ;
#2639 = VERTEX_POINT ( 'NONE', #3043 ) ;
#2640 = ORIENTED_EDGE ( 'NONE', *, *, #417, .T. ) ;
#2641 = ORIENTED_EDGE ( 'NONE', *, *, #2878, .F. ) ;
#2643 = PLANE ( 'NONE',  #3331 ) ;
#2642 = CARTESIAN_POINT ( 'NONE',  ( 0.000000000000000000, 5.304599999999999760, -2.632550000000004609 ) ) ;
#2644 = VERTEX_POINT ( 'NONE', #3729 ) ;
#2645 = DIRECTION ( 'NONE',  ( 0.000000000000000000, 0.000000000000000000, 1.000000000000000000 ) ) ;
#2646 = DIRECTION ( 'NONE',  ( -1.000000000000000000, 0.000000000000000000, 0.000000000000000000 ) ) ;
#2647 = CARTESIAN_POINT ( 'NONE',  ( -0.1246599999999993963, 1.000000000000000000, 3.057499999999999662 ) ) ;
#2648 = ORIENTED_EDGE ( 'NONE', *, *, #4141, .T. ) ;
#2649 = PLANE ( 'NONE',  #1297 ) ;
#2650 = PLANE ( 'NONE',  #2285 ) ;
#2651 = EDGE_CURVE ( 'NONE', #2954, #3650, #4441, .T. ) ;
#2652 = ADVANCED_FACE ( 'NONE', ( #152 ), #515, .T. ) ;
#2653 = VECTOR ( 'NONE', #3682, 1000.000000000000000 ) ;
#2654 = DIRECTION ( 'NONE',  ( 0.000000000000000000, 1.000000000000000000, -0.000000000000000000 ) ) ;
#2655 = VERTEX_POINT ( 'NONE', #4109 ) ;
#2656 = EDGE_CURVE ( 'NONE', #1592, #277, #885, .T. ) ;
#2657 = VECTOR ( 'NONE', #3283, 1000.000000000000000 ) ;
#2658 = VERTEX_POINT ( 'NONE', #169 ) ;
#2659 = VECTOR ( 'NONE', #2437, 1000.000000000000000 ) ;
#2660 = ORIENTED_EDGE ( 'NONE', *, *, #2396, .F. ) ;
#2662 = DIRECTION ( 'NONE',  ( 1.000000000000000000, 0.000000000000000000, 0.000000000000000000 ) ) ;
#2661 = DIRECTION ( 'NONE',  ( 0.000000000000000000, 0.000000000000000000, 1.000000000000000000 ) ) ;
#2663 = ORIENTED_EDGE ( 'NONE', *, *, #2861, .F. ) ;
#2664 = DIRECTION ( 'NONE',  ( 0.000000000000000000, 1.000000000000000000, -0.000000000000000000 ) ) ;
#2665 = VECTOR ( 'NONE', #85, 1000.000000000000000 ) ;
#2666 = CIRCLE ( 'NONE', #4022, 0.3556000000000001937 ) ;
#2667 = DIRECTION ( 'NONE',  ( -8.673617379884035472E-16, -1.000000000000000000, -0.000000000000000000 ) ) ;
#2668 = DIRECTION ( 'NONE',  ( 0.000000000000000000, 1.000000000000000000, -0.000000000000000000 ) ) ;
#2669 = VECTOR ( 'NONE', #3718, 1000.000000000000000 ) ;
#2670 = ORIENTED_EDGE ( 'NONE', *, *, #4141, .F. ) ;
#2671 = VECTOR ( 'NONE', #1707, 1000.000000000000000 ) ;
#2672 = CIRCLE ( 'NONE', #2455, 0.4743200000000002969 ) ;
#2673 = CARTESIAN_POINT ( 'NONE',  ( 2.411212862050859496, 5.304599999999999760, 2.930999999999982286 ) ) ;
#2674 = VECTOR ( 'NONE', #3525, 1000.000000000000000 ) ;
#2675 = VERTEX_POINT ( 'NONE', #1632 ) ;
#2676 = CARTESIAN_POINT ( 'NONE',  ( -3.341664254235964471, 3.680000000000123173, -2.290000000000000036 ) ) ;
#2677 = AXIS2_PLACEMENT_3D ( 'NONE', #2099, #1457, #2892 ) ;
#2678 = EDGE_CURVE ( 'NONE', #3288, #1749, #1609, .T. ) ;
#2679 = LINE ( 'NONE', #868, #2312 ) ;
#2680 = ORIENTED_EDGE ( 'NONE', *, *, #445, .F. ) ;
#2681 = VERTEX_POINT ( 'NONE', #1254 ) ;
#2682 = EDGE_CURVE ( 'NONE', #3073, #103, #549, .T. ) ;
#2683 = CARTESIAN_POINT ( 'NONE',  ( -3.174999999999999378, 2.029999999999999805, 4.085459444200953527 ) ) ;
#2684 = VERTEX_POINT ( 'NONE', #903 ) ;
#2686 = CARTESIAN_POINT ( 'NONE',  ( 3.850340000000000096, 0.6800006613150175738, -2.042499999999999538 ) ) ;
#2685 = DIRECTION ( 'NONE',  ( 0.000000000000000000, 0.000000000000000000, 1.000000000000000000 ) ) ;
#2687 = ORIENTED_EDGE ( 'NONE', *, *, #1586, .T. ) ;
#2688 = CARTESIAN_POINT ( 'NONE',  ( 2.169497388555191364, 5.304599999999999760, 2.426457372864411433 ) ) ;
#2689 = EDGE_CURVE ( 'NONE', #906, #2950, #4500, .T. ) ;
#2690 = PLANE ( 'NONE',  #1687 ) ;
#2691 = DIRECTION ( 'NONE',  ( 0.6897911962709443179, 0.000000000000000000, -0.7240083601361931853 ) ) ;
#2692 = VERTEX_POINT ( 'NONE', #2369 ) ;
#2693 = DIRECTION ( 'NONE',  ( 0.000000000000000000, 1.000000000000000000, -0.000000000000000000 ) ) ;
#2694 = CARTESIAN_POINT ( 'NONE',  ( 4.124659999999999549, 0.6800006613150175738, -2.042499999999999538 ) ) ;
#2695 = LINE ( 'NONE', #2346, #2546 ) ;
#2696 = DIRECTION ( 'NONE',  ( 0.000000000000000000, 1.000000000000000000, -0.000000000000000000 ) ) ;
#2697 = SURFACE_STYLE_USAGE ( .BOTH. , #556 ) ;
#2698 = ORIENTED_EDGE ( 'NONE', *, *, #317, .F. ) ;
#2699 = CARTESIAN_POINT ( 'NONE',  ( 2.300902611444806567, 5.304599999999999760, 2.288533780258464656 ) ) ;
#2700 = ORIENTED_EDGE ( 'NONE', *, *, #116, .F. ) ;
#2701 = DIRECTION ( 'NONE',  ( 0.000000000000000000, 0.000000000000000000, 1.000000000000000000 ) ) ;
#2702 = ADVANCED_FACE ( 'NONE', ( #3792 ), #2012, .F. ) ;
#2703 = ORIENTED_EDGE ( 'NONE', *, *, #4145, .T. ) ;
#2704 = EDGE_CURVE ( 'NONE', #2252, #141, #3701, .T. ) ;
#2705 = CARTESIAN_POINT ( 'NONE',  ( -2.330449999999981259, 5.330000000000000071, 2.930999999999999162 ) ) ;
#2706 = DIRECTION ( 'NONE',  ( 1.000000000000000000, 0.000000000000000000, -0.000000000000000000 ) ) ;
#2708 = LINE ( 'NONE', #1924, #4148 ) ;
#2707 = CARTESIAN_POINT ( 'NONE',  ( -0.1246599999999993963, 1.000000000000000000, -2.042499999999999538 ) ) ;
#2709 = EDGE_LOOP ( 'NONE', ( #4210, #4167, #2365, #1009 ) ) ;
#2710 = EDGE_CURVE ( 'NONE', #203, #1699, #3488, .T. ) ;
#2711 = FACE_OUTER_BOUND ( 'NONE', #4457, .T. ) ;
#2712 = ORIENTED_EDGE ( 'NONE', *, *, #4638, .T. ) ;
#2713 = DIRECTION ( 'NONE',  ( 0.000000000000000000, -0.9396926207859079838, -0.3420201433256698231 ) ) ;
#2714 = LINE ( 'NONE', #1949, #370 ) ;
#2715 = CARTESIAN_POINT ( 'NONE',  ( -4.124659999999998661, -2.272971931803856006E-18, -2.809999999999999165 ) ) ;
#2716 = CARTESIAN_POINT ( 'NONE',  ( 3.341664254235964471, 0.000000000000000000, 2.290000000000000036 ) ) ;
#2717 = ORIENTED_EDGE ( 'NONE', *, *, #1066, .F. ) ;
#2718 = VECTOR ( 'NONE', #532, 1000.000000000000000 ) ;
#2719 = DIRECTION ( 'NONE',  ( 0.000000000000000000, -0.000000000000000000, -1.000000000000000000 ) ) ;
#2720 = ORIENTED_EDGE ( 'NONE', *, *, #1422, .T. ) ;
#2721 = DIRECTION ( 'NONE',  ( 0.000000000000000000, 0.000000000000000000, 1.000000000000000000 ) ) ;
#2722 = VECTOR ( 'NONE', #4042, 1000.000000000000000 ) ;
#2723 = ORIENTED_EDGE ( 'NONE', *, *, #1042, .F. ) ;
#2724 = CARTESIAN_POINT ( 'NONE',  ( 0.000000000000000000, 5.304599999999999760, -2.632550000000004609 ) ) ;
#2725 = PRESENTATION_LAYER_ASSIGNMENT (  '', '', ( #1606 ) ) ;
#2726 = EDGE_CURVE ( 'NONE', #2231, #2160, #2518, .T. ) ;
#2727 = CARTESIAN_POINT ( 'NONE',  ( -2.793999999999999595, 5.330000000000000071, -2.467450000000002142 ) ) ;
#2728 = ADVANCED_FACE ( 'NONE', ( #1426 ), #1325, .T. ) ;
#2730 = LINE ( 'NONE', #1269, #1223 ) ;
#2729 = PLANE ( 'NONE',  #2372 ) ;
#2731 = ORIENTED_EDGE ( 'NONE', *, *, #3512, .F. ) ;
#2732 = VECTOR ( 'NONE', #3493, 1000.000000000000000 ) ;
#2733 = VECTOR ( 'NONE', #2087, 1000.000000000000000 ) ;
#2734 = DIRECTION ( 'NONE',  ( -5.812442539711223044E-15, 0.000000000000000000, -1.000000000000000000 ) ) ;
#2735 = AXIS2_PLACEMENT_3D ( 'NONE', #2006, #1668, #4512 ) ;
#2736 = DIRECTION ( 'NONE',  ( 0.000000000000000000, -0.04361938736533302330, 0.9990482215818579093 ) ) ;
#2737 = ADVANCED_FACE ( 'NONE', ( #294 ), #3154, .T. ) ;
#2738 = LINE ( 'NONE', #2676, #3765 ) ;
#2739 = VECTOR ( 'NONE', #4560, 1000.000000000000000 ) ;
#2740 = VECTOR ( 'NONE', #660, 1000.000000000000000 ) ;
#2741 = FACE_OUTER_BOUND ( 'NONE', #3249, .T. ) ;
#2742 = PRESENTATION_STYLE_ASSIGNMENT (( #2697 ) ) ;
#2743 = VECTOR ( 'NONE', #3925, 1000.000000000000000 ) ;
#2744 = VERTEX_POINT ( 'NONE', #4247 ) ;
#2745 = VECTOR ( 'NONE', #3996, 1000.000000000000000 ) ;
#2746 = CARTESIAN_POINT ( 'NONE',  ( 3.539140955941160183, 3.237349421902622648, 2.042499999999999538 ) ) ;
#2747 = ORIENTED_EDGE ( 'NONE', *, *, #4646, .T. ) ;
#2748 = CARTESIAN_POINT ( 'NONE',  ( 3.809999999999999165, 3.280787200984090823, 3.057499999999999662 ) ) ;
#2749 = ORIENTED_EDGE ( 'NONE', *, *, #1347, .F. ) ;
#2750 = PLANE ( 'NONE',  #2819 ) ;
#2751 = CARTESIAN_POINT ( 'NONE',  ( 0.1246599999999993963, 1.000000000000000000, 3.057499999999999662 ) ) ;
#2752 = VERTEX_POINT ( 'NONE', #2517 ) ;
#2754 = LINE ( 'NONE', #3317, #551 ) ;
#2753 = FACE_OUTER_BOUND ( 'NONE', #307, .T. ) ;
#2755 = EDGE_LOOP ( 'NONE', ( #4269, #98, #2583, #3999, #4407, #3984, #3198, #55, #3699, #2560, #349, #2381 ) ) ;
#2756 = CYLINDRICAL_SURFACE ( 'NONE', #3103, 0.2000000000000035638 ) ;
#2757 = EDGE_CURVE ( 'NONE', #656, #906, #3769, .T. ) ;
#2758 = ORIENTED_EDGE ( 'NONE', *, *, #2995, .F. ) ;
#2759 = CARTESIAN_POINT ( 'NONE',  ( -3.341664254235964471, 3.405680000000126384, 2.042499999999999538 ) ) ;
#2760 = DIRECTION ( 'NONE',  ( 0.000000000000000000, 1.000000000000000000, 0.000000000000000000 ) ) ;
#2761 = CARTESIAN_POINT ( 'NONE',  ( 4.124660000000001325, 1.000000000000000000, 3.057499999999999662 ) ) ;
#2762 = EDGE_CURVE ( 'NONE', #780, #277, #1346, .T. ) ;
#2763 = EDGE_CURVE ( 'NONE', #2675, #4025, #2114, .T. ) ;
#2764 = CARTESIAN_POINT ( 'NONE',  ( -3.163022930141338396, 3.405680000000123275, 2.042499999999999538 ) ) ;
#2765 = CARTESIAN_POINT ( 'NONE',  ( -3.102959444200954486, 5.330000000000000071, 0.000000000000000000 ) ) ;
#2766 = CARTESIAN_POINT ( 'NONE',  ( -2.330449999999993249, 5.304599999999999760, 9.284384603717507378E-15 ) ) ;
#2767 = DIRECTION ( 'NONE',  ( -1.000000000000000000, 9.331360556159751558E-18, 0.000000000000000000 ) ) ;
#2768 =( NAMED_UNIT ( * ) PLANE_ANGLE_UNIT ( ) SI_UNIT ( $, .RADIAN. ) );
#2769 = ORIENTED_EDGE ( 'NONE', *, *, #5, .F. ) ;
#2770 = DIRECTION ( 'NONE',  ( -0.000000000000000000, -0.000000000000000000, -1.000000000000000000 ) ) ;
#2771 = ORIENTED_EDGE ( 'NONE', *, *, #1327, .T. ) ;
#2772 = LINE ( 'NONE', #1972, #1468 ) ;
#2773 = ORIENTED_EDGE ( 'NONE', *, *, #2704, .F. ) ;
#2774 = DIRECTION ( 'NONE',  ( -1.000000000000000000, 0.000000000000000000, 0.000000000000000000 ) ) ;
#2775 = CARTESIAN_POINT ( 'NONE',  ( -3.803334990045005082, 1.589950658968517949, 2.042499999999999538 ) ) ;
#2776 = ORIENTED_EDGE ( 'NONE', *, *, #3881, .T. ) ;
#2778 = DIRECTION ( 'NONE',  ( 2.626776916984874047E-15, -0.000000000000000000, 1.000000000000000000 ) ) ;
#2777 = DIRECTION ( 'NONE',  ( 1.000000000000000000, 0.000000000000000000, 0.000000000000000000 ) ) ;
#2779 = VERTEX_POINT ( 'NONE', #3106 ) ;
#2780 = LINE ( 'NONE', #1344, #3561 ) ;
#2781 = CARTESIAN_POINT ( 'NONE',  ( -2.793999999999999595, 5.330000000000000071, -2.467450000000002142 ) ) ;
#2782 = DIRECTION ( 'NONE',  ( -0.000000000000000000, 0.000000000000000000, 1.000000000000000000 ) ) ;
#2783 = CARTESIAN_POINT ( 'NONE',  ( 2.169497388555191364, 5.304599999999999760, 2.426457372864411433 ) ) ;
#2784 = DIRECTION ( 'NONE',  ( 0.000000000000000000, 0.000000000000000000, 1.000000000000000000 ) ) ;
#2785 = CARTESIAN_POINT ( 'NONE',  ( -4.124659999999997773, 0.6800006613150174628, 3.057499999999999662 ) ) ;
#2786 = LINE ( 'NONE', #2866, #2164 ) ;
#2787 = EDGE_CURVE ( 'NONE', #3079, #1258, #2442, .T. ) ;
#2788 = DIRECTION ( 'NONE',  ( 0.000000000000000000, 0.000000000000000000, 1.000000000000000000 ) ) ;
#2789 = DIRECTION ( 'NONE',  ( 1.000000000000000000, -1.184920407087982840E-16, 0.000000000000000000 ) ) ;
#2790 = EDGE_CURVE ( 'NONE', #56, #2945, #969, .T. ) ;
#2791 = ORIENTED_EDGE ( 'NONE', *, *, #581, .F. ) ;
#2792 = FACE_OUTER_BOUND ( 'NONE', #1692, .T. ) ;
#2793 = ORIENTED_EDGE ( 'NONE', *, *, #4460, .T. ) ;
#2794 = LINE ( 'NONE', #3221, #707 ) ;
#2795 = EDGE_CURVE ( 'NONE', #2884, #4015, #270, .T. ) ;
#2796 = ORIENTED_EDGE ( 'NONE', *, *, #1160, .T. ) ;
#2797 = CARTESIAN_POINT ( 'NONE',  ( -3.803334990045005082, 1.589950658968517949, -3.057499999999999662 ) ) ;
#2798 = VECTOR ( 'NONE', #4126, 1000.000000000000000 ) ;
#2799 = CARTESIAN_POINT ( 'NONE',  ( 3.341664254235964471, 0.6800006613150175738, -3.057499999999999662 ) ) ;
#2800 = ORIENTED_EDGE ( 'NONE', *, *, #32, .F. ) ;
#2802 = LINE ( 'NONE', #1782, #999 ) ;
#2801 = FACE_OUTER_BOUND ( 'NONE', #4591, .T. ) ;
#2803 = ORIENTED_EDGE ( 'NONE', *, *, #2916, .F. ) ;
#2804 = VERTEX_POINT ( 'NONE', #3133 ) ;
#2805 = DIRECTION ( 'NONE',  ( 0.000000000000000000, 1.000000000000000000, -0.000000000000000000 ) ) ;
#2806 = AXIS2_PLACEMENT_3D ( 'NONE', #260, #641, #614 ) ;
#2807 = VERTEX_POINT ( 'NONE', #2057 ) ;
#2808 = DIRECTION ( 'NONE',  ( -1.184920407087982840E-16, 1.000000000000000000, 0.000000000000000000 ) ) ;
#2809 = PLANE ( 'NONE',  #550 ) ;
#2810 = AXIS2_PLACEMENT_3D ( 'NONE', #1741, #1376, #4631 ) ;
#2811 = DIRECTION ( 'NONE',  ( 5.253553833969748094E-15, -0.000000000000000000, 1.000000000000000000 ) ) ;
#2812 = VECTOR ( 'NONE', #2064, 1000.000000000000000 ) ;
#2813 = VECTOR ( 'NONE', #4451, 1000.000000000000000 ) ;
#2814 = CARTESIAN_POINT ( 'NONE',  ( -2.330449999999999022, 5.304599999999999760, -2.169000000000004036 ) ) ;
#2815 = DIRECTION ( 'NONE',  ( 1.734723475976807094E-15, 1.000000000000000000, 0.000000000000000000 ) ) ;
#2816 = CARTESIAN_POINT ( 'NONE',  ( 2.411212862050842176, 5.330000000000000071, -2.169000000000020911 ) ) ;
#2817 = FACE_OUTER_BOUND ( 'NONE', #3374, .T. ) ;
#2818 = AXIS2_PLACEMENT_3D ( 'NONE', #3, #310, #4613 ) ;
#2819 = AXIS2_PLACEMENT_3D ( 'NONE', #4137, #566, #2774 ) ;
#2820 = ORIENTED_EDGE ( 'NONE', *, *, #357, .F. ) ;
#2821 = ADVANCED_FACE ( 'NONE', ( #1369 ), #2809, .F. ) ;
#2822 = ADVANCED_FACE ( 'NONE', ( #1026 ), #990, .F. ) ;
#2823 = CARTESIAN_POINT ( 'NONE',  ( 2.656502611444790940, 5.304599999999999760, -2.426457372864449624 ) ) ;
#2824 = AXIS2_PLACEMENT_3D ( 'NONE', #1314, #2080, #1722 ) ;
#2825 = ORIENTED_EDGE ( 'NONE', *, *, #760, .T. ) ;
#2826 = ORIENTED_EDGE ( 'NONE', *, *, #3569, .T. ) ;
#2827 = CIRCLE ( 'NONE', #808, 0.3556000000000001937 ) ;
#2828 = ADVANCED_FACE ( 'NONE', ( #3533 ), #3895, .F. ) ;
#2829 = CARTESIAN_POINT ( 'NONE',  ( 2.656502611444808259, 5.330000000000000071, 2.673542627135553129 ) ) ;
#2830 = VERTEX_POINT ( 'NONE', #1048 ) ;
#2832 = DIRECTION ( 'NONE',  ( 1.000000000000000000, 0.000000000000000000, -2.626776916984867341E-15 ) ) ;
#2831 = DIRECTION ( 'NONE',  ( 1.000000000000000000, 0.000000000000000000, -0.000000000000000000 ) ) ;
#2833 = ORIENTED_EDGE ( 'NONE', *, *, #3016, .T. ) ;
#2834 = ORIENTED_EDGE ( 'NONE', *, *, #2689, .F. ) ;
#2835 = DIRECTION ( 'NONE',  ( 0.000000000000000000, 1.000000000000000000, 0.000000000000000000 ) ) ;
#2836 = EDGE_CURVE ( 'NONE', #1417, #3362, #691, .T. ) ;
#2837 = VERTEX_POINT ( 'NONE', #2240 ) ;
#2838 = FACE_OUTER_BOUND ( 'NONE', #2855, .T. ) ;
#2839 = CARTESIAN_POINT ( 'NONE',  ( -3.341664254235964471, 3.205680000000123098, -2.290000000000000036 ) ) ;
#2840 = LINE ( 'NONE', #1374, #3467 ) ;
#2841 = DIRECTION ( 'NONE',  ( -0.04361938736533251676, -0.9990482215818579093, 0.000000000000000000 ) ) ;
#2842 = CARTESIAN_POINT ( 'NONE',  ( -2.495549999999981505, 5.330000000000000071, 2.930999999999999606 ) ) ;
#2843 = DIRECTION ( 'NONE',  ( 1.000000000000000000, 0.000000000000000000, 0.000000000000000000 ) ) ;
#2844 = VERTEX_POINT ( 'NONE', #2978 ) ;
#2845 = PLANE ( 'NONE',  #2463 ) ;
#2846 = EDGE_LOOP ( 'NONE', ( #4158, #4262, #63, #3009 ) ) ;
#2847 = CARTESIAN_POINT ( 'NONE',  ( -3.341664254235964471, 3.680000000000123173, -2.042499999999999538 ) ) ;
#2848 = EDGE_LOOP ( 'NONE', ( #2290, #603, #4446, #3497 ) ) ;
#2849 = CARTESIAN_POINT ( 'NONE',  ( 3.163022930141338396, 3.405680000000123275, 2.290000000000000036 ) ) ;
#2850 = ORIENTED_EDGE ( 'NONE', *, *, #446, .F. ) ;
#2852 = CARTESIAN_POINT ( 'NONE',  ( -2.031999999999993367, 5.304599999999999760, 5.337610695313234818E-15 ) ) ;
#2851 = DIRECTION ( 'NONE',  ( 1.000000000000000000, 0.000000000000000000, -2.626776916984874047E-15 ) ) ;
#2853 = EDGE_CURVE ( 'NONE', #1499, #848, #3661, .T. ) ;
#2854 = EDGE_CURVE ( 'NONE', #1113, #2684, #4011, .T. ) ;
#2855 = EDGE_LOOP ( 'NONE', ( #4427, #2703, #4002, #3903, #2858, #1252, #3305, #4582, #3122, #4562, #2337, #2149 ) ) ;
#2856 = ORIENTED_EDGE ( 'NONE', *, *, #4218, .F. ) ;
#2857 = CARTESIAN_POINT ( 'NONE',  ( -0.1246599999999993963, 1.000000000000000000, 2.290000000000000036 ) ) ;
#2858 = ORIENTED_EDGE ( 'NONE', *, *, #292, .T. ) ;
#2859 = CARTESIAN_POINT ( 'NONE',  ( -2.495550000000001933, 5.330000000000000071, -2.931000000000003158 ) ) ;
#2860 = DIRECTION ( 'NONE',  ( 1.000000000000000000, 0.000000000000000000, -0.000000000000000000 ) ) ;
#2861 = EDGE_CURVE ( 'NONE', #2804, #103, #2949, .T. ) ;
#2862 = DIRECTION ( 'NONE',  ( 0.9990482215818579093, -0.04361938736533250982, 0.000000000000000000 ) ) ;
#2863 = EDGE_LOOP ( 'NONE', ( #1055, #188, #205, #627 ) ) ;
#2864 = CARTESIAN_POINT ( 'NONE',  ( 3.175000000000000266, 3.679999999999874483, 4.157499999999998863 ) ) ;
#2865 = PLANE ( 'NONE',  #557 ) ;
#2866 = CARTESIAN_POINT ( 'NONE',  ( -3.341664254235964471, 3.405680000000126384, 3.057499999999999662 ) ) ;
#2867 = CARTESIAN_POINT ( 'NONE',  ( 3.341664254235964471, 3.205680000000123098, 2.810000000000000053 ) ) ;
#2868 = CYLINDRICAL_SURFACE ( 'NONE', #1102, 0.1905000000000010019 ) ;
#2869 = ORIENTED_EDGE ( 'NONE', *, *, #2262, .T. ) ;
#2870 = EDGE_LOOP ( 'NONE', ( #544, #3062, #3755, #2133 ) ) ;
#2871 = ORIENTED_EDGE ( 'NONE', *, *, #4173, .T. ) ;
#2873 = DIRECTION ( 'NONE',  ( 0.000000000000000000, 0.000000000000000000, -1.000000000000000000 ) ) ;
#2872 = DIRECTION ( 'NONE',  ( 1.000000000000000000, 0.000000000000000000, 0.000000000000000000 ) ) ;
#2874 = ORIENTED_EDGE ( 'NONE', *, *, #2836, .F. ) ;
#2875 = ORIENTED_EDGE ( 'NONE', *, *, #3286, .T. ) ;
#2876 = CARTESIAN_POINT ( 'NONE',  ( -3.809999999999999609, 3.280787200984090823, 2.290000000000000036 ) ) ;
#2877 = ORIENTED_EDGE ( 'NONE', *, *, #3259, .F. ) ;
#2878 = EDGE_CURVE ( 'NONE', #4036, #1409, #1976, .T. ) ;
#2879 = EDGE_CURVE ( 'NONE', #279, #4036, #1097, .T. ) ;
#2880 = DIRECTION ( 'NONE',  ( -0.1583471095124970307, 0.9873835085259613509, 0.000000000000000000 ) ) ;
#2881 = PLANE ( 'NONE',  #3471 ) ;
#2882 = AXIS2_PLACEMENT_3D ( 'NONE', #418, #442, #35 ) ;
#2883 = CARTESIAN_POINT ( 'NONE',  ( -2.330449999999984811, 5.304599999999999760, 1.354560671666993120E-14 ) ) ;
#2884 = VERTEX_POINT ( 'NONE', #3234 ) ;
#2885 = EDGE_CURVE ( 'NONE', #3600, #689, #855, .T. ) ;
#2886 = CIRCLE ( 'NONE', #1914, 0.4743200000000002969 ) ;
#2887 = CARTESIAN_POINT ( 'NONE',  ( 0.1806988503407945812, 5.304599999999999760, 0.1721588907038519300 ) ) ;
#2888 = CARTESIAN_POINT ( 'NONE',  ( 4.124659999999999549, -2.660000000000001030, 2.290000000000000036 ) ) ;
#2889 = CARTESIAN_POINT ( 'NONE',  ( 0.000000000000000000, 5.304599999999999760, 0.000000000000000000 ) ) ;
#2890 = AXIS2_PLACEMENT_3D ( 'NONE', #2765, #244, #3216 ) ;
#2891 = AXIS2_PLACEMENT_3D ( 'NONE', #3383, #3349, #4120 ) ;
#2892 = DIRECTION ( 'NONE',  ( 1.000000000000000000, -9.331360556159751558E-18, 0.000000000000000000 ) ) ;
#2893 = VECTOR ( 'NONE', #2186, 1000.000000000000000 ) ;
#2894 = ORIENTED_EDGE ( 'NONE', *, *, #1259, .F. ) ;
#2895 = DIRECTION ( 'NONE',  ( 1.000000000000000000, 0.000000000000000000, -4.359331904783423988E-15 ) ) ;
#2896 = VECTOR ( 'NONE', #526, 1000.000000000000000 ) ;
#2897 = CLOSED_SHELL ( 'NONE', ( #3426, #3571, #4121, #4535, #450, #605, #2573, #1211, #2822, #4606, #3914, #4434, #4439, #4041, #1798, #146, #1890, #1238 ) ) ;
#2898 = ORIENTED_EDGE ( 'NONE', *, *, #2322, .T. ) ;
#2899 = MECHANICAL_DESIGN_GEOMETRIC_PRESENTATION_REPRESENTATION (  '', ( #3041 ), #3651 ) ;
#2900 = CARTESIAN_POINT ( 'NONE',  ( -2.330449999999981259, 5.330000000000000071, 2.930999999999999162 ) ) ;
#2901 = ORIENTED_EDGE ( 'NONE', *, *, #1767, .T. ) ;
#2903 = DIRECTION ( 'NONE',  ( 1.184920407087982840E-16, -1.000000000000000000, 0.000000000000000000 ) ) ;
#2902 = CARTESIAN_POINT ( 'NONE',  ( 2.169497388555191364, 5.304599999999999760, 2.426457372864411433 ) ) ;
#2904 = ORIENTED_EDGE ( 'NONE', *, *, #547, .F. ) ;
#2905 = VECTOR ( 'NONE', #4030, 1000.000000000000000 ) ;
#2906 = VERTEX_POINT ( 'NONE', #3972 ) ;
#2907 = CARTESIAN_POINT ( 'NONE',  ( 0.000000000000000000, 5.304599999999999760, 0.000000000000000000 ) ) ;
#2908 = DIRECTION ( 'NONE',  ( 0.000000000000000000, 0.000000000000000000, 1.000000000000000000 ) ) ;
#2909 = CARTESIAN_POINT ( 'NONE',  ( -3.539140955941160183, 3.237349421902622648, -3.057499999999999662 ) ) ;
#2910 = EDGE_CURVE ( 'NONE', #558, #1424, #2440, .T. ) ;
#2911 = LINE ( 'NONE', #4349, #266 ) ;
#2912 = EDGE_LOOP ( 'NONE', ( #2071, #1488, #4454, #390 ) ) ;
#2913 = LINE ( 'NONE', #1175, #1149 ) ;
#2914 = CARTESIAN_POINT ( 'NONE',  ( 2.486617068576320033, 5.330000000000000071, -2.512649903424150288 ) ) ;
#2915 = PLANE ( 'NONE',  #3334 ) ;
#2916 = EDGE_CURVE ( 'NONE', #1359, #2545, #102, .T. ) ;
#2917 = EDGE_CURVE ( 'NONE', #2269, #2644, #1834, .T. ) ;
#2918 = LINE ( 'NONE', #3292, #1401 ) ;
#2919 = ORIENTED_EDGE ( 'NONE', *, *, #150, .T. ) ;
#2920 = EDGE_CURVE ( 'NONE', #1115, #137, #1673, .T. ) ;
#2921 = EDGE_LOOP ( 'NONE', ( #268, #2919, #288, #582 ) ) ;
#2922 = FILL_AREA_STYLE ('',( #3273 ) ) ;
#2923 = ORIENTED_EDGE ( 'NONE', *, *, #3045, .T. ) ;
#2924 = DIRECTION ( 'NONE',  ( -1.000000000000000000, 0.000000000000000000, 0.000000000000000000 ) ) ;
#2925 = ORIENTED_EDGE ( 'NONE', *, *, #2239, .T. ) ;
#2926 = ORIENTED_EDGE ( 'NONE', *, *, #915, .F. ) ;
#2927 = FACE_OUTER_BOUND ( 'NONE', #3747, .T. ) ;
#2928 = LINE ( 'NONE', #4366, #930 ) ;
#2929 = CARTESIAN_POINT ( 'NONE',  ( -2.793999999999999595, 5.304599999999999760, -2.632550000000004609 ) ) ;
#2930 = DIRECTION ( 'NONE',  ( -4.359331904783423988E-15, 0.000000000000000000, -1.000000000000000000 ) ) ;
#2931 = ORIENTED_EDGE ( 'NONE', *, *, #4218, .T. ) ;
#2932 = EDGE_LOOP ( 'NONE', ( #1445, #3935, #740, #3102 ) ) ;
#2933 = CARTESIAN_POINT ( 'NONE',  ( -1.139495826588046698E-14, 5.304599999999999760, -2.169000000000016026 ) ) ;
#2934 = CARTESIAN_POINT ( 'NONE',  ( -3.341664254235964471, 3.405680000000123275, 2.290000000000000036 ) ) ;
#2935 = EDGE_CURVE ( 'NONE', #2156, #1305, #2191, .T. ) ;
#2936 = EDGE_CURVE ( 'NONE', #1079, #4237, #1141, .T. ) ;
#2937 = LINE ( 'NONE', #4373, #3118 ) ;
#2938 = DIRECTION ( 'NONE',  ( 1.000000000000000000, 0.000000000000000000, 0.000000000000000000 ) ) ;
#2939 = ORIENTED_EDGE ( 'NONE', *, *, #1645, .F. ) ;
#2940 = EDGE_CURVE ( 'NONE', #3790, #1640, #770, .T. ) ;
#2941 = FACE_OUTER_BOUND ( 'NONE', #921, .T. ) ;
#2942 = ORIENTED_EDGE ( 'NONE', *, *, #2023, .T. ) ;
#2943 = FACE_OUTER_BOUND ( 'NONE', #4257, .T. ) ;
#2944 = ORIENTED_EDGE ( 'NONE', *, *, #3259, .T. ) ;
#2945 = VERTEX_POINT ( 'NONE', #3255 ) ;
#2946 = UNCERTAINTY_MEASURE_WITH_UNIT (LENGTH_MEASURE( 1.000000000000000082E-05 ), #3199, 'distance_accuracy_value', 'NONE');
#2947 = LINE ( 'NONE', #2629, #2813 ) ;
#2948 = LINE ( 'NONE', #4293, #1614 ) ;
#2949 = LINE ( 'NONE', #3591, #326 ) ;
#2950 = VERTEX_POINT ( 'NONE', #2909 ) ;
#2951 = DIRECTION ( 'NONE',  ( -0.000000000000000000, -0.000000000000000000, 1.000000000000000000 ) ) ;
#2952 = ORIENTED_EDGE ( 'NONE', *, *, #2426, .F. ) ;
#2953 = VECTOR ( 'NONE', #467, 1000.000000000000000 ) ;
#2954 = VERTEX_POINT ( 'NONE', #2259 ) ;
#2955 = PLANE ( 'NONE',  #1454 ) ;
#2956 = DIRECTION ( 'NONE',  ( 0.000000000000000000, 1.000000000000000000, 0.000000000000000000 ) ) ;
#2957 = AXIS2_PLACEMENT_3D ( 'NONE', #3864, #648, #2090 ) ;
#2958 = VECTOR ( 'NONE', #2510, 1000.000000000000000 ) ;
#2959 = CARTESIAN_POINT ( 'NONE',  ( 2.525097388555192612, 5.304599999999999760, 2.811466219741497241 ) ) ;
#2960 = DIRECTION ( 'NONE',  ( 0.04357795025174453912, -0.9980991556472297299, -0.04357795025174480280 ) ) ;
#2961 = VECTOR ( 'NONE', #3908, 1000.000000000000000 ) ;
#2962 = AXIS2_PLACEMENT_3D ( 'NONE', #3457, #2805, #3152 ) ;
#2963 = EDGE_CURVE ( 'NONE', #901, #3458, #4388, .T. ) ;
#2964 = ORIENTED_EDGE ( 'NONE', *, *, #4484, .F. ) ;
#2965 = ADVANCED_FACE ( 'NONE', ( #2211 ), #2881, .F. ) ;
#2966 = VECTOR ( 'NONE', #2527, 1000.000000000000000 ) ;
#2967 = DIRECTION ( 'NONE',  ( 1.000000000000000000, 8.285841104563521713E-18, -0.000000000000000000 ) ) ;
#2968 = EDGE_LOOP ( 'NONE', ( #3876, #2333, #495, #4437, #4445, #1335, #1442, #591 ) ) ;
#2970 = DIRECTION ( 'NONE',  ( 0.000000000000000000, 0.9396926207859079838, 0.3420201433256698231 ) ) ;
#2969 = DIRECTION ( 'NONE',  ( 1.184920407087982840E-16, -1.000000000000000000, 0.000000000000000000 ) ) ;
#2971 = ORIENTED_EDGE ( 'NONE', *, *, #4568, .T. ) ;
#2972 = VECTOR ( 'NONE', #2777, 1000.000000000000000 ) ;
#2973 = VERTEX_POINT ( 'NONE', #2929 ) ;
#2974 = EDGE_CURVE ( 'NONE', #2844, #1919, #1456, .T. ) ;
#2975 = VECTOR ( 'NONE', #1489, 1000.000000000000114 ) ;
#2976 = CARTESIAN_POINT ( 'NONE',  ( 2.656502611444808259, 5.304599999999999760, 2.673542627135553129 ) ) ;
#2977 = CARTESIAN_POINT ( 'NONE',  ( -3.174999999999999378, 3.679999999999874483, 4.157499999999998863 ) ) ;
#2978 = CARTESIAN_POINT ( 'NONE',  ( 2.339382931423644951, 5.304599999999999760, -2.587350096575891101 ) ) ;
#2979 = CIRCLE ( 'NONE', #937, 3.999999999999998224 ) ;
#2980 = AXIS2_PLACEMENT_3D ( 'NONE', #1863, #3284, #902 ) ;
#2981 = ORIENTED_EDGE ( 'NONE', *, *, #3308, .T. ) ;
#2982 = EDGE_CURVE ( 'NONE', #766, #3071, #821, .T. ) ;
#2983 = DIRECTION ( 'NONE',  ( 0.000000000000000000, 1.000000000000000000, 0.000000000000000000 ) ) ;
#2984 = CIRCLE ( 'NONE', #4549, 4.000000000000001776 ) ;
#2985 = DIRECTION ( 'NONE',  ( 0.6897911962709469824, 0.000000000000000000, -0.7240083601361906318 ) ) ;
#2986 = DIRECTION ( 'NONE',  ( -0.000000000000000000, -0.000000000000000000, -1.000000000000000000 ) ) ;
#2987 = DIRECTION ( 'NONE',  ( 0.6897911962709443179, 0.000000000000000000, -0.7240083601361931853 ) ) ;
#2988 = VERTEX_POINT ( 'NONE', #1814 ) ;
#2989 = ORIENTED_EDGE ( 'NONE', *, *, #3318, .T. ) ;
#2990 = ORIENTED_EDGE ( 'NONE', *, *, #385, .T. ) ;
#2991 = DIRECTION ( 'NONE',  ( -0.000000000000000000, -0.000000000000000000, -1.000000000000000000 ) ) ;
#2992 = ORIENTED_EDGE ( 'NONE', *, *, #2704, .T. ) ;
#2993 = ORIENTED_EDGE ( 'NONE', *, *, #118, .T. ) ;
#2994 = LINE ( 'NONE', #1539, #2600 ) ;
#2995 = EDGE_CURVE ( 'NONE', #4060, #4028, #464, .T. ) ;
#2996 = DIRECTION ( 'NONE',  ( 0.000000000000000000, 0.000000000000000000, -1.000000000000000000 ) ) ;
#2997 = EDGE_CURVE ( 'NONE', #3912, #2274, #3012, .T. ) ;
#2998 = DIRECTION ( 'NONE',  ( -0.000000000000000000, -1.000000000000000000, 0.000000000000000000 ) ) ;
#2999 = ORIENTED_EDGE ( 'NONE', *, *, #3309, .T. ) ;
#3000 = FACE_OUTER_BOUND ( 'NONE', #757, .T. ) ;
#3001 = EDGE_CURVE ( 'NONE', #1186, #3242, #2708, .T. ) ;
#3002 = DIRECTION ( 'NONE',  ( -0.000000000000000000, -0.000000000000000000, 1.000000000000000000 ) ) ;
#3003 = CARTESIAN_POINT ( 'NONE',  ( 0.000000000000000000, 5.330000000000000071, -2.632550000000004609 ) ) ;
#3004 = VERTEX_POINT ( 'NONE', #543 ) ;
#3005 = VERTEX_POINT ( 'NONE', #4453 ) ;
#3006 = ORIENTED_EDGE ( 'NONE', *, *, #2237, .F. ) ;
#3008 = CARTESIAN_POINT ( 'NONE',  ( -3.341664254235964471, 3.205680000000123098, 2.042499999999999538 ) ) ;
#3007 = FACE_OUTER_BOUND ( 'NONE', #2483, .T. ) ;
#3009 = ORIENTED_EDGE ( 'NONE', *, *, #4113, .F. ) ;
#3010 = DIRECTION ( 'NONE',  ( -1.000000000000000000, -0.000000000000000000, -0.000000000000000000 ) ) ;
#3011 = CARTESIAN_POINT ( 'NONE',  ( 4.074194034103847173, 1.633388438049986124, 2.042499999999999538 ) ) ;
#3012 = LINE ( 'NONE', #1979, #3548 ) ;
#3013 = ORIENTED_EDGE ( 'NONE', *, *, #499, .F. ) ;
#3014 = DIRECTION ( 'NONE',  ( 0.000000000000000000, -1.000000000000000000, 0.000000000000000000 ) ) ;
#3015 = ADVANCED_FACE ( 'NONE', ( #3760 ), #1568, .F. ) ;
#3016 = EDGE_CURVE ( 'NONE', #3650, #1134, #1841, .T. ) ;
#3017 = ORIENTED_EDGE ( 'NONE', *, *, #1234, .T. ) ;
#3018 = DIRECTION ( 'NONE',  ( 0.04357795025174453912, 0.9980991556472297299, 0.04357795025174480280 ) ) ;
#3019 = EDGE_CURVE ( 'NONE', #830, #281, #3329, .T. ) ;
#3020 = CIRCLE ( 'NONE', #3928, 0.3556000000000001937 ) ;
#3021 = CARTESIAN_POINT ( 'NONE',  ( 2.349032947029440876, 5.304599999999999760, 2.238015934383048133 ) ) ;
#3022 = VERTEX_POINT ( 'NONE', #2324 ) ;
#3023 = AXIS2_PLACEMENT_3D ( 'NONE', #147, #3783, #1603 ) ;
#3024 = ORIENTED_EDGE ( 'NONE', *, *, #3366, .T. ) ;
#3025 = PLANE ( 'NONE',  #3710 ) ;
#3026 = CIRCLE ( 'NONE', #2443, 0.3556000000000001937 ) ;
#3027 = VECTOR ( 'NONE', #3030, 1000.000000000000000 ) ;
#3028 = ORIENTED_EDGE ( 'NONE', *, *, #952, .F. ) ;
#3030 = DIRECTION ( 'NONE',  ( -0.000000000000000000, 1.000000000000000000, -0.000000000000000000 ) ) ;
#3029 = LINE ( 'NONE', #2353, #3486 ) ;
#3031 = ORIENTED_EDGE ( 'NONE', *, *, #171, .T. ) ;
#3032 = DIRECTION ( 'NONE',  ( -0.000000000000000000, -0.000000000000000000, 1.000000000000000000 ) ) ;
#3033 = AXIS2_PLACEMENT_3D ( 'NONE', #2934, #2956, #3307 ) ;
#3034 = VECTOR ( 'NONE', #3032, 1000.000000000000000 ) ;
#3035 = LINE ( 'NONE', #1899, #3107 ) ;
#3036 = LINE ( 'NONE', #1648, #4307 ) ;
#3037 = ORIENTED_EDGE ( 'NONE', *, *, #331, .T. ) ;
#3038 = AXIS2_PLACEMENT_3D ( 'NONE', #162, #4040, #1923 ) ;
#3039 = VECTOR ( 'NONE', #2348, 1000.000000000000000 ) ;
#3040 = LINE ( 'NONE', #105, #1785 ) ;
#3041 = STYLED_ITEM ( 'NONE', ( #3203 ), #1653 ) ;
#3042 = VECTOR ( 'NONE', #4572, 1000.000000000000000 ) ;
#3043 = CARTESIAN_POINT ( 'NONE',  ( 4.124659999999999549, -2.660000000000001030, -2.810000000000000053 ) ) ;
#3044 = EDGE_CURVE ( 'NONE', #1755, #2491, #1911, .T. ) ;
#3045 = EDGE_CURVE ( 'NONE', #1277, #3022, #2278, .T. ) ;
#3046 = VECTOR ( 'NONE', #4656, 1000.000000000000000 ) ;
#3047 = DIRECTION ( 'NONE',  ( -1.000000000000000000, 0.000000000000000000, 0.000000000000000000 ) ) ;
#3048 = DIRECTION ( 'NONE',  ( 1.000000000000000000, 0.000000000000000000, -2.626776916984874047E-15 ) ) ;
#3049 = EDGE_CURVE ( 'NONE', #2545, #1289, #3036, .T. ) ;
#3050 = FACE_OUTER_BOUND ( 'NONE', #1659, .T. ) ;
#3051 = ADVANCED_FACE ( 'NONE', ( #4123 ), #1207, .T. ) ;
#3052 = ORIENTED_EDGE ( 'NONE', *, *, #1504, .F. ) ;
#3053 = DIRECTION ( 'NONE',  ( 0.000000000000000000, 1.000000000000000000, 0.000000000000000000 ) ) ;
#3054 = VERTEX_POINT ( 'NONE', #1960 ) ;
#3055 = CARTESIAN_POINT ( 'NONE',  ( -4.124659999999997773, 0.6800006613150174628, -3.057499999999999662 ) ) ;
#3056 = EDGE_CURVE ( 'NONE', #4557, #2830, #3411, .T. ) ;
#3057 = VERTEX_POINT ( 'NONE', #2340 ) ;
#3058 = LINE ( 'NONE', #209, #2305 ) ;
#3059 = CARTESIAN_POINT ( 'NONE',  ( 3.850340000000000096, 1.000000000000000000, -2.042499999999999538 ) ) ;
#3061 = CARTESIAN_POINT ( 'NONE',  ( -0.1979814764979378472, 5.330000000000000071, -0.1886247273267825098 ) ) ;
#3060 = LINE ( 'NONE', #285, #1776 ) ;
#3062 = ORIENTED_EDGE ( 'NONE', *, *, #3421, .T. ) ;
#3063 = LINE ( 'NONE', #572, #3944 ) ;
#3064 = FACE_OUTER_BOUND ( 'NONE', #2514, .T. ) ;
#3065 = FACE_OUTER_BOUND ( 'NONE', #1854, .T. ) ;
#3066 = DIRECTION ( 'NONE',  ( 0.000000000000000000, 0.000000000000000000, 1.000000000000000000 ) ) ;
#3067 = ORIENTED_EDGE ( 'NONE', *, *, #2630, .T. ) ;
#3068 = ADVANCED_FACE ( 'NONE', ( #900 ), #3387, .F. ) ;
#3069 = EDGE_CURVE ( 'NONE', #4579, #1525, #2730, .T. ) ;
#3070 = LINE ( 'NONE', #3428, #4396 ) ;
#3071 = VERTEX_POINT ( 'NONE', #3078 ) ;
#3072 = CARTESIAN_POINT ( 'NONE',  ( 4.124659999999999549, 2.260341587194643190E-18, 2.809999999999999165 ) ) ;
#3073 = VERTEX_POINT ( 'NONE', #3435 ) ;
#3074 = DIRECTION ( 'NONE',  ( 2.906221269855598900E-15, 0.000000000000000000, 1.000000000000000000 ) ) ;
#3075 = EDGE_CURVE ( 'NONE', #2121, #3073, #1629, .T. ) ;
#3076 = CARTESIAN_POINT ( 'NONE',  ( -4.124659999999999549, 1.000000000000000000, -2.290000000000000036 ) ) ;
#3078 = CARTESIAN_POINT ( 'NONE',  ( 4.124659999999999549, -2.660000000000001030, 2.290000000000000036 ) ) ;
#3077 = CARTESIAN_POINT ( 'NONE',  ( 5.697479132940173536E-15, 5.330000000000000071, 2.168999999999992934 ) ) ;
#3079 = VERTEX_POINT ( 'NONE', #1943 ) ;
#3080 = LINE ( 'NONE', #3787, #4530 ) ;
#3081 = LINE ( 'NONE', #2759, #493 ) ;
#3082 = LINE ( 'NONE', #1965, #322 ) ;
#3083 = LINE ( 'NONE', #175, #4009 ) ;
#3084 = FILL_AREA_STYLE ('',( #4378 ) ) ;
#3085 = CARTESIAN_POINT ( 'NONE',  ( -2.495549999999984170, 5.304599999999999760, 2.168999999999999595 ) ) ;
#3086 = ORIENTED_EDGE ( 'NONE', *, *, #1906, .F. ) ;
#3087 = VECTOR ( 'NONE', #3018, 1000.000000000000114 ) ;
#3088 = DIRECTION ( 'NONE',  ( 1.000000000000000000, 0.000000000000000000, -2.626776916984867341E-15 ) ) ;
#3089 = VERTEX_POINT ( 'NONE', #484 ) ;
#3090 = DIRECTION ( 'NONE',  ( 0.000000000000000000, 1.000000000000000000, 0.000000000000000000 ) ) ;
#3091 = VECTOR ( 'NONE', #511, 1000.000000000000000 ) ;
#3092 = EDGE_CURVE ( 'NONE', #2988, #848, #3370, .T. ) ;
#3093 = EDGE_LOOP ( 'NONE', ( #4498, #3031, #2325, #2590 ) ) ;
#3094 = LINE ( 'NONE', #540, #637 ) ;
#3095 = AXIS2_PLACEMENT_3D ( 'NONE', #2406, #3090, #2721 ) ;
#3096 = AXIS2_PLACEMENT_3D ( 'NONE', #2037, #245, #4255 ) ;
#3097 = DIRECTION ( 'NONE',  ( 0.000000000000000000, 0.000000000000000000, 1.000000000000000000 ) ) ;
#3098 = ORIENTED_EDGE ( 'NONE', *, *, #3351, .T. ) ;
#3100 = CARTESIAN_POINT ( 'NONE',  ( -3.163022930141338396, 3.405680000000123275, 2.290000000000000036 ) ) ;
#3099 = CARTESIAN_POINT ( 'NONE',  ( -3.102959444200954486, 5.330000000000000071, 4.085459444200953527 ) ) ;
#3101 = EDGE_CURVE ( 'NONE', #1282, #1113, #4459, .T. ) ;
#3102 = ORIENTED_EDGE ( 'NONE', *, *, #4099, .F. ) ;
#3103 = AXIS2_PLACEMENT_3D ( 'NONE', #2414, #3833, #616 ) ;
#3104 = CARTESIAN_POINT ( 'NONE',  ( 7.699083143682630578E-15, 5.304599999999999760, 2.930999999999992944 ) ) ;
#3105 = DIRECTION ( 'NONE',  ( 0.6897911962709469824, 0.000000000000000000, -0.7240083601361906318 ) ) ;
#3106 = CARTESIAN_POINT ( 'NONE',  ( -2.495549999999998825, 5.330000000000000071, -2.169000000000003148 ) ) ;
#3107 = VECTOR ( 'NONE', #3409, 1000.000000000000000 ) ;
#3108 = VECTOR ( 'NONE', #1326, 1000.000000000000000 ) ;
#3109 = EDGE_CURVE ( 'NONE', #1315, #4493, #4478, .T. ) ;
#3110 = DIRECTION ( 'NONE',  ( 0.000000000000000000, 0.000000000000000000, 1.000000000000000000 ) ) ;
#3111 = COLOUR_RGB ( '',0.7921568627450980005, 0.8196078431372548767, 0.9333333333333333481 ) ;
#3112 = AXIS2_PLACEMENT_3D ( 'NONE', #1253, #2693, #1571 ) ;
#3113 = CARTESIAN_POINT ( 'NONE',  ( 3.341664254235964471, 3.405680000000126384, -3.057499999999999662 ) ) ;
#3114 = DIRECTION ( 'NONE',  ( 1.734723475976807094E-15, 1.000000000000000000, 0.000000000000000000 ) ) ;
#3115 = LINE ( 'NONE', #1353, #4095 ) ;
#3116 = VECTOR ( 'NONE', #4581, 1000.000000000000000 ) ;
#3117 = ORIENTED_EDGE ( 'NONE', *, *, #3745, .T. ) ;
#3118 = VECTOR ( 'NONE', #470, 1000.000000000000000 ) ;
#3119 = DIRECTION ( 'NONE',  ( 0.000000000000000000, -1.000000000000000000, 0.000000000000000000 ) ) ;
#3120 = ORIENTED_EDGE ( 'NONE', *, *, #3109, .T. ) ;
#3121 = FACE_OUTER_BOUND ( 'NONE', #154, .T. ) ;
#3122 = ORIENTED_EDGE ( 'NONE', *, *, #1233, .F. ) ;
#3123 = DIRECTION ( 'NONE',  ( 1.000000000000000000, 0.000000000000000000, 0.000000000000000000 ) ) ;
#3124 = CARTESIAN_POINT ( 'NONE',  ( -0.1246599999999993963, 1.000000000000000000, -2.290000000000000036 ) ) ;
#3125 = ORIENTED_EDGE ( 'NONE', *, *, #2630, .F. ) ;
#3127 = PLANE ( 'NONE',  #1768 ) ;
#3126 = LINE ( 'NONE', #3077, #1302 ) ;
#3128 = ORIENTED_EDGE ( 'NONE', *, *, #4145, .F. ) ;
#3129 = DIRECTION ( 'NONE',  ( 0.000000000000000000, 1.000000000000000000, -0.000000000000000000 ) ) ;
#3130 = EDGE_CURVE ( 'NONE', #2950, #901, #3636, .T. ) ;
#3131 = ADVANCED_FACE ( 'NONE', ( #3831 ), #3887, .F. ) ;
#3132 = DIRECTION ( 'NONE',  ( -0.000000000000000000, -0.000000000000000000, 1.000000000000000000 ) ) ;
#3133 = CARTESIAN_POINT ( 'NONE',  ( 4.124659999999999549, -2.660000000000001030, -2.290000000000000036 ) ) ;
#3134 = ADVANCED_FACE ( 'NONE', ( #1364 ), #1317, .F. ) ;
#3135 = LINE ( 'NONE', #729, #912 ) ;
#3136 = LINE ( 'NONE', #1029, #929 ) ;
#3137 = DIRECTION ( 'NONE',  ( -3.414809992080329122E-15, 0.000000000000000000, -1.000000000000000000 ) ) ;
#3138 = FILL_AREA_STYLE ('',( #3768 ) ) ;
#3139 = PLANE ( 'NONE',  #3402 ) ;
#3140 = ORIENTED_EDGE ( 'NONE', *, *, #2183, .F. ) ;
#3141 = CARTESIAN_POINT ( 'NONE',  ( -2.793999999999999595, 5.304599999999999760, -2.632550000000004609 ) ) ;
#3142 = ORIENTED_EDGE ( 'NONE', *, *, #1478, .T. ) ;
#3143 = CARTESIAN_POINT ( 'NONE',  ( -2.495549999999989055, 5.304599999999999760, 1.087893073498222629E-14 ) ) ;
#3144 = EDGE_LOOP ( 'NONE', ( #3924, #309, #1005, #3477 ) ) ;
#3145 = LINE ( 'NONE', #2387, #3186 ) ;
#3146 = LINE ( 'NONE', #2005, #2674 ) ;
#3147 = ORIENTED_EDGE ( 'NONE', *, *, #1109, .F. ) ;
#3149 = DIRECTION ( 'NONE',  ( -0.000000000000000000, -0.000000000000000000, 1.000000000000000000 ) ) ;
#3148 = CARTESIAN_POINT ( 'NONE',  ( 3.034788068704564967, 6.891381201483501862, -0.9031822976444727757 ) ) ;
#3150 = ORIENTED_EDGE ( 'NONE', *, *, #171, .F. ) ;
#3151 = ORIENTED_EDGE ( 'NONE', *, *, #1730, .T. ) ;
#3152 = DIRECTION ( 'NONE',  ( 0.000000000000000000, 0.000000000000000000, 1.000000000000000000 ) ) ;
#3153 = CARTESIAN_POINT ( 'NONE',  ( 3.809999999999999165, 3.280787200984090823, -3.057499999999999662 ) ) ;
#3154 = PLANE ( 'NONE',  #703 ) ;
#3155 = ADVANCED_FACE ( 'NONE', ( #2129 ), #942, .F. ) ;
#3156 = EDGE_CURVE ( 'NONE', #56, #4142, #2051, .T. ) ;
#3157 = DIRECTION ( 'NONE',  ( -0.9990482215818579093, -0.04361938736533281513, -0.000000000000000000 ) ) ;
#3158 = DIRECTION ( 'NONE',  ( 0.1583471095124988348, -0.9873835085259610178, 0.000000000000000000 ) ) ;
#3159 = LINE ( 'NONE', #3839, #1679 ) ;
#3160 = CARTESIAN_POINT ( 'NONE',  ( 3.341664254235964471, 3.205680000000123098, 3.057499999999999662 ) ) ;
#3161 = DIRECTION ( 'NONE',  ( 0.000000000000000000, 0.000000000000000000, 1.000000000000000000 ) ) ;
#3162 = PLANE ( 'NONE',  #1981 ) ;
#3163 = EDGE_CURVE ( 'NONE', #208, #1289, #2083, .T. ) ;
#3164 = ORIENTED_EDGE ( 'NONE', *, *, #3685, .F. ) ;
#3165 = CARTESIAN_POINT ( 'NONE',  ( 0.1246599999999993963, 1.000000000000000000, -2.290000000000000036 ) ) ;
#3166 = VERTEX_POINT ( 'NONE', #664 ) ;
#3167 = DIRECTION ( 'NONE',  ( 1.000000000000000000, -1.184920407087982840E-16, 0.000000000000000000 ) ) ;
#3168 = EDGE_CURVE ( 'NONE', #3784, #3079, #234, .T. ) ;
#3169 = ORIENTED_EDGE ( 'NONE', *, *, #844, .T. ) ;
#3170 = VECTOR ( 'NONE', #3215, 1000.000000000000000 ) ;
#3171 = LINE ( 'NONE', #4561, #1927 ) ;
#3172 = ORIENTED_EDGE ( 'NONE', *, *, #167, .T. ) ;
#3174 = DIRECTION ( 'NONE',  ( 0.000000000000000000, 1.000000000000000000, 0.000000000000000000 ) ) ;
#3173 = DIRECTION ( 'NONE',  ( 0.02182527144454755874, 0.4998809001968246846, 0.8658191168741794508 ) ) ;
#3175 = ORIENTED_EDGE ( 'NONE', *, *, #383, .T. ) ;
#3176 = ORIENTED_EDGE ( 'NONE', *, *, #1735, .T. ) ;
#3177 = DIRECTION ( 'NONE',  ( -2.906221269855598900E-15, 0.000000000000000000, -1.000000000000000000 ) ) ;
#3178 = AXIS2_PLACEMENT_3D ( 'NONE', #569, #163, #917 ) ;
#3179 = VERTEX_POINT ( 'NONE', #3552 ) ;
#3180 = CARTESIAN_POINT ( 'NONE',  ( 2.300902611444806567, 5.330000000000000071, 2.288533780258464656 ) ) ;
#3181 = CARTESIAN_POINT ( 'NONE',  ( -0.1246599999999993963, 1.000000000000000000, -3.057499999999999662 ) ) ;
#3182 = AXIS2_PLACEMENT_3D ( 'NONE', #1669, #3174, #590 ) ;
#3183 = VECTOR ( 'NONE', #1471, 1000.000000000000000 ) ;
#3184 = DIRECTION ( 'NONE',  ( 0.000000000000000000, 0.000000000000000000, -1.000000000000000000 ) ) ;
#3185 = VECTOR ( 'NONE', #4131, 1000.000000000000000 ) ;
#3186 = VECTOR ( 'NONE', #3756, 1000.000000000000000 ) ;
#3187 = DIRECTION ( 'NONE',  ( 0.000000000000000000, 0.000000000000000000, 1.000000000000000000 ) ) ;
#3188 = CARTESIAN_POINT ( 'NONE',  ( -2.495549999999999713, 5.330000000000000071, -2.467450000000003030 ) ) ;
#3189 = FACE_OUTER_BOUND ( 'NONE', #1536, .T. ) ;
#3190 = CARTESIAN_POINT ( 'NONE',  ( -4.124659999999997773, 1.000000000000000444, -3.057499999999999662 ) ) ;
#3191 = AXIS2_PLACEMENT_3D ( 'NONE', #2467, #663, #2872 ) ;
#3192 = AXIS2_PLACEMENT_3D ( 'NONE', #315, #1757, #4517 ) ;
#3193 = ORIENTED_EDGE ( 'NONE', *, *, #2040, .F. ) ;
#3194 = ADVANCED_FACE ( 'NONE', ( #286 ), #3127, .F. ) ;
#3195 = EDGE_CURVE ( 'NONE', #2655, #3245, #2802, .T. ) ;
#3196 = DIRECTION ( 'NONE',  ( -0.000000000000000000, 1.000000000000000000, -0.000000000000000000 ) ) ;
#3197 = VECTOR ( 'NONE', #611, 1000.000000000000000 ) ;
#3198 = ORIENTED_EDGE ( 'NONE', *, *, #1373, .T. ) ;
#3199 =( LENGTH_UNIT ( ) NAMED_UNIT ( * ) SI_UNIT ( .MILLI., .METRE. ) );
#3200 = ORIENTED_EDGE ( 'NONE', *, *, #1828, .F. ) ;
#3201 = AXIS2_PLACEMENT_3D ( 'NONE', #2095, #2450, #4222 ) ;
#3202 = EDGE_CURVE ( 'NONE', #1138, #4015, #3479, .T. ) ;
#3203 = PRESENTATION_STYLE_ASSIGNMENT (( #1779 ) ) ;
#3204 = ORIENTED_EDGE ( 'NONE', *, *, #1989, .T. ) ;
#3206 = CARTESIAN_POINT ( 'NONE',  ( -2.330449999999984811, 5.330000000000000071, 1.354560671666993120E-14 ) ) ;
#3205 = DIRECTION ( 'NONE',  ( 1.000000000000000000, 0.000000000000000000, -2.906221269855598900E-15 ) ) ;
#3207 = VERTEX_POINT ( 'NONE', #3455 ) ;
#3208 = ORIENTED_EDGE ( 'NONE', *, *, #324, .T. ) ;
#3209 = DIRECTION ( 'NONE',  ( -2.906221269855598900E-15, 0.000000000000000000, -1.000000000000000000 ) ) ;
#3210 = ORIENTED_EDGE ( 'NONE', *, *, #3788, .F. ) ;
#3211 = DIRECTION ( 'NONE',  ( -1.000000000000000000, 9.331360556159751558E-18, 0.000000000000000000 ) ) ;
#3212 = DIRECTION ( 'NONE',  ( 0.000000000000000000, 0.000000000000000000, 1.000000000000000000 ) ) ;
#3213 = CARTESIAN_POINT ( 'NONE',  ( -3.175000000000000266, 3.680000000000123173, -2.290000000000000036 ) ) ;
#3214 = ORIENTED_EDGE ( 'NONE', *, *, #1504, .T. ) ;
#3215 = DIRECTION ( 'NONE',  ( 0.6897911962709469824, 0.000000000000000000, -0.7240083601361906318 ) ) ;
#3216 = DIRECTION ( 'NONE',  ( 0.000000000000000000, 0.000000000000000000, 1.000000000000000000 ) ) ;
#3217 = CARTESIAN_POINT ( 'NONE',  ( -2.495549999999991275, 5.330000000000000071, 8.521829075736036452E-15 ) ) ;
#3218 = DIRECTION ( 'NONE',  ( -0.000000000000000000, -0.000000000000000000, 1.000000000000000000 ) ) ;
#3219 = DIRECTION ( 'NONE',  ( 0.000000000000000000, 1.000000000000000000, 0.000000000000000000 ) ) ;
#3220 = ORIENTED_EDGE ( 'NONE', *, *, #2284, .T. ) ;
#3221 = CARTESIAN_POINT ( 'NONE',  ( -3.803334990045005082, 1.589950658968517949, 3.057499999999999662 ) ) ;
#3222 = ADVANCED_FACE ( 'NONE', ( #1342 ), #986, .F. ) ;
#3223 = ORIENTED_EDGE ( 'NONE', *, *, #1811, .F. ) ;
#3224 = EDGE_CURVE ( 'NONE', #1417, #1258, #1725, .T. ) ;
#3225 = EDGE_LOOP ( 'NONE', ( #1204, #834, #713, #668, #3361, #237 ) ) ;
#3227 = DIRECTION ( 'NONE',  ( 0.000000000000000000, 0.000000000000000000, 1.000000000000000000 ) ) ;
#3226 = FACE_OUTER_BOUND ( 'NONE', #227, .T. ) ;
#3228 = ORIENTED_EDGE ( 'NONE', *, *, #3740, .T. ) ;
#3229 = ORIENTED_EDGE ( 'NONE', *, *, #795, .T. ) ;
#3230 = EDGE_CURVE ( 'NONE', #4493, #4555, #3639, .T. ) ;
#3231 = DIRECTION ( 'NONE',  ( 0.000000000000000000, 0.000000000000000000, 1.000000000000000000 ) ) ;
#3232 = ORIENTED_EDGE ( 'NONE', *, *, #4179, .T. ) ;
#3233 = FACE_OUTER_BOUND ( 'NONE', #2863, .T. ) ;
#3234 = CARTESIAN_POINT ( 'NONE',  ( -2.793999999999999595, 5.304599999999999760, -2.632550000000004609 ) ) ;
#3235 =( NAMED_UNIT ( * ) SI_UNIT ( $, .STERADIAN. ) SOLID_ANGLE_UNIT ( ) );
#3236 = ORIENTED_EDGE ( 'NONE', *, *, #2521, .F. ) ;
#3237 = DIRECTION ( 'NONE',  ( 0.000000000000000000, 0.000000000000000000, 1.000000000000000000 ) ) ;
#3238 = DIRECTION ( 'NONE',  ( -0.9990482215818579093, -0.04361938736533275962, -0.000000000000000000 ) ) ;
#3239 = DIRECTION ( 'NONE',  ( 0.000000000000000000, 1.000000000000000000, -0.000000000000000000 ) ) ;
#3240 = LINE ( 'NONE', #3540, #2597 ) ;
#3241 = CARTESIAN_POINT ( 'NONE',  ( -3.159209501124185859, 3.318338115855697712, -4.141709501124185344 ) ) ;
#3242 = VERTEX_POINT ( 'NONE', #4190 ) ;
#3243 = DIRECTION ( 'NONE',  ( -0.9873835085259614619, 0.1583471095124970585, 0.000000000000000000 ) ) ;
#3244 = VERTEX_POINT ( 'NONE', #2107 ) ;
#3245 = VERTEX_POINT ( 'NONE', #1751 ) ;
#3246 = EDGE_CURVE ( 'NONE', #1749, #948, #4589, .T. ) ;
#3248 = DIRECTION ( 'NONE',  ( -1.000000000000000000, -1.184920407087982840E-16, 0.000000000000000000 ) ) ;
#3247 = DIRECTION ( 'NONE',  ( -2.906221269855598900E-15, 0.000000000000000000, -1.000000000000000000 ) ) ;
#3249 = EDGE_LOOP ( 'NONE', ( #584, #3346, #799, #1520 ) ) ;
#3250 = EDGE_LOOP ( 'NONE', ( #406, #1961, #2869, #1337, #4370, #3024, #4280, #3770 ) ) ;
#3251 = DIRECTION ( 'NONE',  ( 0.000000000000000000, 1.000000000000000000, 0.000000000000000000 ) ) ;
#3252 = ADVANCED_FACE ( 'NONE', ( #4267 ), #1040, .F. ) ;
#3253 = DIRECTION ( 'NONE',  ( 1.000000000000000000, 0.000000000000000000, 0.000000000000000000 ) ) ;
#3254 = EDGE_CURVE ( 'NONE', #2160, #901, #2754, .T. ) ;
#3255 = CARTESIAN_POINT ( 'NONE',  ( -4.074194034103842732, 1.633388438049987679, 2.042499999999999538 ) ) ;
#3256 = AXIS2_PLACEMENT_3D ( 'NONE', #4513, #4077, #3724 ) ;
#3257 = ORIENTED_EDGE ( 'NONE', *, *, #768, .F. ) ;
#3258 = VECTOR ( 'NONE', #3381, 1000.000000000000000 ) ;
#3259 = EDGE_CURVE ( 'NONE', #313, #809, #1806, .T. ) ;
#3260 = CARTESIAN_POINT ( 'NONE',  ( -3.175000000000000266, 3.680000000000123173, -3.057499999999999662 ) ) ;
#3261 = CARTESIAN_POINT ( 'NONE',  ( -4.124659999999999549, -2.660000000000001030, -2.290000000000000036 ) ) ;
#3262 = CARTESIAN_POINT ( 'NONE',  ( -2.330449999999992805, 5.304599999999999760, 6.772803358334958500E-15 ) ) ;
#3263 = VECTOR ( 'NONE', #3516, 1000.000000000000000 ) ;
#3264 = VECTOR ( 'NONE', #2110, 1000.000000000000227 ) ;
#3265 = CARTESIAN_POINT ( 'NONE',  ( 2.349032947029440876, 5.304599999999999760, 2.238015934383048133 ) ) ;
#3266 = AXIS2_PLACEMENT_3D ( 'NONE', #2707, #3410, #259 ) ;
#3267 = ORIENTED_EDGE ( 'NONE', *, *, #2605, .F. ) ;
#3268 = APPLICATION_PROTOCOL_DEFINITION ( 'draft international standard', 'automotive_design', 1998, #460 ) ;
#3269 = AXIS2_PLACEMENT_3D ( 'NONE', #2547, #1496, #34 ) ;
#3270 = CLOSED_SHELL ( 'NONE', ( #3612, #144, #3194, #1743, #1447, #3068, #4600, #168, #2147, #2821, #469, #2245, #3542, #2266 ) ) ;
#3271 = ORIENTED_EDGE ( 'NONE', *, *, #2940, .F. ) ;
#3272 = AXIS2_PLACEMENT_3D ( 'NONE', #2486, #4340, #3931 ) ;
#3273 = FILL_AREA_STYLE_COLOUR ( '', #4331 ) ;
#3274 = ORIENTED_EDGE ( 'NONE', *, *, #2496, .F. ) ;
#3276 = DIRECTION ( 'NONE',  ( -0.000000000000000000, -0.000000000000000000, -1.000000000000000000 ) ) ;
#3275 = FACE_OUTER_BOUND ( 'NONE', #1217, .T. ) ;
#3277 = ORIENTED_EDGE ( 'NONE', *, *, #1169, .F. ) ;
#3278 = AXIS2_PLACEMENT_3D ( 'NONE', #1256, #2696, #3066 ) ;
#3279 = EDGE_LOOP ( 'NONE', ( #787, #810, #4213, #535 ) ) ;
#3280 = UNCERTAINTY_MEASURE_WITH_UNIT (LENGTH_MEASURE( 1.000000000000000082E-05 ), #73, 'distance_accuracy_value', 'NONE');
#3281 = DIRECTION ( 'NONE',  ( 0.000000000000000000, 1.000000000000000000, 0.000000000000000000 ) ) ;
#3282 = DIRECTION ( 'NONE',  ( -0.000000000000000000, 1.000000000000000000, -0.000000000000000000 ) ) ;
#3283 = DIRECTION ( 'NONE',  ( 1.000000000000000000, -1.942130114371435793E-14, 0.000000000000000000 ) ) ;
#3284 = DIRECTION ( 'NONE',  ( 0.000000000000000000, 0.000000000000000000, 1.000000000000000000 ) ) ;
#3285 = ORIENTED_EDGE ( 'NONE', *, *, #3979, .F. ) ;
#3286 = EDGE_CURVE ( 'NONE', #1704, #2779, #1875, .T. ) ;
#3287 = ADVANCED_FACE ( 'NONE', ( #95 ), #457, .F. ) ;
#3288 = VERTEX_POINT ( 'NONE', #1117 ) ;
#3289 = LINE ( 'NONE', #1501, #2953 ) ;
#3290 = CARTESIAN_POINT ( 'NONE',  ( -3.850339999999999652, 0.6800006613150175738, 2.042499999999999538 ) ) ;
#3291 = EDGE_CURVE ( 'NONE', #4555, #4559, #2205, .T. ) ;
#3292 = CARTESIAN_POINT ( 'NONE',  ( -0.1979814764979378472, 5.330000000000000071, -0.1886247273267825098 ) ) ;
#3293 = ORIENTED_EDGE ( 'NONE', *, *, #4099, .T. ) ;
#3294 = EDGE_LOOP ( 'NONE', ( #157, #3220, #2964, #1822 ) ) ;
#3295 = SURFACE_STYLE_USAGE ( .BOTH. , #4001 ) ;
#3296 = ORIENTED_EDGE ( 'NONE', *, *, #3913, .T. ) ;
#3297 = LINE ( 'NONE', #1916, #110 ) ;
#3298 = ORIENTED_EDGE ( 'NONE', *, *, #4354, .F. ) ;
#3299 = ORIENTED_EDGE ( 'NONE', *, *, #500, .F. ) ;
#3300 = CARTESIAN_POINT ( 'NONE',  ( -2.032000000000000028, 5.304599999999999760, -2.467450000000004806 ) ) ;
#3301 = LINE ( 'NONE', #3660, #1547 ) ;
#3302 = DIRECTION ( 'NONE',  ( 0.000000000000000000, 0.000000000000000000, -1.000000000000000000 ) ) ;
#3303 = MANIFOLD_SOLID_BREP ( 'Marking 1', #3270 ) ;
#3304 = ORIENTED_EDGE ( 'NONE', *, *, #4083, .F. ) ;
#3305 = ORIENTED_EDGE ( 'NONE', *, *, #2263, .F. ) ;
#3306 = CARTESIAN_POINT ( 'NONE',  ( 4.074194034103847173, 1.633388438049986124, 2.290000000000000036 ) ) ;
#3307 = DIRECTION ( 'NONE',  ( 0.000000000000000000, 0.000000000000000000, -1.000000000000000000 ) ) ;
#3308 = EDGE_CURVE ( 'NONE', #3071, #3960, #1136, .T. ) ;
#3309 = EDGE_CURVE ( 'NONE', #3744, #3362, #715, .T. ) ;
#3310 = DIRECTION ( 'NONE',  ( 0.000000000000000000, 0.000000000000000000, 1.000000000000000000 ) ) ;
#3311 = ORIENTED_EDGE ( 'NONE', *, *, #1323, .F. ) ;
#3312 = EDGE_CURVE ( 'NONE', #2954, #1519, #1844, .T. ) ;
#3313 = ORIENTED_EDGE ( 'NONE', *, *, #477, .T. ) ;
#3314 = CARTESIAN_POINT ( 'NONE',  ( 3.850339999999999652, -2.660000000000001030, 2.290000000000000036 ) ) ;
#3315 = ORIENTED_EDGE ( 'NONE', *, *, #4228, .T. ) ;
#3317 = CARTESIAN_POINT ( 'NONE',  ( -3.341664254235964471, 3.405680000000126384, -2.290000000000000036 ) ) ;
#3316 = CARTESIAN_POINT ( 'NONE',  ( -0.1979814764979378472, 5.304599999999999760, -0.1886247273267825098 ) ) ;
#3318 = EDGE_CURVE ( 'NONE', #2485, #364, #4316, .T. ) ;
#3319 = ORIENTED_EDGE ( 'NONE', *, *, #2177, .T. ) ;
#3320 = ORIENTED_EDGE ( 'NONE', *, *, #3505, .T. ) ;
#3321 = FACE_BOUND ( 'NONE', #4569, .T. ) ;
#3322 = DIRECTION ( 'NONE',  ( -0.000000000000000000, -1.000000000000000000, 0.000000000000000000 ) ) ;
#3323 = CARTESIAN_POINT ( 'NONE',  ( 3.539140955941160183, 3.237349421902622648, -2.042499999999999538 ) ) ;
#3324 = ORIENTED_EDGE ( 'NONE', *, *, #3536, .T. ) ;
#3325 = DIRECTION ( 'NONE',  ( 1.000000000000000000, 0.000000000000000000, 0.000000000000000000 ) ) ;
#3326 = VECTOR ( 'NONE', #397, 1000.000000000000000 ) ;
#3327 = DIRECTION ( 'NONE',  ( -4.336808689942017736E-16, 1.000000000000000000, 0.000000000000000000 ) ) ;
#3328 = DIRECTION ( 'NONE',  ( 1.000000000000000000, 0.000000000000000000, 0.000000000000000000 ) ) ;
#3329 = CIRCLE ( 'NONE', #1291, 0.1905000000000001414 ) ;
#3330 = AXIS2_PLACEMENT_3D ( 'NONE', #3523, #3243, #1112 ) ;
#3331 = AXIS2_PLACEMENT_3D ( 'NONE', #2626, #1219, #2401 ) ;
#3332 = PLANE ( 'NONE',  #2382 ) ;
#3333 = VERTEX_POINT ( 'NONE', #4362 ) ;
#3334 = AXIS2_PLACEMENT_3D ( 'NONE', #3262, #1840, #1484 ) ;
#3335 = VECTOR ( 'NONE', #4044, 1000.000000000000114 ) ;
#3336 = ORIENTED_EDGE ( 'NONE', *, *, #391, .T. ) ;
#3337 = EDGE_CURVE ( 'NONE', #657, #1592, #4311, .T. ) ;
#3338 = ADVANCED_FACE ( 'NONE', ( #743 ), #2230, .T. ) ;
#3339 = VECTOR ( 'NONE', #1596, 1000.000000000000000 ) ;
#3340 = VECTOR ( 'NONE', #2587, 1000.000000000000000 ) ;
#3341 = CLOSED_SHELL ( 'NONE', ( #867, #4135, #2288, #3978, #3888, #2228, #2558, #1152, #222, #3732, #3155, #3390, #1067, #263, #1984, #2112, #4235, #694, #1562, #2488, #946, #1697, #4294, #200, #132, #670, #4134, #4270, #66, #2728, #897, #223, #3604, #2965, #4324, #3134, #956, #1108, #2201, #2574, #1708, #3667, #4089 ) ) ;
#3342 = ORIENTED_EDGE ( 'NONE', *, *, #3759, .T. ) ;
#3343 = MANIFOLD_SOLID_BREP ( 'Marking 3', #2374 ) ;
#3345 = LINE ( 'NONE', #4473, #4151 ) ;
#3344 = CARTESIAN_POINT ( 'NONE',  ( 0.1246599999999993963, 1.000000000000000000, 2.290000000000000036 ) ) ;
#3346 = ORIENTED_EDGE ( 'NONE', *, *, #1765, .F. ) ;
#3347 = VERTEX_POINT ( 'NONE', #1917 ) ;
#3348 = VECTOR ( 'NONE', #2409, 1000.000000000000000 ) ;
#3349 = DIRECTION ( 'NONE',  ( 0.000000000000000000, 0.000000000000000000, -1.000000000000000000 ) ) ;
#3350 = AXIS2_PLACEMENT_3D ( 'NONE', #1933, #829, #2596 ) ;
#3351 = EDGE_CURVE ( 'NONE', #364, #689, #814, .T. ) ;
#3352 = DIRECTION ( 'NONE',  ( 0.000000000000000000, 0.000000000000000000, 1.000000000000000000 ) ) ;
#3353 = DIRECTION ( 'NONE',  ( 0.7240083601361931853, -0.000000000000000000, 0.6897911962709443179 ) ) ;
#3354 = CIRCLE ( 'NONE', #4335, 0.3556000000000001937 ) ;
#3355 = VERTEX_POINT ( 'NONE', #833 ) ;
#3356 = DIRECTION ( 'NONE',  ( 0.000000000000000000, -0.9396926207859079838, 0.3420201433256698231 ) ) ;
#3357 = VECTOR ( 'NONE', #4180, 1000.000000000000000 ) ;
#3358 = CARTESIAN_POINT ( 'NONE',  ( -3.850339999999999652, -2.660000000000001030, 2.290000000000000036 ) ) ;
#3359 = CARTESIAN_POINT ( 'NONE',  ( -0.1246599999999993963, 1.000000000000000000, 2.042499999999999538 ) ) ;
#3360 = LINE ( 'NONE', #1215, #1093 ) ;
#3361 = ORIENTED_EDGE ( 'NONE', *, *, #702, .F. ) ;
#3362 = VERTEX_POINT ( 'NONE', #159 ) ;
#3364 = CARTESIAN_POINT ( 'NONE',  ( 3.341664254235964471, 3.205680000000123098, 2.290000000000000036 ) ) ;
#3363 = LINE ( 'NONE', #4408, #2152 ) ;
#3365 = EDGE_CURVE ( 'NONE', #4015, #2807, #3345, .T. ) ;
#3366 = EDGE_CURVE ( 'NONE', #1131, #3179, #504, .T. ) ;
#3367 = ORIENTED_EDGE ( 'NONE', *, *, #1774, .F. ) ;
#3368 = CARTESIAN_POINT ( 'NONE',  ( -2.495549999999981505, 5.304599999999999760, 2.930999999999999606 ) ) ;
#3369 = DIRECTION ( 'NONE',  ( 1.000000000000000000, -0.000000000000000000, 0.000000000000000000 ) ) ;
#3370 = LINE ( 'NONE', #3061, #3848 ) ;
#3371 = EDGE_CURVE ( 'NONE', #1786, #3333, #3719, .T. ) ;
#3372 = EDGE_LOOP ( 'NONE', ( #1593, #3267, #1625, #1513, #4379 ) ) ;
#3373 = DIRECTION ( 'NONE',  ( -0.04361938736533251676, 0.9990482215818579093, 0.000000000000000000 ) ) ;
#3374 = EDGE_LOOP ( 'NONE', ( #4289, #1167, #2925, #944 ) ) ;
#3375 = DIRECTION ( 'NONE',  ( -1.000000000000000000, -8.285841104563521713E-18, 0.000000000000000000 ) ) ;
#3376 = CARTESIAN_POINT ( 'NONE',  ( -3.163022930141338396, 3.405680000000123275, -2.290000000000000036 ) ) ;
#3377 = ORIENTED_EDGE ( 'NONE', *, *, #4286, .T. ) ;
#3378 = ORIENTED_EDGE ( 'NONE', *, *, #1945, .F. ) ;
#3379 = ORIENTED_EDGE ( 'NONE', *, *, #2635, .F. ) ;
#3381 = DIRECTION ( 'NONE',  ( 1.000000000000000000, 0.000000000000000000, -2.906221269855598900E-15 ) ) ;
#3380 = CARTESIAN_POINT ( 'NONE',  ( 3.175000000000000266, 3.680000000000123173, 3.057499999999999662 ) ) ;
#3382 = ORIENTED_EDGE ( 'NONE', *, *, #331, .F. ) ;
#3383 = CARTESIAN_POINT ( 'NONE',  ( -3.341664254235964471, 3.205680000000123098, 3.057499999999999662 ) ) ;
#3384 = EDGE_CURVE ( 'NONE', #2675, #186, #2273, .T. ) ;
#3385 = EDGE_CURVE ( 'NONE', #3735, #2121, #2067, .T. ) ;
#3386 = DIRECTION ( 'NONE',  ( -0.000000000000000000, -0.000000000000000000, 1.000000000000000000 ) ) ;
#3387 = PLANE ( 'NONE',  #3178 ) ;
#3388 = VERTEX_POINT ( 'NONE', #4554 ) ;
#3389 = CARTESIAN_POINT ( 'NONE',  ( 3.850340000000000096, -8.673617379884035472E-16, 2.290000000000000036 ) ) ;
#3390 = ADVANCED_FACE ( 'NONE', ( #1561 ), #4430, .T. ) ;
#3391 = EDGE_CURVE ( 'NONE', #2403, #4559, #1246, .T. ) ;
#3392 = ORIENTED_EDGE ( 'NONE', *, *, #4261, .T. ) ;
#3393 = DIRECTION ( 'NONE',  ( -0.000000000000000000, -0.000000000000000000, 1.000000000000000000 ) ) ;
#3394 = ADVANCED_FACE ( 'NONE', ( #4118 ), #122, .F. ) ;
#3395 = CIRCLE ( 'NONE', #2433, 0.1905000000000001414 ) ;
#3396 = DIRECTION ( 'NONE',  ( 0.000000000000000000, -1.000000000000000000, 0.000000000000000000 ) ) ;
#3397 = DIRECTION ( 'NONE',  ( -2.833924562156542408E-18, 0.3420201433256698786, 0.9396926207859079838 ) ) ;
#3398 = PLANE ( 'NONE',  #2158 ) ;
#3399 = VECTOR ( 'NONE', #1122, 1000.000000000000227 ) ;
#3400 = ORIENTED_EDGE ( 'NONE', *, *, #2555, .T. ) ;
#3401 = DIRECTION ( 'NONE',  ( 0.000000000000000000, 0.000000000000000000, -1.000000000000000000 ) ) ;
#3402 = AXIS2_PLACEMENT_3D ( 'NONE', #1455, #2789, #998 ) ;
#3403 = EDGE_LOOP ( 'NONE', ( #3436, #2511, #1849, #7 ) ) ;
#3404 = CARTESIAN_POINT ( 'NONE',  ( 2.656502611444808259, 5.304599999999999760, 2.673542627135553129 ) ) ;
#3405 =( GEOMETRIC_REPRESENTATION_CONTEXT ( 3 ) GLOBAL_UNCERTAINTY_ASSIGNED_CONTEXT ( ( #3777 ) ) GLOBAL_UNIT_ASSIGNED_CONTEXT ( ( #4368, #692, #3235 ) ) REPRESENTATION_CONTEXT ( 'NONE', 'WORKASPACE' ) );
#3406 = EDGE_LOOP ( 'NONE', ( #479, #2700, #2926, #4414 ) ) ;
#3407 = DIRECTION ( 'NONE',  ( 1.000000000000000000, 0.000000000000000000, 0.000000000000000000 ) ) ;
#3408 = VECTOR ( 'NONE', #3953, 1000.000000000000000 ) ;
#3409 = DIRECTION ( 'NONE',  ( 0.6897911962709469824, 0.000000000000000000, -0.7240083601361906318 ) ) ;
#3411 = LINE ( 'NONE', #3743, #482 ) ;
#3410 = DIRECTION ( 'NONE',  ( -0.000000000000000000, -0.000000000000000000, -1.000000000000000000 ) ) ;
#3412 = CIRCLE ( 'NONE', #3645, 0.3556000000000001937 ) ;
#3413 = ORIENTED_EDGE ( 'NONE', *, *, #3474, .F. ) ;
#3414 = AXIS2_PLACEMENT_3D ( 'NONE', #636, #3778, #2079 ) ;
#3415 =( GEOMETRIC_REPRESENTATION_CONTEXT ( 3 ) GLOBAL_UNCERTAINTY_ASSIGNED_CONTEXT ( ( #1538 ) ) GLOBAL_UNIT_ASSIGNED_CONTEXT ( ( #4502, #928, #2400 ) ) REPRESENTATION_CONTEXT ( 'NONE', 'WORKASPACE' ) );
#3416 = LINE ( 'NONE', #1983, #870 ) ;
#3417 = COLOUR_RGB ( '',0.7921568627450980005, 0.8196078431372548767, 0.9333333333333333481 ) ;
#3418 = AXIS2_PLACEMENT_3D ( 'NONE', #1449, #2140, #3562 ) ;
#3419 = DIRECTION ( 'NONE',  ( -0.000000000000000000, 1.000000000000000000, -0.000000000000000000 ) ) ;
#3420 = ADVANCED_FACE ( 'NONE', ( #4409 ), #2643, .F. ) ;
#3421 = EDGE_CURVE ( 'NONE', #1058, #56, #2886, .T. ) ;
#3422 = PRESENTATION_LAYER_ASSIGNMENT (  '', '', ( #1312 ) ) ;
#3423 = PLANE ( 'NONE',  #3963 ) ;
#3424 = SURFACE_STYLE_USAGE ( .BOTH. , #1993 ) ;
#3425 = DIRECTION ( 'NONE',  ( 0.000000000000000000, 1.000000000000000000, -0.000000000000000000 ) ) ;
#3426 = ADVANCED_FACE ( 'NONE', ( #2295 ), #3693, .T. ) ;
#3427 = ORIENTED_EDGE ( 'NONE', *, *, #1012, .F. ) ;
#3428 = CARTESIAN_POINT ( 'NONE',  ( 0.000000000000000000, 5.330000000000000071, 4.085459444200953527 ) ) ;
#3429 = ORIENTED_EDGE ( 'NONE', *, *, #383, .F. ) ;
#3430 = CARTESIAN_POINT ( 'NONE',  ( -3.102959444200954486, 5.330000000000000071, 0.000000000000000000 ) ) ;
#3431 = VERTEX_POINT ( 'NONE', #3819 ) ;
#3432 = CYLINDRICAL_SURFACE ( 'NONE', #3414, 0.3556000000000001937 ) ;
#3433 = CARTESIAN_POINT ( 'NONE',  ( -4.124659999999997773, 1.000000000000000444, 2.290000000000000036 ) ) ;
#3435 = CARTESIAN_POINT ( 'NONE',  ( 4.124659999999999549, 0.6800006613150175738, -2.042499999999999538 ) ) ;
#3434 = PLANE ( 'NONE',  #800 ) ;
#3436 = ORIENTED_EDGE ( 'NONE', *, *, #2656, .F. ) ;
#3437 = LINE ( 'NONE', #2472, #553 ) ;
#3438 = VERTEX_POINT ( 'NONE', #876 ) ;
#3439 = CARTESIAN_POINT ( 'NONE',  ( 0.000000000000000000, 5.304599999999999760, 0.000000000000000000 ) ) ;
#3440 = CARTESIAN_POINT ( 'NONE',  ( 2.414787137949123252, 5.304599999999999760, -2.931000000000021366 ) ) ;
#3441 = PLANE ( 'NONE',  #4169 ) ;
#3442 = ADVANCED_FACE ( 'NONE', ( #2319 ), #602, .F. ) ;
#3443 = DIRECTION ( 'NONE',  ( 0.000000000000000000, 0.000000000000000000, 1.000000000000000000 ) ) ;
#3444 = DIRECTION ( 'NONE',  ( 0.000000000000000000, 0.000000000000000000, 1.000000000000000000 ) ) ;
#3445 = DIRECTION ( 'NONE',  ( 1.000000000000000000, 0.000000000000000000, -2.906221269855598900E-15 ) ) ;
#3446 = ORIENTED_EDGE ( 'NONE', *, *, #1439, .F. ) ;
#3447 = ADVANCED_FACE ( 'NONE', ( #379 ), #2196, .F. ) ;
#3448 = CARTESIAN_POINT ( 'NONE',  ( -3.163022930141338396, 3.405680000000123275, -2.042499999999999538 ) ) ;
#3449 = ORIENTED_EDGE ( 'NONE', *, *, #356, .F. ) ;
#3450 = CARTESIAN_POINT ( 'NONE',  ( -3.175000000000000266, 3.680000000000123173, 2.042499999999999538 ) ) ;
#3451 = ORIENTED_EDGE ( 'NONE', *, *, #1049, .F. ) ;
#3452 = CARTESIAN_POINT ( 'NONE',  ( 0.000000000000000000, 5.330000000000000071, -2.632550000000004609 ) ) ;
#3453 = DIRECTION ( 'NONE',  ( 0.6897911962709469824, 0.000000000000000000, -0.7240083601361906318 ) ) ;
#3455 = CARTESIAN_POINT ( 'NONE',  ( 3.850339999999999208, 2.559778827765737034E-18, 2.810000000000000053 ) ) ;
#3454 = DIRECTION ( 'NONE',  ( 0.000000000000000000, -0.000000000000000000, -1.000000000000000000 ) ) ;
#3456 = ORIENTED_EDGE ( 'NONE', *, *, #1828, .T. ) ;
#3457 = CARTESIAN_POINT ( 'NONE',  ( 0.000000000000000000, 5.304599999999999760, 0.000000000000000000 ) ) ;
#3458 = VERTEX_POINT ( 'NONE', #3900 ) ;
#3459 = DIRECTION ( 'NONE',  ( -1.000000000000000000, 0.000000000000000000, 0.000000000000000000 ) ) ;
#3460 = LINE ( 'NONE', #1572, #1759 ) ;
#3461 = CARTESIAN_POINT ( 'NONE',  ( -7.699083143682673177E-15, 5.304599999999999760, -2.931000000000009376 ) ) ;
#3462 = FACE_OUTER_BOUND ( 'NONE', #49, .T. ) ;
#3463 = CARTESIAN_POINT ( 'NONE',  ( 4.124659999999998661, 0.000000000000000000, -2.810000000000000053 ) ) ;
#3464 = CARTESIAN_POINT ( 'NONE',  ( -3.850339999999999652, -2.660000000000001030, 2.810000000000000053 ) ) ;
#3465 = CARTESIAN_POINT ( 'NONE',  ( -4.124659999999998661, -2.272971931803856006E-18, 2.809999999999999165 ) ) ;
#3466 = ORIENTED_EDGE ( 'NONE', *, *, #2853, .F. ) ;
#3467 = VECTOR ( 'NONE', #1817, 1000.000000000000114 ) ;
#3468 = CARTESIAN_POINT ( 'NONE',  ( -2.032000000000000473, 5.304599999999999760, -2.632550000000004609 ) ) ;
#3469 = ORIENTED_EDGE ( 'NONE', *, *, #4489, .T. ) ;
#3470 = DIRECTION ( 'NONE',  ( -0.000000000000000000, -0.000000000000000000, -1.000000000000000000 ) ) ;
#3471 = AXIS2_PLACEMENT_3D ( 'NONE', #838, #59, #4319 ) ;
#3472 = EDGE_CURVE ( 'NONE', #2008, #2655, #3240, .T. ) ;
#3473 = ORIENTED_EDGE ( 'NONE', *, *, #3385, .F. ) ;
#3474 = EDGE_CURVE ( 'NONE', #203, #3547, #3597, .T. ) ;
#3475 = DIRECTION ( 'NONE',  ( 0.6897911962709443179, 0.000000000000000000, -0.7240083601361931853 ) ) ;
#3476 = CYLINDRICAL_SURFACE ( 'NONE', #3957, 3.725680000000000991 ) ;
#3477 = ORIENTED_EDGE ( 'NONE', *, *, #3016, .F. ) ;
#3479 = LINE ( 'NONE', #4212, #2659 ) ;
#3478 = DIRECTION ( 'NONE',  ( 0.1583471095125001116, -0.9873835085259609068, 0.000000000000000000 ) ) ;
#3480 = ORIENTED_EDGE ( 'NONE', *, *, #385, .F. ) ;
#3481 = AXIS2_PLACEMENT_3D ( 'NONE', #2571, #3994, #2195 ) ;
#3482 = ADVANCED_FACE ( 'NONE', ( #1408 ), #3139, .F. ) ;
#3483 = CIRCLE ( 'NONE', #179, 0.3556000000000001937 ) ;
#3484 = LINE ( 'NONE', #214, #4394 ) ;
#3485 = ORIENTED_EDGE ( 'NONE', *, *, #2885, .T. ) ;
#3486 = VECTOR ( 'NONE', #226, 1000.000000000000000 ) ;
#3487 = DIRECTION ( 'NONE',  ( 0.000000000000000000, 0.000000000000000000, 1.000000000000000000 ) ) ;
#3488 = LINE ( 'NONE', #316, #4080 ) ;
#3489 = VECTOR ( 'NONE', #2808, 1000.000000000000000 ) ;
#3490 = VECTOR ( 'NONE', #3709, 1000.000000000000000 ) ;
#3491 = FACE_OUTER_BOUND ( 'NONE', #1706, .T. ) ;
#3492 = CARTESIAN_POINT ( 'NONE',  ( 2.414787137949123252, 5.330000000000000071, -2.931000000000021366 ) ) ;
#3493 = DIRECTION ( 'NONE',  ( -0.000000000000000000, -0.000000000000000000, -1.000000000000000000 ) ) ;
#3494 = LINE ( 'NONE', #300, #1695 ) ;
#3495 = DIRECTION ( 'NONE',  ( 0.000000000000000000, -1.000000000000000000, 0.000000000000000000 ) ) ;
#3496 = CARTESIAN_POINT ( 'NONE',  ( 2.656502611444808259, 5.304599999999999760, 2.673542627135553129 ) ) ;
#3497 = ORIENTED_EDGE ( 'NONE', *, *, #2795, .T. ) ;
#3498 = DIRECTION ( 'NONE',  ( -0.000000000000000000, -0.000000000000000000, -1.000000000000000000 ) ) ;
#3499 = ORIENTED_EDGE ( 'NONE', *, *, #952, .T. ) ;
#3500 = SURFACE_STYLE_FILL_AREA ( #2181 ) ;
#3501 = ORIENTED_EDGE ( 'NONE', *, *, #1638, .T. ) ;
#3502 = LINE ( 'NONE', #254, #801 ) ;
#3503 = DIRECTION ( 'NONE',  ( -0.000000000000000000, 1.000000000000000000, -0.000000000000000000 ) ) ;
#3504 = ORIENTED_EDGE ( 'NONE', *, *, #3130, .T. ) ;
#3505 = EDGE_CURVE ( 'NONE', #3940, #656, #2452, .T. ) ;
#3507 = CARTESIAN_POINT ( 'NONE',  ( -2.495549999999989055, 5.330000000000000071, 1.087893073498222629E-14 ) ) ;
#3506 = DIRECTION ( 'NONE',  ( 0.02182527144454755874, -0.4998809001968246846, -0.8658191168741794508 ) ) ;
#3508 = ORIENTED_EDGE ( 'NONE', *, *, #1586, .F. ) ;
#3509 = DIRECTION ( 'NONE',  ( -1.000000000000000000, 0.000000000000000000, 0.000000000000000000 ) ) ;
#3510 = EDGE_LOOP ( 'NONE', ( #1882, #4640, #772, #1951 ) ) ;
#3511 = CARTESIAN_POINT ( 'NONE',  ( 4.124659999999999549, 0.6800006613150174628, -3.057499999999999662 ) ) ;
#3512 = EDGE_CURVE ( 'NONE', #3735, #208, #1076, .T. ) ;
#3513 = CARTESIAN_POINT ( 'NONE',  ( -2.330449999999984367, 5.304599999999999760, 2.168999999999999151 ) ) ;
#3514 = FACE_OUTER_BOUND ( 'NONE', #3510, .T. ) ;
#3515 = CARTESIAN_POINT ( 'NONE',  ( 3.341664254235964471, 3.405680000000126384, -2.290000000000000036 ) ) ;
#3516 = DIRECTION ( 'NONE',  ( -4.359331904783423988E-15, 0.000000000000000000, -1.000000000000000000 ) ) ;
#3517 = SURFACE_STYLE_FILL_AREA ( #1330 ) ;
#3518 = FILL_AREA_STYLE_COLOUR ( '', #1389 ) ;
#3519 = CARTESIAN_POINT ( 'NONE',  ( -7.699083143682673177E-15, 5.304599999999999760, -2.931000000000009376 ) ) ;
#3520 = EDGE_LOOP ( 'NONE', ( #4341, #2024, #1171, #2167 ) ) ;
#3521 = CARTESIAN_POINT ( 'NONE',  ( 3.810000000000000053, 3.280787200984090823, -2.290000000000000036 ) ) ;
#3522 = ORIENTED_EDGE ( 'NONE', *, *, #4173, .F. ) ;
#3523 = CARTESIAN_POINT ( 'NONE',  ( -3.539140955941163735, 3.237349421902623092, 2.290000000000000036 ) ) ;
#3524 = ORIENTED_EDGE ( 'NONE', *, *, #975, .F. ) ;
#3525 = DIRECTION ( 'NONE',  ( 1.000000000000000000, 0.000000000000000000, -2.626776916984868130E-15 ) ) ;
#3526 = ORIENTED_EDGE ( 'NONE', *, *, #3820, .T. ) ;
#3528 = DIRECTION ( 'NONE',  ( -2.626776916984867341E-15, 0.000000000000000000, -1.000000000000000000 ) ) ;
#3527 = DIRECTION ( 'NONE',  ( -2.906221269855598900E-15, 0.000000000000000000, -1.000000000000000000 ) ) ;
#3529 = ORIENTED_EDGE ( 'NONE', *, *, #3049, .T. ) ;
#3530 = ORIENTED_EDGE ( 'NONE', *, *, #4062, .T. ) ;
#3531 = CARTESIAN_POINT ( 'NONE',  ( 4.124659999999999549, -2.660000000000001030, 2.810000000000000053 ) ) ;
#3532 = DIRECTION ( 'NONE',  ( -1.000000000000000000, 0.000000000000000000, 0.000000000000000000 ) ) ;
#3533 = FACE_OUTER_BOUND ( 'NONE', #3610, .T. ) ;
#3534 = SURFACE_STYLE_USAGE ( .BOTH. , #4625 ) ;
#3535 = ADVANCED_FACE ( 'NONE', ( #302 ), #3162, .F. ) ;
#3536 = EDGE_CURVE ( 'NONE', #1221, #3388, #1766, .T. ) ;
#3537 = DIRECTION ( 'NONE',  ( -0.1583471095125006389, 0.9873835085259607958, 0.000000000000000000 ) ) ;
#3538 = CARTESIAN_POINT ( 'NONE',  ( 4.124659999999999549, -2.660000000000001030, -2.290000000000000036 ) ) ;
#3539 = DIRECTION ( 'NONE',  ( 0.000000000000000000, 0.000000000000000000, -1.000000000000000000 ) ) ;
#3540 = CARTESIAN_POINT ( 'NONE',  ( 3.539140955941163735, 3.237349421902623092, 2.290000000000000036 ) ) ;
#3541 = ORIENTED_EDGE ( 'NONE', *, *, #3946, .T. ) ;
#3542 = ADVANCED_FACE ( 'NONE', ( #3977 ), #2120, .F. ) ;
#3543 = CARTESIAN_POINT ( 'NONE',  ( -3.850339999999999652, 0.6800006613150175738, -2.042499999999999538 ) ) ;
#3544 = ORIENTED_EDGE ( 'NONE', *, *, #847, .T. ) ;
#3545 = LINE ( 'NONE', #1035, #2307 ) ;
#3546 = VECTOR ( 'NONE', #2264, 1000.000000000000000 ) ;
#3547 = VERTEX_POINT ( 'NONE', #4655 ) ;
#3548 = VECTOR ( 'NONE', #527, 1000.000000000000000 ) ;
#3549 = SURFACE_STYLE_FILL_AREA ( #2922 ) ;
#3550 = VERTEX_POINT ( 'NONE', #1796 ) ;
#3552 = CARTESIAN_POINT ( 'NONE',  ( -4.124659999999997773, 0.6800006613150175738, -2.042499999999999538 ) ) ;
#3551 = LINE ( 'NONE', #1850, #2453 ) ;
#3553 = VERTEX_POINT ( 'NONE', #4599 ) ;
#3554 = VERTEX_POINT ( 'NONE', #3190 ) ;
#3555 = CARTESIAN_POINT ( 'NONE',  ( -3.850340000000000096, 1.000000000000000000, -3.057499999999999662 ) ) ;
#3556 = AXIS2_PLACEMENT_3D ( 'NONE', #409, #1827, #27 ) ;
#3557 = ORIENTED_EDGE ( 'NONE', *, *, #292, .F. ) ;
#3558 = CARTESIAN_POINT ( 'NONE',  ( 3.850339999999999652, -2.660000000000001030, 2.810000000000000053 ) ) ;
#3559 = DIRECTION ( 'NONE',  ( 1.000000000000000000, -0.000000000000000000, 0.000000000000000000 ) ) ;
#3560 = AXIS2_PLACEMENT_3D ( 'NONE', #2867, #1054, #754 ) ;
#3561 = VECTOR ( 'NONE', #4543, 1000.000000000000000 ) ;
#3562 = DIRECTION ( 'NONE',  ( 0.000000000000000000, 0.000000000000000000, 1.000000000000000000 ) ) ;
#3563 = ORIENTED_EDGE ( 'NONE', *, *, #866, .F. ) ;
#3564 = CIRCLE ( 'NONE', #1545, 0.2000000000000035638 ) ;
#3565 = CIRCLE ( 'NONE', #3192, 0.3556000000000001937 ) ;
#3566 = DIRECTION ( 'NONE',  ( 0.9873835085259614619, 0.1583471095124970585, -0.000000000000000000 ) ) ;
#3567 = DIRECTION ( 'NONE',  ( 0.000000000000000000, 0.000000000000000000, 1.000000000000000000 ) ) ;
#3568 = CARTESIAN_POINT ( 'NONE',  ( 3.163022930141338396, 3.405680000000123275, 2.042499999999999538 ) ) ;
#3569 = EDGE_CURVE ( 'NONE', #3431, #2655, #1608, .T. ) ;
#3570 = CARTESIAN_POINT ( 'NONE',  ( 2.300902611444806567, 5.304599999999999760, 2.288533780258464656 ) ) ;
#3571 = ADVANCED_FACE ( 'NONE', ( #700 ), #2554, .F. ) ;
#3572 = VECTOR ( 'NONE', #784, 1000.000000000000000 ) ;
#3573 = AXIS2_PLACEMENT_3D ( 'NONE', #3076, #2706, #4138 ) ;
#3574 = ORIENTED_EDGE ( 'NONE', *, *, #4567, .F. ) ;
#3575 = CARTESIAN_POINT ( 'NONE',  ( -3.850339999999999652, 0.000000000000000000, 2.810000000000000053 ) ) ;
#3576 = VECTOR ( 'NONE', #1110, 1000.000000000000000 ) ;
#3577 = ORIENTED_EDGE ( 'NONE', *, *, #4197, .F. ) ;
#3578 = DIRECTION ( 'NONE',  ( -4.359331904783423988E-15, 0.000000000000000000, -1.000000000000000000 ) ) ;
#3579 = EDGE_CURVE ( 'NONE', #2403, #1852, #3874, .T. ) ;
#3580 = VERTEX_POINT ( 'NONE', #2146 ) ;
#3581 = AXIS2_PLACEMENT_3D ( 'NONE', #3359, #2218, #1178 ) ;
#3582 = DIRECTION ( 'NONE',  ( 0.000000000000000000, 0.000000000000000000, -1.000000000000000000 ) ) ;
#3583 = ORIENTED_EDGE ( 'NONE', *, *, #4574, .T. ) ;
#3585 = CARTESIAN_POINT ( 'NONE',  ( 2.656502611444790940, 5.304599999999999760, -2.426457372864449624 ) ) ;
#3584 = DIRECTION ( 'NONE',  ( 1.000000000000000000, 0.000000000000000000, -2.906221269855598900E-15 ) ) ;
#3586 = ORIENTED_EDGE ( 'NONE', *, *, #4298, .T. ) ;
#3587 = ORIENTED_EDGE ( 'NONE', *, *, #3365, .F. ) ;
#3588 = CARTESIAN_POINT ( 'NONE',  ( -2.495550000000000601, 5.304599999999999760, -2.632550000000004609 ) ) ;
#3589 = ORIENTED_EDGE ( 'NONE', *, *, #2425, .T. ) ;
#3590 = LINE ( 'NONE', #1813, #424 ) ;
#3591 = CARTESIAN_POINT ( 'NONE',  ( 4.124659999999999549, 1.000000000000000000, -2.290000000000000036 ) ) ;
#3592 = CARTESIAN_POINT ( 'NONE',  ( 2.411212862050842176, 5.304599999999999760, -2.169000000000020911 ) ) ;
#3593 = EDGE_LOOP ( 'NONE', ( #2771, #3504, #4111, #2038 ) ) ;
#3594 = CARTESIAN_POINT ( 'NONE',  ( 3.539140955941160183, 3.237349421902622648, -3.057499999999999662 ) ) ;
#3595 = CARTESIAN_POINT ( 'NONE',  ( -2.495549999999998825, 5.304599999999999760, -2.169000000000003148 ) ) ;
#3596 = CARTESIAN_POINT ( 'NONE',  ( 2.169497388555174044, 5.330000000000000071, -2.673542627135591321 ) ) ;
#3597 = LINE ( 'NONE', #2480, #1081 ) ;
#3598 = EDGE_CURVE ( 'NONE', #2658, #1752, #3619, .T. ) ;
#3599 = CARTESIAN_POINT ( 'NONE',  ( 0.1246599999999993963, 1.000000000000000000, -3.057499999999999662 ) ) ;
#3600 = VERTEX_POINT ( 'NONE', #653 ) ;
#3601 = DIRECTION ( 'NONE',  ( 1.000000000000000000, 0.000000000000000000, 0.000000000000000000 ) ) ;
#3602 = ORIENTED_EDGE ( 'NONE', *, *, #1266, .T. ) ;
#3603 = EDGE_CURVE ( 'NONE', #3004, #1186, #353, .T. ) ;
#3604 = ADVANCED_FACE ( 'NONE', ( #2817 ), #3955, .T. ) ;
#3605 = FILL_AREA_STYLE_COLOUR ( '', #3111 ) ;
#3606 = ORIENTED_EDGE ( 'NONE', *, *, #1042, .T. ) ;
#3608 = CARTESIAN_POINT ( 'NONE',  ( -3.341664254235964471, 3.405680000000126384, 2.290000000000000036 ) ) ;
#3607 = LINE ( 'NONE', #2489, #2893 ) ;
#3609 = VERTEX_POINT ( 'NONE', #46 ) ;
#3610 = EDGE_LOOP ( 'NONE', ( #3150, #1365, #3624, #160 ) ) ;
#3611 = DIRECTION ( 'NONE',  ( -1.000000000000000000, 0.000000000000000000, 0.000000000000000000 ) ) ;
#3612 = ADVANCED_FACE ( 'NONE', ( #2216 ), #2915, .T. ) ;
#3613 = CARTESIAN_POINT ( 'NONE',  ( -2.330449999999999022, 5.304599999999999760, -2.169000000000004036 ) ) ;
#3614 = CARTESIAN_POINT ( 'NONE',  ( 3.850339999999999208, 2.559778827765737034E-18, -2.809999999999999165 ) ) ;
#3615 = CARTESIAN_POINT ( 'NONE',  ( -3.850340000000000096, -8.673617379884035472E-16, 2.290000000000000036 ) ) ;
#3616 = VERTEX_POINT ( 'NONE', #4353 ) ;
#3617 = FACE_OUTER_BOUND ( 'NONE', #1836, .T. ) ;
#3618 = DIRECTION ( 'NONE',  ( 0.000000000000000000, 0.000000000000000000, 1.000000000000000000 ) ) ;
#3619 = LINE ( 'NONE', #1715, #1921 ) ;
#3620 = DIRECTION ( 'NONE',  ( 1.000000000000000000, 0.000000000000000000, 0.000000000000000000 ) ) ;
#3621 = ORIENTED_EDGE ( 'NONE', *, *, #4179, .F. ) ;
#3622 = EDGE_LOOP ( 'NONE', ( #235, #2584, #2723, #2153 ) ) ;
#3623 = CARTESIAN_POINT ( 'NONE',  ( -3.850340000000000096, 2.669532000536496238E-17, -2.809999999999999165 ) ) ;
#3624 = ORIENTED_EDGE ( 'NONE', *, *, #4580, .T. ) ;
#3626 = CARTESIAN_POINT ( 'NONE',  ( -2.032000000000000473, 5.304599999999999760, -2.632550000000004609 ) ) ;
#3625 = CARTESIAN_POINT ( 'NONE',  ( 2.339382931423662271, 5.330000000000000071, 2.512649903424112097 ) ) ;
#3627 = ADVANCED_FACE ( 'NONE', ( #1127 ), #2572, .F. ) ;
#3628 = EDGE_CURVE ( 'NONE', #639, #2156, #3822, .T. ) ;
#3629 = ORIENTED_EDGE ( 'NONE', *, *, #3472, .T. ) ;
#3630 = ORIENTED_EDGE ( 'NONE', *, *, #2763, .T. ) ;
#3631 = DIRECTION ( 'NONE',  ( -0.000000000000000000, 1.000000000000000000, -0.000000000000000000 ) ) ;
#3632 = VECTOR ( 'NONE', #1196, 1000.000000000000000 ) ;
#3633 = DIRECTION ( 'NONE',  ( -0.000000000000000000, -0.000000000000000000, 1.000000000000000000 ) ) ;
#3634 = CARTESIAN_POINT ( 'NONE',  ( 2.414787137949123252, 5.304599999999999760, -2.931000000000021366 ) ) ;
#3635 = ADVANCED_FACE ( 'NONE', ( #224 ), #3752, .F. ) ;
#3636 = CIRCLE ( 'NONE', #1601, 0.2000000000000035638 ) ;
#3637 = CARTESIAN_POINT ( 'NONE',  ( 2.486617068576337353, 5.330000000000000071, 2.587350096575852909 ) ) ;
#3638 = ORIENTED_EDGE ( 'NONE', *, *, #2018, .F. ) ;
#3639 = CIRCLE ( 'NONE', #2444, 0.4743200000000002969 ) ;
#3640 = LINE ( 'NONE', #1867, #2653 ) ;
#3641 = FACE_OUTER_BOUND ( 'NONE', #4304, .T. ) ;
#3642 = AXIS2_PLACEMENT_3D ( 'NONE', #606, #2770, #1622 ) ;
#3643 = VECTOR ( 'NONE', #2276, 1000.000000000000000 ) ;
#3644 = FACE_OUTER_BOUND ( 'NONE', #498, .T. ) ;
#3645 = AXIS2_PLACEMENT_3D ( 'NONE', #2902, #337, #763 ) ;
#3646 = ORIENTED_EDGE ( 'NONE', *, *, #2555, .F. ) ;
#3647 = DIRECTION ( 'NONE',  ( 0.000000000000000000, 0.000000000000000000, 1.000000000000000000 ) ) ;
#3648 = VECTOR ( 'NONE', #228, 1000.000000000000000 ) ;
#3649 = COLOUR_RGB ( '',1.000000000000000000, 1.000000000000000000, 1.000000000000000000 ) ;
#3650 = VERTEX_POINT ( 'NONE', #4526 ) ;
#3651 =( GEOMETRIC_REPRESENTATION_CONTEXT ( 3 ) GLOBAL_UNCERTAINTY_ASSIGNED_CONTEXT ( ( #4037 ) ) GLOBAL_UNIT_ASSIGNED_CONTEXT ( ( #1, #2538, #2184 ) ) REPRESENTATION_CONTEXT ( 'NONE', 'WORKASPACE' ) );
#3652 = LINE ( 'NONE', #3623, #2975 ) ;
#3653 = EDGE_LOOP ( 'NONE', ( #3901, #4508, #2580, #2172, #1873, #1909 ) ) ;
#3655 = SURFACE_SIDE_STYLE ('',( #1492 ) ) ;
#3654 = DIRECTION ( 'NONE',  ( -2.906221269855598900E-15, 0.000000000000000000, -1.000000000000000000 ) ) ;
#3656 = ORIENTED_EDGE ( 'NONE', *, *, #2111, .F. ) ;
#3657 = ORIENTED_EDGE ( 'NONE', *, *, #4219, .F. ) ;
#3658 = FACE_BOUND ( 'NONE', #3653, .T. ) ;
#3659 = EDGE_CURVE ( 'NONE', #1752, #1221, #4153, .T. ) ;
#3660 = CARTESIAN_POINT ( 'NONE',  ( -4.124659999999998661, -2.272971931803856006E-18, 2.809999999999999165 ) ) ;
#3661 = LINE ( 'NONE', #3634, #100 ) ;
#3662 = ORIENTED_EDGE ( 'NONE', *, *, #229, .T. ) ;
#3663 = VERTEX_POINT ( 'NONE', #4556 ) ;
#3664 = EDGE_CURVE ( 'NONE', #1508, #2837, #4182, .T. ) ;
#3665 = DIRECTION ( 'NONE',  ( 1.219574997171545439E-15, 0.000000000000000000, 1.000000000000000000 ) ) ;
#3666 = FACE_OUTER_BOUND ( 'NONE', #25, .T. ) ;
#3667 = ADVANCED_FACE ( 'NONE', ( #4490 ), #2404, .F. ) ;
#3668 = LINE ( 'NONE', #4355, #1556 ) ;
#3669 = ORIENTED_EDGE ( 'NONE', *, *, #3851, .F. ) ;
#3670 = ORIENTED_EDGE ( 'NONE', *, *, #2402, .T. ) ;
#3671 = CARTESIAN_POINT ( 'NONE',  ( 4.074194034103847173, 1.633388438049986124, -3.057499999999999662 ) ) ;
#3672 = ORIENTED_EDGE ( 'NONE', *, *, #3664, .T. ) ;
#3674 = DIRECTION ( 'NONE',  ( -0.000000000000000000, -0.000000000000000000, 1.000000000000000000 ) ) ;
#3673 = LINE ( 'NONE', #3736, #4621 ) ;
#3675 = VERTEX_POINT ( 'NONE', #2332 ) ;
#3676 = ORIENTED_EDGE ( 'NONE', *, *, #915, .T. ) ;
#3677 = DIRECTION ( 'NONE',  ( -0.000000000000000000, -1.000000000000000000, 0.000000000000000000 ) ) ;
#3678 = DIRECTION ( 'NONE',  ( 0.000000000000000000, 1.000000000000000000, -0.000000000000000000 ) ) ;
#3679 = CARTESIAN_POINT ( 'NONE',  ( 4.124659999999999549, -2.660000000000001030, 2.290000000000000036 ) ) ;
#3680 = ORIENTED_EDGE ( 'NONE', *, *, #2075, .F. ) ;
#3681 = CARTESIAN_POINT ( 'NONE',  ( -3.341664254235964471, 3.205680000000123098, -3.057499999999999662 ) ) ;
#3682 = DIRECTION ( 'NONE',  ( -2.906221269855598900E-15, 0.000000000000000000, -1.000000000000000000 ) ) ;
#3683 = LINE ( 'NONE', #804, #794 ) ;
#3684 = ADVANCED_FACE ( 'NONE', ( #628 ), #1334, .T. ) ;
#3685 = EDGE_CURVE ( 'NONE', #1519, #1134, #2072, .T. ) ;
#3686 = CARTESIAN_POINT ( 'NONE',  ( -2.495549999999981505, 5.330000000000000071, 2.930999999999999606 ) ) ;
#3687 = ORIENTED_EDGE ( 'NONE', *, *, #4323, .T. ) ;
#3688 = EDGE_CURVE ( 'NONE', #4069, #3089, #3070, .T. ) ;
#3689 = VERTEX_POINT ( 'NONE', #2427 ) ;
#3690 = CARTESIAN_POINT ( 'NONE',  ( -3.341664254235964471, 3.205680000000123098, -2.290000000000000036 ) ) ;
#3691 = ORIENTED_EDGE ( 'NONE', *, *, #2521, .T. ) ;
#3693 = PLANE ( 'NONE',  #173 ) ;
#3692 = CARTESIAN_POINT ( 'NONE',  ( 3.175000000000000266, 2.029999999999999805, -4.085459444200955303 ) ) ;
#3694 = ORIENTED_EDGE ( 'NONE', *, *, #4045, .F. ) ;
#3695 = ORIENTED_EDGE ( 'NONE', *, *, #3820, .F. ) ;
#3696 = CARTESIAN_POINT ( 'NONE',  ( 2.169497388555191364, 5.330000000000000071, 2.426457372864411433 ) ) ;
#3697 = LINE ( 'NONE', #2977, #256 ) ;
#3698 = CARTESIAN_POINT ( 'NONE',  ( 4.124659999999998661, 0.6800006613150175738, -2.042499999999999538 ) ) ;
#3699 = ORIENTED_EDGE ( 'NONE', *, *, #1381, .T. ) ;
#3700 = CARTESIAN_POINT ( 'NONE',  ( 3.163022930141338396, 3.405680000000123275, 2.042499999999999538 ) ) ;
#3701 = CIRCLE ( 'NONE', #852, 0.2000000000000035638 ) ;
#3702 = DIRECTION ( 'NONE',  ( 1.000000000000000000, 0.000000000000000000, -5.253553833969748094E-15 ) ) ;
#3703 = CARTESIAN_POINT ( 'NONE',  ( -2.495550000000000601, 5.304599999999999760, -2.632550000000004609 ) ) ;
#3704 = VECTOR ( 'NONE', #2429, 1000.000000000000000 ) ;
#3705 = VECTOR ( 'NONE', #4330, 1000.000000000000000 ) ;
#3706 = EDGE_CURVE ( 'NONE', #2008, #1509, #536, .T. ) ;
#3707 = EDGE_CURVE ( 'NONE', #325, #766, #1261, .T. ) ;
#3708 = FACE_OUTER_BOUND ( 'NONE', #3279, .T. ) ;
#3709 = DIRECTION ( 'NONE',  ( -0.000000000000000000, 1.000000000000000000, -0.000000000000000000 ) ) ;
#3710 = AXIS2_PLACEMENT_3D ( 'NONE', #247, #3119, #2719 ) ;
#3711 = AXIS2_PLACEMENT_3D ( 'NONE', #1423, #1064, #1399 ) ;
#3712 = ORIENTED_EDGE ( 'NONE', *, *, #472, .T. ) ;
#3713 = AXIS2_PLACEMENT_3D ( 'NONE', #4506, #1280, #3774 ) ;
#3714 = EDGE_CURVE ( 'NONE', #3054, #3926, #1306, .T. ) ;
#3715 = VECTOR ( 'NONE', #3804, 1000.000000000000000 ) ;
#3716 = VECTOR ( 'NONE', #2451, 1000.000000000000000 ) ;
#3717 = ORIENTED_EDGE ( 'NONE', *, *, #1100, .F. ) ;
#3719 = LINE ( 'NONE', #3737, #3258 ) ;
#3718 = DIRECTION ( 'NONE',  ( -3.983944990760383515E-15, 0.000000000000000000, -1.000000000000000000 ) ) ;
#3720 = VERTEX_POINT ( 'NONE', #2699 ) ;
#3721 = CARTESIAN_POINT ( 'NONE',  ( -4.124659999999999549, -2.660000000000001030, 2.290000000000000036 ) ) ;
#3722 = AXIS2_PLACEMENT_3D ( 'NONE', #1734, #3157, #4595 ) ;
#3723 = LINE ( 'NONE', #510, #1020 ) ;
#3724 = DIRECTION ( 'NONE',  ( -3.983944990760383515E-15, 0.000000000000000000, -1.000000000000000000 ) ) ;
#3725 = AXIS2_PLACEMENT_3D ( 'NONE', #2823, #3219, #1410 ) ;
#3726 = ORIENTED_EDGE ( 'NONE', *, *, #4483, .F. ) ;
#3727 = DIRECTION ( 'NONE',  ( 0.04361938736533250982, 0.9990482215818579093, 0.000000000000000000 ) ) ;
#3728 = VECTOR ( 'NONE', #1486, 1000.000000000000000 ) ;
#3729 = CARTESIAN_POINT ( 'NONE',  ( 3.102959444200954486, 5.330000000000000071, -3.607573868596874789 ) ) ;
#3730 = DIRECTION ( 'NONE',  ( 0.000000000000000000, 1.000000000000000000, -0.000000000000000000 ) ) ;
#3731 = DIRECTION ( 'NONE',  ( 0.000000000000000000, 1.000000000000000000, 0.000000000000000000 ) ) ;
#3732 = ADVANCED_FACE ( 'NONE', ( #3845 ), #2351, .T. ) ;
#3733 = ORIENTED_EDGE ( 'NONE', *, *, #1247, .T. ) ;
#3734 = ADVANCED_FACE ( 'NONE', ( #1689 ), #3025, .F. ) ;
#3735 = VERTEX_POINT ( 'NONE', #4469 ) ;
#3737 = CARTESIAN_POINT ( 'NONE',  ( -7.170955672305227544E-15, 5.304599999999999760, -2.467450000000010135 ) ) ;
#3736 = CARTESIAN_POINT ( 'NONE',  ( -2.330449999999992805, 5.330000000000000071, 6.772803358334958500E-15 ) ) ;
#3738 = EDGE_CURVE ( 'NONE', #2207, #2438, #1278, .T. ) ;
#3739 = ORIENTED_EDGE ( 'NONE', *, *, #3825, .T. ) ;
#3740 = EDGE_CURVE ( 'NONE', #3846, #2508, #2000, .T. ) ;
#3741 = FACE_OUTER_BOUND ( 'NONE', #4282, .T. ) ;
#3742 = DIRECTION ( 'NONE',  ( -1.000000000000000000, 0.000000000000000000, 0.000000000000000000 ) ) ;
#3743 = CARTESIAN_POINT ( 'NONE',  ( -4.124659999999998661, -2.272971931803856006E-18, -2.809999999999999165 ) ) ;
#3744 = VERTEX_POINT ( 'NONE', #3468 ) ;
#3745 = EDGE_CURVE ( 'NONE', #2779, #3609, #1243, .T. ) ;
#3746 = CARTESIAN_POINT ( 'NONE',  ( 3.102959444200955375, 2.029999999999999805, -4.085459444200955303 ) ) ;
#3747 = EDGE_LOOP ( 'NONE', ( #2803, #835, #1950, #2461 ) ) ;
#3748 = DIRECTION ( 'NONE',  ( -1.000000000000000000, 0.000000000000000000, 0.000000000000000000 ) ) ;
#3749 = DIRECTION ( 'NONE',  ( -8.673617379884035472E-16, -1.000000000000000000, 0.000000000000000000 ) ) ;
#3750 = LINE ( 'NONE', #4068, #3490 ) ;
#3751 = ORIENTED_EDGE ( 'NONE', *, *, #2460, .F. ) ;
#3752 = CYLINDRICAL_SURFACE ( 'NONE', #3642, 0.2000000000000035638 ) ;
#3753 = ORIENTED_EDGE ( 'NONE', *, *, #4227, .F. ) ;
#3754 = DIRECTION ( 'NONE',  ( 0.000000000000000000, 0.000000000000000000, 1.000000000000000000 ) ) ;
#3755 = ORIENTED_EDGE ( 'NONE', *, *, #3156, .T. ) ;
#3756 = DIRECTION ( 'NONE',  ( 0.000000000000000000, 1.000000000000000000, 0.000000000000000000 ) ) ;
#3757 = EDGE_CURVE ( 'NONE', #1726, #4265, #3871, .T. ) ;
#3758 = CARTESIAN_POINT ( 'NONE',  ( 3.341664254235964471, 3.680000000000123173, -2.042499999999999538 ) ) ;
#3759 = EDGE_CURVE ( 'NONE', #387, #639, #4200, .T. ) ;
#3760 = FACE_OUTER_BOUND ( 'NONE', #2165, .T. ) ;
#3761 = ORIENTED_EDGE ( 'NONE', *, *, #2402, .F. ) ;
#3762 = CARTESIAN_POINT ( 'NONE',  ( 4.124659999999999549, 0.6800006613150175738, 2.042499999999999538 ) ) ;
#3763 = EDGE_CURVE ( 'NONE', #123, #375, #3159, .T. ) ;
#3764 = CARTESIAN_POINT ( 'NONE',  ( -3.341664254235964471, 0.6800006613150175738, -2.042499999999999538 ) ) ;
#3765 = VECTOR ( 'NONE', #595, 1000.000000000000000 ) ;
#3766 = CARTESIAN_POINT ( 'NONE',  ( -3.174999999999999378, 3.680000000000123173, 4.157499999999998863 ) ) ;
#3767 = DIRECTION ( 'NONE',  ( 1.000000000000000000, 0.000000000000000000, -2.626776916984874047E-15 ) ) ;
#3768 = FILL_AREA_STYLE_COLOUR ( '', #3649 ) ;
#3769 = CIRCLE ( 'NONE', #4012, 3.725680000000000991 ) ;
#3770 = ORIENTED_EDGE ( 'NONE', *, *, #3851, .T. ) ;
#3771 = DIRECTION ( 'NONE',  ( 0.000000000000000000, -0.04361938736533306493, -0.9990482215818579093 ) ) ;
#3772 = VECTOR ( 'NONE', #4004, 1000.000000000000000 ) ;
#3773 = ORIENTED_EDGE ( 'NONE', *, *, #1663, .F. ) ;
#3774 = DIRECTION ( 'NONE',  ( -1.000000000000000000, 0.000000000000000000, 0.000000000000000000 ) ) ;
#3775 = VECTOR ( 'NONE', #4057, 1000.000000000000000 ) ;
#3776 = ORIENTED_EDGE ( 'NONE', *, *, #2710, .F. ) ;
#3777 = UNCERTAINTY_MEASURE_WITH_UNIT (LENGTH_MEASURE( 1.000000000000000082E-05 ), #4368, 'distance_accuracy_value', 'NONE');
#3778 = DIRECTION ( 'NONE',  ( -0.000000000000000000, 1.000000000000000000, -0.000000000000000000 ) ) ;
#3779 = AXIS2_PLACEMENT_3D ( 'NONE', #2889, #3923, #2176 ) ;
#3780 = CIRCLE ( 'NONE', #560, 3.725680000000000991 ) ;
#3781 = CARTESIAN_POINT ( 'NONE',  ( 3.341664254235964471, 0.000000000000000000, 2.810000000000000053 ) ) ;
#3783 = DIRECTION ( 'NONE',  ( -0.000000000000000000, -1.000000000000000000, 0.000000000000000000 ) ) ;
#3782 = DIRECTION ( 'NONE',  ( 5.253553833969748094E-15, 0.000000000000000000, 1.000000000000000000 ) ) ;
#3784 = VERTEX_POINT ( 'NONE', #2118 ) ;
#3785 = PRESENTATION_LAYER_ASSIGNMENT (  '', '', ( #3041 ) ) ;
#3786 = CLOSED_SHELL ( 'NONE', ( #1959, #33, #3338, #2432, #3015, #2367, #3442, #2076 ) ) ;
#3787 = CARTESIAN_POINT ( 'NONE',  ( -3.850339999999999652, -2.660000000000001030, 2.810000000000000053 ) ) ;
#3788 = EDGE_CURVE ( 'NONE', #2807, #1221, #4221, .T. ) ;
#3789 = EDGE_CURVE ( 'NONE', #2459, #387, #4576, .T. ) ;
#3790 = VERTEX_POINT ( 'NONE', #1738 ) ;
#3791 = VECTOR ( 'NONE', #2306, 1000.000000000000000 ) ;
#3792 = FACE_OUTER_BOUND ( 'NONE', #2536, .T. ) ;
#3793 = CARTESIAN_POINT ( 'NONE',  ( -1.139495826588046698E-14, 5.304599999999999760, -2.169000000000016026 ) ) ;
#3794 = ADVANCED_FACE ( 'NONE', ( #3898 ), #2865, .F. ) ;
#3795 = CARTESIAN_POINT ( 'NONE',  ( 3.850340000000000096, 1.000000000000000000, 2.042499999999999538 ) ) ;
#3796 = DIRECTION ( 'NONE',  ( 2.906221269855598900E-15, -0.000000000000000000, 1.000000000000000000 ) ) ;
#3797 = PLANE ( 'NONE',  #1472 ) ;
#3798 = VERTEX_POINT ( 'NONE', #3463 ) ;
#3799 = EDGE_CURVE ( 'NONE', #1525, #558, #3136, .T. ) ;
#3800 = DIRECTION ( 'NONE',  ( 1.000000000000000000, 0.000000000000000000, -0.000000000000000000 ) ) ;
#3801 = ORIENTED_EDGE ( 'NONE', *, *, #824, .F. ) ;
#3802 = LINE ( 'NONE', #3072, #1095 ) ;
#3803 = ORIENTED_EDGE ( 'NONE', *, *, #2936, .F. ) ;
#3804 = DIRECTION ( 'NONE',  ( -0.000000000000000000, -0.000000000000000000, -1.000000000000000000 ) ) ;
#3805 = CARTESIAN_POINT ( 'NONE',  ( 2.414787137949123252, 5.304599999999999760, -2.931000000000021366 ) ) ;
#3807 = DIRECTION ( 'NONE',  ( 0.1583471095124988348, -0.9873835085259610178, 0.000000000000000000 ) ) ;
#3806 = FACE_OUTER_BOUND ( 'NONE', #892, .T. ) ;
#3808 = VERTEX_POINT ( 'NONE', #1375 ) ;
#3809 = CARTESIAN_POINT ( 'NONE',  ( 4.124659999999999549, 1.000000000000000000, -2.290000000000000036 ) ) ;
#3810 = ORIENTED_EDGE ( 'NONE', *, *, #181, .F. ) ;
#3811 = PLANE ( 'NONE',  #4624 ) ;
#3812 = DIRECTION ( 'NONE',  ( -8.673617379884031528E-16, -1.000000000000000000, 0.000000000000000000 ) ) ;
#3813 = DIRECTION ( 'NONE',  ( 1.000000000000000000, 0.000000000000000000, -2.626776916984867341E-15 ) ) ;
#3814 = CARTESIAN_POINT ( 'NONE',  ( -7.170955672305229121E-15, 5.304599999999999760, -2.467450000000010579 ) ) ;
#3815 = DIRECTION ( 'NONE',  ( 0.000000000000000000, 0.000000000000000000, 1.000000000000000000 ) ) ;
#3816 = CARTESIAN_POINT ( 'NONE',  ( -2.495549999999998825, 5.304599999999999760, -2.169000000000003148 ) ) ;
#3817 = EDGE_CURVE ( 'NONE', #3073, #3675, #2449, .T. ) ;
#3818 = CARTESIAN_POINT ( 'NONE',  ( -3.539140955941160183, 3.237349421902622648, 2.042499999999999538 ) ) ;
#3819 = CARTESIAN_POINT ( 'NONE',  ( 3.341664254235964471, 3.405680000000126384, 3.057499999999999662 ) ) ;
#3820 = EDGE_CURVE ( 'NONE', #123, #313, #3564, .T. ) ;
#3821 = VERTEX_POINT ( 'NONE', #2785 ) ;
#3822 = LINE ( 'NONE', #2683, #4241 ) ;
#3823 = ORIENTED_EDGE ( 'NONE', *, *, #317, .T. ) ;
#3824 = DIRECTION ( 'NONE',  ( 1.219574997171545439E-15, 0.000000000000000000, 1.000000000000000000 ) ) ;
#3825 = EDGE_CURVE ( 'NONE', #3663, #1464, #1351, .T. ) ;
#3826 = ORIENTED_EDGE ( 'NONE', *, *, #3286, .F. ) ;
#3827 = CARTESIAN_POINT ( 'NONE',  ( 4.124659999999999549, -2.660000000000001030, -2.290000000000000036 ) ) ;
#3828 = LINE ( 'NONE', #2799, #3197 ) ;
#3829 = ORIENTED_EDGE ( 'NONE', *, *, #2763, .F. ) ;
#3831 = FACE_OUTER_BOUND ( 'NONE', #403, .T. ) ;
#3830 = DIRECTION ( 'NONE',  ( -1.000000000000000000, -8.285841104563521713E-18, -0.000000000000000000 ) ) ;
#3832 = ORIENTED_EDGE ( 'NONE', *, *, #2963, .F. ) ;
#3833 = DIRECTION ( 'NONE',  ( -0.000000000000000000, -0.000000000000000000, -1.000000000000000000 ) ) ;
#3834 = ORIENTED_EDGE ( 'NONE', *, *, #3880, .F. ) ;
#3835 = FACE_OUTER_BOUND ( 'NONE', #3406, .T. ) ;
#3836 = DIRECTION ( 'NONE',  ( -0.1583471095124982242, -0.9873835085259611288, -0.000000000000000000 ) ) ;
#3837 = PLANE ( 'NONE',  #115 ) ;
#3838 = DIRECTION ( 'NONE',  ( -0.000000000000000000, 1.000000000000000000, -0.000000000000000000 ) ) ;
#3839 = CARTESIAN_POINT ( 'NONE',  ( -3.539140955941163735, 3.237349421902623092, 2.290000000000000036 ) ) ;
#3840 = DIRECTION ( 'NONE',  ( -1.000000000000000000, -8.285841104563521713E-18, 0.000000000000000000 ) ) ;
#3841 = ORIENTED_EDGE ( 'NONE', *, *, #1661, .F. ) ;
#3842 = AXIS2_PLACEMENT_3D ( 'NONE', #2034, #3730, #516 ) ;
#3843 = EDGE_CURVE ( 'NONE', #2160, #3846, #623, .T. ) ;
#3844 = EDGE_CURVE ( 'NONE', #3547, #1115, #4552, .T. ) ;
#3845 = FACE_OUTER_BOUND ( 'NONE', #4632, .T. ) ;
#3846 = VERTEX_POINT ( 'NONE', #1712 ) ;
#3847 = CARTESIAN_POINT ( 'NONE',  ( -3.175000000000000266, 3.680000000000123173, 2.042499999999999538 ) ) ;
#3848 = VECTOR ( 'NONE', #2360, 1000.000000000000000 ) ;
#3849 = EDGE_LOOP ( 'NONE', ( #665, #2990, #910, #3125 ) ) ;
#3850 = DIRECTION ( 'NONE',  ( -1.184920407087982840E-16, 1.000000000000000000, 0.000000000000000000 ) ) ;
#3851 = EDGE_CURVE ( 'NONE', #3580, #3554, #2500, .T. ) ;
#3852 = AXIS2_PLACEMENT_3D ( 'NONE', #3143, #2895, #3578 ) ;
#3853 = VECTOR ( 'NONE', #3966, 1000.000000000000000 ) ;
#3854 = LINE ( 'NONE', #283, #1173 ) ;
#3855 = ORIENTED_EDGE ( 'NONE', *, *, #3745, .F. ) ;
#3857 = CARTESIAN_POINT ( 'NONE',  ( 5.697479132940173536E-15, 5.304599999999999760, 2.168999999999992934 ) ) ;
#3856 = LINE ( 'NONE', #964, #4616 ) ;
#3858 = EDGE_LOOP ( 'NONE', ( #609, #1936, #3128, #180 ) ) ;
#3859 = AXIS2_PLACEMENT_3D ( 'NONE', #1176, #3238, #16 ) ;
#3860 = AXIS2_PLACEMENT_3D ( 'NONE', #2585, #4346, #1120 ) ;
#3861 = PLANE ( 'NONE',  #1084 ) ;
#3862 = VECTOR ( 'NONE', #250, 1000.000000000000000 ) ;
#3863 = CARTESIAN_POINT ( 'NONE',  ( 3.095201002497908416, 5.507697529787774826, 4.077701002497907012 ) ) ;
#3864 = CARTESIAN_POINT ( 'NONE',  ( 0.1246599999999993963, 1.000000000000000000, 2.290000000000000036 ) ) ;
#3865 = VECTOR ( 'NONE', #1626, 1000.000000000000000 ) ;
#3866 = CLOSED_SHELL ( 'NONE', ( #2828, #1633, #1799, #271, #1729, #3447, #1133, #1581, #3983, #4376, #1479, #1835, #604, #3222, #4202, #3998, #1671, #2652 ) ) ;
#3867 = PLANE ( 'NONE',  #191 ) ;
#3868 = AXIS2_PLACEMENT_3D ( 'NONE', #782, #1114, #712 ) ;
#3869 = VECTOR ( 'NONE', #3947, 1000.000000000000000 ) ;
#3870 = LINE ( 'NONE', #1762, #3170 ) ;
#3871 = LINE ( 'NONE', #1430, #3943 ) ;
#3872 = DIRECTION ( 'NONE',  ( 0.000000000000000000, 1.000000000000000000, 0.000000000000000000 ) ) ;
#3873 = CARTESIAN_POINT ( 'NONE',  ( 4.124659999999999549, 4.336808689942017736E-16, -2.290000000000000036 ) ) ;
#3874 = LINE ( 'NONE', #4279, #1846 ) ;
#3875 = MECHANICAL_DESIGN_GEOMETRIC_PRESENTATION_REPRESENTATION (  '', ( #1312 ), #646 ) ;
#3876 = ORIENTED_EDGE ( 'NONE', *, *, #4460, .F. ) ;
#3877 = CARTESIAN_POINT ( 'NONE',  ( 2.300902611444789692, 5.304599999999999760, -2.811466219741534545 ) ) ;
#3878 = VERTEX_POINT ( 'NONE', #3188 ) ;
#3879 = SURFACE_SIDE_STYLE ('',( #3500 ) ) ;
#3880 = EDGE_CURVE ( 'NONE', #1889, #537, #4629, .T. ) ;
#3881 = EDGE_CURVE ( 'NONE', #2639, #3798, #1406, .T. ) ;
#3882 = ORIENTED_EDGE ( 'NONE', *, *, #3843, .F. ) ;
#3883 = DIRECTION ( 'NONE',  ( -0.000000000000000000, 1.000000000000000000, -0.000000000000000000 ) ) ;
#3884 = DIRECTION ( 'NONE',  ( -0.000000000000000000, -0.000000000000000000, 1.000000000000000000 ) ) ;
#3885 = EDGE_LOOP ( 'NONE', ( #2749, #1667, #2293, #2901 ) ) ;
#3887 = PLANE ( 'NONE',  #2217 ) ;
#3886 = LINE ( 'NONE', #3965, #4166 ) ;
#3888 = ADVANCED_FACE ( 'NONE', ( #1795 ), #1052, .F. ) ;
#3889 = EDGE_CURVE ( 'NONE', #4185, #3207, #274, .T. ) ;
#3890 = ORIENTED_EDGE ( 'NONE', *, *, #86, .F. ) ;
#3891 = ORIENTED_EDGE ( 'NONE', *, *, #1210, .F. ) ;
#3892 = CARTESIAN_POINT ( 'NONE',  ( -2.495549999999991275, 5.304599999999999760, 8.521829075736036452E-15 ) ) ;
#3893 = EDGE_LOOP ( 'NONE', ( #3400, #1620, #2473, #2413 ) ) ;
#3894 = LINE ( 'NONE', #949, #42 ) ;
#3895 = PLANE ( 'NONE',  #1761 ) ;
#3896 = DIRECTION ( 'NONE',  ( 1.000000000000000000, 1.942130114371435793E-14, 0.000000000000000000 ) ) ;
#3897 = DIRECTION ( 'NONE',  ( 1.219574997171545439E-15, 0.000000000000000000, 1.000000000000000000 ) ) ;
#3898 = FACE_OUTER_BOUND ( 'NONE', #4541, .T. ) ;
#3899 = CARTESIAN_POINT ( 'NONE',  ( 3.163022930141338396, 3.405680000000123275, 3.057499999999999662 ) ) ;
#3900 = CARTESIAN_POINT ( 'NONE',  ( -3.163022930141338396, 3.405680000000123275, -3.057499999999999662 ) ) ;
#3901 = ORIENTED_EDGE ( 'NONE', *, *, #1998, .F. ) ;
#3902 = FACE_OUTER_BOUND ( 'NONE', #4152, .T. ) ;
#3903 = ORIENTED_EDGE ( 'NONE', *, *, #3946, .F. ) ;
#3904 = ORIENTED_EDGE ( 'NONE', *, *, #1563, .T. ) ;
#3905 = LINE ( 'NONE', #761, #265 ) ;
#3906 = ORIENTED_EDGE ( 'NONE', *, *, #3384, .T. ) ;
#3908 = DIRECTION ( 'NONE',  ( -5.812442539711223044E-15, 0.000000000000000000, -1.000000000000000000 ) ) ;
#3907 = LINE ( 'NONE', #408, #4245 ) ;
#3909 = ORIENTED_EDGE ( 'NONE', *, *, #67, .F. ) ;
#3910 = ORIENTED_EDGE ( 'NONE', *, *, #3224, .T. ) ;
#3911 = CARTESIAN_POINT ( 'NONE',  ( 3.102959444200955375, 2.029999999999999805, 4.085459444200953527 ) ) ;
#3912 = VERTEX_POINT ( 'NONE', #3595 ) ;
#3913 = EDGE_CURVE ( 'NONE', #1464, #3554, #178, .T. ) ;
#3914 = ADVANCED_FACE ( 'NONE', ( #377 ), #4372, .F. ) ;
#3915 = LINE ( 'NONE', #4175, #2671 ) ;
#3916 = DIRECTION ( 'NONE',  ( -0.000000000000000000, 0.000000000000000000, -1.000000000000000000 ) ) ;
#3917 = FILL_AREA_STYLE ('',( #1142 ) ) ;
#3918 = ORIENTED_EDGE ( 'NONE', *, *, #2579, .T. ) ;
#3919 = EDGE_CURVE ( 'NONE', #3458, #1362, #3683, .T. ) ;
#3920 = DIRECTION ( 'NONE',  ( 0.000000000000000000, 1.000000000000000000, -0.000000000000000000 ) ) ;
#3921 = DIRECTION ( 'NONE',  ( -0.000000000000000000, -0.000000000000000000, -1.000000000000000000 ) ) ;
#3922 = CARTESIAN_POINT ( 'NONE',  ( -3.539140955941163735, 3.237349421902623092, -2.290000000000000036 ) ) ;
#3923 = DIRECTION ( 'NONE',  ( 0.000000000000000000, 1.000000000000000000, -0.000000000000000000 ) ) ;
#3924 = ORIENTED_EDGE ( 'NONE', *, *, #2651, .F. ) ;
#3925 = DIRECTION ( 'NONE',  ( -0.000000000000000000, -0.000000000000000000, -1.000000000000000000 ) ) ;
#3926 = VERTEX_POINT ( 'NONE', #1146 ) ;
#3927 =( NAMED_UNIT ( * ) SI_UNIT ( $, .STERADIAN. ) SOLID_ANGLE_UNIT ( ) );
#3928 = AXIS2_PLACEMENT_3D ( 'NONE', #1028, #3952, #3187 ) ;
#3929 = VERTEX_POINT ( 'NONE', #1904 ) ;
#3930 = VECTOR ( 'NONE', #1583, 1000.000000000000000 ) ;
#3931 = DIRECTION ( 'NONE',  ( 0.000000000000000000, 0.000000000000000000, 1.000000000000000000 ) ) ;
#3932 = ORIENTED_EDGE ( 'NONE', *, *, #1774, .T. ) ;
#3934 = FILL_AREA_STYLE_COLOUR ( '', #1678 ) ;
#3933 = CARTESIAN_POINT ( 'NONE',  ( -3.341664254235964471, 3.205680000000123098, -3.057499999999999662 ) ) ;
#3935 = ORIENTED_EDGE ( 'NONE', *, *, #356, .T. ) ;
#3936 = EDGE_LOOP ( 'NONE', ( #3717, #287, #1670, #444 ) ) ;
#3937 = CARTESIAN_POINT ( 'NONE',  ( 2.486617068576320033, 5.330000000000000071, -2.512649903424150288 ) ) ;
#3938 =( GEOMETRIC_REPRESENTATION_CONTEXT ( 3 ) GLOBAL_UNCERTAINTY_ASSIGNED_CONTEXT ( ( #4415 ) ) GLOBAL_UNIT_ASSIGNED_CONTEXT ( ( #4260, #2124, #3927 ) ) REPRESENTATION_CONTEXT ( 'NONE', 'WORKASPACE' ) );
#3939 =( GEOMETRIC_REPRESENTATION_CONTEXT ( 3 ) GLOBAL_UNCERTAINTY_ASSIGNED_CONTEXT ( ( #461 ) ) GLOBAL_UNIT_ASSIGNED_CONTEXT ( ( #4288, #4, #54 ) ) REPRESENTATION_CONTEXT ( 'NONE', 'WORKASPACE' ) );
#3940 = VERTEX_POINT ( 'NONE', #468 ) ;
#3941 = DIRECTION ( 'NONE',  ( -1.000000000000000000, 0.000000000000000000, 0.000000000000000000 ) ) ;
#3942 = CARTESIAN_POINT ( 'NONE',  ( 3.341664254235964471, 3.205680000000123098, -2.042499999999999538 ) ) ;
#3943 = VECTOR ( 'NONE', #2841, 1000.000000000000000 ) ;
#3944 = VECTOR ( 'NONE', #2009, 1000.000000000000000 ) ;
#3945 = PRODUCT_RELATED_PRODUCT_CATEGORY ( 'part', '', ( #1008 ) ) ;
#3946 = EDGE_CURVE ( 'NONE', #4382, #3744, #1522, .T. ) ;
#3947 = DIRECTION ( 'NONE',  ( 0.000000000000000000, -1.000000000000000000, 0.000000000000000000 ) ) ;
#3948 = ORIENTED_EDGE ( 'NONE', *, *, #2710, .T. ) ;
#3949 = VECTOR ( 'NONE', #1465, 1000.000000000000000 ) ;
#3950 = VECTOR ( 'NONE', #3850, 1000.000000000000000 ) ;
#3951 = CIRCLE ( 'NONE', #1174, 0.1905000000000001414 ) ;
#3952 = DIRECTION ( 'NONE',  ( 0.000000000000000000, 1.000000000000000000, -0.000000000000000000 ) ) ;
#3953 = DIRECTION ( 'NONE',  ( -1.000000000000000000, 9.331360556159751558E-18, 0.000000000000000000 ) ) ;
#3954 = PRESENTATION_STYLE_ASSIGNMENT (( #4301 ) ) ;
#3955 = PLANE ( 'NONE',  #1772 ) ;
#3956 = EDGE_CURVE ( 'NONE', #3720, #976, #774, .T. ) ;
#3957 = AXIS2_PLACEMENT_3D ( 'NONE', #3124, #2358, #4536 ) ;
#3958 = DIRECTION ( 'NONE',  ( 1.000000000000000000, 0.000000000000000000, 0.000000000000000000 ) ) ;
#3959 = AXIS2_PLACEMENT_3D ( 'NONE', #1382, #304, #19 ) ;
#3960 = VERTEX_POINT ( 'NONE', #1818 ) ;
#3961 = EDGE_CURVE ( 'NONE', #4028, #1143, #2552, .T. ) ;
#3962 = ORIENTED_EDGE ( 'NONE', *, *, #844, .F. ) ;
#3963 = AXIS2_PLACEMENT_3D ( 'NONE', #4501, #4127, #153 ) ;
#3964 = EDGE_LOOP ( 'NONE', ( #607, #874, #1421, #411 ) ) ;
#3966 = DIRECTION ( 'NONE',  ( -0.000000000000000000, 1.000000000000000000, -0.000000000000000000 ) ) ;
#3965 = CARTESIAN_POINT ( 'NONE',  ( -2.330449999999992805, 5.330000000000000071, 6.772803358334958500E-15 ) ) ;
#3967 = ORIENTED_EDGE ( 'NONE', *, *, #1887, .F. ) ;
#3968 = ORIENTED_EDGE ( 'NONE', *, *, #3505, .F. ) ;
#3969 = DIRECTION ( 'NONE',  ( 0.9873835085259612399, -0.1583471095124980021, 0.000000000000000000 ) ) ;
#3970 = ORIENTED_EDGE ( 'NONE', *, *, #2178, .F. ) ;
#3971 = DIRECTION ( 'NONE',  ( -1.184920407087982840E-16, -1.000000000000000000, 0.000000000000000000 ) ) ;
#3972 = CARTESIAN_POINT ( 'NONE',  ( -2.330449999999984367, 5.330000000000000071, 2.168999999999999151 ) ) ;
#3973 = DIRECTION ( 'NONE',  ( 1.219574997171545439E-15, 0.000000000000000000, 1.000000000000000000 ) ) ;
#3974 = ORIENTED_EDGE ( 'NONE', *, *, #3101, .F. ) ;
#3975 = CARTESIAN_POINT ( 'NONE',  ( -2.495549999999998825, 5.304599999999999760, -2.169000000000003148 ) ) ;
#3976 = FACE_OUTER_BOUND ( 'NONE', #884, .T. ) ;
#3977 = FACE_OUTER_BOUND ( 'NONE', #1533, .T. ) ;
#3978 = ADVANCED_FACE ( 'NONE', ( #3641 ), #428, .F. ) ;
#3979 = EDGE_CURVE ( 'NONE', #2752, #858, #1502, .T. ) ;
#3980 = LINE ( 'NONE', #3241, #1554 ) ;
#3981 = VERTEX_POINT ( 'NONE', #2914 ) ;
#3982 = VERTEX_POINT ( 'NONE', #2247 ) ;
#3983 = ADVANCED_FACE ( 'NONE', ( #3666 ), #1838, .F. ) ;
#3984 = ORIENTED_EDGE ( 'NONE', *, *, #13, .T. ) ;
#3985 = CARTESIAN_POINT ( 'NONE',  ( 3.850339999999999652, 0.6800006613150174628, 3.057499999999999662 ) ) ;
#3986 = ORIENTED_EDGE ( 'NONE', *, *, #3759, .F. ) ;
#3987 = ORIENTED_EDGE ( 'NONE', *, *, #1803, .T. ) ;
#3988 = FACE_OUTER_BOUND ( 'NONE', #480, .T. ) ;
#3989 = CARTESIAN_POINT ( 'NONE',  ( 4.074194034103847173, 1.633388438049986124, 3.057499999999999662 ) ) ;
#3990 = CARTESIAN_POINT ( 'NONE',  ( -3.341664254235964471, 3.405680000000126384, -3.057499999999999662 ) ) ;
#3991 = DIRECTION ( 'NONE',  ( -0.000000000000000000, 1.000000000000000000, -0.000000000000000000 ) ) ;
#3992 = ORIENTED_EDGE ( 'NONE', *, *, #4574, .F. ) ;
#3993 = CYLINDRICAL_SURFACE ( 'NONE', #1905, 0.1905000000000001414 ) ;
#3994 = DIRECTION ( 'NONE',  ( 0.000000000000000000, 0.000000000000000000, 1.000000000000000000 ) ) ;
#3995 = CARTESIAN_POINT ( 'NONE',  ( -4.124659999999999549, -2.660000000000001030, 2.290000000000000036 ) ) ;
#3996 = DIRECTION ( 'NONE',  ( -0.000000000000000000, -0.000000000000000000, 1.000000000000000000 ) ) ;
#3997 = ORIENTED_EDGE ( 'NONE', *, *, #2853, .T. ) ;
#3998 = ADVANCED_FACE ( 'NONE', ( #3976 ), #449, .T. ) ;
#3999 = ORIENTED_EDGE ( 'NONE', *, *, #2116, .T. ) ;
#4000 = ADVANCED_FACE ( 'NONE', ( #1885 ), #826, .F. ) ;
#4001 = SURFACE_SIDE_STYLE ('',( #1059 ) ) ;
#4002 = ORIENTED_EDGE ( 'NONE', *, *, #4411, .T. ) ;
#4004 = DIRECTION ( 'NONE',  ( 0.000000000000000000, 1.000000000000000000, 0.000000000000000000 ) ) ;
#4003 = CARTESIAN_POINT ( 'NONE',  ( 2.339382931423662271, 5.304599999999999760, 2.512649903424112097 ) ) ;
#4005 = ORIENTED_EDGE ( 'NONE', *, *, #1569, .T. ) ;
#4006 = ORIENTED_EDGE ( 'NONE', *, *, #3628, .T. ) ;
#4007 = EDGE_CURVE ( 'NONE', #2086, #279, #1383, .T. ) ;
#4008 = PLANE ( 'NONE',  #251 ) ;
#4009 = VECTOR ( 'NONE', #904, 1000.000000000000000 ) ;
#4010 = DIRECTION ( 'NONE',  ( -3.191513274841260727E-18, -0.3420201433256698786, -0.9396926207859079838 ) ) ;
#4011 = LINE ( 'NONE', #4348, #2722 ) ;
#4012 = AXIS2_PLACEMENT_3D ( 'NONE', #3181, #1403, #2170 ) ;
#4013 = EDGE_CURVE ( 'NONE', #3798, #2545, #1553, .T. ) ;
#4014 = DIRECTION ( 'NONE',  ( 0.04361938736533250982, 0.9990482215818579093, 0.000000000000000000 ) ) ;
#4015 = VERTEX_POINT ( 'NONE', #730 ) ;
#4016 = ORIENTED_EDGE ( 'NONE', *, *, #4633, .T. ) ;
#4017 = VECTOR ( 'NONE', #1031, 1000.000000000000000 ) ;
#4018 = DIRECTION ( 'NONE',  ( 0.9990482215818579093, -0.04361938736533281513, 0.000000000000000000 ) ) ;
#4019 = VECTOR ( 'NONE', #4481, 1000.000000000000000 ) ;
#4020 = DIRECTION ( 'NONE',  ( 0.000000000000000000, 1.000000000000000000, 0.000000000000000000 ) ) ;
#4021 = VECTOR ( 'NONE', #4352, 1000.000000000000000 ) ;
#4022 = AXIS2_PLACEMENT_3D ( 'NONE', #30, #1856, #2166 ) ;
#4023 = DIRECTION ( 'NONE',  ( 0.000000000000000000, 0.000000000000000000, 1.000000000000000000 ) ) ;
#4024 = CIRCLE ( 'NONE', #3191, 0.2000000000000035638 ) ;
#4025 = VERTEX_POINT ( 'NONE', #2174 ) ;
#4026 = VECTOR ( 'NONE', #2004, 1000.000000000000000 ) ;
#4027 = MECHANICAL_DESIGN_GEOMETRIC_PRESENTATION_REPRESENTATION (  '', ( #1991 ), #1778 ) ;
#4028 = VERTEX_POINT ( 'NONE', #4329 ) ;
#4029 = VECTOR ( 'NONE', #61, 1000.000000000000000 ) ;
#4030 = DIRECTION ( 'NONE',  ( -1.000000000000000000, 0.000000000000000000, 0.000000000000000000 ) ) ;
#4031 = ORIENTED_EDGE ( 'NONE', *, *, #4573, .T. ) ;
#4033 = FILL_AREA_STYLE ('',( #1851 ) ) ;
#4032 = PLANE ( 'NONE',  #1549 ) ;
#4034 = ORIENTED_EDGE ( 'NONE', *, *, #4045, .T. ) ;
#4035 = VECTOR ( 'NONE', #3137, 1000.000000000000000 ) ;
#4036 = VERTEX_POINT ( 'NONE', #753 ) ;
#4037 = UNCERTAINTY_MEASURE_WITH_UNIT (LENGTH_MEASURE( 1.000000000000000082E-05 ), #1, 'distance_accuracy_value', 'NONE');
#4038 = CARTESIAN_POINT ( 'NONE',  ( -2.330449999999984367, 5.304599999999999760, 2.168999999999999151 ) ) ;
#4039 = EDGE_CURVE ( 'NONE', #4240, #1889, #45, .T. ) ;
#4040 = DIRECTION ( 'NONE',  ( 2.833924562156542408E-18, -0.3420201433256698786, -0.9396926207859079838 ) ) ;
#4041 = ADVANCED_FACE ( 'NONE', ( #1126 ), #842, .F. ) ;
#4042 = DIRECTION ( 'NONE',  ( 0.000000000000000000, 1.000000000000000000, 0.000000000000000000 ) ) ;
#4043 = VERTEX_POINT ( 'NONE', #613 ) ;
#4044 = DIRECTION ( 'NONE',  ( 1.113460962759211437E-16, -0.9396926207859079838, 0.3420201433256698231 ) ) ;
#4045 = EDGE_CURVE ( 'NONE', #537, #3821, #3856, .T. ) ;
#4046 = LINE ( 'NONE', #4328, #3632 ) ;
#4047 = CARTESIAN_POINT ( 'NONE',  ( 3.341664254235964471, 3.205680000000123098, -2.042499999999999538 ) ) ;
#4048 = PLANE ( 'NONE',  #4177 ) ;
#4049 = ORIENTED_EDGE ( 'NONE', *, *, #2920, .F. ) ;
#4050 = ORIENTED_EDGE ( 'NONE', *, *, #2018, .T. ) ;
#4051 =( NAMED_UNIT ( * ) SI_UNIT ( $, .STERADIAN. ) SOLID_ANGLE_UNIT ( ) );
#4052 = ORIENTED_EDGE ( 'NONE', *, *, #1940, .F. ) ;
#4054 = DIRECTION ( 'NONE',  ( 1.000000000000000000, 0.000000000000000000, 0.000000000000000000 ) ) ;
#4053 = PLANE ( 'NONE',  #717 ) ;
#4055 = ORIENTED_EDGE ( 'NONE', *, *, #1129, .F. ) ;
#4056 = ORIENTED_EDGE ( 'NONE', *, *, #673, .T. ) ;
#4057 = DIRECTION ( 'NONE',  ( -0.000000000000000000, 1.000000000000000000, -0.000000000000000000 ) ) ;
#4058 = DIRECTION ( 'NONE',  ( -0.000000000000000000, -0.000000000000000000, -1.000000000000000000 ) ) ;
#4059 = DIRECTION ( 'NONE',  ( 1.000000000000000000, 0.000000000000000000, 0.000000000000000000 ) ) ;
#4060 = VERTEX_POINT ( 'NONE', #568 ) ;
#4061 = LINE ( 'NONE', #466, #2363 ) ;
#4062 = EDGE_CURVE ( 'NONE', #3912, #3333, #3060, .T. ) ;
#4063 = ADVANCED_FACE ( 'NONE', ( #2082 ), #4065, .T. ) ;
#4064 = CARTESIAN_POINT ( 'NONE',  ( -3.175000000000000266, 3.680000000000123173, -2.042499999999999538 ) ) ;
#4065 = PLANE ( 'NONE',  #2735 ) ;
#4066 = ADVANCED_FACE ( 'NONE', ( #542 ), #2411, .F. ) ;
#4067 = CARTESIAN_POINT ( 'NONE',  ( 3.341664254235964471, 3.405680000000126384, 2.290000000000000036 ) ) ;
#4068 = CARTESIAN_POINT ( 'NONE',  ( 2.339382931423662271, 5.304599999999999760, 2.512649903424112097 ) ) ;
#4069 = VERTEX_POINT ( 'NONE', #3099 ) ;
#4070 = EDGE_LOOP ( 'NONE', ( #4392, #2313, #1088, #2993 ) ) ;
#4072 = DIRECTION ( 'NONE',  ( -0.000000000000000000, -0.000000000000000000, 1.000000000000000000 ) ) ;
#4071 = CARTESIAN_POINT ( 'NONE',  ( -2.330449999999993249, 5.330000000000000071, 9.284384603717507378E-15 ) ) ;
#4073 = ORIENTED_EDGE ( 'NONE', *, *, #1765, .T. ) ;
#4074 = UNCERTAINTY_MEASURE_WITH_UNIT (LENGTH_MEASURE( 1.000000000000000082E-05 ), #1332, 'distance_accuracy_value', 'NONE');
#4075 = LINE ( 'NONE', #525, #4610 ) ;
#4076 = DIRECTION ( 'NONE',  ( 0.000000000000000000, 0.000000000000000000, 1.000000000000000000 ) ) ;
#4077 = DIRECTION ( 'NONE',  ( 1.000000000000000000, 0.000000000000000000, -3.983944990760383515E-15 ) ) ;
#4078 = ORIENTED_EDGE ( 'NONE', *, *, #2396, .T. ) ;
#4079 = CARTESIAN_POINT ( 'NONE',  ( 3.163022930141338396, 3.405680000000123275, 2.290000000000000036 ) ) ;
#4080 = VECTOR ( 'NONE', #347, 1000.000000000000000 ) ;
#4081 = CARTESIAN_POINT ( 'NONE',  ( -3.850339999999999652, -2.660000000000001030, 2.290000000000000036 ) ) ;
#4082 = VECTOR ( 'NONE', #1544, 1000.000000000000000 ) ;
#4083 = EDGE_CURVE ( 'NONE', #3288, #3005, #2282, .T. ) ;
#4084 = VECTOR ( 'NONE', #1624, 1000.000000000000000 ) ;
#4085 = MECHANICAL_DESIGN_GEOMETRIC_PRESENTATION_REPRESENTATION (  '', ( #1606 ), #3939 ) ;
#4086 = CARTESIAN_POINT ( 'NONE',  ( 2.414787137949123252, 5.304599999999999760, -2.931000000000021366 ) ) ;
#4087 = EDGE_CURVE ( 'NONE', #2644, #3553, #2050, .T. ) ;
#4088 = ORIENTED_EDGE ( 'NONE', *, *, #3913, .F. ) ;
#4089 = ADVANCED_FACE ( 'NONE', ( #1286 ), #2729, .T. ) ;
#4090 = VECTOR ( 'NONE', #2383, 1000.000000000000227 ) ;
#4091 = VECTOR ( 'NONE', #1956, 1000.000000000000000 ) ;
#4092 = VERTEX_POINT ( 'NONE', #3703 ) ;
#4093 = VECTOR ( 'NONE', #2540, 1000.000000000000000 ) ;
#4094 = AXIS2_PLACEMENT_3D ( 'NONE', #1833, #3633, #3253 ) ;
#4095 = VECTOR ( 'NONE', #2066, 1000.000000000000000 ) ;
#4096 = VERTEX_POINT ( 'NONE', #1197 ) ;
#4098 = CARTESIAN_POINT ( 'NONE',  ( 2.486617068576320033, 5.304599999999999760, -2.512649903424150288 ) ) ;
#4097 = CARTESIAN_POINT ( 'NONE',  ( -4.124659999999999549, 0.6800006613150175738, 2.042499999999999538 ) ) ;
#4099 = EDGE_CURVE ( 'NONE', #4474, #858, #2637, .T. ) ;
#4100 = ORIENTED_EDGE ( 'NONE', *, *, #87, .T. ) ;
#4101 = CIRCLE ( 'NONE', #1307, 0.1905000000000001414 ) ;
#4102 = CARTESIAN_POINT ( 'NONE',  ( -4.124659999999997773, 1.000000000000000444, -2.042499999999999538 ) ) ;
#4103 = CARTESIAN_POINT ( 'NONE',  ( -2.793999999999999595, 5.304599999999999760, 0.000000000000000000 ) ) ;
#4104 = CARTESIAN_POINT ( 'NONE',  ( 2.656502611444808259, 5.330000000000000071, 2.673542627135553129 ) ) ;
#4105 = CIRCLE ( 'NONE', #48, 4.000000000000001776 ) ;
#4106 = EDGE_LOOP ( 'NONE', ( #1824, #1395, #678, #1208 ) ) ;
#4107 = DIRECTION ( 'NONE',  ( -0.000000000000000000, 1.000000000000000000, -0.000000000000000000 ) ) ;
#4108 = ORIENTED_EDGE ( 'NONE', *, *, #913, .F. ) ;
#4109 = CARTESIAN_POINT ( 'NONE',  ( 3.539140955941160183, 3.237349421902622648, 3.057499999999999662 ) ) ;
#4110 = PLANE ( 'NONE',  #1932 ) ;
#4111 = ORIENTED_EDGE ( 'NONE', *, *, #3254, .F. ) ;
#4112 = ORIENTED_EDGE ( 'NONE', *, *, #1390, .F. ) ;
#4113 = EDGE_CURVE ( 'NONE', #3022, #1248, #4533, .T. ) ;
#4114 = EDGE_CURVE ( 'NONE', #3244, #117, #985, .T. ) ;
#4115 = DIRECTION ( 'NONE',  ( 1.000000000000000000, 0.000000000000000000, -3.983944990760383515E-15 ) ) ;
#4116 = VERTEX_POINT ( 'NONE', #193 ) ;
#4118 = FACE_OUTER_BOUND ( 'NONE', #777, .T. ) ;
#4117 = CYLINDRICAL_SURFACE ( 'NONE', #3713, 0.4743200000000007410 ) ;
#4119 = ORIENTED_EDGE ( 'NONE', *, *, #3844, .T. ) ;
#4120 = DIRECTION ( 'NONE',  ( 1.000000000000000000, 0.000000000000000000, 0.000000000000000000 ) ) ;
#4121 = ADVANCED_FACE ( 'NONE', ( #2753 ), #2027, .T. ) ;
#4122 = CARTESIAN_POINT ( 'NONE',  ( 2.727713273868203725, 5.304599999999999760, 2.598799552413672664 ) ) ;
#4123 = FACE_OUTER_BOUND ( 'NONE', #3403, .T. ) ;
#4124 = ORIENTED_EDGE ( 'NONE', *, *, #734, .T. ) ;
#4125 = LINE ( 'NONE', #4455, #3335 ) ;
#4126 = DIRECTION ( 'NONE',  ( -0.000000000000000000, 1.000000000000000000, -0.000000000000000000 ) ) ;
#4127 = DIRECTION ( 'NONE',  ( 2.626776916984867341E-15, 0.000000000000000000, 1.000000000000000000 ) ) ;
#4128 = DIRECTION ( 'NONE',  ( -0.000000000000000000, -0.000000000000000000, -1.000000000000000000 ) ) ;
#4129 = CARTESIAN_POINT ( 'NONE',  ( -3.341664254235964471, 0.6800006613150175738, -3.057499999999999662 ) ) ;
#4130 = ORIENTED_EDGE ( 'NONE', *, *, #4440, .T. ) ;
#4131 = DIRECTION ( 'NONE',  ( 0.000000000000000000, 0.000000000000000000, -1.000000000000000000 ) ) ;
#4132 = VERTEX_POINT ( 'NONE', #916 ) ;
#4133 = LINE ( 'NONE', #4156, #4326 ) ;
#4134 = ADVANCED_FACE ( 'NONE', ( #3806 ), #589, .F. ) ;
#4135 = ADVANCED_FACE ( 'NONE', ( #211 ), #3434, .T. ) ;
#4136 = EDGE_LOOP ( 'NONE', ( #4119, #4188, #3970, #955 ) ) ;
#4137 = CARTESIAN_POINT ( 'NONE',  ( -3.341664254235964471, 3.205680000000123098, 2.290000000000000036 ) ) ;
#4138 = DIRECTION ( 'NONE',  ( -0.000000000000000000, 0.000000000000000000, -1.000000000000000000 ) ) ;
#4140 = DIRECTION ( 'NONE',  ( 1.000000000000000000, 0.000000000000000000, 0.000000000000000000 ) ) ;
#4139 = CARTESIAN_POINT ( 'NONE',  ( -4.124659999999999549, -2.660000000000001030, 2.810000000000000053 ) ) ;
#4141 = EDGE_CURVE ( 'NONE', #3166, #2906, #3126, .T. ) ;
#4142 = VERTEX_POINT ( 'NONE', #1116 ) ;
#4143 = LINE ( 'NONE', #667, #925 ) ;
#4144 = CARTESIAN_POINT ( 'NONE',  ( -3.803334990045005082, 1.589950658968517949, -3.057499999999999662 ) ) ;
#4145 = EDGE_CURVE ( 'NONE', #4132, #822, #1826, .T. ) ;
#4146 = VECTOR ( 'NONE', #773, 1000.000000000000000 ) ;
#4147 = DIRECTION ( 'NONE',  ( 2.626776916984867341E-15, -0.000000000000000000, 1.000000000000000000 ) ) ;
#4148 = VECTOR ( 'NONE', #2302, 999.9999999999998863 ) ;
#4149 = CARTESIAN_POINT ( 'NONE',  ( 4.124659999999998661, 0.000000000000000000, 2.810000000000000053 ) ) ;
#4150 = DIRECTION ( 'NONE',  ( 2.626776916984874047E-15, 0.000000000000000000, 1.000000000000000000 ) ) ;
#4151 = VECTOR ( 'NONE', #626, 1000.000000000000000 ) ;
#4152 = EDGE_LOOP ( 'NONE', ( #3948, #2193, #4313, #3413 ) ) ;
#4153 = LINE ( 'NONE', #1658, #2061 ) ;
#4154 = VECTOR ( 'NONE', #2815, 1000.000000000000000 ) ;
#4155 = ORIENTED_EDGE ( 'NONE', *, *, #87, .F. ) ;
#4156 = CARTESIAN_POINT ( 'NONE',  ( -7.170955672305227544E-15, 5.330000000000000071, -2.467450000000010135 ) ) ;
#4157 = VECTOR ( 'NONE', #3281, 1000.000000000000000 ) ;
#4158 = ORIENTED_EDGE ( 'NONE', *, *, #2529, .T. ) ;
#4159 = PRODUCT_DEFINITION_CONTEXT ( 'detailed design', #460, 'design' ) ;
#4160 = CARTESIAN_POINT ( 'NONE',  ( -0.1979814764979378472, 5.304599999999999760, -0.1886247273267825098 ) ) ;
#4161 = VECTOR ( 'NONE', #75, 1000.000000000000000 ) ;
#4162 = CIRCLE ( 'NONE', #2454, 3.999999999999998224 ) ;
#4163 = CYLINDRICAL_SURFACE ( 'NONE', #2824, 0.1905000000000001414 ) ;
#4165 = DIRECTION ( 'NONE',  ( 0.000000000000000000, 0.000000000000000000, -1.000000000000000000 ) ) ;
#4164 = DIRECTION ( 'NONE',  ( 0.000000000000000000, 1.000000000000000000, -0.000000000000000000 ) ) ;
#4166 = VECTOR ( 'NONE', #3247, 1000.000000000000000 ) ;
#4167 = ORIENTED_EDGE ( 'NONE', *, *, #3881, .F. ) ;
#4168 = AXIS2_PLACEMENT_3D ( 'NONE', #2715, #3397, #2967 ) ;
#4169 = AXIS2_PLACEMENT_3D ( 'NONE', #3793, #2811, #1295 ) ;
#4170 = CARTESIAN_POINT ( 'NONE',  ( -4.074194034103842732, 1.633388438049987679, 3.057499999999999662 ) ) ;
#4171 = ORIENTED_EDGE ( 'NONE', *, *, #407, .F. ) ;
#4172 = EDGE_CURVE ( 'NONE', #1558, #3388, #2561, .T. ) ;
#4173 = EDGE_CURVE ( 'NONE', #4025, #1588, #3607, .T. ) ;
#4174 = VECTOR ( 'NONE', #600, 1000.000000000000000 ) ;
#4175 = CARTESIAN_POINT ( 'NONE',  ( -7.699083143682673177E-15, 5.304599999999999760, -2.931000000000009376 ) ) ;
#4176 = LINE ( 'NONE', #3440, #2798 ) ;
#4177 = AXIS2_PLACEMENT_3D ( 'NONE', #828, #1842, #2248 ) ;
#4178 = PRESENTATION_STYLE_ASSIGNMENT (( #3534 ) ) ;
#4179 = EDGE_CURVE ( 'NONE', #1704, #871, #3907, .T. ) ;
#4180 = DIRECTION ( 'NONE',  ( -0.000000000000000000, -0.000000000000000000, -1.000000000000000000 ) ) ;
#4181 = ORIENTED_EDGE ( 'NONE', *, *, #297, .F. ) ;
#4182 = LINE ( 'NONE', #933, #3185 ) ;
#4183 = ORIENTED_EDGE ( 'NONE', *, *, #1259, .T. ) ;
#4184 = CARTESIAN_POINT ( 'NONE',  ( 3.175000000000000266, 3.680000000000123173, 2.290000000000000036 ) ) ;
#4185 = VERTEX_POINT ( 'NONE', #3985 ) ;
#4186 = CARTESIAN_POINT ( 'NONE',  ( -3.850339999999999652, -2.660000000000001030, -2.290000000000000036 ) ) ;
#4187 = FACE_OUTER_BOUND ( 'NONE', #1200, .T. ) ;
#4188 = ORIENTED_EDGE ( 'NONE', *, *, #2920, .T. ) ;
#4190 = CARTESIAN_POINT ( 'NONE',  ( 2.414787137949140128, 5.330000000000000071, 2.168999999999982276 ) ) ;
#4189 = DIRECTION ( 'NONE',  ( 0.000000000000000000, -1.000000000000000000, 0.000000000000000000 ) ) ;
#4191 = ORIENTED_EDGE ( 'NONE', *, *, #1541, .F. ) ;
#4192 = CARTESIAN_POINT ( 'NONE',  ( -3.803334990045005082, 1.589950658968517949, 2.042499999999999538 ) ) ;
#4193 = ORIENTED_EDGE ( 'NONE', *, *, #522, .F. ) ;
#4194 = FACE_OUTER_BOUND ( 'NONE', #3622, .T. ) ;
#4195 = DIRECTION ( 'NONE',  ( 1.000000000000000000, 0.000000000000000000, 0.000000000000000000 ) ) ;
#4196 = ADVANCED_FACE ( 'NONE', ( #3226 ), #1418, .F. ) ;
#4197 = EDGE_CURVE ( 'NONE', #1939, #4601, #3412, .T. ) ;
#4198 = DIRECTION ( 'NONE',  ( -0.000000000000000000, 1.000000000000000000, -0.000000000000000000 ) ) ;
#4199 = CYLINDRICAL_SURFACE ( 'NONE', #1756, 0.3556000000000001937 ) ;
#4200 = LINE ( 'NONE', #675, #2299 ) ;
#4201 = CARTESIAN_POINT ( 'NONE',  ( -3.175000000000000266, 3.680000000000123173, 2.290000000000000036 ) ) ;
#4202 = ADVANCED_FACE ( 'NONE', ( #4342 ), #1086, .F. ) ;
#4203 = ORIENTED_EDGE ( 'NONE', *, *, #1638, .F. ) ;
#4204 = DIRECTION ( 'NONE',  ( 2.626776916984867341E-15, -0.000000000000000000, 1.000000000000000000 ) ) ;
#4205 = VERTEX_POINT ( 'NONE', #3625 ) ;
#4206 = CARTESIAN_POINT ( 'NONE',  ( 2.656502611444790940, 5.330000000000000071, -2.426457372864449624 ) ) ;
#4207 = ORIENTED_EDGE ( 'NONE', *, *, #1700, .F. ) ;
#4208 = CARTESIAN_POINT ( 'NONE',  ( 0.1246599999999993963, 1.000000000000000000, -3.057499999999999662 ) ) ;
#4209 = CYLINDRICAL_SURFACE ( 'NONE', #565, 0.3556000000000001937 ) ;
#4210 = ORIENTED_EDGE ( 'NONE', *, *, #4013, .F. ) ;
#4212 = CARTESIAN_POINT ( 'NONE',  ( -2.793999999999999595, 5.330000000000000071, -0.000000000000000000 ) ) ;
#4211 = CARTESIAN_POINT ( 'NONE',  ( 0.000000000000000000, 5.304599999999999760, 0.000000000000000000 ) ) ;
#4213 = ORIENTED_EDGE ( 'NONE', *, *, #895, .F. ) ;
#4214 = LINE ( 'NONE', #4244, #2733 ) ;
#4215 = PLANE ( 'NONE',  #719 ) ;
#4216 = DIRECTION ( 'NONE',  ( 1.000000000000000000, 0.000000000000000000, 0.000000000000000000 ) ) ;
#4217 = CARTESIAN_POINT ( 'NONE',  ( 2.169497388555174044, 5.304599999999999760, -2.673542627135591321 ) ) ;
#4218 = EDGE_CURVE ( 'NONE', #1118, #367, #3551, .T. ) ;
#4219 = EDGE_CURVE ( 'NONE', #3808, #4116, #3886, .T. ) ;
#4220 = DIRECTION ( 'NONE',  ( 0.000000000000000000, 1.000000000000000000, 0.000000000000000000 ) ) ;
#4221 = LINE ( 'NONE', #4597, #3263 ) ;
#4222 = DIRECTION ( 'NONE',  ( 0.04361938736533250982, -0.9990482215818579093, 0.000000000000000000 ) ) ;
#4223 = LINE ( 'NONE', #580, #3039 ) ;
#4224 = DIRECTION ( 'NONE',  ( -0.04361938736533251676, -0.9990482215818579093, -0.000000000000000000 ) ) ;
#4225 = ORIENTED_EDGE ( 'NONE', *, *, #3069, .F. ) ;
#4226 = AXIS2_PLACEMENT_3D ( 'NONE', #2591, #4018, #803 ) ;
#4227 = EDGE_CURVE ( 'NONE', #4092, #3784, #1781, .T. ) ;
#4228 = EDGE_CURVE ( 'NONE', #4615, #4474, #1393, .T. ) ;
#4229 = DIRECTION ( 'NONE',  ( -0.9873835085259609068, -0.1583471095125001116, 0.000000000000000000 ) ) ;
#4230 = EDGE_LOOP ( 'NONE', ( #1082, #3753, #1356, #2352 ) ) ;
#4231 = AXIS2_PLACEMENT_3D ( 'NONE', #4436, #2668, #130 ) ;
#4232 = ORIENTED_EDGE ( 'NONE', *, *, #702, .T. ) ;
#4233 = LINE ( 'NONE', #887, #2069 ) ;
#4234 =( GEOMETRIC_REPRESENTATION_CONTEXT ( 3 ) GLOBAL_UNCERTAINTY_ASSIGNED_CONTEXT ( ( #2946 ) ) GLOBAL_UNIT_ASSIGNED_CONTEXT ( ( #3199, #280, #631 ) ) REPRESENTATION_CONTEXT ( 'NONE', 'WORKASPACE' ) );
#4235 = ADVANCED_FACE ( 'NONE', ( #26 ), #1440, .F. ) ;
#4236 = CARTESIAN_POINT ( 'NONE',  ( -2.032000000000000473, 5.304599999999999760, -2.632550000000004609 ) ) ;
#4237 = VERTEX_POINT ( 'NONE', #365 ) ;
#4239 = DIRECTION ( 'NONE',  ( 1.000000000000000000, 0.000000000000000000, -2.626776916984868130E-15 ) ) ;
#4238 = CARTESIAN_POINT ( 'NONE',  ( -2.495549999999992163, 5.304599999999999760, 7.252620489988117204E-15 ) ) ;
#4240 = VERTEX_POINT ( 'NONE', #4287 ) ;
#4241 = VECTOR ( 'NONE', #183, 1000.000000000000000 ) ;
#4242 = ORIENTED_EDGE ( 'NONE', *, *, #1072, .T. ) ;
#4243 = VECTOR ( 'NONE', #267, 1000.000000000000000 ) ;
#4244 = CARTESIAN_POINT ( 'NONE',  ( 2.727713273868203725, 5.330000000000000071, 2.598799552413672664 ) ) ;
#4245 = VECTOR ( 'NONE', #3527, 1000.000000000000000 ) ;
#4246 = DIRECTION ( 'NONE',  ( -0.04357795025174460157, 0.9980991556472297299, 0.04357795025174485137 ) ) ;
#4247 = CARTESIAN_POINT ( 'NONE',  ( 2.300902611444789692, 5.330000000000000071, -2.811466219741534545 ) ) ;
#4248 = CIRCLE ( 'NONE', #4094, 0.4743200000000002969 ) ;
#4249 =( NAMED_UNIT ( * ) PLANE_ANGLE_UNIT ( ) SI_UNIT ( $, .RADIAN. ) );
#4250 = PRESENTATION_LAYER_ASSIGNMENT (  '', '', ( #1618 ) ) ;
#4251 = PRESENTATION_LAYER_ASSIGNMENT (  '', '', ( #1177 ) ) ;
#4252 = DIRECTION ( 'NONE',  ( -0.000000000000000000, -1.000000000000000000, 0.000000000000000000 ) ) ;
#4253 = CARTESIAN_POINT ( 'NONE',  ( -3.341664254235964471, 3.405680000000126384, -2.042499999999999538 ) ) ;
#4254 = FILL_AREA_STYLE_COLOUR ( '', #1789 ) ;
#4255 = DIRECTION ( 'NONE',  ( 0.000000000000000000, 0.000000000000000000, 1.000000000000000000 ) ) ;
#4256 = AXIS2_PLACEMENT_3D ( 'NONE', #807, #2654, #4023 ) ;
#4257 = EDGE_LOOP ( 'NONE', ( #934, #3524, #3313, #2512 ) ) ;
#4258 = FACE_OUTER_BOUND ( 'NONE', #4106, .T. ) ;
#4259 = ORIENTED_EDGE ( 'NONE', *, *, #41, .T. ) ;
#4260 =( LENGTH_UNIT ( ) NAMED_UNIT ( * ) SI_UNIT ( .MILLI., .METRE. ) );
#4261 = EDGE_CURVE ( 'NONE', #14, #2269, #4588, .T. ) ;
#4262 = ORIENTED_EDGE ( 'NONE', *, *, #2757, .T. ) ;
#4263 = EDGE_CURVE ( 'NONE', #4240, #3244, #2509, .T. ) ;
#4264 = LINE ( 'NONE', #1617, #4401 ) ;
#4265 = VERTEX_POINT ( 'NONE', #4266 ) ;
#4267 = FACE_OUTER_BOUND ( 'NONE', #284, .T. ) ;
#4266 = CARTESIAN_POINT ( 'NONE',  ( 3.163022930141338396, 3.405680000000123275, -3.057499999999999662 ) ) ;
#4268 = ORIENTED_EDGE ( 'NONE', *, *, #3391, .F. ) ;
#4269 = ORIENTED_EDGE ( 'NONE', *, *, #2237, .T. ) ;
#4270 = ADVANCED_FACE ( 'NONE', ( #2801 ), #1039, .T. ) ;
#4271 = CARTESIAN_POINT ( 'NONE',  ( -2.330450000000001687, 5.304599999999999760, -2.931000000000003602 ) ) ;
#4272 = ORIENTED_EDGE ( 'NONE', *, *, #2762, .F. ) ;
#4273 = CARTESIAN_POINT ( 'NONE',  ( -4.124659999999999549, 4.336808689942017736E-16, -2.290000000000000036 ) ) ;
#4274 = DIRECTION ( 'NONE',  ( -1.000000000000000000, 0.000000000000000000, 0.000000000000000000 ) ) ;
#4275 = DIRECTION ( 'NONE',  ( 1.000000000000000000, 0.000000000000000000, -4.359331904783423988E-15 ) ) ;
#4276 = PLANE ( 'NONE',  #2350 ) ;
#4277 = CARTESIAN_POINT ( 'NONE',  ( 4.124659999999999549, 1.000000000000000000, -2.810000000000000053 ) ) ;
#4278 = FACE_OUTER_BOUND ( 'NONE', #1443, .T. ) ;
#4279 = CARTESIAN_POINT ( 'NONE',  ( 3.175000000000000266, 3.680000000000123173, 2.042499999999999538 ) ) ;
#4280 = ORIENTED_EDGE ( 'NONE', *, *, #795, .F. ) ;
#4281 = CYLINDRICAL_SURFACE ( 'NONE', #2078, 4.000000000000000888 ) ;
#4282 = EDGE_LOOP ( 'NONE', ( #3712, #2279, #751, #1132 ) ) ;
#4283 = EDGE_LOOP ( 'NONE', ( #1340, #3962, #1065, #534 ) ) ;
#4284 = FILL_AREA_STYLE ('',( #3605 ) ) ;
#4285 = ORIENTED_EDGE ( 'NONE', *, *, #291, .F. ) ;
#4286 = EDGE_CURVE ( 'NONE', #3355, #2008, #4024, .T. ) ;
#4288 =( LENGTH_UNIT ( ) NAMED_UNIT ( * ) SI_UNIT ( .MILLI., .METRE. ) );
#4287 = CARTESIAN_POINT ( 'NONE',  ( -4.124659999999998661, -2.272971931803856006E-18, 2.810000000000000053 ) ) ;
#4289 = ORIENTED_EDGE ( 'NONE', *, *, #2787, .F. ) ;
#4290 = EDGE_LOOP ( 'NONE', ( #931, #3739, #2125, #2856 ) ) ;
#4291 = LINE ( 'NONE', #1444, #1680 ) ;
#4292 = VERTEX_POINT ( 'NONE', #1805 ) ;
#4293 = CARTESIAN_POINT ( 'NONE',  ( 3.341664254235964471, 3.680000000000123173, 2.042499999999999538 ) ) ;
#4294 = ADVANCED_FACE ( 'NONE', ( #2943 ), #2603, .T. ) ;
#4295 = CARTESIAN_POINT ( 'NONE',  ( 3.341664254235964471, 3.205680000000123098, -3.057499999999999662 ) ) ;
#4296 = FACE_OUTER_BOUND ( 'NONE', #1514, .T. ) ;
#4297 = EDGE_LOOP ( 'NONE', ( #1731, #4467, #3342, #4006 ) ) ;
#4298 = EDGE_CURVE ( 'NONE', #2692, #4028, #121, .T. ) ;
#4299 = CARTESIAN_POINT ( 'NONE',  ( -2.330449999999999910, 5.304599999999999760, -2.632550000000004609 ) ) ;
#4300 = DIRECTION ( 'NONE',  ( -1.113460962759211437E-16, -0.9396926207859079838, -0.3420201433256698231 ) ) ;
#4301 = SURFACE_STYLE_USAGE ( .BOTH. , #2119 ) ;
#4302 = DIRECTION ( 'NONE',  ( -0.000000000000000000, 1.000000000000000000, -0.000000000000000000 ) ) ;
#4303 = DIRECTION ( 'NONE',  ( -0.04361938736533251676, -0.9990482215818579093, 0.000000000000000000 ) ) ;
#4304 = EDGE_LOOP ( 'NONE', ( #705, #788, #529, #1398, #2330 ) ) ;
#4305 = AXIS2_PLACEMENT_3D ( 'NONE', #2499, #3920, #696 ) ;
#4306 = EDGE_LOOP ( 'NONE', ( #1144, #3086, #4431, #3997 ) ) ;
#4307 = VECTOR ( 'NONE', #857, 1000.000000000000000 ) ;
#4308 = DIRECTION ( 'NONE',  ( 1.219574997171545439E-15, 0.000000000000000000, 1.000000000000000000 ) ) ;
#4309 = ORIENTED_EDGE ( 'NONE', *, *, #3019, .F. ) ;
#4311 = LINE ( 'NONE', #2582, #333 ) ;
#4310 = CARTESIAN_POINT ( 'NONE',  ( -2.330449999999984811, 5.330000000000000071, 1.354560671666993120E-14 ) ) ;
#4312 = ORIENTED_EDGE ( 'NONE', *, *, #1963, .F. ) ;
#4313 = ORIENTED_EDGE ( 'NONE', *, *, #3844, .F. ) ;
#4314 = CARTESIAN_POINT ( 'NONE',  ( -2.330449999999981259, 5.304599999999999760, 2.930999999999999162 ) ) ;
#4315 = VECTOR ( 'NONE', #3601, 1000.000000000000000 ) ;
#4316 = CIRCLE ( 'NONE', #790, 0.1905000000000001414 ) ;
#4317 = EDGE_LOOP ( 'NONE', ( #1262, #3656, #2271, #23, #4358, #3577 ) ) ;
#4318 = CYLINDRICAL_SURFACE ( 'NONE', #2534, 0.3556000000000001937 ) ;
#4319 = DIRECTION ( 'NONE',  ( -5.812442539711223044E-15, 0.000000000000000000, -1.000000000000000000 ) ) ;
#4320 = AXIS2_PLACEMENT_3D ( 'NONE', #156, #3771, #3800 ) ;
#4321 = VECTOR ( 'NONE', #3177, 1000.000000000000000 ) ;
#4322 = DIRECTION ( 'NONE',  ( -0.000000000000000000, -1.000000000000000000, 0.000000000000000000 ) ) ;
#4323 = EDGE_CURVE ( 'NONE', #83, #3550, #436, .T. ) ;
#4324 = ADVANCED_FACE ( 'NONE', ( #1184 ), #4032, .T. ) ;
#4325 = ORIENTED_EDGE ( 'NONE', *, *, #1240, .F. ) ;
#4326 = VECTOR ( 'NONE', #1953, 1000.000000000000000 ) ;
#4327 = VECTOR ( 'NONE', #3742, 1000.000000000000000 ) ;
#4328 = CARTESIAN_POINT ( 'NONE',  ( -2.330450000000001687, 5.304599999999999760, -2.931000000000003602 ) ) ;
#4329 = CARTESIAN_POINT ( 'NONE',  ( -4.124659999999997773, 0.6800006613150175738, 2.042499999999999538 ) ) ;
#4330 = DIRECTION ( 'NONE',  ( -4.336808689942017736E-16, 1.000000000000000000, 0.000000000000000000 ) ) ;
#4331 = COLOUR_RGB ( '',0.7921568627450980005, 0.8196078431372548767, 0.9333333333333333481 ) ;
#4332 = AXIS2_PLACEMENT_3D ( 'NONE', #2192, #4275, #2930 ) ;
#4333 = ADVANCED_FACE ( 'NONE', ( #3007 ), #2229, .T. ) ;
#4334 = DIRECTION ( 'NONE',  ( -1.000000000000000000, 0.000000000000000000, 0.000000000000000000 ) ) ;
#4335 = AXIS2_PLACEMENT_3D ( 'NONE', #3596, #3239, #378 ) ;
#4336 = ORIENTED_EDGE ( 'NONE', *, *, #3044, .T. ) ;
#4337 = CARTESIAN_POINT ( 'NONE',  ( 2.414787137949140128, 5.304599999999999760, 2.168999999999982276 ) ) ;
#4338 = ORIENTED_EDGE ( 'NONE', *, *, #3224, .F. ) ;
#4339 = VECTOR ( 'NONE', #1634, 1000.000000000000000 ) ;
#4340 = DIRECTION ( 'NONE',  ( 0.000000000000000000, 1.000000000000000000, -0.000000000000000000 ) ) ;
#4341 = ORIENTED_EDGE ( 'NONE', *, *, #3308, .F. ) ;
#4343 = CARTESIAN_POINT ( 'NONE',  ( 3.341664254235964471, 3.680000000000123173, 3.057499999999999662 ) ) ;
#4342 = FACE_OUTER_BOUND ( 'NONE', #2219, .T. ) ;
#4344 = EDGE_LOOP ( 'NONE', ( #3586, #1527, #2640, #3028 ) ) ;
#4345 = ORIENTED_EDGE ( 'NONE', *, *, #3789, .F. ) ;
#4346 = DIRECTION ( 'NONE',  ( 1.000000000000000000, 0.000000000000000000, -0.000000000000000000 ) ) ;
#4347 = CARTESIAN_POINT ( 'NONE',  ( 3.850339999999999652, -2.660000000000001030, -2.810000000000000053 ) ) ;
#4348 = CARTESIAN_POINT ( 'NONE',  ( 2.339382931423662271, 5.304599999999999760, 2.512649903424112097 ) ) ;
#4349 = CARTESIAN_POINT ( 'NONE',  ( 2.411212862050859496, 5.304599999999999760, 2.930999999999982286 ) ) ;
#4350 = ORIENTED_EDGE ( 'NONE', *, *, #819, .F. ) ;
#4351 = CARTESIAN_POINT ( 'NONE',  ( -1.139495826588046698E-14, 5.330000000000000071, -2.169000000000016026 ) ) ;
#4352 = DIRECTION ( 'NONE',  ( 1.000000000000000000, 8.285841104563521713E-18, 0.000000000000000000 ) ) ;
#4353 = CARTESIAN_POINT ( 'NONE',  ( -2.793999999999999595, 5.304599999999999760, -2.467450000000002142 ) ) ;
#4354 = EDGE_CURVE ( 'NONE', #3609, #186, #3673, .T. ) ;
#4355 = CARTESIAN_POINT ( 'NONE',  ( -2.330449999999992805, 5.304599999999999760, 6.772803358334958500E-15 ) ) ;
#4356 = ORIENTED_EDGE ( 'NONE', *, *, #2085, .F. ) ;
#4357 = EDGE_CURVE ( 'NONE', #2021, #3550, #1135, .T. ) ;
#4358 = ORIENTED_EDGE ( 'NONE', *, *, #895, .T. ) ;
#4359 = CARTESIAN_POINT ( 'NONE',  ( 2.525097388555175293, 5.304599999999999760, -2.288533780258505512 ) ) ;
#4360 = ORIENTED_EDGE ( 'NONE', *, *, #1150, .T. ) ;
#4362 = CARTESIAN_POINT ( 'NONE',  ( -2.495549999999999713, 5.304599999999999760, -2.467450000000003030 ) ) ;
#4361 = DIRECTION ( 'NONE',  ( 0.000000000000000000, 0.000000000000000000, -1.000000000000000000 ) ) ;
#4363 = ORIENTED_EDGE ( 'NONE', *, *, #2974, .T. ) ;
#4364 = EDGE_LOOP ( 'NONE', ( #4130, #1000, #3508, #4590 ) ) ;
#4365 = CARTESIAN_POINT ( 'NONE',  ( 3.803334990045005082, 1.589950658968517949, 2.290000000000000036 ) ) ;
#4366 = CARTESIAN_POINT ( 'NONE',  ( 3.175000000000000266, 3.680000000000123173, 3.057499999999999662 ) ) ;
#4367 = CARTESIAN_POINT ( 'NONE',  ( 4.124659999999998661, 0.000000000000000000, -3.057499999999999662 ) ) ;
#4368 =( LENGTH_UNIT ( ) NAMED_UNIT ( * ) SI_UNIT ( .MILLI., .METRE. ) );
#4369 = ORIENTED_EDGE ( 'NONE', *, *, #2341, .F. ) ;
#4370 = ORIENTED_EDGE ( 'NONE', *, *, #261, .F. ) ;
#4371 = DIRECTION ( 'NONE',  ( 0.000000000000000000, 1.000000000000000000, 0.000000000000000000 ) ) ;
#4372 = PLANE ( 'NONE',  #36 ) ;
#4373 = CARTESIAN_POINT ( 'NONE',  ( -4.124659999999999549, -2.660000000000001030, 2.290000000000000036 ) ) ;
#4374 = CARTESIAN_POINT ( 'NONE',  ( 3.095201002497908416, 5.507697529787774826, -4.077701002497908789 ) ) ;
#4375 = VERTEX_POINT ( 'NONE', #1218 ) ;
#4376 = ADVANCED_FACE ( 'NONE', ( #1874 ), #1534, .F. ) ;
#4377 = EDGE_CURVE ( 'NONE', #1305, #387, #1894, .T. ) ;
#4378 = FILL_AREA_STYLE_COLOUR ( '', #3417 ) ;
#4379 = ORIENTED_EDGE ( 'NONE', *, *, #4515, .F. ) ;
#4380 = CARTESIAN_POINT ( 'NONE',  ( 3.341664254235964471, 3.205680000000123098, -2.290000000000000036 ) ) ;
#4381 = VECTOR ( 'NONE', #2394, 1000.000000000000000 ) ;
#4382 = VERTEX_POINT ( 'NONE', #520 ) ;
#4383 = ORIENTED_EDGE ( 'NONE', *, *, #3536, .F. ) ;
#4384 = DIRECTION ( 'NONE',  ( -0.000000000000000000, 1.000000000000000000, -0.000000000000000000 ) ) ;
#4385 = EDGE_CURVE ( 'NONE', #2428, #2485, #3363, .T. ) ;
#4386 = VECTOR ( 'NONE', #3702, 1000.000000000000000 ) ;
#4387 = CARTESIAN_POINT ( 'NONE',  ( -3.803334990045005082, 1.589950658968517949, -2.042499999999999538 ) ) ;
#4388 = LINE ( 'NONE', #3990, #2657 ) ;
#4389 = ORIENTED_EDGE ( 'NONE', *, *, #1619, .T. ) ;
#4390 = VECTOR ( 'NONE', #1192, 1000.000000000000114 ) ;
#4391 = CARTESIAN_POINT ( 'NONE',  ( 4.124660000000000437, 1.000000000000000444, -2.290000000000000036 ) ) ;
#4392 = ORIENTED_EDGE ( 'NONE', *, *, #2335, .T. ) ;
#4393 = DIRECTION ( 'NONE',  ( 0.7240083601361906318, 0.000000000000000000, 0.6897911962709469824 ) ) ;
#4394 = VECTOR ( 'NONE', #592, 1000.000000000000114 ) ;
#4395 = DIRECTION ( 'NONE',  ( 0.000000000000000000, 0.000000000000000000, -1.000000000000000000 ) ) ;
#4396 = VECTOR ( 'NONE', #1594, 1000.000000000000000 ) ;
#4397 = VECTOR ( 'NONE', #4622, 1000.000000000000000 ) ;
#4398 = DIRECTION ( 'NONE',  ( 1.000000000000000000, -0.000000000000000000, 0.000000000000000000 ) ) ;
#4399 = VECTOR ( 'NONE', #388, 1000.000000000000000 ) ;
#4400 = ORIENTED_EDGE ( 'NONE', *, *, #2579, .F. ) ;
#4401 = VECTOR ( 'NONE', #3767, 1000.000000000000000 ) ;
#4402 = CLOSED_SHELL ( 'NONE', ( #3684, #576, #3131, #3051, #575, #1590 ) ) ;
#4403 = ORIENTED_EDGE ( 'NONE', *, *, #980, .T. ) ;
#4404 = VECTOR ( 'NONE', #2175, 1000.000000000000000 ) ;
#4405 = VECTOR ( 'NONE', #3356, 1000.000000000000114 ) ;
#4406 = FACE_OUTER_BOUND ( 'NONE', #2430, .T. ) ;
#4407 = ORIENTED_EDGE ( 'NONE', *, *, #3474, .T. ) ;
#4409 = FACE_OUTER_BOUND ( 'NONE', #3893, .T. ) ;
#4408 = CARTESIAN_POINT ( 'NONE',  ( 0.1806988503407945812, 5.304599999999999760, 0.1721588907038519300 ) ) ;
#4410 = EDGE_CURVE ( 'NONE', #1058, #524, #476, .T. ) ;
#4411 = EDGE_CURVE ( 'NONE', #822, #3744, #1577, .T. ) ;
#4412 = ORIENTED_EDGE ( 'NONE', *, *, #4377, .F. ) ;
#4413 = VECTOR ( 'NONE', #1030, 1000.000000000000000 ) ;
#4414 = ORIENTED_EDGE ( 'NONE', *, *, #426, .T. ) ;
#4415 = UNCERTAINTY_MEASURE_WITH_UNIT (LENGTH_MEASURE( 1.000000000000000082E-05 ), #4260, 'distance_accuracy_value', 'NONE');
#4416 = LINE ( 'NONE', #462, #3775 ) ;
#4417 = DIRECTION ( 'NONE',  ( -1.000000000000000000, 0.000000000000000000, 0.000000000000000000 ) ) ;
#4418 = DIRECTION ( 'NONE',  ( 0.000000000000000000, 0.000000000000000000, 1.000000000000000000 ) ) ;
#4419 = EDGE_CURVE ( 'NONE', #1248, #906, #3297, .T. ) ;
#4420 = VERTEX_POINT ( 'NONE', #4003 ) ;
#4421 = LINE ( 'NONE', #840, #334 ) ;
#4422 = AXIS2_PLACEMENT_3D ( 'NONE', #3814, #1966, #578 ) ;
#4423 = DIRECTION ( 'NONE',  ( -0.000000000000000000, -0.000000000000000000, -1.000000000000000000 ) ) ;
#4424 = DIRECTION ( 'NONE',  ( 0.000000000000000000, 1.000000000000000000, 0.000000000000000000 ) ) ;
#4425 = DIRECTION ( 'NONE',  ( 1.000000000000000000, 0.000000000000000000, 0.000000000000000000 ) ) ;
#4426 = ORIENTED_EDGE ( 'NONE', *, *, #291, .T. ) ;
#4427 = ORIENTED_EDGE ( 'NONE', *, *, #759, .T. ) ;
#4428 = ORIENTED_EDGE ( 'NONE', *, *, #2606, .F. ) ;
#4430 = CYLINDRICAL_SURFACE ( 'NONE', #708, 0.1905000000000001414 ) ;
#4429 = CYLINDRICAL_SURFACE ( 'NONE', #492, 4.000000000000000888 ) ;
#4431 = ORIENTED_EDGE ( 'NONE', *, *, #2345, .T. ) ;
#4432 = ORIENTED_EDGE ( 'NONE', *, *, #3956, .F. ) ;
#4433 = CARTESIAN_POINT ( 'NONE',  ( 0.000000000000000000, 5.330000000000000071, 0.000000000000000000 ) ) ;
#4434 = ADVANCED_FACE ( 'NONE', ( #3275 ), #4053, .F. ) ;
#4435 = CARTESIAN_POINT ( 'NONE',  ( 3.850340000000000096, 1.000000000000000000, 2.042499999999999538 ) ) ;
#4436 = CARTESIAN_POINT ( 'NONE',  ( 2.169497388555191364, 5.304599999999999760, 2.426457372864411433 ) ) ;
#4437 = ORIENTED_EDGE ( 'NONE', *, *, #4298, .F. ) ;
#4438 = FACE_OUTER_BOUND ( 'NONE', #654, .T. ) ;
#4439 = ADVANCED_FACE ( 'NONE', ( #1510 ), #4429, .T. ) ;
#4440 = EDGE_CURVE ( 'NONE', #948, #2906, #1202, .T. ) ;
#4441 = LINE ( 'NONE', #1212, #2134 ) ;
#4442 = ADVANCED_FACE ( 'NONE', ( #503 ), #4117, .T. ) ;
#4443 = LINE ( 'NONE', #4067, #2745 ) ;
#4444 = ORIENTED_EDGE ( 'NONE', *, *, #3045, .F. ) ;
#4445 = ORIENTED_EDGE ( 'NONE', *, *, #357, .T. ) ;
#4446 = ORIENTED_EDGE ( 'NONE', *, *, #1413, .F. ) ;
#4448 =( NAMED_UNIT ( * ) SI_UNIT ( $, .STERADIAN. ) SOLID_ANGLE_UNIT ( ) );
#4447 = CARTESIAN_POINT ( 'NONE',  ( -2.495549999999984170, 5.304599999999999760, 2.168999999999999595 ) ) ;
#4449 = ORIENTED_EDGE ( 'NONE', *, *, #2016, .F. ) ;
#4450 = APPLICATION_CONTEXT ( 'automotive_design' ) ;
#4451 = DIRECTION ( 'NONE',  ( 1.000000000000000000, 0.000000000000000000, -2.906221269855598900E-15 ) ) ;
#4452 = CARTESIAN_POINT ( 'NONE',  ( 2.656502611444790940, 5.330000000000000071, -2.426457372864449624 ) ) ;
#4453 = CARTESIAN_POINT ( 'NONE',  ( -2.330449999999981259, 5.304599999999999760, 2.930999999999999162 ) ) ;
#4454 = ORIENTED_EDGE ( 'NONE', *, *, #1327, .F. ) ;
#4455 = CARTESIAN_POINT ( 'NONE',  ( -3.850340000000000096, 0.6800006613150175738, 2.042499999999999538 ) ) ;
#4456 = VECTOR ( 'NONE', #3158, 1000.000000000000227 ) ;
#4457 = EDGE_LOOP ( 'NONE', ( #4488, #1137, #3382, #4124 ) ) ;
#4458 = CARTESIAN_POINT ( 'NONE',  ( 3.341664254235964471, 3.205680000000123098, 2.290000000000000036 ) ) ;
#4459 = CIRCLE ( 'NONE', #3023, 0.3556000000000001937 ) ;
#4460 = EDGE_CURVE ( 'NONE', #76, #3821, #1336, .T. ) ;
#4461 = EDGE_CURVE ( 'NONE', #1138, #3878, #4133, .T. ) ;
#4462 = CARTESIAN_POINT ( 'NONE',  ( -3.102959444200954486, 2.029999999999999805, 4.085459444200953527 ) ) ;
#4463 = ORIENTED_EDGE ( 'NONE', *, *, #3889, .T. ) ;
#4464 = VECTOR ( 'NONE', #2620, 1000.000000000000000 ) ;
#4465 = EDGE_CURVE ( 'NONE', #1119, #4420, #2303, .T. ) ;
#4466 = VECTOR ( 'NONE', #2734, 1000.000000000000000 ) ;
#4467 = ORIENTED_EDGE ( 'NONE', *, *, #4377, .T. ) ;
#4468 = AXIS2_PLACEMENT_3D ( 'NONE', #2359, #3782, #1701 ) ;
#4469 = CARTESIAN_POINT ( 'NONE',  ( 3.850340000000000096, -8.673617379884035472E-16, -2.290000000000000036 ) ) ;
#4470 = VECTOR ( 'NONE', #4058, 1000.000000000000000 ) ;
#4471 = ORIENTED_EDGE ( 'NONE', *, *, #2395, .T. ) ;
#4473 = CARTESIAN_POINT ( 'NONE',  ( 0.000000000000000000, 5.330000000000000071, -2.632550000000004609 ) ) ;
#4472 = CARTESIAN_POINT ( 'NONE',  ( 3.341664254235964471, 0.000000000000000000, -2.290000000000000036 ) ) ;
#4474 = VERTEX_POINT ( 'NONE', #2002 ) ;
#4475 = MECHANICAL_DESIGN_GEOMETRIC_PRESENTATION_REPRESENTATION (  '', ( #189 ), #2458 ) ;
#4476 = DIRECTION ( 'NONE',  ( 0.1583471095124988348, 0.9873835085259610178, 0.000000000000000000 ) ) ;
#4477 = CARTESIAN_POINT ( 'NONE',  ( 3.341664254235964471, 0.6800006613150175738, 3.057499999999999662 ) ) ;
#4478 = LINE ( 'NONE', #881, #993 ) ;
#4479 = CIRCLE ( 'NONE', #1784, 3.725680000000000991 ) ;
#4480 = VERTEX_POINT ( 'NONE', #1245 ) ;
#4481 = DIRECTION ( 'NONE',  ( 1.000000000000000000, 1.942130114371435793E-14, 0.000000000000000000 ) ) ;
#4482 = CARTESIAN_POINT ( 'NONE',  ( -2.495549999999981505, 5.304599999999999760, 2.930999999999999606 ) ) ;
#4483 = EDGE_CURVE ( 'NONE', #3347, #4185, #3029, .T. ) ;
#4484 = EDGE_CURVE ( 'NONE', #4036, #680, #2772, .T. ) ;
#4485 = CARTESIAN_POINT ( 'NONE',  ( -3.341664254235964471, 3.205680000000123098, -2.042499999999999538 ) ) ;
#4486 = CARTESIAN_POINT ( 'NONE',  ( 0.000000000000000000, 5.304599999999999760, -2.632550000000004609 ) ) ;
#4487 = DIRECTION ( 'NONE',  ( 0.000000000000000000, 1.000000000000000000, -0.000000000000000000 ) ) ;
#4488 = ORIENTED_EDGE ( 'NONE', *, *, #4357, .T. ) ;
#4489 = EDGE_CURVE ( 'NONE', #367, #1464, #538, .T. ) ;
#4490 = FACE_OUTER_BOUND ( 'NONE', #4364, .T. ) ;
#4491 = VERTEX_POINT ( 'NONE', #3450 ) ;
#4492 = CARTESIAN_POINT ( 'NONE',  ( 2.656502611444808259, 5.304599999999999760, 2.673542627135553129 ) ) ;
#4493 = VERTEX_POINT ( 'NONE', #2748 ) ;
#4494 = FACE_OUTER_BOUND ( 'NONE', #839, .T. ) ;
#4495 = CARTESIAN_POINT ( 'NONE',  ( 3.809999999999999165, 3.280787200984090823, 2.042499999999999538 ) ) ;
#4497 = DIRECTION ( 'NONE',  ( 0.000000000000000000, 0.000000000000000000, 1.000000000000000000 ) ) ;
#4496 = DIRECTION ( 'NONE',  ( -1.000000000000000000, 0.000000000000000000, 0.000000000000000000 ) ) ;
#4498 = ORIENTED_EDGE ( 'NONE', *, *, #3366, .F. ) ;
#4499 = CARTESIAN_POINT ( 'NONE',  ( 2.169497388555174044, 5.304599999999999760, -2.673542627135591321 ) ) ;
#4500 = LINE ( 'NONE', #4144, #478 ) ;
#4501 = CARTESIAN_POINT ( 'NONE',  ( 7.699083143682630578E-15, 5.304599999999999760, 2.930999999999992944 ) ) ;
#4502 =( LENGTH_UNIT ( ) NAMED_UNIT ( * ) SI_UNIT ( .MILLI., .METRE. ) );
#4503 = ORIENTED_EDGE ( 'NONE', *, *, #1913, .T. ) ;
#4504 = DIRECTION ( 'NONE',  ( 1.000000000000000000, 0.000000000000000000, -2.626776916984874047E-15 ) ) ;
#4505 = ORIENTED_EDGE ( 'NONE', *, *, #2460, .T. ) ;
#4506 = CARTESIAN_POINT ( 'NONE',  ( -3.341664254235964471, 3.205680000000123098, 2.290000000000000036 ) ) ;
#4507 = EDGE_CURVE ( 'NONE', #103, #3735, #608, .T. ) ;
#4508 = ORIENTED_EDGE ( 'NONE', *, *, #2296, .F. ) ;
#4509 = ADVANCED_FACE ( 'NONE', ( #187 ), #935, .F. ) ;
#4510 = LINE ( 'NONE', #4160, #2370 ) ;
#4511 = DIRECTION ( 'NONE',  ( -1.000000000000000000, 9.331360556159751558E-18, 0.000000000000000000 ) ) ;
#4513 = CARTESIAN_POINT ( 'NONE',  ( -2.330449999999993249, 5.304599999999999760, 9.284384603717507378E-15 ) ) ;
#4512 = DIRECTION ( 'NONE',  ( -1.000000000000000000, 9.331360556159751558E-18, 0.000000000000000000 ) ) ;
#4514 = ORIENTED_EDGE ( 'NONE', *, *, #1619, .F. ) ;
#4515 = EDGE_CURVE ( 'NONE', #2269, #4069, #1693, .T. ) ;
#4516 = DIRECTION ( 'NONE',  ( -1.184920407087982840E-16, 1.000000000000000000, 0.000000000000000000 ) ) ;
#4517 = DIRECTION ( 'NONE',  ( 0.000000000000000000, 0.000000000000000000, 1.000000000000000000 ) ) ;
#4518 = CYLINDRICAL_SURFACE ( 'NONE', #166, 0.2000000000000035638 ) ;
#4519 = AXIS2_PLACEMENT_3D ( 'NONE', #3764, #1948, #3375 ) ;
#4520 =( NAMED_UNIT ( * ) SI_UNIT ( $, .STERADIAN. ) SOLID_ANGLE_UNIT ( ) );
#4521 = VECTOR ( 'NONE', #194, 1000.000000000000000 ) ;
#4522 = PLANE ( 'NONE',  #2168 ) ;
#4523 = CARTESIAN_POINT ( 'NONE',  ( 2.169497388555174044, 5.304599999999999760, -2.673542627135591321 ) ) ;
#4524 = VECTOR ( 'NONE', #1702, 1000.000000000000000 ) ;
#4525 = EDGE_LOOP ( 'NONE', ( #1272, #1871, #1831, #2641 ) ) ;
#4526 = CARTESIAN_POINT ( 'NONE',  ( -3.850340000000000096, 1.000000000000000000, 3.057499999999999662 ) ) ;
#4527 = VECTOR ( 'NONE', #1763, 1000.000000000000000 ) ;
#4528 = ORIENTED_EDGE ( 'NONE', *, *, #3337, .T. ) ;
#4529 = CARTESIAN_POINT ( 'NONE',  ( 3.341664254235964471, 3.680000000000123173, 3.057499999999999662 ) ) ;
#4530 = VECTOR ( 'NONE', #4516, 1000.000000000000000 ) ;
#4531 = ORIENTED_EDGE ( 'NONE', *, *, #3817, .F. ) ;
#4532 = DIRECTION ( 'NONE',  ( -0.000000000000000000, -0.000000000000000000, -1.000000000000000000 ) ) ;
#4533 = CIRCLE ( 'NONE', #3266, 3.725680000000000991 ) ;
#4534 = VECTOR ( 'NONE', #3971, 1000.000000000000000 ) ;
#4535 = ADVANCED_FACE ( 'NONE', ( #3121 ), #2334, .F. ) ;
#4536 = DIRECTION ( 'NONE',  ( -1.000000000000000000, 0.000000000000000000, 0.000000000000000000 ) ) ;
#4537 = ORIENTED_EDGE ( 'NONE', *, *, #4507, .T. ) ;
#4538 = EDGE_CURVE ( 'NONE', #2435, #117, #1660, .T. ) ;
#4540 = DIRECTION ( 'NONE',  ( 0.04361938736533250982, -0.9990482215818579093, 0.000000000000000000 ) ) ;
#4539 = DIRECTION ( 'NONE',  ( 1.000000000000000000, 0.000000000000000000, -2.626776916984868130E-15 ) ) ;
#4541 = EDGE_LOOP ( 'NONE', ( #1808, #518, #1230, #453 ) ) ;
#4542 = AXIS2_PLACEMENT_3D ( 'NONE', #1518, #2951, #3325 ) ;
#4543 = DIRECTION ( 'NONE',  ( -0.000000000000000000, 1.000000000000000000, -0.000000000000000000 ) ) ;
#4544 = VERTEX_POINT ( 'NONE', #1641 ) ;
#4545 = VECTOR ( 'NONE', #2504, 1000.000000000000000 ) ;
#4546 = CARTESIAN_POINT ( 'NONE',  ( -0.1246599999999993963, 1.000000000000000000, -2.290000000000000036 ) ) ;
#4547 = EDGE_CURVE ( 'NONE', #2213, #77, #3802, .T. ) ;
#4548 = DIRECTION ( 'NONE',  ( 1.000000000000000000, 0.000000000000000000, -2.626776916984868130E-15 ) ) ;
#4549 = AXIS2_PLACEMENT_3D ( 'NONE', #2286, #3310, #4425 ) ;
#4550 = FACE_OUTER_BOUND ( 'NONE', #1825, .T. ) ;
#4551 = CARTESIAN_POINT ( 'NONE',  ( -2.330449999999984811, 5.304599999999999760, 1.354560671666993120E-14 ) ) ;
#4552 = LINE ( 'NONE', #1329, #2732 ) ;
#4553 = PLANE ( 'NONE',  #3201 ) ;
#4554 = CARTESIAN_POINT ( 'NONE',  ( -2.330450000000001687, 5.330000000000000071, -2.931000000000003602 ) ) ;
#4555 = VERTEX_POINT ( 'NONE', #4529 ) ;
#4556 = CARTESIAN_POINT ( 'NONE',  ( -3.809999999999999165, 3.280787200984090823, -3.057499999999999662 ) ) ;
#4557 = VERTEX_POINT ( 'NONE', #3055 ) ;
#4558 = DIRECTION ( 'NONE',  ( -0.000000000000000000, -1.000000000000000000, 0.000000000000000000 ) ) ;
#4559 = VERTEX_POINT ( 'NONE', #3380 ) ;
#4560 = DIRECTION ( 'NONE',  ( -0.000000000000000000, -0.000000000000000000, 1.000000000000000000 ) ) ;
#4561 = CARTESIAN_POINT ( 'NONE',  ( -2.495549999999984170, 5.304599999999999760, 2.168999999999999595 ) ) ;
#4562 = ORIENTED_EDGE ( 'NONE', *, *, #3371, .T. ) ;
#4564 = DIRECTION ( 'NONE',  ( -2.906221269855598900E-15, 0.000000000000000000, -1.000000000000000000 ) ) ;
#4563 = CARTESIAN_POINT ( 'NONE',  ( 3.810000000000000053, 3.280787200984090823, 2.290000000000000036 ) ) ;
#4565 = ORIENTED_EDGE ( 'NONE', *, *, #2529, .F. ) ;
#4566 = FACE_OUTER_BOUND ( 'NONE', #3849, .T. ) ;
#4567 = EDGE_CURVE ( 'NONE', #1366, #2049, #3026, .T. ) ;
#4568 = EDGE_CURVE ( 'NONE', #3929, #1359, #979, .T. ) ;
#4569 = EDGE_LOOP ( 'NONE', ( #539, #2598, #2242, #2317, #1321, #475 ) ) ;
#4570 = CARTESIAN_POINT ( 'NONE',  ( -3.803334990045005082, 1.589950658968517949, 3.057499999999999662 ) ) ;
#4571 = DIRECTION ( 'NONE',  ( 1.000000000000000000, 0.000000000000000000, -2.906221269855598900E-15 ) ) ;
#4572 = DIRECTION ( 'NONE',  ( 0.000000000000000000, 1.000000000000000000, 0.000000000000000000 ) ) ;
#4573 = EDGE_CURVE ( 'NONE', #4491, #1058, #1310, .T. ) ;
#4574 = EDGE_CURVE ( 'NONE', #3057, #1755, #1080, .T. ) ;
#4575 = LINE ( 'NONE', #1350, #2593 ) ;
#4576 = LINE ( 'NONE', #650, #1166 ) ;
#4577 = CARTESIAN_POINT ( 'NONE',  ( -3.175000000000000266, 3.680000000000123173, 2.290000000000000036 ) ) ;
#4578 = CARTESIAN_POINT ( 'NONE',  ( 0.000000000000000000, 5.304599999999999760, 0.000000000000000000 ) ) ;
#4579 = VERTEX_POINT ( 'NONE', #1006 ) ;
#4580 = EDGE_CURVE ( 'NONE', #4615, #2752, #2154, .T. ) ;
#4581 = DIRECTION ( 'NONE',  ( 1.000000000000000000, 8.285841104563521713E-18, 0.000000000000000000 ) ) ;
#4582 = ORIENTED_EDGE ( 'NONE', *, *, #1735, .F. ) ;
#4583 = CARTESIAN_POINT ( 'NONE',  ( -4.074194034103842732, 1.633388438049987679, 2.290000000000000036 ) ) ;
#4584 = ORIENTED_EDGE ( 'NONE', *, *, #477, .F. ) ;
#4585 = CARTESIAN_POINT ( 'NONE',  ( 2.300902611444789692, 5.304599999999999760, -2.811466219741534545 ) ) ;
#4586 = PLANE ( 'NONE',  #3573 ) ;
#4587 = ORIENTED_EDGE ( 'NONE', *, *, #2553, .T. ) ;
#4589 = LINE ( 'NONE', #1394, #1460 ) ;
#4588 = LINE ( 'NONE', #1363, #2532 ) ;
#4590 = ORIENTED_EDGE ( 'NONE', *, *, #2375, .T. ) ;
#4591 = EDGE_LOOP ( 'NONE', ( #1745, #2456, #3530, #3169 ) ) ;
#4592 = DIRECTION ( 'NONE',  ( 0.6897911962709443179, 0.000000000000000000, -0.7240083601361931853 ) ) ;
#4593 = DIRECTION ( 'NONE',  ( -0.000000000000000000, -0.000000000000000000, -1.000000000000000000 ) ) ;
#4594 = CARTESIAN_POINT ( 'NONE',  ( -3.341664254235964471, 3.205680000000123098, -2.042499999999999538 ) ) ;
#4595 = DIRECTION ( 'NONE',  ( 0.000000000000000000, 0.000000000000000000, -1.000000000000000000 ) ) ;
#4596 = FACE_OUTER_BOUND ( 'NONE', #3294, .T. ) ;
#4597 = CARTESIAN_POINT ( 'NONE',  ( -2.495549999999989055, 5.330000000000000071, 1.087893073498222629E-14 ) ) ;
#4598 = ADVANCED_FACE ( 'NONE', ( #681 ), #1459, .F. ) ;
#4599 = CARTESIAN_POINT ( 'NONE',  ( 3.115317333376892872, 5.046957803640805373, -4.097817333376894133 ) ) ;
#4600 = ADVANCED_FACE ( 'NONE', ( #2484 ), #1435, .F. ) ;
#4601 = VERTEX_POINT ( 'NONE', #4337 ) ;
#4602 = AXIS2_PLACEMENT_3D ( 'NONE', #994, #4252, #3897 ) ;
#4603 = LINE ( 'NONE', #3141, #872 ) ;
#4604 = EDGE_LOOP ( 'NONE', ( #1264, #4285, #1057, #2297 ) ) ;
#4605 = SURFACE_STYLE_USAGE ( .BOTH. , #3879 ) ;
#4606 = ADVANCED_FACE ( 'NONE', ( #706 ), #1719, .F. ) ;
#4607 = VECTOR ( 'NONE', #2567, 1000.000000000000000 ) ;
#4608 = EDGE_LOOP ( 'NONE', ( #1400, #2577, #3392, #1883 ) ) ;
#4609 = VECTOR ( 'NONE', #4072, 1000.000000000000000 ) ;
#4610 = VECTOR ( 'NONE', #4384, 1000.000000000000000 ) ;
#4611 = DIRECTION ( 'NONE',  ( 1.113460962759211437E-16, -0.9396926207859079838, -0.3420201433256698231 ) ) ;
#4612 = VERTEX_POINT ( 'NONE', #306 ) ;
#4614 = CARTESIAN_POINT ( 'NONE',  ( -3.809999999999999165, 3.280787200984090823, 2.290000000000000036 ) ) ;
#4613 = DIRECTION ( 'NONE',  ( 1.000000000000000000, 0.000000000000000000, -0.000000000000000000 ) ) ;
#4615 = VERTEX_POINT ( 'NONE', #738 ) ;
#4616 = VECTOR ( 'NONE', #3830, 1000.000000000000000 ) ;
#4617 = EDGE_LOOP ( 'NONE', ( #4078, #4432, #3810, #987 ) ) ;
#4618 = AXIS2_PLACEMENT_3D ( 'NONE', #2688, #1566, #2645 ) ;
#4619 = FACE_OUTER_BOUND ( 'NONE', #3144, .T. ) ;
#4620 = ORIENTED_EDGE ( 'NONE', *, *, #3757, .T. ) ;
#4621 = VECTOR ( 'NONE', #3654, 1000.000000000000000 ) ;
#4622 = DIRECTION ( 'NONE',  ( -0.000000000000000000, -0.000000000000000000, 1.000000000000000000 ) ) ;
#4623 = DIRECTION ( 'NONE',  ( 1.000000000000000000, 0.000000000000000000, 0.000000000000000000 ) ) ;
#4624 = AXIS2_PLACEMENT_3D ( 'NONE', #3439, #2474, #3487 ) ;
#4625 = SURFACE_SIDE_STYLE ('',( #1404 ) ) ;
#4626 = AXIS2_PLACEMENT_3D ( 'NONE', #1250, #3386, #2646 ) ;
#4627 = AXIS2_PLACEMENT_3D ( 'NONE', #2783, #596, #3110 ) ;
#4628 = LINE ( 'NONE', #3594, #4456 ) ;
#4629 = LINE ( 'NONE', #697, #2528 ) ;
#4630 = DIRECTION ( 'NONE',  ( 1.000000000000000000, 0.000000000000000000, 0.000000000000000000 ) ) ;
#4631 = DIRECTION ( 'NONE',  ( 0.1583471095124980021, 0.9873835085259612399, 0.000000000000000000 ) ) ;
#4632 = EDGE_LOOP ( 'NONE', ( #4635, #4412, #573, #3606 ) ) ;
#4633 = EDGE_CURVE ( 'NONE', #2945, #502, #4658, .T. ) ;
#4634 = CYLINDRICAL_SURFACE ( 'NONE', #3725, 0.1905000000000001414 ) ;
#4635 = ORIENTED_EDGE ( 'NONE', *, *, #3789, .T. ) ;
#4636 = DIRECTION ( 'NONE',  ( 0.1583471095124988348, 0.9873835085259610178, 0.000000000000000000 ) ) ;
#4637 = ORIENTED_EDGE ( 'NONE', *, *, #1195, .F. ) ;
#4638 = EDGE_CURVE ( 'NONE', #1134, #375, #2794, .T. ) ;
#4639 = DIRECTION ( 'NONE',  ( -1.000000000000000000, 0.000000000000000000, 0.000000000000000000 ) ) ;
#4640 = ORIENTED_EDGE ( 'NONE', *, *, #71, .T. ) ;
#4642 = DIRECTION ( 'NONE',  ( 1.000000000000000000, 0.000000000000000000, 0.000000000000000000 ) ) ;
#4641 = DIRECTION ( 'NONE',  ( 0.000000000000000000, 0.000000000000000000, 1.000000000000000000 ) ) ;
#4643 = ORIENTED_EDGE ( 'NONE', *, *, #644, .F. ) ;
#4644 = VERTEX_POINT ( 'NONE', #2847 ) ;
#4645 = CARTESIAN_POINT ( 'NONE',  ( 3.803334990045005082, 1.589950658968517949, -3.057499999999999662 ) ) ;
#4646 = EDGE_CURVE ( 'NONE', #2779, #3878, #3545, .T. ) ;
#4647 = ORIENTED_EDGE ( 'NONE', *, *, #5, .T. ) ;
#4648 = DIRECTION ( 'NONE',  ( 0.000000000000000000, 1.000000000000000000, 0.000000000000000000 ) ) ;
#4649 = DIRECTION ( 'NONE',  ( -0.000000000000000000, -0.000000000000000000, -1.000000000000000000 ) ) ;
#4650 = DIRECTION ( 'NONE',  ( 0.000000000000000000, -0.000000000000000000, -1.000000000000000000 ) ) ;
#4651 = ORIENTED_EDGE ( 'NONE', *, *, #2916, .T. ) ;
#4652 = CARTESIAN_POINT ( 'NONE',  ( -2.032000000000000028, 5.330000000000000071, -2.467450000000004806 ) ) ;
#4653 = DIRECTION ( 'NONE',  ( -0.1583471095124982242, -0.9873835085259611288, 0.000000000000000000 ) ) ;
#4654 = DIRECTION ( 'NONE',  ( 1.000000000000000000, -1.942130114371435793E-14, 0.000000000000000000 ) ) ;
#4655 = CARTESIAN_POINT ( 'NONE',  ( 3.809999999999999165, 3.280787200984090823, -2.042499999999999538 ) ) ;
#4656 = DIRECTION ( 'NONE',  ( 1.000000000000000000, -0.000000000000000000, 0.000000000000000000 ) ) ;
#4657 = ORIENTED_EDGE ( 'NONE', *, *, #1415, .T. ) ;
#4658 = LINE ( 'NONE', #4583, #1530 ) ;
#4659 = ORIENTED_EDGE ( 'NONE', *, *, #739, .F. ) ;
ENDSEC;
END-ISO-10303-21;
