ISO-10303-21;
HEADER;
FILE_DESCRIPTION (( 'STEP AP214' ),
    '1' );
FILE_NAME ('NEO6M_DOWN.STEP',
    '2026-06-18T23:58:50',
    ( '' ),
    ( '' ),
    'SwSTEP 2.0',
    'SolidWorks 2025',
    '' );
FILE_SCHEMA (( 'AUTOMOTIVE_DESIGN' ));
ENDSEC;

DATA;
#1 = CIRCLE ( 'NONE', #4042, 0.2000000000000000944 ) ;
#2 = EDGE_CURVE ( 'NONE', #7318, #8063, #706, .T. ) ;
#3 = LINE ( 'NONE', #4246, #7465 ) ;
#4 =( GEOMETRIC_REPRESENTATION_CONTEXT ( 3 ) GLOBAL_UNCERTAINTY_ASSIGNED_CONTEXT ( ( #2899 ) ) GLOBAL_UNIT_ASSIGNED_CONTEXT ( ( #2590, #8338, #3461 ) ) REPRESENTATION_CONTEXT ( 'NONE', 'WORKASPACE' ) );
#5 = VERTEX_POINT ( 'NONE', #5051 ) ;
#6 = MECHANICAL_DESIGN_GEOMETRIC_PRESENTATION_REPRESENTATION (  '', ( #8391 ), #7030 ) ;
#7 = FACE_OUTER_BOUND ( 'NONE', #10795, .T. ) ;
#8 = VERTEX_POINT ( 'NONE', #4335 ) ;
#9 = MECHANICAL_DESIGN_GEOMETRIC_PRESENTATION_REPRESENTATION (  '', ( #4411 ), #9447 ) ;
#10 =( GEOMETRIC_REPRESENTATION_CONTEXT ( 3 ) GLOBAL_UNCERTAINTY_ASSIGNED_CONTEXT ( ( #6734 ) ) GLOBAL_UNIT_ASSIGNED_CONTEXT ( ( #578, #5643, #9662 ) ) REPRESENTATION_CONTEXT ( 'NONE', 'WORKASPACE' ) );
#11 = DIRECTION ( 'NONE',  ( 1.000000000000000000, 0.000000000000000000, 0.000000000000000000 ) ) ;
#12 = PRESENTATION_STYLE_ASSIGNMENT (( #9160 ) ) ;
#13 = STYLED_ITEM ( 'NONE', ( #10479 ), #8609 ) ;
#14 = LINE ( 'NONE', #4035, #7740 ) ;
#15 = DIRECTION ( 'NONE',  ( -1.000000000000000000, 0.000000000000000000, 0.000000000000000000 ) ) ;
#16 = FACE_OUTER_BOUND ( 'NONE', #9238, .T. ) ;
#17 = VERTEX_POINT ( 'NONE', #1863 ) ;
#18 = AXIS2_PLACEMENT_3D ( 'NONE', #1245, #6287, #10422 ) ;
#19 = DIRECTION ( 'NONE',  ( 0.000000000000000000, -2.220446049250309876E-16, -1.000000000000000000 ) ) ;
#20 = MECHANICAL_DESIGN_GEOMETRIC_PRESENTATION_REPRESENTATION (  '', ( #3905 ), #2864 ) ;
#21 = ORIENTED_EDGE ( 'NONE', *, *, #1435, .T. ) ;
#22 = VERTEX_POINT ( 'NONE', #6857 ) ;
#23 = COLOUR_RGB ( '',1.000000000000000000, 0.9568627450980391469, 0.8862745098039215286 ) ;
#24 = ORIENTED_EDGE ( 'NONE', *, *, #1116, .F. ) ;
#25 = CARTESIAN_POINT ( 'NONE',  ( -45.84026666726099819, 18.88451869865799893, 2.745000000010995755 ) ) ;
#26 = DIRECTION ( 'NONE',  ( 0.000000000000000000, -2.220446049250309876E-16, -1.000000000000000000 ) ) ;
#27 = STYLED_ITEM ( 'NONE', ( #2302 ), #3478 ) ;
#28 = SURFACE_STYLE_USAGE ( .BOTH. , #7543 ) ;
#29 = LINE ( 'NONE', #1635, #76 ) ;
#30 = EDGE_CURVE ( 'NONE', #5678, #9970, #10257, .T. ) ;
#31 = EDGE_CURVE ( 'NONE', #7694, #10269, #2901, .T. ) ;
#32 =( NAMED_UNIT ( * ) SI_UNIT ( $, .STERADIAN. ) SOLID_ANGLE_UNIT ( ) );
#33 = SURFACE_STYLE_USAGE ( .BOTH. , #7547 ) ;
#34 = UNCERTAINTY_MEASURE_WITH_UNIT (LENGTH_MEASURE( 1.000000000000000082E-05 ), #2062, 'distance_accuracy_value', 'NONE');
#35 = ORIENTED_EDGE ( 'NONE', *, *, #907, .T. ) ;
#36 = SURFACE_STYLE_FILL_AREA ( #867 ) ;
#37 = MECHANICAL_DESIGN_GEOMETRIC_PRESENTATION_REPRESENTATION (  '', ( #8593 ), #2881 ) ;
#38 = LINE ( 'NONE', #6739, #9587 ) ;
#39 = DIRECTION ( 'NONE',  ( 0.000000000000000000, -1.000000000000000000, 2.220446049250309876E-16 ) ) ;
#40 = CARTESIAN_POINT ( 'NONE',  ( -45.74026666726099677, 13.58013899890130105, 5.145000000010997887 ) ) ;
#41 = ADVANCED_FACE ( 'NONE', ( #7020 ), #5204, .F. ) ;
#42 = DIRECTION ( 'NONE',  ( 0.000000000000000000, 2.220446049250309876E-16, 1.000000000000000000 ) ) ;
#43 = VECTOR ( 'NONE', #2563, 1000.000000000000000 ) ;
#44 = CARTESIAN_POINT ( 'NONE',  ( 0.1000000000000000056, 11.29999999999999893, 0.000000000000000000 ) ) ;
#45 =( NAMED_UNIT ( * ) PLANE_ANGLE_UNIT ( ) SI_UNIT ( $, .RADIAN. ) );
#46 = ORIENTED_EDGE ( 'NONE', *, *, #183, .T. ) ;
#47 = LINE ( 'NONE', #9941, #1054 ) ;
#48 = ORIENTED_EDGE ( 'NONE', *, *, #9849, .T. ) ;
#49 = DIRECTION ( 'NONE',  ( 0.000000000000000000, 1.000000000000000000, 0.000000000000000000 ) ) ;
#50 = PLANE ( 'NONE',  #7882 ) ;
#51 = EDGE_CURVE ( 'NONE', #619, #2995, #9506, .T. ) ;
#52 = SURFACE_STYLE_FILL_AREA ( #6032 ) ;
#53 =( NAMED_UNIT ( * ) PLANE_ANGLE_UNIT ( ) SI_UNIT ( $, .RADIAN. ) );
#54 = SURFACE_SIDE_STYLE ('',( #7782 ) ) ;
#55 = CARTESIAN_POINT ( 'NONE',  ( -27.00302962540589746, 20.61451869865799935, 3.945000000010995045 ) ) ;
#56 = VERTEX_POINT ( 'NONE', #6024 ) ;
#57 = CARTESIAN_POINT ( 'NONE',  ( -15.74029191166209962, 21.09527703930579889, 5.135000000010999877 ) ) ;
#58 = SURFACE_STYLE_USAGE ( .BOTH. , #1667 ) ;
#59 = ORIENTED_EDGE ( 'NONE', *, *, #31, .T. ) ;
#60 = PRESENTATION_LAYER_ASSIGNMENT (  '', '', ( #6383 ) ) ;
#61 = PRESENTATION_STYLE_ASSIGNMENT (( #2785 ) ) ;
#62 = CARTESIAN_POINT ( 'NONE',  ( -19.20302962540590030, 14.51451869865799971, 2.945000000010994157 ) ) ;
#63 = CARTESIAN_POINT ( 'NONE',  ( 0.5500000000000000444, 11.29999999999999893, 0.1000000000000000056 ) ) ;
#64 =( LENGTH_UNIT ( ) NAMED_UNIT ( * ) SI_UNIT ( .MILLI., .METRE. ) );
#65 = COLOUR_RGB ( '',1.000000000000000000, 0.8078431372549019773, 0.4980392156862745168 ) ;
#66 = ORIENTED_EDGE ( 'NONE', *, *, #761, .T. ) ;
#67 = EDGE_LOOP ( 'NONE', ( #10537, #9024 ) ) ;
#68 = ORIENTED_EDGE ( 'NONE', *, *, #1952, .T. ) ;
#69 = ORIENTED_EDGE ( 'NONE', *, *, #1708, .F. ) ;
#70 = FILL_AREA_STYLE_COLOUR ( '', #10113 ) ;
#71 = CARTESIAN_POINT ( 'NONE',  ( -21.40302962540589604, 11.01451869865799971, 3.345000000010998953 ) ) ;
#72 = DIRECTION ( 'NONE',  ( 0.000000000000000000, 1.000000000000000000, -4.336808689942013792E-16 ) ) ;
#73 = DIRECTION ( 'NONE',  ( 0.000000000000000000, 2.220446049250309876E-16, 1.000000000000000000 ) ) ;
#74 = ORIENTED_EDGE ( 'NONE', *, *, #2892, .F. ) ;
#75 = FACE_OUTER_BOUND ( 'NONE', #505, .T. ) ;
#76 = VECTOR ( 'NONE', #6674, 1000.000000000000000 ) ;
#77 = SURFACE_STYLE_FILL_AREA ( #5097 ) ;
#78 = ADVANCED_FACE ( 'NONE', ( #1920 ), #10201, .F. ) ;
#79 = EDGE_CURVE ( 'NONE', #3108, #7489, #5323, .T. ) ;
#80 = FILL_AREA_STYLE_COLOUR ( '', #10732 ) ;
#81 = FACE_OUTER_BOUND ( 'NONE', #9265, .T. ) ;
#82 = DIRECTION ( 'NONE',  ( 0.000000000000000000, 2.220446049250309876E-16, 1.000000000000000000 ) ) ;
#83 = AXIS2_PLACEMENT_3D ( 'NONE', #5073, #1623, #15 ) ;
#84 = DIRECTION ( 'NONE',  ( 0.000000000000000000, -2.220446049250309876E-16, -1.000000000000000000 ) ) ;
#85 = DIRECTION ( 'NONE',  ( 0.000000000000000000, 1.000000000000000000, 0.000000000000000000 ) ) ;
#86 =( NAMED_UNIT ( * ) SI_UNIT ( $, .STERADIAN. ) SOLID_ANGLE_UNIT ( ) );
#87 = CARTESIAN_POINT ( 'NONE',  ( -41.74026666726099677, 2.394518698657940536, 3.745000000010996644 ) ) ;
#88 = ORIENTED_EDGE ( 'NONE', *, *, #3995, .T. ) ;
#89 = EDGE_CURVE ( 'NONE', #1288, #6666, #10086, .T. ) ;
#90 = CARTESIAN_POINT ( 'NONE',  ( -21.50302962540590102, 9.114518698657999352, 3.745000000010996644 ) ) ;
#91 = VECTOR ( 'NONE', #6592, 1000.000000000000000 ) ;
#92 =( NAMED_UNIT ( * ) PLANE_ANGLE_UNIT ( ) SI_UNIT ( $, .RADIAN. ) );
#93 = FILL_AREA_STYLE ('',( #827 ) ) ;
#94 = DIRECTION ( 'NONE',  ( 0.000000000000000000, 1.000000000000000000, 0.000000000000000000 ) ) ;
#95 = PRESENTATION_STYLE_ASSIGNMENT (( #154 ) ) ;
#96 = VECTOR ( 'NONE', #1997, 1000.000000000000000 ) ;
#97 = SURFACE_SIDE_STYLE ('',( #889 ) ) ;
#98 = FACE_OUTER_BOUND ( 'NONE', #2129, .T. ) ;
#99 = COLOUR_RGB ( '',1.000000000000000000, 0.9568627450980391469, 0.8862745098039215286 ) ;
#100 = PLANE ( 'NONE',  #3695 ) ;
#101 = ADVANCED_FACE ( 'NONE', ( #1411 ), #8902, .F. ) ;
#102 = ORIENTED_EDGE ( 'NONE', *, *, #7667, .F. ) ;
#103 = LINE ( 'NONE', #2676, #9270 ) ;
#104 = DIRECTION ( 'NONE',  ( 1.000000000000000000, 0.000000000000000000, 0.000000000000000000 ) ) ;
#105 = ORIENTED_EDGE ( 'NONE', *, *, #627, .F. ) ;
#106 = COLOUR_RGB ( '',1.000000000000000000, 0.9568627450980391469, 0.8862745098039215286 ) ;
#107 = MECHANICAL_DESIGN_GEOMETRIC_PRESENTATION_REPRESENTATION (  '', ( #7982 ), #5208 ) ;
#108 = CARTESIAN_POINT ( 'NONE',  ( -27.20302962540589675, 20.81451869865799864, 1.285000000010999566 ) ) ;
#109 = SURFACE_STYLE_FILL_AREA ( #1670 ) ;
#110 = DIRECTION ( 'NONE',  ( 0.000000000000000000, 1.000000000000000000, 0.000000000000000000 ) ) ;
#111 = DIRECTION ( 'NONE',  ( 0.000000000000000000, 2.220446049250309876E-16, 1.000000000000000000 ) ) ;
#112 = CARTESIAN_POINT ( 'NONE',  ( -26.07854998418979875, 3.014518698657940199, 3.745000000010996644 ) ) ;
#113 = CARTESIAN_POINT ( 'NONE',  ( -48.84026666726100530, 26.27451869865799949, 5.135000000010998988 ) ) ;
#114 =( GEOMETRIC_REPRESENTATION_CONTEXT ( 3 ) GLOBAL_UNCERTAINTY_ASSIGNED_CONTEXT ( ( #5448 ) ) GLOBAL_UNIT_ASSIGNED_CONTEXT ( ( #7759, #10240, #963 ) ) REPRESENTATION_CONTEXT ( 'NONE', 'WORKASPACE' ) );
#115 = VERTEX_POINT ( 'NONE', #9715 ) ;
#116 =( GEOMETRIC_REPRESENTATION_CONTEXT ( 3 ) GLOBAL_UNCERTAINTY_ASSIGNED_CONTEXT ( ( #9329 ) ) GLOBAL_UNIT_ASSIGNED_CONTEXT ( ( #1442, #8764, #6489 ) ) REPRESENTATION_CONTEXT ( 'NONE', 'WORKASPACE' ) );
#117 = EDGE_CURVE ( 'NONE', #3292, #6723, #5428, .T. ) ;
#118 = DIRECTION ( 'NONE',  ( 0.000000000000000000, -1.000000000000000000, 2.220446049250309876E-16 ) ) ;
#119 = EDGE_LOOP ( 'NONE', ( #9154, #4350, #1300 ) ) ;
#120 = ORIENTED_EDGE ( 'NONE', *, *, #9911, .F. ) ;
#121 = ORIENTED_EDGE ( 'NONE', *, *, #2972, .F. ) ;
#122 = DIRECTION ( 'NONE',  ( 0.000000000000000000, -2.220446049250309876E-16, -1.000000000000000000 ) ) ;
#123 = SURFACE_STYLE_USAGE ( .BOTH. , #7637 ) ;
#124 = DIRECTION ( 'NONE',  ( -1.000000000000000000, 0.000000000000000000, 0.000000000000000000 ) ) ;
#125 =( NAMED_UNIT ( * ) PLANE_ANGLE_UNIT ( ) SI_UNIT ( $, .RADIAN. ) );
#126 = FACE_BOUND ( 'NONE', #5580, .T. ) ;
#127 =( NAMED_UNIT ( * ) SI_UNIT ( $, .STERADIAN. ) SOLID_ANGLE_UNIT ( ) );
#128 = DIRECTION ( 'NONE',  ( 0.000000000000000000, -2.220446049250309876E-16, -1.000000000000000000 ) ) ;
#129 = EDGE_CURVE ( 'NONE', #6760, #9240, #1118, .T. ) ;
#130 = SURFACE_SIDE_STYLE ('',( #1641 ) ) ;
#131 = EDGE_LOOP ( 'NONE', ( #3744, #3334, #8756, #9218 ) ) ;
#132 = VECTOR ( 'NONE', #2184, 1000.000000000000000 ) ;
#133 = UNCERTAINTY_MEASURE_WITH_UNIT (LENGTH_MEASURE( 1.000000000000000082E-05 ), #9237, 'distance_accuracy_value', 'NONE');
#134 = SURFACE_STYLE_USAGE ( .BOTH. , #7654 ) ;
#135 = PRESENTATION_LAYER_ASSIGNMENT (  '', '', ( #4886 ) ) ;
#136 = CARTESIAN_POINT ( 'NONE',  ( -41.53771170588249362, 18.83451869865799821, 3.145000000011000107 ) ) ;
#137 = FILL_AREA_STYLE ('',( #1695 ) ) ;
#138 = MECHANICAL_DESIGN_GEOMETRIC_PRESENTATION_REPRESENTATION (  '', ( #863 ), #1219 ) ;
#139 = SURFACE_STYLE_USAGE ( .BOTH. , #8733 ) ;
#140 = CARTESIAN_POINT ( 'NONE',  ( -16.38026666726099734, 10.29451869865800084, 5.145000000010998775 ) ) ;
#142 =( LENGTH_UNIT ( ) NAMED_UNIT ( * ) SI_UNIT ( .MILLI., .METRE. ) );
#141 = PRESENTATION_STYLE_ASSIGNMENT (( #3377 ) ) ;
#143 = DIRECTION ( 'NONE',  ( 0.000000000000000000, 1.000000000000000000, 0.000000000000000000 ) ) ;
#144 = AXIS2_PLACEMENT_3D ( 'NONE', #6582, #3966, #7444 ) ;
#145 = ORIENTED_EDGE ( 'NONE', *, *, #1435, .F. ) ;
#146 = FILL_AREA_STYLE ('',( #5873 ) ) ;
#147 = PRESENTATION_LAYER_ASSIGNMENT (  '', '', ( #8360 ) ) ;
#148 =( NAMED_UNIT ( * ) SI_UNIT ( $, .STERADIAN. ) SOLID_ANGLE_UNIT ( ) );
#149 = MECHANICAL_DESIGN_GEOMETRIC_PRESENTATION_REPRESENTATION (  '', ( #2828 ), #1568 ) ;
#150 = DIRECTION ( 'NONE',  ( 0.000000000000000000, 1.000000000000000000, 0.000000000000000000 ) ) ;
#151 = VECTOR ( 'NONE', #2893, 1000.000000000000000 ) ;
#152 = PRESENTATION_LAYER_ASSIGNMENT (  '', '', ( #4573 ) ) ;
#153 = SURFACE_SIDE_STYLE ('',( #3435 ) ) ;
#154 = SURFACE_STYLE_USAGE ( .BOTH. , #2720 ) ;
#155 = EDGE_CURVE ( 'NONE', #6278, #6172, #1296, .T. ) ;
#156 = EDGE_LOOP ( 'NONE', ( #436, #145 ) ) ;
#157 = EDGE_CURVE ( 'NONE', #8522, #1285, #10707, .T. ) ;
#158 = FILL_AREA_STYLE_COLOUR ( '', #5937 ) ;
#159 = CIRCLE ( 'NONE', #3184, 2.099999999999999645 ) ;
#160 = ORIENTED_EDGE ( 'NONE', *, *, #768, .T. ) ;
#161 = VECTOR ( 'NONE', #10546, 1000.000000000000000 ) ;
#162 = PRESENTATION_STYLE_ASSIGNMENT (( #4361 ) ) ;
#163 =( GEOMETRIC_REPRESENTATION_CONTEXT ( 3 ) GLOBAL_UNCERTAINTY_ASSIGNED_CONTEXT ( ( #6162 ) ) GLOBAL_UNIT_ASSIGNED_CONTEXT ( ( #7570, #3440, #9100 ) ) REPRESENTATION_CONTEXT ( 'NONE', 'WORKASPACE' ) );
#164 = ORIENTED_EDGE ( 'NONE', *, *, #4270, .F. ) ;
#165 = CARTESIAN_POINT ( 'NONE',  ( -14.90026666726099869, 10.70042790316279913, 3.955000000010998384 ) ) ;
#166 = SURFACE_STYLE_FILL_AREA ( #3494 ) ;
#167 = CARTESIAN_POINT ( 'NONE',  ( -14.90026666726099869, 10.16042790316284972, 3.955000000010998384 ) ) ;
#168 = EDGE_CURVE ( 'NONE', #8620, #8098, #579, .T. ) ;
#169 = VECTOR ( 'NONE', #8092, 1000.000000000000000 ) ;
#170 = AXIS2_PLACEMENT_3D ( 'NONE', #6045, #266, #5071 ) ;
#171 = CARTESIAN_POINT ( 'NONE',  ( -16.38026666726099734, 16.29451869865799551, 5.135000000010998988 ) ) ;
#172 = PRESENTATION_STYLE_ASSIGNMENT (( #5290 ) ) ;
#173 =( LENGTH_UNIT ( ) NAMED_UNIT ( * ) SI_UNIT ( .MILLI., .METRE. ) );
#174 = COLOUR_RGB ( '',1.000000000000000000, 0.9568627450980391469, 0.8862745098039215286 ) ;
#175 = ORIENTED_EDGE ( 'NONE', *, *, #768, .F. ) ;
#176 = FILL_AREA_STYLE_COLOUR ( '', #7596 ) ;
#177 = EDGE_LOOP ( 'NONE', ( #4091, #3898, #9758, #5635 ) ) ;
#178 = MECHANICAL_DESIGN_GEOMETRIC_PRESENTATION_REPRESENTATION (  '', ( #4929 ), #359 ) ;
#179 = ORIENTED_EDGE ( 'NONE', *, *, #1470, .T. ) ;
#180 = ORIENTED_EDGE ( 'NONE', *, *, #8409, .T. ) ;
#181 = PRESENTATION_LAYER_ASSIGNMENT (  '', '', ( #13 ) ) ;
#182 = AXIS2_PLACEMENT_3D ( 'NONE', #4949, #8972, #4881 ) ;
#183 = EDGE_CURVE ( 'NONE', #5, #8819, #6304, .T. ) ;
#184 = UNCERTAINTY_MEASURE_WITH_UNIT (LENGTH_MEASURE( 1.000000000000000082E-05 ), #2270, 'distance_accuracy_value', 'NONE');
#185 = DIRECTION ( 'NONE',  ( 0.000000000000000000, 2.220446049250309876E-16, 1.000000000000000000 ) ) ;
#186 = PLANE ( 'NONE',  #4429 ) ;
#187 = UNCERTAINTY_MEASURE_WITH_UNIT (LENGTH_MEASURE( 1.000000000000000082E-05 ), #4458, 'distance_accuracy_value', 'NONE');
#188 = VECTOR ( 'NONE', #2965, 1000.000000000000000 ) ;
#189 = PRESENTATION_LAYER_ASSIGNMENT (  '', '', ( #5284 ) ) ;
#190 = DIRECTION ( 'NONE',  ( 0.3481553119113945938, 0.8703882797784902037, 0.3481553119113945938 ) ) ;
#191 = DIRECTION ( 'NONE',  ( 0.000000000000000000, -2.220446049250309876E-16, -1.000000000000000000 ) ) ;
#192 = LINE ( 'NONE', #9383, #8753 ) ;
#193 = ORIENTED_EDGE ( 'NONE', *, *, #2610, .T. ) ;
#194 = CYLINDRICAL_SURFACE ( 'NONE', #886, 1.000000000000000888 ) ;
#195 = ORIENTED_EDGE ( 'NONE', *, *, #2949, .T. ) ;
#196 = SURFACE_STYLE_FILL_AREA ( #5309 ) ;
#197 = AXIS2_PLACEMENT_3D ( 'NONE', #2583, #4155, #745 ) ;
#198 = DIRECTION ( 'NONE',  ( 0.000000000000000000, 1.000000000000000000, -2.220446049250309876E-16 ) ) ;
#199 = LINE ( 'NONE', #4231, #1780 ) ;
#200 =( NAMED_UNIT ( * ) SI_UNIT ( $, .STERADIAN. ) SOLID_ANGLE_UNIT ( ) );
#201 = SURFACE_STYLE_FILL_AREA ( #6022 ) ;
#202 =( NAMED_UNIT ( * ) PLANE_ANGLE_UNIT ( ) SI_UNIT ( $, .RADIAN. ) );
#203 = CARTESIAN_POINT ( 'NONE',  ( -26.07854998418979875, 1.214518698657939710, 2.345000000010998065 ) ) ;
#204 = ORIENTED_EDGE ( 'NONE', *, *, #568, .T. ) ;
#205 = CARTESIAN_POINT ( 'NONE',  ( -46.24026666726099677, 2.794518698657940003, 3.955000000010998384 ) ) ;
#206 = PLANE ( 'NONE',  #5595 ) ;
#207 = SURFACE_STYLE_USAGE ( .BOTH. , #4405 ) ;
#208 = VECTOR ( 'NONE', #5012, 1000.000000000000000 ) ;
#209 = FILL_AREA_STYLE_COLOUR ( '', #99 ) ;
#210 = EDGE_LOOP ( 'NONE', ( #2250, #5206, #3682, #2531 ) ) ;
#211 = PLANE ( 'NONE',  #1019 ) ;
#212 =( NAMED_UNIT ( * ) SI_UNIT ( $, .STERADIAN. ) SOLID_ANGLE_UNIT ( ) );
#213 = AXIS2_PLACEMENT_3D ( 'NONE', #8692, #10554, #4632 ) ;
#214 = VECTOR ( 'NONE', #2603, 1000.000000000000000 ) ;
#215 = ORIENTED_EDGE ( 'NONE', *, *, #2410, .T. ) ;
#216 = ORIENTED_EDGE ( 'NONE', *, *, #3609, .F. ) ;
#217 = EDGE_CURVE ( 'NONE', #10163, #575, #5506, .T. ) ;
#218 = ADVANCED_FACE ( 'NONE', ( #7123, #10433 ), #2161, .T. ) ;
#219 = UNCERTAINTY_MEASURE_WITH_UNIT (LENGTH_MEASURE( 1.000000000000000082E-05 ), #657, 'distance_accuracy_value', 'NONE');
#220 = DIRECTION ( 'NONE',  ( 0.000000000000000000, -1.000000000000000000, 0.000000000000000000 ) ) ;
#221 = AXIS2_PLACEMENT_3D ( 'NONE', #5260, #6962, #1806 ) ;
#222 = FILL_AREA_STYLE ('',( #3664 ) ) ;
#223 = CARTESIAN_POINT ( 'NONE',  ( -42.73771170588249646, 18.83451869865799821, 3.145000000011000107 ) ) ;
#224 = DIRECTION ( 'NONE',  ( 0.000000000000000000, -2.220446049250309876E-16, -1.000000000000000000 ) ) ;
#225 = ORIENTED_EDGE ( 'NONE', *, *, #2495, .F. ) ;
#226 = ORIENTED_EDGE ( 'NONE', *, *, #5624, .T. ) ;
#227 = EDGE_CURVE ( 'NONE', #4512, #5179, #6552, .T. ) ;
#228 = PRESENTATION_LAYER_ASSIGNMENT (  '', '', ( #7587 ) ) ;
#229 = ORIENTED_EDGE ( 'NONE', *, *, #2, .F. ) ;
#230 = VERTEX_POINT ( 'NONE', #4865 ) ;
#231 =( LENGTH_UNIT ( ) NAMED_UNIT ( * ) SI_UNIT ( .MILLI., .METRE. ) );
#232 =( NAMED_UNIT ( * ) SI_UNIT ( $, .STERADIAN. ) SOLID_ANGLE_UNIT ( ) );
#233 =( GEOMETRIC_REPRESENTATION_CONTEXT ( 3 ) GLOBAL_UNCERTAINTY_ASSIGNED_CONTEXT ( ( #1963 ) ) GLOBAL_UNIT_ASSIGNED_CONTEXT ( ( #687, #7327, #9980 ) ) REPRESENTATION_CONTEXT ( 'NONE', 'WORKASPACE' ) );
#234 = FACE_OUTER_BOUND ( 'NONE', #8545, .T. ) ;
#235 = CARTESIAN_POINT ( 'NONE',  ( 0.6500000000000000222, 11.29999999999999893, 0.5500000000000000444 ) ) ;
#236 = CARTESIAN_POINT ( 'NONE',  ( -19.70302962540589675, 11.01451869865799971, 3.745000000010996644 ) ) ;
#237 = ORIENTED_EDGE ( 'NONE', *, *, #10313, .F. ) ;
#238 = EDGE_CURVE ( 'NONE', #3884, #7649, #5745, .T. ) ;
#239 = VERTEX_POINT ( 'NONE', #4219 ) ;
#240 = PRESENTATION_LAYER_ASSIGNMENT (  '', '', ( #5003 ) ) ;
#241 = DIRECTION ( 'NONE',  ( 0.000000000000000000, 1.000000000000000000, -2.220446049250309876E-16 ) ) ;
#242 =( NAMED_UNIT ( * ) SI_UNIT ( $, .STERADIAN. ) SOLID_ANGLE_UNIT ( ) );
#243 = CARTESIAN_POINT ( 'NONE',  ( -41.74026666726099677, 2.394518698657940536, 3.545000000010997798 ) ) ;
#244 = DIRECTION ( 'NONE',  ( 0.000000000000000000, -2.220446049250309876E-16, -1.000000000000000000 ) ) ;
#245 = DIRECTION ( 'NONE',  ( 0.000000000000000000, -1.000000000000000000, 0.000000000000000000 ) ) ;
#246 = CARTESIAN_POINT ( 'NONE',  ( -26.77854998418979804, 3.714518698657950146, 3.745000000010996644 ) ) ;
#247 =( NAMED_UNIT ( * ) SI_UNIT ( $, .STERADIAN. ) SOLID_ANGLE_UNIT ( ) );
#248 = AXIS2_PLACEMENT_3D ( 'NONE', #8837, #6148, #9709 ) ;
#249 = CARTESIAN_POINT ( 'NONE',  ( -14.90026666726099869, 9.160427903162849717, 3.945000000010995045 ) ) ;
#250 = ORIENTED_EDGE ( 'NONE', *, *, #1819, .F. ) ;
#251 =( GEOMETRIC_REPRESENTATION_CONTEXT ( 3 ) GLOBAL_UNCERTAINTY_ASSIGNED_CONTEXT ( ( #9595 ) ) GLOBAL_UNIT_ASSIGNED_CONTEXT ( ( #9232, #5961, #7599 ) ) REPRESENTATION_CONTEXT ( 'NONE', 'WORKASPACE' ) );
#252 = FILL_AREA_STYLE ('',( #9458 ) ) ;
#253 = CARTESIAN_POINT ( 'NONE',  ( -36.17854998418980017, 1.257512981500239935, 2.945000000010994157 ) ) ;
#254 =( GEOMETRIC_REPRESENTATION_CONTEXT ( 3 ) GLOBAL_UNCERTAINTY_ASSIGNED_CONTEXT ( ( #2957 ) ) GLOBAL_UNIT_ASSIGNED_CONTEXT ( ( #3413, #2584, #4262 ) ) REPRESENTATION_CONTEXT ( 'NONE', 'WORKASPACE' ) );
#255 = DIRECTION ( 'NONE',  ( -1.104919411450199855E-16, -1.000000000000000000, 0.000000000000000000 ) ) ;
#256 = DIRECTION ( 'NONE',  ( 0.000000000000000000, -1.000000000000000000, 0.000000000000000000 ) ) ;
#257 = ADVANCED_FACE ( 'NONE', ( #7434 ), #1519, .F. ) ;
#258 = EDGE_LOOP ( 'NONE', ( #7629, #8938, #10245, #1826 ) ) ;
#259 = FACE_OUTER_BOUND ( 'NONE', #9916, .T. ) ;
#260 = CARTESIAN_POINT ( 'NONE',  ( -16.38026666726099734, 20.29451869865799551, 5.135000000010998988 ) ) ;
#261 = SURFACE_STYLE_FILL_AREA ( #5114 ) ;
#262 = VERTEX_POINT ( 'NONE', #5855 ) ;
#263 = CARTESIAN_POINT ( 'NONE',  ( 0.1000000000000000056, 11.29999999999999893, 0.1000000000000000056 ) ) ;
#264 = UNCERTAINTY_MEASURE_WITH_UNIT (LENGTH_MEASURE( 1.000000000000000082E-05 ), #1517, 'distance_accuracy_value', 'NONE');
#265 = ORIENTED_EDGE ( 'NONE', *, *, #1381, .T. ) ;
#266 = DIRECTION ( 'NONE',  ( -1.000000000000000000, 0.000000000000000000, 0.000000000000000000 ) ) ;
#267 = CIRCLE ( 'NONE', #812, 0.9999999999999991118 ) ;
#268 = DIRECTION ( 'NONE',  ( 0.000000000000000000, 1.000000000000000000, -2.220446049250309876E-16 ) ) ;
#269 = FACE_OUTER_BOUND ( 'NONE', #7183, .T. ) ;
#270 =( LENGTH_UNIT ( ) NAMED_UNIT ( * ) SI_UNIT ( .MILLI., .METRE. ) );
#271 = ORIENTED_EDGE ( 'NONE', *, *, #2426, .F. ) ;
#272 = EDGE_CURVE ( 'NONE', #6240, #4669, #10375, .T. ) ;
#273 = ADVANCED_FACE ( 'NONE', ( #2539 ), #9179, .F. ) ;
#274 = FACE_OUTER_BOUND ( 'NONE', #5263, .T. ) ;
#275 = VERTEX_POINT ( 'NONE', #10241 ) ;
#276 =( GEOMETRIC_REPRESENTATION_CONTEXT ( 3 ) GLOBAL_UNCERTAINTY_ASSIGNED_CONTEXT ( ( #7975 ) ) GLOBAL_UNIT_ASSIGNED_CONTEXT ( ( #9784, #10654, #10758 ) ) REPRESENTATION_CONTEXT ( 'NONE', 'WORKASPACE' ) );
#277 = VECTOR ( 'NONE', #2832, 1000.000000000000000 ) ;
#278 = ORIENTED_EDGE ( 'NONE', *, *, #2224, .F. ) ;
#279 = VERTEX_POINT ( 'NONE', #1082 ) ;
#280 = SURFACE_SIDE_STYLE ('',( #4483 ) ) ;
#281 = UNCERTAINTY_MEASURE_WITH_UNIT (LENGTH_MEASURE( 1.000000000000000082E-05 ), #2670, 'distance_accuracy_value', 'NONE');
#282 = UNCERTAINTY_MEASURE_WITH_UNIT (LENGTH_MEASURE( 1.000000000000000082E-05 ), #142, 'distance_accuracy_value', 'NONE');
#283 = CARTESIAN_POINT ( 'NONE',  ( 0.000000000000000000, 11.29999999999999893, 0.5500000000000000444 ) ) ;
#284 = COLOUR_RGB ( '',0.1882352941176470562, 0.2313725490196078538, 0.5882352941176470784 ) ;
#285 = STYLED_ITEM ( 'NONE', ( #4233 ), #2104 ) ;
#286 = DIRECTION ( 'NONE',  ( 0.000000000000000000, -1.000000000000000000, 2.220446049250309876E-16 ) ) ;
#287 =( NAMED_UNIT ( * ) PLANE_ANGLE_UNIT ( ) SI_UNIT ( $, .RADIAN. ) );
#288 = EDGE_CURVE ( 'NONE', #7819, #5081, #2725, .T. ) ;
#289 = CARTESIAN_POINT ( 'NONE',  ( -14.90026666726099869, 8.160427903162851493, 3.945000000010995045 ) ) ;
#290 = ORIENTED_EDGE ( 'NONE', *, *, #8381, .F. ) ;
#291 = CARTESIAN_POINT ( 'NONE',  ( -41.49026666726099677, 1.594518698657940048, 3.295000000010997354 ) ) ;
#292 = EDGE_LOOP ( 'NONE', ( #4281, #10821, #6349, #8659 ) ) ;
#293 =( LENGTH_UNIT ( ) NAMED_UNIT ( * ) SI_UNIT ( .MILLI., .METRE. ) );
#294 = AXIS2_PLACEMENT_3D ( 'NONE', #9991, #4333, #5906 ) ;
#295 = FILL_AREA_STYLE_COLOUR ( '', #8185 ) ;
#296 = DIRECTION ( 'NONE',  ( 0.000000000000000000, 0.000000000000000000, 1.000000000000000000 ) ) ;
#297 = CARTESIAN_POINT ( 'NONE',  ( 0.1000000000000000056, 0.2000000000000000111, 0.000000000000000000 ) ) ;
#298 = EDGE_CURVE ( 'NONE', #5295, #9211, #2804, .T. ) ;
#299 = FACE_OUTER_BOUND ( 'NONE', #922, .T. ) ;
#300 = DIRECTION ( 'NONE',  ( 0.000000000000000000, 2.220446049250309876E-16, 1.000000000000000000 ) ) ;
#301 = COLOUR_RGB ( '',0.07058823529411764608, 0.07058823529411764608, 0.07058823529411764608 ) ;
#302 = DIRECTION ( 'NONE',  ( 0.000000000000000000, 0.000000000000000000, -1.000000000000000000 ) ) ;
#303 = VECTOR ( 'NONE', #2730, 1000.000000000000000 ) ;
#304 = LINE ( 'NONE', #7022, #3530 ) ;
#305 = CARTESIAN_POINT ( 'NONE',  ( -38.80302962540589817, 20.61451869865799935, 1.285000000010999566 ) ) ;
#306 = ORIENTED_EDGE ( 'NONE', *, *, #1717, .T. ) ;
#307 = CARTESIAN_POINT ( 'NONE',  ( -46.09026666726102661, 18.88451869865799182, 2.545000000011002239 ) ) ;
#308 = DIRECTION ( 'NONE',  ( 0.000000000000000000, -1.000000000000000000, 2.220446049250309876E-16 ) ) ;
#309 = VECTOR ( 'NONE', #7790, 1000.000000000000000 ) ;
#310 = AXIS2_PLACEMENT_3D ( 'NONE', #6544, #4083, #7404 ) ;
#311 = DIRECTION ( 'NONE',  ( 0.000000000000000000, -1.000000000000000000, 2.220446049250309876E-16 ) ) ;
#312 = DIRECTION ( 'NONE',  ( 0.000000000000000000, -1.000000000000000000, 2.220446049250309876E-16 ) ) ;
#313 = DIRECTION ( 'NONE',  ( 0.000000000000000000, -1.000000000000000000, 2.220446049250309876E-16 ) ) ;
#314 = CARTESIAN_POINT ( 'NONE',  ( -46.24026666726099677, 2.794518698657940003, 3.945000000010995045 ) ) ;
#316 = ORIENTED_EDGE ( 'NONE', *, *, #7261, .T. ) ;
#315 = CARTESIAN_POINT ( 'NONE',  ( 1.594999999999999973, 5.299999999999999822, -0.8750000000000000000 ) ) ;
#317 = LINE ( 'NONE', #3707, #10274 ) ;
#318 = CARTESIAN_POINT ( 'NONE',  ( 0.6500000000000000222, 11.29999999999999893, 0.000000000000000000 ) ) ;
#319 = SURFACE_STYLE_USAGE ( .BOTH. , #7674 ) ;
#320 = AXIS2_PLACEMENT_3D ( 'NONE', #5751, #4823, #7283 ) ;
#321 =( GEOMETRIC_REPRESENTATION_CONTEXT ( 3 ) GLOBAL_UNCERTAINTY_ASSIGNED_CONTEXT ( ( #281 ) ) GLOBAL_UNIT_ASSIGNED_CONTEXT ( ( #2670, #7567, #9468 ) ) REPRESENTATION_CONTEXT ( 'NONE', 'WORKASPACE' ) );
#322 = ORIENTED_EDGE ( 'NONE', *, *, #4747, .F. ) ;
#323 = SHAPE_DEFINITION_REPRESENTATION ( #7969, #910 ) ;
#324 =( LENGTH_UNIT ( ) NAMED_UNIT ( * ) SI_UNIT ( .MILLI., .METRE. ) );
#325 = COLOUR_RGB ( '',1.000000000000000000, 0.9568627450980391469, 0.8862745098039215286 ) ;
#326 = ORIENTED_EDGE ( 'NONE', *, *, #5662, .F. ) ;
#327 = AXIS2_PLACEMENT_3D ( 'NONE', #5253, #7651, #2648 ) ;
#329 = UNCERTAINTY_MEASURE_WITH_UNIT (LENGTH_MEASURE( 1.000000000000000082E-05 ), #7345, 'distance_accuracy_value', 'NONE');
#328 = PRESENTATION_LAYER_ASSIGNMENT (  '', '', ( #7177 ) ) ;
#330 = DIRECTION ( 'NONE',  ( 0.000000000000000000, -1.000000000000000000, 4.336808689942013792E-16 ) ) ;
#331 = DIRECTION ( 'NONE',  ( 0.000000000000000000, -2.220446049250309876E-16, -1.000000000000000000 ) ) ;
#332 = EDGE_CURVE ( 'NONE', #2753, #7649, #2748, .T. ) ;
#333 = CYLINDRICAL_SURFACE ( 'NONE', #5028, 0.9999999999999991118 ) ;
#334 = SURFACE_STYLE_USAGE ( .BOTH. , #7849 ) ;
#335 = SURFACE_STYLE_USAGE ( .BOTH. , #3501 ) ;
#336 = AXIS2_PLACEMENT_3D ( 'NONE', #9118, #5682, #5894 ) ;
#337 = COLOUR_RGB ( '',1.000000000000000000, 0.8078431372549019773, 0.4980392156862745168 ) ;
#338 = EDGE_LOOP ( 'NONE', ( #5078, #8740, #1698, #6111 ) ) ;
#339 =( GEOMETRIC_REPRESENTATION_CONTEXT ( 3 ) GLOBAL_UNCERTAINTY_ASSIGNED_CONTEXT ( ( #5633 ) ) GLOBAL_UNIT_ASSIGNED_CONTEXT ( ( #9817, #3294, #2534 ) ) REPRESENTATION_CONTEXT ( 'NONE', 'WORKASPACE' ) );
#340 = ORIENTED_EDGE ( 'NONE', *, *, #5093, .T. ) ;
#341 = ORIENTED_EDGE ( 'NONE', *, *, #7082, .T. ) ;
#342 = CIRCLE ( 'NONE', #3371, 0.9999999999999991118 ) ;
#343 = PLANE ( 'NONE',  #4398 ) ;
#344 = PLANE ( 'NONE',  #2738 ) ;
#345 = COLOUR_RGB ( '',0.8274509803921568096, 0.6666666666666666297, 0.1294117647058823373 ) ;
#346 = CARTESIAN_POINT ( 'NONE',  ( -26.77854998418979804, 3.714518698657950146, 3.945000000010995045 ) ) ;
#347 = FILL_AREA_STYLE_COLOUR ( '', #7479 ) ;
#348 =( GEOMETRIC_REPRESENTATION_CONTEXT ( 3 ) GLOBAL_UNCERTAINTY_ASSIGNED_CONTEXT ( ( #10364 ) ) GLOBAL_UNIT_ASSIGNED_CONTEXT ( ( #9449, #8625, #4555 ) ) REPRESENTATION_CONTEXT ( 'NONE', 'WORKASPACE' ) );
#349 = DIRECTION ( 'NONE',  ( 1.000000000000000000, 0.000000000000000000, 0.000000000000000000 ) ) ;
#350 = CARTESIAN_POINT ( 'NONE',  ( -27.20302962540589675, 5.314518698658000417, 1.085000000011000720 ) ) ;
#351 = ORIENTED_EDGE ( 'NONE', *, *, #8457, .F. ) ;
#352 = DIRECTION ( 'NONE',  ( 0.000000000000000000, 2.220446049250309876E-16, 1.000000000000000000 ) ) ;
#353 = ORIENTED_EDGE ( 'NONE', *, *, #5624, .F. ) ;
#354 = VECTOR ( 'NONE', #7056, 1000.000000000000000 ) ;
#355 = FACE_BOUND ( 'NONE', #5658, .T. ) ;
#356 = EDGE_CURVE ( 'NONE', #1461, #807, #6117, .T. ) ;
#357 =( NAMED_UNIT ( * ) PLANE_ANGLE_UNIT ( ) SI_UNIT ( $, .RADIAN. ) );
#358 = SURFACE_SIDE_STYLE ('',( #5419 ) ) ;
#359 =( GEOMETRIC_REPRESENTATION_CONTEXT ( 3 ) GLOBAL_UNCERTAINTY_ASSIGNED_CONTEXT ( ( #5467 ) ) GLOBAL_UNIT_ASSIGNED_CONTEXT ( ( #3432, #9405, #5269 ) ) REPRESENTATION_CONTEXT ( 'NONE', 'WORKASPACE' ) );
#360 = EDGE_CURVE ( 'NONE', #5358, #3081, #1791, .T. ) ;
#361 = STYLED_ITEM ( 'NONE', ( #4764 ), #5552 ) ;
#362 = DIRECTION ( 'NONE',  ( 0.000000000000000000, 0.000000000000000000, -1.000000000000000000 ) ) ;
#363 = CARTESIAN_POINT ( 'NONE',  ( -40.19026666726099961, 0.7945186986579400035, 3.545000000010997798 ) ) ;
#364 =( NAMED_UNIT ( * ) PLANE_ANGLE_UNIT ( ) SI_UNIT ( $, .RADIAN. ) );
#365 = MECHANICAL_DESIGN_GEOMETRIC_PRESENTATION_REPRESENTATION (  '', ( #1958 ), #3384 ) ;
#366 = CARTESIAN_POINT ( 'NONE',  ( -38.80302962540589817, 20.61451869865799935, 1.285000000010999566 ) ) ;
#367 = CARTESIAN_POINT ( 'NONE',  ( -41.78771170588249362, 15.03451869865800106, 3.745000000010996644 ) ) ;
#368 =( NAMED_UNIT ( * ) SI_UNIT ( $, .STERADIAN. ) SOLID_ANGLE_UNIT ( ) );
#369 = PRODUCT ( 'MALE-2.54-4P.STEP', 'MALE-2.54-4P.STEP', '', ( #3061 ) ) ;
#370 = DIRECTION ( 'NONE',  ( 0.000000000000000000, -2.220446049250309876E-16, -1.000000000000000000 ) ) ;
#371 = CARTESIAN_POINT ( 'NONE',  ( -41.74026666726099677, 1.594518698657940048, 3.545000000010997798 ) ) ;
#372 = VERTEX_POINT ( 'NONE', #3571 ) ;
#373 = DIRECTION ( 'NONE',  ( 0.3481553119113945938, -0.8703882797784902037, 0.3481553119113945938 ) ) ;
#374 = STYLED_ITEM ( 'NONE', ( #2645 ), #3158 ) ;
#375 = FILL_AREA_STYLE ('',( #4566 ) ) ;
#376 = EDGE_CURVE ( 'NONE', #6750, #7764, #4319, .T. ) ;
#377 = SURFACE_STYLE_FILL_AREA ( #7880 ) ;
#378 = CARTESIAN_POINT ( 'NONE',  ( -41.53771170588249362, 16.63451869865799537, 3.945000000010995045 ) ) ;
#379 = VECTOR ( 'NONE', #5948, 1000.000000000000000 ) ;
#380 =( LENGTH_UNIT ( ) NAMED_UNIT ( * ) SI_UNIT ( .MILLI., .METRE. ) );
#381 = FACE_OUTER_BOUND ( 'NONE', #7537, .T. ) ;
#383 = ORIENTED_EDGE ( 'NONE', *, *, #129, .F. ) ;
#382 = DIRECTION ( 'NONE',  ( 1.000000000000000000, 0.000000000000000000, 0.000000000000000000 ) ) ;
#384 =( NAMED_UNIT ( * ) SI_UNIT ( $, .STERADIAN. ) SOLID_ANGLE_UNIT ( ) );
#385 = DIRECTION ( 'NONE',  ( -1.000000000000000000, 0.000000000000000000, 0.000000000000000000 ) ) ;
#386 = ORIENTED_EDGE ( 'NONE', *, *, #7119, .F. ) ;
#387 = CONTEXT_DEPENDENT_SHAPE_REPRESENTATION ( #4616, #7807 ) ;
#388 = DIRECTION ( 'NONE',  ( 0.000000000000000000, 1.000000000000000000, 0.000000000000000000 ) ) ;
#389 = EDGE_CURVE ( 'NONE', #7777, #10590, #4383, .T. ) ;
#390 = VECTOR ( 'NONE', #268, 1000.000000000000000 ) ;
#391 = UNCERTAINTY_MEASURE_WITH_UNIT (LENGTH_MEASURE( 1.000000000000000082E-05 ), #1848, 'distance_accuracy_value', 'NONE');
#392 = DIRECTION ( 'NONE',  ( 0.000000000000000000, 0.000000000000000000, 1.000000000000000000 ) ) ;
#393 = CARTESIAN_POINT ( 'NONE',  ( -39.94026666726099961, 0.7945186986579400035, 3.545000000010997798 ) ) ;
#394 =( NAMED_UNIT ( * ) SI_UNIT ( $, .STERADIAN. ) SOLID_ANGLE_UNIT ( ) );
#395 = STYLED_ITEM ( 'NONE', ( #6273 ), #4019 ) ;
#396 = LINE ( 'NONE', #4594, #7457 ) ;
#397 = VERTEX_POINT ( 'NONE', #8441 ) ;
#398 = UNCERTAINTY_MEASURE_WITH_UNIT (LENGTH_MEASURE( 1.000000000000000082E-05 ), #8897, 'distance_accuracy_value', 'NONE');
#399 = EDGE_CURVE ( 'NONE', #3108, #6511, #10184, .T. ) ;
#400 = ORIENTED_EDGE ( 'NONE', *, *, #217, .F. ) ;
#401 = ORIENTED_EDGE ( 'NONE', *, *, #7664, .T. ) ;
#402 = DIRECTION ( 'NONE',  ( -1.000000000000000000, 0.000000000000000000, 0.000000000000000000 ) ) ;
#403 = FILL_AREA_STYLE_COLOUR ( '', #4472 ) ;
#404 =( NAMED_UNIT ( * ) SI_UNIT ( $, .STERADIAN. ) SOLID_ANGLE_UNIT ( ) );
#405 = FILL_AREA_STYLE ('',( #5629 ) ) ;
#406 = UNCERTAINTY_MEASURE_WITH_UNIT (LENGTH_MEASURE( 1.000000000000000082E-05 ), #7130, 'distance_accuracy_value', 'NONE');
#407 = CARTESIAN_POINT ( 'NONE',  ( -46.04026666726100103, 20.29451869865799551, 5.135000000010998988 ) ) ;
#408 = CLOSED_SHELL ( 'NONE', ( #6478, #5827, #8796, #6293, #8088, #7467, #8511, #6268, #6101, #7476, #8650, #6751, #5469, #7156, #5373, #4264, #10563, #10040, #1336, #9337, #1783, #3158, #9650, #5265, #1142, #5069, #6308, #2364, #2277, #1741, #7584, #10805 ) ) ;
#409 = FACE_OUTER_BOUND ( 'NONE', #988, .T. ) ;
#410 = CARTESIAN_POINT ( 'NONE',  ( -46.24026666726099677, 21.13451869865799893, 3.955000000010999273 ) ) ;
#411 = ORIENTED_EDGE ( 'NONE', *, *, #6703, .F. ) ;
#412 = LINE ( 'NONE', #6292, #4228 ) ;
#413 = VERTEX_POINT ( 'NONE', #7760 ) ;
#414 = FACE_BOUND ( 'NONE', #5017, .T. ) ;
#415 = PLANE ( 'NONE',  #3318 ) ;
#416 = DIRECTION ( 'NONE',  ( 0.000000000000000000, -1.000000000000000000, 2.220446049250309876E-16 ) ) ;
#417 = SURFACE_SIDE_STYLE ('',( #5316 ) ) ;
#418 = AXIS2_PLACEMENT_3D ( 'NONE', #9819, #8226, #7428 ) ;
#420 = DIRECTION ( 'NONE',  ( 0.000000000000000000, 0.000000000000000000, 1.000000000000000000 ) ) ;
#419 =( LENGTH_UNIT ( ) NAMED_UNIT ( * ) SI_UNIT ( .MILLI., .METRE. ) );
#421 = CARTESIAN_POINT ( 'NONE',  ( -25.87854998418979946, 3.014518698657940199, 3.945000000010995045 ) ) ;
#422 =( NAMED_UNIT ( * ) PLANE_ANGLE_UNIT ( ) SI_UNIT ( $, .RADIAN. ) );
#423 = VERTEX_POINT ( 'NONE', #7813 ) ;
#424 = EDGE_CURVE ( 'NONE', #3292, #2629, #7929, .T. ) ;
#425 = PLANE ( 'NONE',  #1751 ) ;
#426 = AXIS2_PLACEMENT_3D ( 'NONE', #9047, #788, #5725 ) ;
#427 = ADVANCED_FACE ( 'NONE', ( #234 ), #8394, .F. ) ;
#428 = DIRECTION ( 'NONE',  ( 0.000000000000000000, -2.220446049250309876E-16, -1.000000000000000000 ) ) ;
#429 = UNCERTAINTY_MEASURE_WITH_UNIT (LENGTH_MEASURE( 1.000000000000000082E-05 ), #9446, 'distance_accuracy_value', 'NONE');
#430 = AXIS2_PLACEMENT_3D ( 'NONE', #6997, #8549, #1291 ) ;
#431 = FILL_AREA_STYLE ('',( #1266 ) ) ;
#432 = CARTESIAN_POINT ( 'NONE',  ( -19.70302962540589675, 16.21451869865800077, 3.945000000010995045 ) ) ;
#433 = STYLED_ITEM ( 'NONE', ( #3041 ), #978 ) ;
#434 = FILL_AREA_STYLE ('',( #6422 ) ) ;
#435 = DIRECTION ( 'NONE',  ( -1.000000000000000000, 0.000000000000000000, 0.000000000000000000 ) ) ;
#436 = ORIENTED_EDGE ( 'NONE', *, *, #6384, .F. ) ;
#437 = EDGE_CURVE ( 'NONE', #3463, #6827, #7590, .T. ) ;
#438 = LINE ( 'NONE', #9571, #10818 ) ;
#439 = FILL_AREA_STYLE ('',( #10509 ) ) ;
#440 = ORIENTED_EDGE ( 'NONE', *, *, #8899, .F. ) ;
#441 = APPLICATION_PROTOCOL_DEFINITION ( 'draft international standard', 'automotive_design', 1998, #4801 ) ;
#442 = FILL_AREA_STYLE_COLOUR ( '', #7200 ) ;
#443 = VECTOR ( 'NONE', #1185, 1000.000000000000000 ) ;
#444 = DIRECTION ( 'NONE',  ( -1.000000000000000000, 0.000000000000000000, 0.000000000000000000 ) ) ;
#445 = DIRECTION ( 'NONE',  ( 0.000000000000000000, -1.000000000000000000, 4.336808689942013792E-16 ) ) ;
#446 = DIRECTION ( 'NONE',  ( 0.000000000000000000, 2.220446049250309876E-16, 1.000000000000000000 ) ) ;
#447 = EDGE_CURVE ( 'NONE', #8526, #8027, #10076, .T. ) ;
#448 = ORIENTED_EDGE ( 'NONE', *, *, #7427, .T. ) ;
#449 = VERTEX_POINT ( 'NONE', #9279 ) ;
#450 = EDGE_LOOP ( 'NONE', ( #7899, #911, #6322, #8243 ) ) ;
#451 = AXIS2_PLACEMENT_3D ( 'NONE', #2688, #8537, #6883 ) ;
#452 = CIRCLE ( 'NONE', #2055, 2.000000000000000000 ) ;
#453 = SURFACE_SIDE_STYLE ('',( #4649 ) ) ;
#454 = DIRECTION ( 'NONE',  ( 0.000000000000000000, 2.220446049250309876E-16, 1.000000000000000000 ) ) ;
#455 = LINE ( 'NONE', #7160, #1887 ) ;
#456 = LINE ( 'NONE', #5466, #9001 ) ;
#457 = ADVANCED_FACE ( 'NONE', ( #5139 ), #5408, .F. ) ;
#458 = CIRCLE ( 'NONE', #3298, 1.600000000000000755 ) ;
#459 = STYLED_ITEM ( 'NONE', ( #10211 ), #1756 ) ;
#460 = EDGE_LOOP ( 'NONE', ( #9733, #4135, #9486, #1951 ) ) ;
#461 = CARTESIAN_POINT ( 'NONE',  ( -19.70302962540589675, 11.01451869865799971, 3.945000000010995045 ) ) ;
#462 =( NAMED_UNIT ( * ) PLANE_ANGLE_UNIT ( ) SI_UNIT ( $, .RADIAN. ) );
#463 = ORIENTED_EDGE ( 'NONE', *, *, #724, .T. ) ;
#464 = ORIENTED_EDGE ( 'NONE', *, *, #8697, .T. ) ;
#465 = PRESENTATION_LAYER_ASSIGNMENT (  '', '', ( #5207 ) ) ;
#466 = COLOUR_RGB ( '',1.000000000000000000, 0.9568627450980391469, 0.8862745098039215286 ) ;
#467 = FILL_AREA_STYLE ('',( #7173 ) ) ;
#468 =( GEOMETRIC_REPRESENTATION_CONTEXT ( 3 ) GLOBAL_UNCERTAINTY_ASSIGNED_CONTEXT ( ( #8562 ) ) GLOBAL_UNIT_ASSIGNED_CONTEXT ( ( #2979, #6303, #5482 ) ) REPRESENTATION_CONTEXT ( 'NONE', 'WORKASPACE' ) );
#469 = DIRECTION ( 'NONE',  ( -1.000000000000000000, 0.000000000000000000, 0.000000000000000000 ) ) ;
#470 = ADVANCED_FACE ( 'NONE', ( #1295 ), #6344, .F. ) ;
#471 = CARTESIAN_POINT ( 'NONE',  ( -21.70302962540590030, 7.914518698658000062, 3.945000000010995045 ) ) ;
#472 =( LENGTH_UNIT ( ) NAMED_UNIT ( * ) SI_UNIT ( .MILLI., .METRE. ) );
#473 = PRESENTATION_STYLE_ASSIGNMENT (( #1308 ) ) ;
#474 = CARTESIAN_POINT ( 'NONE',  ( -13.24026666726099855, 0.1945186986579429955, 5.145000000010998775 ) ) ;
#475 = DIRECTION ( 'NONE',  ( 0.000000000000000000, 1.000000000000000000, -2.220446049250309876E-16 ) ) ;
#476 = ORIENTED_EDGE ( 'NONE', *, *, #1367, .F. ) ;
#477 = PRESENTATION_LAYER_ASSIGNMENT (  '', '', ( #2075 ) ) ;
#478 = CARTESIAN_POINT ( 'NONE',  ( -19.70302962540589675, 9.914518698658000062, 3.145000000011000107 ) ) ;
#479 = COLOUR_RGB ( '',1.000000000000000000, 0.9568627450980391469, 0.8862745098039215286 ) ;
#480 = CARTESIAN_POINT ( 'NONE',  ( -46.24026666726099677, 23.13451869865799893, 3.945000000010995045 ) ) ;
#481 = DIRECTION ( 'NONE',  ( 0.000000000000000000, -2.220446049250309876E-16, -1.000000000000000000 ) ) ;
#482 =( GEOMETRIC_REPRESENTATION_CONTEXT ( 3 ) GLOBAL_UNCERTAINTY_ASSIGNED_CONTEXT ( ( #9476 ) ) GLOBAL_UNIT_ASSIGNED_CONTEXT ( ( #419, #202, #10693 ) ) REPRESENTATION_CONTEXT ( 'NONE', 'WORKASPACE' ) );
#483 = VECTOR ( 'NONE', #5786, 1000.000000000000000 ) ;
#484 =( NAMED_UNIT ( * ) PLANE_ANGLE_UNIT ( ) SI_UNIT ( $, .RADIAN. ) );
#485 = CARTESIAN_POINT ( 'NONE',  ( -15.74029191166209962, 23.09527703930579889, 5.145000000010998775 ) ) ;
#486 = DIRECTION ( 'NONE',  ( 0.000000000000000000, 2.220446049250309876E-16, 1.000000000000000000 ) ) ;
#487 = EDGE_LOOP ( 'NONE', ( #10172, #1422, #8782, #3252, #3992, #5320 ) ) ;
#488 = DIRECTION ( 'NONE',  ( 0.000000000000000000, -1.000000000000000000, 2.220446049250309876E-16 ) ) ;
#489 = DIRECTION ( 'NONE',  ( 0.000000000000000000, 0.000000000000000000, 1.000000000000000000 ) ) ;
#490 = ORIENTED_EDGE ( 'NONE', *, *, #3877, .F. ) ;
#491 = EDGE_LOOP ( 'NONE', ( #10628, #9618, #9520, #6226 ) ) ;
#492 = VECTOR ( 'NONE', #7833, 1000.000000000000000 ) ;
#493 = DIRECTION ( 'NONE',  ( 0.000000000000000000, -1.000000000000000000, 2.220446049250309876E-16 ) ) ;
#494 =( NAMED_UNIT ( * ) SI_UNIT ( $, .STERADIAN. ) SOLID_ANGLE_UNIT ( ) );
#495 = ADVANCED_FACE ( 'NONE', ( #2198 ), #5516, .F. ) ;
#496 = CYLINDRICAL_SURFACE ( 'NONE', #8912, 0.4799999999999995381 ) ;
#497 = EDGE_CURVE ( 'NONE', #1973, #5791, #10788, .T. ) ;
#498 = SURFACE_STYLE_USAGE ( .BOTH. , #5615 ) ;
#499 = DIRECTION ( 'NONE',  ( 1.000000000000000000, 0.000000000000000000, 0.000000000000000000 ) ) ;
#500 = FILL_AREA_STYLE_COLOUR ( '', #6282 ) ;
#501 = SURFACE_STYLE_USAGE ( .BOTH. , #3116 ) ;
#502 =( GEOMETRIC_REPRESENTATION_CONTEXT ( 3 ) GLOBAL_UNCERTAINTY_ASSIGNED_CONTEXT ( ( #1615 ) ) GLOBAL_UNIT_ASSIGNED_CONTEXT ( ( #640, #3206, #4118 ) ) REPRESENTATION_CONTEXT ( 'NONE', 'WORKASPACE' ) );
#503 = ORIENTED_EDGE ( 'NONE', *, *, #3609, .T. ) ;
#504 = VERTEX_POINT ( 'NONE', #9968 ) ;
#505 = EDGE_LOOP ( 'NONE', ( #4138, #179, #10206, #6889 ) ) ;
#506 = VECTOR ( 'NONE', #2713, 1000.000000000000000 ) ;
#507 = EDGE_CURVE ( 'NONE', #9864, #8326, #1557, .T. ) ;
#508 = CARTESIAN_POINT ( 'NONE',  ( -19.20302962540590030, 12.51451869865799971, 2.945000000010994157 ) ) ;
#509 = SURFACE_STYLE_FILL_AREA ( #2961 ) ;
#510 = CARTESIAN_POINT ( 'NONE',  ( -39.54026666726100103, 5.294518698657999956, 5.135000000010998988 ) ) ;
#511 =( GEOMETRIC_REPRESENTATION_CONTEXT ( 3 ) GLOBAL_UNCERTAINTY_ASSIGNED_CONTEXT ( ( #2003 ) ) GLOBAL_UNIT_ASSIGNED_CONTEXT ( ( #645, #9884, #10653 ) ) REPRESENTATION_CONTEXT ( 'NONE', 'WORKASPACE' ) );
#512 = COLOUR_RGB ( '',1.000000000000000000, 0.9568627450980391469, 0.8862745098039215286 ) ;
#513 = FILL_AREA_STYLE ('',( #7263 ) ) ;
#514 = LINE ( 'NONE', #2024, #1608 ) ;
#515 = ORIENTED_EDGE ( 'NONE', *, *, #9215, .F. ) ;
#516 =( NAMED_UNIT ( * ) PLANE_ANGLE_UNIT ( ) SI_UNIT ( $, .RADIAN. ) );
#517 = FILL_AREA_STYLE_COLOUR ( '', #7529 ) ;
#518 = ORIENTED_EDGE ( 'NONE', *, *, #4000, .F. ) ;
#519 =( GEOMETRIC_REPRESENTATION_CONTEXT ( 3 ) GLOBAL_UNCERTAINTY_ASSIGNED_CONTEXT ( ( #9621 ) ) GLOBAL_UNIT_ASSIGNED_CONTEXT ( ( #781, #2461, #608 ) ) REPRESENTATION_CONTEXT ( 'NONE', 'WORKASPACE' ) );
#520 = ORIENTED_EDGE ( 'NONE', *, *, #4627, .F. ) ;
#521 = FILL_AREA_STYLE ('',( #2151 ) ) ;
#522 = AXIS2_PLACEMENT_3D ( 'NONE', #1824, #941, #10164 ) ;
#523 = DIRECTION ( 'NONE',  ( 0.000000000000000000, -1.000000000000000000, 2.220446049250309876E-16 ) ) ;
#524 = DIRECTION ( 'NONE',  ( -1.000000000000000000, 0.000000000000000000, 0.000000000000000000 ) ) ;
#525 = CARTESIAN_POINT ( 'NONE',  ( -26.97854998418979733, 3.714518698657950146, 3.345000000010998953 ) ) ;
#526 = PRESENTATION_LAYER_ASSIGNMENT (  '', '', ( #4589 ) ) ;
#527 = SURFACE_STYLE_FILL_AREA ( #9005 ) ;
#528 =( NAMED_UNIT ( * ) SI_UNIT ( $, .STERADIAN. ) SOLID_ANGLE_UNIT ( ) );
#529 = SURFACE_SIDE_STYLE ('',( #3044 ) ) ;
#530 = MECHANICAL_DESIGN_GEOMETRIC_PRESENTATION_REPRESENTATION (  '', ( #5956 ), #4 ) ;
#531 = LINE ( 'NONE', #4769, #9607 ) ;
#532 = CARTESIAN_POINT ( 'NONE',  ( -47.14026666726099535, 17.28451869865799750, 3.945000000010995045 ) ) ;
#533 =( GEOMETRIC_REPRESENTATION_CONTEXT ( 3 ) GLOBAL_UNCERTAINTY_ASSIGNED_CONTEXT ( ( #4523 ) ) GLOBAL_UNIT_ASSIGNED_CONTEXT ( ( #2337, #9575, #3001 ) ) REPRESENTATION_CONTEXT ( 'NONE', 'WORKASPACE' ) );
#534 = VERTEX_POINT ( 'NONE', #5846 ) ;
#535 = PLANE ( 'NONE',  #7866 ) ;
#536 = SURFACE_STYLE_USAGE ( .BOTH. , #4626 ) ;
#537 = UNCERTAINTY_MEASURE_WITH_UNIT (LENGTH_MEASURE( 1.000000000000000082E-05 ), #5549, 'distance_accuracy_value', 'NONE');
#538 = EDGE_CURVE ( 'NONE', #5789, #8117, #3953, .T. ) ;
#539 =( GEOMETRIC_REPRESENTATION_CONTEXT ( 3 ) GLOBAL_UNCERTAINTY_ASSIGNED_CONTEXT ( ( #9125 ) ) GLOBAL_UNIT_ASSIGNED_CONTEXT ( ( #9503, #1026, #5256 ) ) REPRESENTATION_CONTEXT ( 'NONE', 'WORKASPACE' ) );
#540 = SURFACE_STYLE_USAGE ( .BOTH. , #1318 ) ;
#541 = VECTOR ( 'NONE', #774, 1000.000000000000000 ) ;
#542 = FILL_AREA_STYLE_COLOUR ( '', #7135 ) ;
#543 = CARTESIAN_POINT ( 'NONE',  ( -41.74026666726099677, 0.7945186986579400035, 3.545000000010997798 ) ) ;
#544 = FILL_AREA_STYLE ('',( #9568 ) ) ;
#545 = CARTESIAN_POINT ( 'NONE',  ( -21.70302962540590030, 9.914518698658000062, 3.945000000010995045 ) ) ;
#547 = ORIENTED_EDGE ( 'NONE', *, *, #1792, .F. ) ;
#546 = DIRECTION ( 'NONE',  ( 0.000000000000000000, 1.000000000000000000, 0.000000000000000000 ) ) ;
#548 = VECTOR ( 'NONE', #4753, 1000.000000000000000 ) ;
#549 = CARTESIAN_POINT ( 'NONE',  ( 0.1000000000000000056, 11.29999999999999893, 0.5500000000000000444 ) ) ;
#550 = DIRECTION ( 'NONE',  ( 0.000000000000000000, 2.220446049250309876E-16, 1.000000000000000000 ) ) ;
#551 = ORIENTED_EDGE ( 'NONE', *, *, #2207, .F. ) ;
#552 = ORIENTED_EDGE ( 'NONE', *, *, #4289, .T. ) ;
#553 =( NAMED_UNIT ( * ) PLANE_ANGLE_UNIT ( ) SI_UNIT ( $, .RADIAN. ) );
#554 = SURFACE_STYLE_FILL_AREA ( #3112 ) ;
#555 = CARTESIAN_POINT ( 'NONE',  ( -38.80302962540589817, 5.314518698658000417, 1.085000000011000720 ) ) ;
#556 = SURFACE_SIDE_STYLE ('',( #601 ) ) ;
#557 =( NAMED_UNIT ( * ) PLANE_ANGLE_UNIT ( ) SI_UNIT ( $, .RADIAN. ) );
#558 = CARTESIAN_POINT ( 'NONE',  ( 0.6500000000000000222, 11.29999999999999893, 0.000000000000000000 ) ) ;
#559 = PRESENTATION_LAYER_ASSIGNMENT (  '', '', ( #8593 ) ) ;
#560 = ORIENTED_EDGE ( 'NONE', *, *, #5670, .F. ) ;
#561 = EDGE_CURVE ( 'NONE', #3519, #1052, #6551, .T. ) ;
#562 = EDGE_CURVE ( 'NONE', #1975, #7762, #736, .T. ) ;
#563 = ORIENTED_EDGE ( 'NONE', *, *, #6488, .T. ) ;
#564 = EDGE_CURVE ( 'NONE', #2825, #6557, #6607, .T. ) ;
#565 = FACE_OUTER_BOUND ( 'NONE', #5980, .T. ) ;
#566 = CIRCLE ( 'NONE', #9303, 2.000000000000000000 ) ;
#567 = DIRECTION ( 'NONE',  ( 0.000000000000000000, 1.000000000000000000, 0.000000000000000000 ) ) ;
#568 = EDGE_CURVE ( 'NONE', #7649, #8118, #9909, .T. ) ;
#569 = DIRECTION ( 'NONE',  ( 1.000000000000000000, 0.000000000000000000, 0.000000000000000000 ) ) ;
#570 = UNCERTAINTY_MEASURE_WITH_UNIT (LENGTH_MEASURE( 1.000000000000000082E-05 ), #10689, 'distance_accuracy_value', 'NONE');
#571 = ORIENTED_EDGE ( 'NONE', *, *, #3731, .T. ) ;
#572 =( LENGTH_UNIT ( ) NAMED_UNIT ( * ) SI_UNIT ( .MILLI., .METRE. ) );
#573 = AXIS2_PLACEMENT_3D ( 'NONE', #2374, #5808, #965 ) ;
#574 = ORIENTED_EDGE ( 'NONE', *, *, #7331, .T. ) ;
#575 = VERTEX_POINT ( 'NONE', #1626 ) ;
#576 =( NAMED_UNIT ( * ) PLANE_ANGLE_UNIT ( ) SI_UNIT ( $, .RADIAN. ) );
#577 = SURFACE_STYLE_USAGE ( .BOTH. , #9919 ) ;
#578 =( LENGTH_UNIT ( ) NAMED_UNIT ( * ) SI_UNIT ( .MILLI., .METRE. ) );
#579 = CIRCLE ( 'NONE', #9502, 2.000000000000000000 ) ;
#580 = DIRECTION ( 'NONE',  ( 0.000000000000000000, -1.000000000000000000, 2.220446049250309876E-16 ) ) ;
#581 = EDGE_CURVE ( 'NONE', #17, #8475, #4653, .T. ) ;
#582 = PRESENTATION_STYLE_ASSIGNMENT (( #8842 ) ) ;
#583 = ORIENTED_EDGE ( 'NONE', *, *, #8312, .T. ) ;
#584 = FACE_OUTER_BOUND ( 'NONE', #3504, .T. ) ;
#585 = AXIS2_PLACEMENT_3D ( 'NONE', #2486, #7487, #4111 ) ;
#586 = PLANE ( 'NONE',  #10207 ) ;
#587 = LINE ( 'NONE', #3148, #10237 ) ;
#588 = CIRCLE ( 'NONE', #1665, 0.8500000000000000888 ) ;
#589 = CARTESIAN_POINT ( 'NONE',  ( -48.84026666726100530, 0.1945186986579429955, 3.945000000010995045 ) ) ;
#590 = CARTESIAN_POINT ( 'NONE',  ( -46.24026666726099677, 24.73451869865800035, 3.955000000010998384 ) ) ;
#591 = CARTESIAN_POINT ( 'NONE',  ( -27.00302962540589746, 5.314518698658000417, 3.945000000010995045 ) ) ;
#592 = VERTEX_POINT ( 'NONE', #847 ) ;
#593 = EDGE_CURVE ( 'NONE', #1108, #5505, #2385, .T. ) ;
#594 = PLANE ( 'NONE',  #7519 ) ;
#595 =( NAMED_UNIT ( * ) PLANE_ANGLE_UNIT ( ) SI_UNIT ( $, .RADIAN. ) );
#596 = ORIENTED_EDGE ( 'NONE', *, *, #9820, .T. ) ;
#597 = ORIENTED_EDGE ( 'NONE', *, *, #5815, .F. ) ;
#598 = FILL_AREA_STYLE_COLOUR ( '', #6639 ) ;
#599 = VECTOR ( 'NONE', #454, 1000.000000000000000 ) ;
#600 = PRESENTATION_STYLE_ASSIGNMENT (( #2510 ) ) ;
#601 = SURFACE_STYLE_FILL_AREA ( #8930 ) ;
#602 = CARTESIAN_POINT ( 'NONE',  ( -41.94026666726099961, 2.394518698657940536, 3.945000000010995045 ) ) ;
#603 = FILL_AREA_STYLE ('',( #10827 ) ) ;
#604 = EDGE_CURVE ( 'NONE', #7295, #6295, #6033, .T. ) ;
#605 = DIRECTION ( 'NONE',  ( 0.000000000000000000, -2.220446049250309876E-16, -1.000000000000000000 ) ) ;
#606 = EDGE_LOOP ( 'NONE', ( #4680, #3612, #2704 ) ) ;
#607 = ORIENTED_EDGE ( 'NONE', *, *, #5815, .T. ) ;
#608 =( NAMED_UNIT ( * ) SI_UNIT ( $, .STERADIAN. ) SOLID_ANGLE_UNIT ( ) );
#609 = SURFACE_STYLE_FILL_AREA ( #9647 ) ;
#610 = VECTOR ( 'NONE', #7745, 1000.000000000000000 ) ;
#611 =( NAMED_UNIT ( * ) SI_UNIT ( $, .STERADIAN. ) SOLID_ANGLE_UNIT ( ) );
#612 = FILL_AREA_STYLE ('',( #3124 ) ) ;
#613 = EDGE_CURVE ( 'NONE', #3659, #7320, #6563, .T. ) ;
#614 = CYLINDRICAL_SURFACE ( 'NONE', #1072, 0.1999999999999987899 ) ;
#615 = ORIENTED_EDGE ( 'NONE', *, *, #9722, .T. ) ;
#616 = SURFACE_STYLE_USAGE ( .BOTH. , #7221 ) ;
#617 = MECHANICAL_DESIGN_GEOMETRIC_PRESENTATION_REPRESENTATION (  '', ( #7814 ), #10585 ) ;
#618 = ORIENTED_EDGE ( 'NONE', *, *, #5930, .F. ) ;
#619 = VERTEX_POINT ( 'NONE', #7530 ) ;
#620 =( LENGTH_UNIT ( ) NAMED_UNIT ( * ) SI_UNIT ( .MILLI., .METRE. ) );
#621 = FACE_OUTER_BOUND ( 'NONE', #2897, .T. ) ;
#622 = SURFACE_STYLE_USAGE ( .BOTH. , #3085 ) ;
#623 = ADVANCED_FACE ( 'NONE', ( #10680 ), #9108, .F. ) ;
#624 = DIRECTION ( 'NONE',  ( 0.000000000000000000, 0.000000000000000000, 1.000000000000000000 ) ) ;
#625 = SURFACE_SIDE_STYLE ('',( #5530 ) ) ;
#626 =( GEOMETRIC_REPRESENTATION_CONTEXT ( 3 ) GLOBAL_UNCERTAINTY_ASSIGNED_CONTEXT ( ( #7236 ) ) GLOBAL_UNIT_ASSIGNED_CONTEXT ( ( #7353, #2565, #10004 ) ) REPRESENTATION_CONTEXT ( 'NONE', 'WORKASPACE' ) );
#627 = EDGE_CURVE ( 'NONE', #8040, #7081, #9168, .T. ) ;
#628 = EDGE_CURVE ( 'NONE', #4610, #275, #1313, .T. ) ;
#629 = FILL_AREA_STYLE ('',( #10634 ) ) ;
#630 =( NAMED_UNIT ( * ) SI_UNIT ( $, .STERADIAN. ) SOLID_ANGLE_UNIT ( ) );
#631 = DIRECTION ( 'NONE',  ( 0.000000000000000000, -1.000000000000000000, 4.336808689942017736E-16 ) ) ;
#632 = DIRECTION ( 'NONE',  ( 1.000000000000000000, 0.000000000000000000, 0.000000000000000000 ) ) ;
#633 = VERTEX_POINT ( 'NONE', #9316 ) ;
#634 = CARTESIAN_POINT ( 'NONE',  ( -15.74029191166209962, 21.09527703930579889, 5.145000000010999663 ) ) ;
#635 = AXIS2_PLACEMENT_3D ( 'NONE', #2658, #6859, #143 ) ;
#636 = STYLED_ITEM ( 'NONE', ( #8901 ), #2277 ) ;
#637 = SURFACE_SIDE_STYLE ('',( #7284 ) ) ;
#638 = EDGE_CURVE ( 'NONE', #7762, #807, #10790, .T. ) ;
#639 = PLANE ( 'NONE',  #9037 ) ;
#640 =( LENGTH_UNIT ( ) NAMED_UNIT ( * ) SI_UNIT ( .MILLI., .METRE. ) );
#641 =( NAMED_UNIT ( * ) SI_UNIT ( $, .STERADIAN. ) SOLID_ANGLE_UNIT ( ) );
#643 = ORIENTED_EDGE ( 'NONE', *, *, #4470, .T. ) ;
#642 =( NAMED_UNIT ( * ) PLANE_ANGLE_UNIT ( ) SI_UNIT ( $, .RADIAN. ) );
#644 = AXIS2_PLACEMENT_3D ( 'NONE', #10648, #6470, #9777 ) ;
#645 =( LENGTH_UNIT ( ) NAMED_UNIT ( * ) SI_UNIT ( .MILLI., .METRE. ) );
#646 = FACE_OUTER_BOUND ( 'NONE', #10685, .T. ) ;
#647 = ORIENTED_EDGE ( 'NONE', *, *, #10657, .T. ) ;
#648 = ORIENTED_EDGE ( 'NONE', *, *, #7146, .F. ) ;
#649 = CARTESIAN_POINT ( 'NONE',  ( -46.24026666726099677, 4.794518698657939559, 3.955000000010997496 ) ) ;
#650 = CARTESIAN_POINT ( 'NONE',  ( -15.74029191166209962, 23.09527703930579889, 3.955000000010998384 ) ) ;
#651 =( GEOMETRIC_REPRESENTATION_CONTEXT ( 3 ) GLOBAL_UNCERTAINTY_ASSIGNED_CONTEXT ( ( #4376 ) ) GLOBAL_UNIT_ASSIGNED_CONTEXT ( ( #7795, #6765, #6164 ) ) REPRESENTATION_CONTEXT ( 'NONE', 'WORKASPACE' ) );
#652 = DIRECTION ( 'NONE',  ( 1.000000000000000000, 0.000000000000000000, 0.000000000000000000 ) ) ;
#653 = DIRECTION ( 'NONE',  ( 0.9284766908852600809, 0.3713906763541020561, -1.548702223630694003E-16 ) ) ;
#654 = APPLICATION_CONTEXT ( 'automotive_design' ) ;
#655 = CARTESIAN_POINT ( 'NONE',  ( -21.40302962540589604, 11.01451869865799971, 3.745000000010996644 ) ) ;
#656 =( NAMED_UNIT ( * ) PLANE_ANGLE_UNIT ( ) SI_UNIT ( $, .RADIAN. ) );
#657 =( LENGTH_UNIT ( ) NAMED_UNIT ( * ) SI_UNIT ( .MILLI., .METRE. ) );
#658 = CIRCLE ( 'NONE', #1549, 0.1999999999999987899 ) ;
#659 = ORIENTED_EDGE ( 'NONE', *, *, #5000, .F. ) ;
#660 = VERTEX_POINT ( 'NONE', #3346 ) ;
#661 = EDGE_CURVE ( 'NONE', #953, #9116, #4812, .T. ) ;
#662 = COLOUR_RGB ( '',1.000000000000000000, 0.9568627450980391469, 0.8862745098039215286 ) ;
#663 = STYLED_ITEM ( 'NONE', ( #5923 ), #10312 ) ;
#664 = SURFACE_SIDE_STYLE ('',( #8987 ) ) ;
#665 = DIRECTION ( 'NONE',  ( 0.000000000000000000, -1.000000000000000000, 2.220446049250309876E-16 ) ) ;
#666 =( LENGTH_UNIT ( ) NAMED_UNIT ( * ) SI_UNIT ( .MILLI., .METRE. ) );
#667 = FACE_OUTER_BOUND ( 'NONE', #6013, .T. ) ;
#668 = PRESENTATION_STYLE_ASSIGNMENT (( #8109 ) ) ;
#669 = CARTESIAN_POINT ( 'NONE',  ( -15.74029191166209962, 4.755277039305740416, 5.135000000010998100 ) ) ;
#670 = DIRECTION ( 'NONE',  ( 1.000000000000000000, 0.000000000000000000, 0.000000000000000000 ) ) ;
#671 = UNCERTAINTY_MEASURE_WITH_UNIT (LENGTH_MEASURE( 1.000000000000000082E-05 ), #4671, 'distance_accuracy_value', 'NONE');
#672 = VERTEX_POINT ( 'NONE', #6664 ) ;
#673 = STYLED_ITEM ( 'NONE', ( #9052 ), #7039 ) ;
#674 = AXIS2_PLACEMENT_3D ( 'NONE', #2405, #1554, #665 ) ;
#675 = ORIENTED_EDGE ( 'NONE', *, *, #2547, .F. ) ;
#676 = ORIENTED_EDGE ( 'NONE', *, *, #6758, .T. ) ;
#677 = SURFACE_SIDE_STYLE ('',( #8225 ) ) ;
#678 =( GEOMETRIC_REPRESENTATION_CONTEXT ( 3 ) GLOBAL_UNCERTAINTY_ASSIGNED_CONTEXT ( ( #6256 ) ) GLOBAL_UNIT_ASSIGNED_CONTEXT ( ( #8835, #2476, #1633 ) ) REPRESENTATION_CONTEXT ( 'NONE', 'WORKASPACE' ) );
#679 = DIRECTION ( 'NONE',  ( 0.000000000000000000, -1.000000000000000000, 2.220446049250309876E-16 ) ) ;
#680 = CYLINDRICAL_SURFACE ( 'NONE', #418, 1.000000000000000888 ) ;
#681 = VECTOR ( 'NONE', #4662, 1000.000000000000000 ) ;
#682 = CARTESIAN_POINT ( 'NONE',  ( -47.14026666726099535, 19.98451869865800035, 3.545000000010997798 ) ) ;
#683 = CARTESIAN_POINT ( 'NONE',  ( -21.60302962540589888, 16.21451869865800077, 3.945000000010995045 ) ) ;
#684 = COLOUR_RGB ( '',0.07058823529411764608, 0.07058823529411764608, 0.07058823529411764608 ) ;
#685 = CARTESIAN_POINT ( 'NONE',  ( 0.5500000000000000444, 0.2000000000000000111, 0.000000000000000000 ) ) ;
#686 = LINE ( 'NONE', #4817, #10066 ) ;
#687 =( LENGTH_UNIT ( ) NAMED_UNIT ( * ) SI_UNIT ( .MILLI., .METRE. ) );
#688 =( NAMED_UNIT ( * ) SI_UNIT ( $, .STERADIAN. ) SOLID_ANGLE_UNIT ( ) );
#689 = PRESENTATION_STYLE_ASSIGNMENT (( #8961 ) ) ;
#690 = PRESENTATION_LAYER_ASSIGNMENT (  '', '', ( #6490 ) ) ;
#691 = ORIENTED_EDGE ( 'NONE', *, *, #5080, .F. ) ;
#692 = CARTESIAN_POINT ( 'NONE',  ( -14.90026666726099869, 15.24042790316279827, 3.955000000010998384 ) ) ;
#693 = STYLED_ITEM ( 'NONE', ( #3428 ), #8222 ) ;
#694 = MECHANICAL_DESIGN_GEOMETRIC_PRESENTATION_REPRESENTATION (  '', ( #4573 ), #2118 ) ;
#695 = CARTESIAN_POINT ( 'NONE',  ( 0.4833333333333340032, 0.03333333333333389492, 0.1666666666666664909 ) ) ;
#696 = ADVANCED_FACE ( 'NONE', ( #4369 ), #10120, .F. ) ;
#697 = ADVANCED_FACE ( 'NONE', ( #5177 ), #848, .F. ) ;
#698 = MECHANICAL_DESIGN_GEOMETRIC_PRESENTATION_REPRESENTATION (  '', ( #10112 ), #5623 ) ;
#699 = EDGE_CURVE ( 'NONE', #6990, #8065, #8382, .T. ) ;
#700 = COLOUR_RGB ( '',1.000000000000000000, 1.000000000000000000, 1.000000000000000000 ) ;
#701 = CARTESIAN_POINT ( 'NONE',  ( 0.6500000000000000222, 11.29999999999999893, 0.6500000000000000222 ) ) ;
#702 = COLOUR_RGB ( '',1.000000000000000000, 0.9568627450980391469, 0.8862745098039215286 ) ;
#703 = SURFACE_STYLE_USAGE ( .BOTH. , #3316 ) ;
#704 = VECTOR ( 'NONE', #2723, 1000.000000000000000 ) ;
#705 = CARTESIAN_POINT ( 'NONE',  ( -19.70302962540589675, 11.01451869865799971, 3.945000000010995045 ) ) ;
#706 = LINE ( 'NONE', #5867, #6200 ) ;
#707 = FILL_AREA_STYLE_COLOUR ( '', #9965 ) ;
#708 = VERTEX_POINT ( 'NONE', #6109 ) ;
#709 = EDGE_CURVE ( 'NONE', #7306, #3229, #10288, .T. ) ;
#710 = COLOUR_RGB ( '',0.07058823529411764608, 0.07058823529411764608, 0.07058823529411764608 ) ;
#711 = VECTOR ( 'NONE', #11, 1000.000000000000000 ) ;
#712 = VERTEX_POINT ( 'NONE', #2793 ) ;
#713 = CARTESIAN_POINT ( 'NONE',  ( -21.74029191166209785, 0.4731217296590397581, 2.145000000010999663 ) ) ;
#714 = COLOUR_RGB ( '',1.000000000000000000, 0.9568627450980391469, 0.8862745098039215286 ) ;
#715 = AXIS2_PLACEMENT_3D ( 'NONE', #765, #4832, #3326 ) ;
#716 = FILL_AREA_STYLE_COLOUR ( '', #4876 ) ;
#717 = CARTESIAN_POINT ( 'NONE',  ( -14.90026666726099869, 10.70042790316279913, 3.945000000010995045 ) ) ;
#718 = VECTOR ( 'NONE', #5411, 1000.000000000000000 ) ;
#719 = DIRECTION ( 'NONE',  ( 1.000000000000000000, 0.000000000000000000, 0.000000000000000000 ) ) ;
#720 =( NAMED_UNIT ( * ) PLANE_ANGLE_UNIT ( ) SI_UNIT ( $, .RADIAN. ) );
#721 = DIRECTION ( 'NONE',  ( 0.000000000000000000, -1.000000000000000000, 2.220446049250309876E-16 ) ) ;
#722 = AXIS2_PLACEMENT_3D ( 'NONE', #2484, #1734, #3359 ) ;
#723 = CARTESIAN_POINT ( 'NONE',  ( -21.40302962540589604, 10.21451869865800077, 3.345000000010998953 ) ) ;
#724 = EDGE_CURVE ( 'NONE', #5791, #1427, #9174, .T. ) ;
#725 = ORIENTED_EDGE ( 'NONE', *, *, #4737, .F. ) ;
#726 = UNCERTAINTY_MEASURE_WITH_UNIT (LENGTH_MEASURE( 1.000000000000000082E-05 ), #5960, 'distance_accuracy_value', 'NONE');
#727 = LINE ( 'NONE', #9848, #4914 ) ;
#728 = AXIS2_PLACEMENT_3D ( 'NONE', #4487, #5301, #6840 ) ;
#729 = CARTESIAN_POINT ( 'NONE',  ( -45.84026666726099819, 17.63451869865799893, 2.545000000010997354 ) ) ;
#730 = VERTEX_POINT ( 'NONE', #9426 ) ;
#731 = PLANE ( 'NONE',  #3722 ) ;
#732 =( LENGTH_UNIT ( ) NAMED_UNIT ( * ) SI_UNIT ( .MILLI., .METRE. ) );
#733 = STYLED_ITEM ( 'NONE', ( #12 ), #6597 ) ;
#734 =( LENGTH_UNIT ( ) NAMED_UNIT ( * ) SI_UNIT ( .MILLI., .METRE. ) );
#735 = PRESENTATION_LAYER_ASSIGNMENT (  '', '', ( #5477 ) ) ;
#736 = LINE ( 'NONE', #1452, #5337 ) ;
#737 = EDGE_CURVE ( 'NONE', #1676, #3562, #1953, .T. ) ;
#738 = ORIENTED_EDGE ( 'NONE', *, *, #6384, .T. ) ;
#739 = ORIENTED_EDGE ( 'NONE', *, *, #737, .T. ) ;
#740 = EDGE_LOOP ( 'NONE', ( #5994, #675, #1906, #8302 ) ) ;
#741 = FILL_AREA_STYLE_COLOUR ( '', #5420 ) ;
#742 = AXIS2_PLACEMENT_3D ( 'NONE', #3496, #6823, #10114 ) ;
#743 = PRESENTATION_STYLE_ASSIGNMENT (( #9975 ) ) ;
#744 = SURFACE_STYLE_FILL_AREA ( #8121 ) ;
#745 = DIRECTION ( 'NONE',  ( 1.000000000000000000, 0.000000000000000000, 0.000000000000000000 ) ) ;
#746 = CARTESIAN_POINT ( 'NONE',  ( -15.74029191166209962, 24.69527703930580032, 3.945000000010995045 ) ) ;
#747 = CARTESIAN_POINT ( 'NONE',  ( -41.74026666726099677, 3.194518698657949685, 3.545000000010997798 ) ) ;
#748 = PRESENTATION_LAYER_ASSIGNMENT (  '', '', ( #6718 ) ) ;
#749 = CARTESIAN_POINT ( 'NONE',  ( -46.24026666726099677, 23.13451869865799893, 5.135000000010998988 ) ) ;
#750 = EDGE_LOOP ( 'NONE', ( #2923, #6205 ) ) ;
#751 = SURFACE_SIDE_STYLE ('',( #3199 ) ) ;
#752 = CARTESIAN_POINT ( 'NONE',  ( 1.344999999999999973, 5.299999999999999822, -0.8750000000000000000 ) ) ;
#753 = UNCERTAINTY_MEASURE_WITH_UNIT (LENGTH_MEASURE( 1.000000000000000082E-05 ), #6180, 'distance_accuracy_value', 'NONE');
#754 = DIRECTION ( 'NONE',  ( 0.000000000000000000, 1.000000000000000000, -4.336808689942017736E-16 ) ) ;
#755 = CARTESIAN_POINT ( 'NONE',  ( -21.40302962540589604, 17.01451869865799793, 3.745000000010996644 ) ) ;
#756 = PRESENTATION_LAYER_ASSIGNMENT (  '', '', ( #1111 ) ) ;
#757 = DIRECTION ( 'NONE',  ( -1.000000000000000000, 0.000000000000000000, 0.000000000000000000 ) ) ;
#758 = SURFACE_STYLE_USAGE ( .BOTH. , #9778 ) ;
#759 = ADVANCED_FACE ( 'NONE', ( #2010, #274 ), #1173, .T. ) ;
#760 = ORIENTED_EDGE ( 'NONE', *, *, #3280, .F. ) ;
#761 = EDGE_CURVE ( 'NONE', #10747, #1999, #2667, .T. ) ;
#762 = ORIENTED_EDGE ( 'NONE', *, *, #8581, .T. ) ;
#763 = ORIENTED_EDGE ( 'NONE', *, *, #1587, .F. ) ;
#764 = FILL_AREA_STYLE ('',( #598 ) ) ;
#765 = CARTESIAN_POINT ( 'NONE',  ( -41.74026666726099677, 2.394518698657940536, 3.545000000010997798 ) ) ;
#766 = MECHANICAL_DESIGN_GEOMETRIC_PRESENTATION_REPRESENTATION (  '', ( #9846 ), #9672 ) ;
#767 =( LENGTH_UNIT ( ) NAMED_UNIT ( * ) SI_UNIT ( .MILLI., .METRE. ) );
#768 = EDGE_CURVE ( 'NONE', #6151, #6173, #5878, .T. ) ;
#769 =( GEOMETRIC_REPRESENTATION_CONTEXT ( 3 ) GLOBAL_UNCERTAINTY_ASSIGNED_CONTEXT ( ( #4486 ) ) GLOBAL_UNIT_ASSIGNED_CONTEXT ( ( #6733, #5898, #8125 ) ) REPRESENTATION_CONTEXT ( 'NONE', 'WORKASPACE' ) );
#770 = DIRECTION ( 'NONE',  ( 0.000000000000000000, 2.220446049250309876E-16, 1.000000000000000000 ) ) ;
#771 = CARTESIAN_POINT ( 'NONE',  ( -47.14026666726099535, 17.28451869865799750, 3.545000000010997798 ) ) ;
#772 = EDGE_CURVE ( 'NONE', #9533, #8389, #8518, .T. ) ;
#773 = CARTESIAN_POINT ( 'NONE',  ( -46.04026666726100103, 5.294518698657999956, 5.135000000010998988 ) ) ;
#774 = DIRECTION ( 'NONE',  ( 0.000000000000000000, 1.000000000000000000, -2.220446049250309876E-16 ) ) ;
#775 = ORIENTED_EDGE ( 'NONE', *, *, #3758, .T. ) ;
#776 = CARTESIAN_POINT ( 'NONE',  ( -41.74026666726099677, 3.194518698657949685, 3.545000000010997798 ) ) ;
#777 = AXIS2_PLACEMENT_3D ( 'NONE', #1501, #3343, #10623 ) ;
#778 = DIRECTION ( 'NONE',  ( 0.000000000000000000, -2.220446049250309876E-16, -1.000000000000000000 ) ) ;
#779 = ORIENTED_EDGE ( 'NONE', *, *, #6767, .F. ) ;
#780 = PRESENTATION_LAYER_ASSIGNMENT (  '', '', ( #6220 ) ) ;
#781 =( LENGTH_UNIT ( ) NAMED_UNIT ( * ) SI_UNIT ( .MILLI., .METRE. ) );
#782 =( NAMED_UNIT ( * ) SI_UNIT ( $, .STERADIAN. ) SOLID_ANGLE_UNIT ( ) );
#783 = EDGE_CURVE ( 'NONE', #372, #4947, #3620, .T. ) ;
#784 = CARTESIAN_POINT ( 'NONE',  ( -21.50302962540590102, 9.114518698657999352, 3.145000000011000107 ) ) ;
#785 = DIRECTION ( 'NONE',  ( 0.000000000000000000, -2.220446049250309876E-16, -1.000000000000000000 ) ) ;
#786 =( NAMED_UNIT ( * ) SI_UNIT ( $, .STERADIAN. ) SOLID_ANGLE_UNIT ( ) );
#787 = AXIS2_PLACEMENT_3D ( 'NONE', #4001, #3136, #10584 ) ;
#788 = DIRECTION ( 'NONE',  ( 0.000000000000000000, -2.220446049250309876E-16, -1.000000000000000000 ) ) ;
#789 = CARTESIAN_POINT ( 'NONE',  ( -0.9449999999999999512, 5.299999999999999822, -0.8750000000000000000 ) ) ;
#790 = UNCERTAINTY_MEASURE_WITH_UNIT (LENGTH_MEASURE( 1.000000000000000082E-05 ), #293, 'distance_accuracy_value', 'NONE');
#791 = ORIENTED_EDGE ( 'NONE', *, *, #10656, .F. ) ;
#792 = CARTESIAN_POINT ( 'NONE',  ( 0.000000000000000000, 0.000000000000000000, 0.000000000000000000 ) ) ;
#793 = ORIENTED_EDGE ( 'NONE', *, *, #6358, .T. ) ;
#794 = ORIENTED_EDGE ( 'NONE', *, *, #1769, .T. ) ;
#795 = DIRECTION ( 'NONE',  ( 0.000000000000000000, 2.220446049250309876E-16, 1.000000000000000000 ) ) ;
#796 = MECHANICAL_DESIGN_GEOMETRIC_PRESENTATION_REPRESENTATION (  '', ( #9869 ), #254 ) ;
#797 = FILL_AREA_STYLE ('',( #9002 ) ) ;
#798 = CARTESIAN_POINT ( 'NONE',  ( -46.09026666726099108, 18.38451869865790300, 2.745000000010979768 ) ) ;
#799 = DIRECTION ( 'NONE',  ( 0.000000000000000000, -1.000000000000000000, 2.220446049250309876E-16 ) ) ;
#800 = DIRECTION ( 'NONE',  ( 0.000000000000000000, 2.220446049250309876E-16, 1.000000000000000000 ) ) ;
#801 =( LENGTH_UNIT ( ) NAMED_UNIT ( * ) SI_UNIT ( .MILLI., .METRE. ) );
#802 = LINE ( 'NONE', #7685, #10777 ) ;
#803 = CARTESIAN_POINT ( 'NONE',  ( -46.24026666726099677, 23.13451869865799893, 3.955000000010998384 ) ) ;
#804 = CIRCLE ( 'NONE', #6239, 1.599999999999999867 ) ;
#805 = UNCERTAINTY_MEASURE_WITH_UNIT (LENGTH_MEASURE( 1.000000000000000082E-05 ), #9840, 'distance_accuracy_value', 'NONE');
#806 = PRESENTATION_STYLE_ASSIGNMENT (( #9926 ) ) ;
#807 = VERTEX_POINT ( 'NONE', #1869 ) ;
#808 = PLANE ( 'NONE',  #879 ) ;
#809 = LINE ( 'NONE', #2320, #7504 ) ;
#810 = CIRCLE ( 'NONE', #5215, 0.9999999999999991118 ) ;
#811 = PRESENTATION_STYLE_ASSIGNMENT (( #871 ) ) ;
#812 = AXIS2_PLACEMENT_3D ( 'NONE', #2183, #10405, #2903 ) ;
#813 = EDGE_CURVE ( 'NONE', #1179, #10423, #9341, .T. ) ;
#814 = UNCERTAINTY_MEASURE_WITH_UNIT (LENGTH_MEASURE( 1.000000000000000082E-05 ), #4463, 'distance_accuracy_value', 'NONE');
#815 = SURFACE_STYLE_USAGE ( .BOTH. , #3893 ) ;
#816 = FACE_OUTER_BOUND ( 'NONE', #9573, .T. ) ;
#817 = CARTESIAN_POINT ( 'NONE',  ( -0.9449999999999999512, 3.200000000000000178, 1.275000000000000133 ) ) ;
#818 = ORIENTED_EDGE ( 'NONE', *, *, #1847, .F. ) ;
#819 = DIRECTION ( 'NONE',  ( 0.000000000000000000, -1.000000000000000000, 2.220446049250309876E-16 ) ) ;
#820 = DIRECTION ( 'NONE',  ( 0.000000000000000000, -1.000000000000000000, 0.000000000000000000 ) ) ;
#821 = EDGE_LOOP ( 'NONE', ( #8365, #1172 ) ) ;
#822 = COLOUR_RGB ( '',0.07058823529411764608, 0.07058823529411764608, 0.07058823529411764608 ) ;
#823 = VECTOR ( 'NONE', #5598, 1000.000000000000000 ) ;
#824 = ORIENTED_EDGE ( 'NONE', *, *, #10580, .T. ) ;
#825 = DIRECTION ( 'NONE',  ( 0.000000000000000000, -1.000000000000000000, 0.000000000000000000 ) ) ;
#826 = DIRECTION ( 'NONE',  ( 0.000000000000000000, 1.000000000000000000, 0.000000000000000000 ) ) ;
#827 = FILL_AREA_STYLE_COLOUR ( '', #1728 ) ;
#828 = VECTOR ( 'NONE', #6838, 1000.000000000000000 ) ;
#829 = CARTESIAN_POINT ( 'NONE',  ( -42.73771170588249646, 16.83451869865799821, 3.745000000010996644 ) ) ;
#830 = FILL_AREA_STYLE_COLOUR ( '', #7294 ) ;
#831 = DIRECTION ( 'NONE',  ( 0.000000000000000000, -1.000000000000000000, 0.000000000000000000 ) ) ;
#832 = CARTESIAN_POINT ( 'NONE',  ( -21.50302962540590102, 7.914518698658000062, 3.545000000010997798 ) ) ;
#833 = EDGE_LOOP ( 'NONE', ( #4030, #6015, #10410, #5130 ) ) ;
#834 =( GEOMETRIC_REPRESENTATION_CONTEXT ( 3 ) GLOBAL_UNCERTAINTY_ASSIGNED_CONTEXT ( ( #1278 ) ) GLOBAL_UNIT_ASSIGNED_CONTEXT ( ( #1917, #364, #5644 ) ) REPRESENTATION_CONTEXT ( 'NONE', 'WORKASPACE' ) );
#835 = CARTESIAN_POINT ( 'NONE',  ( -26.07854998418979875, 3.014518698657940199, 2.345000000010998065 ) ) ;
#836 = COLOUR_RGB ( '',0.8274509803921568096, 0.6666666666666666297, 0.1294117647058823373 ) ;
#837 = DIRECTION ( 'NONE',  ( 0.000000000000000000, -1.000000000000000000, 0.000000000000000000 ) ) ;
#838 = ORIENTED_EDGE ( 'NONE', *, *, #7261, .F. ) ;
#839 = EDGE_CURVE ( 'NONE', #3519, #8971, #6865, .T. ) ;
#840 = EDGE_CURVE ( 'NONE', #7960, #5279, #9859, .T. ) ;
#841 = FILL_AREA_STYLE ('',( #8319 ) ) ;
#842 = VECTOR ( 'NONE', #2097, 1000.000000000000000 ) ;
#843 = DIRECTION ( 'NONE',  ( -1.000000000000000000, 0.000000000000000000, 0.000000000000000000 ) ) ;
#844 = CARTESIAN_POINT ( 'NONE',  ( 0.6500000000000000222, 0.4500000000000000111, 0.6500000000000000222 ) ) ;
#845 = AXIS2_PLACEMENT_3D ( 'NONE', #1306, #1200, #2158 ) ;
#846 = CARTESIAN_POINT ( 'NONE',  ( -39.54026666726100103, 5.294518698657999956, 5.145000000010998775 ) ) ;
#847 = CARTESIAN_POINT ( 'NONE',  ( -15.74029191166209962, 4.755277039305740416, 3.945000000010994601 ) ) ;
#848 = CYLINDRICAL_SURFACE ( 'NONE', #10203, 0.4799999999999995381 ) ;
#849 = VERTEX_POINT ( 'NONE', #3482 ) ;
#850 = EDGE_CURVE ( 'NONE', #3884, #7049, #1814, .T. ) ;
#851 = EDGE_LOOP ( 'NONE', ( #7850, #6156, #1469, #725 ) ) ;
#852 = STYLED_ITEM ( 'NONE', ( #5059 ), #9266 ) ;
#853 = ORIENTED_EDGE ( 'NONE', *, *, #3614, .F. ) ;
#854 = CARTESIAN_POINT ( 'NONE',  ( -45.84026666726099819, 18.38451869865799893, 2.745000000010995755 ) ) ;
#855 = AXIS2_PLACEMENT_3D ( 'NONE', #6221, #4686, #8706 ) ;
#856 = FACE_OUTER_BOUND ( 'NONE', #8602, .T. ) ;
#857 = DIRECTION ( 'NONE',  ( 0.000000000000000000, 1.000000000000000000, 0.000000000000000000 ) ) ;
#858 = FACE_OUTER_BOUND ( 'NONE', #3979, .T. ) ;
#859 =( NAMED_UNIT ( * ) PLANE_ANGLE_UNIT ( ) SI_UNIT ( $, .RADIAN. ) );
#860 = STYLED_ITEM ( 'NONE', ( #8079 ), #6740 ) ;
#861 = SURFACE_STYLE_FILL_AREA ( #3301 ) ;
#862 = SURFACE_STYLE_FILL_AREA ( #5038 ) ;
#863 = STYLED_ITEM ( 'NONE', ( #8157 ), #10343 ) ;
#864 = DIRECTION ( 'NONE',  ( 0.000000000000000000, -1.000000000000000000, 2.220446049250309876E-16 ) ) ;
#865 = CARTESIAN_POINT ( 'NONE',  ( -19.90302962540589959, 16.21451869865800077, 3.345000000010998953 ) ) ;
#866 = ORIENTED_EDGE ( 'NONE', *, *, #5211, .F. ) ;
#867 = FILL_AREA_STYLE ('',( #5189 ) ) ;
#868 = AXIS2_PLACEMENT_3D ( 'NONE', #1420, #8296, #1530 ) ;
#869 = PRESENTATION_STYLE_ASSIGNMENT (( #9185 ) ) ;
#870 = VECTOR ( 'NONE', #5837, 1000.000000000000000 ) ;
#871 = SURFACE_STYLE_USAGE ( .BOTH. , #3421 ) ;
#872 = CARTESIAN_POINT ( 'NONE',  ( 0.1000000000000000056, 0.2000000000000000111, 0.000000000000000000 ) ) ;
#873 = PRESENTATION_STYLE_ASSIGNMENT (( #815 ) ) ;
#874 = PRESENTATION_STYLE_ASSIGNMENT (( #9397 ) ) ;
#875 = EDGE_LOOP ( 'NONE', ( #8210, #6650, #7033, #5996 ) ) ;
#876 =( GEOMETRIC_REPRESENTATION_CONTEXT ( 3 ) GLOBAL_UNCERTAINTY_ASSIGNED_CONTEXT ( ( #3663 ) ) GLOBAL_UNIT_ASSIGNED_CONTEXT ( ( #3596, #9470, #384 ) ) REPRESENTATION_CONTEXT ( 'NONE', 'WORKASPACE' ) );
#877 = DIRECTION ( 'NONE',  ( 0.000000000000000000, 2.220446049250309876E-16, 1.000000000000000000 ) ) ;
#878 = DIRECTION ( 'NONE',  ( 0.000000000000000000, -2.220446049250309876E-16, -1.000000000000000000 ) ) ;
#879 = AXIS2_PLACEMENT_3D ( 'NONE', #8236, #10696, #9878 ) ;
#880 = ORIENTED_EDGE ( 'NONE', *, *, #8649, .F. ) ;
#881 = DIRECTION ( 'NONE',  ( 0.000000000000000000, -2.220446049250309876E-16, -1.000000000000000000 ) ) ;
#882 = VERTEX_POINT ( 'NONE', #2561 ) ;
#883 = COLOUR_RGB ( '',1.000000000000000000, 0.7568627450980391913, 0.5647058823529411686 ) ;
#884 = SURFACE_STYLE_FILL_AREA ( #1758 ) ;
#885 = PRESENTATION_LAYER_ASSIGNMENT (  '', '', ( #8197 ) ) ;
#886 = AXIS2_PLACEMENT_3D ( 'NONE', #2752, #9328, #1086 ) ;
#887 = DIRECTION ( 'NONE',  ( 1.000000000000000000, 0.000000000000000000, 0.000000000000000000 ) ) ;
#888 = DIRECTION ( 'NONE',  ( 1.000000000000000000, 0.000000000000000000, 0.000000000000000000 ) ) ;
#889 = SURFACE_STYLE_FILL_AREA ( #9150 ) ;
#890 = DIRECTION ( 'NONE',  ( 0.000000000000000000, 2.220446049250309876E-16, 1.000000000000000000 ) ) ;
#891 = VECTOR ( 'NONE', #652, 1000.000000000000000 ) ;
#892 = SURFACE_SIDE_STYLE ('',( #5714 ) ) ;
#893 =( GEOMETRIC_REPRESENTATION_CONTEXT ( 3 ) GLOBAL_UNCERTAINTY_ASSIGNED_CONTEXT ( ( #5486 ) ) GLOBAL_UNIT_ASSIGNED_CONTEXT ( ( #2523, #5839, #1669 ) ) REPRESENTATION_CONTEXT ( 'NONE', 'WORKASPACE' ) );
#894 = VECTOR ( 'NONE', #9325, 1000.000000000000000 ) ;
#895 = ORIENTED_EDGE ( 'NONE', *, *, #7145, .T. ) ;
#896 = AXIS2_PLACEMENT_3D ( 'NONE', #3767, #5447, #388 ) ;
#897 = CARTESIAN_POINT ( 'NONE',  ( -15.74029191166209962, 0.7552770393057404164, 5.145000000010999663 ) ) ;
#898 = ORIENTED_EDGE ( 'NONE', *, *, #10039, .T. ) ;
#899 = CIRCLE ( 'NONE', #1417, 2.000000000000001776 ) ;
#900 = COLOUR_RGB ( '',1.000000000000000000, 0.9568627450980391469, 0.8862745098039215286 ) ;
#901 =( NAMED_UNIT ( * ) PLANE_ANGLE_UNIT ( ) SI_UNIT ( $, .RADIAN. ) );
#902 = DIRECTION ( 'NONE',  ( 0.000000000000000000, -1.000000000000000000, 2.220446049250309876E-16 ) ) ;
#903 = PRESENTATION_LAYER_ASSIGNMENT (  '', '', ( #2859 ) ) ;
#904 = DIRECTION ( 'NONE',  ( 0.000000000000000000, -1.000000000000000000, 2.220446049250309876E-16 ) ) ;
#905 = EDGE_LOOP ( 'NONE', ( #1122, #6700, #5824, #1328, #3492 ) ) ;
#906 = ADVANCED_FACE ( 'NONE', ( #2770 ), #7611, .F. ) ;
#907 = EDGE_CURVE ( 'NONE', #2782, #4841, #5272, .T. ) ;
#908 = CARTESIAN_POINT ( 'NONE',  ( -40.28771170588249362, 15.83451869865799821, 3.545000000010997798 ) ) ;
#909 = ORIENTED_EDGE ( 'NONE', *, *, #8457, .T. ) ;
#910 = SHAPE_REPRESENTATION ( 'MALE-2.54-4P.STEP', ( #4904, #1396, #3005, #6987, #8347 ), #4187 ) ;
#911 = ORIENTED_EDGE ( 'NONE', *, *, #4325, .T. ) ;
#912 = MECHANICAL_DESIGN_GEOMETRIC_PRESENTATION_REPRESENTATION (  '', ( #4765 ), #4245 ) ;
#913 = ORIENTED_EDGE ( 'NONE', *, *, #2522, .T. ) ;
#914 = CARTESIAN_POINT ( 'NONE',  ( -45.74026666726099677, 11.48013899890130141, 5.145000000010998775 ) ) ;
#915 = DIRECTION ( 'NONE',  ( -1.000000000000000000, 0.000000000000000000, 0.000000000000000000 ) ) ;
#916 =( LENGTH_UNIT ( ) NAMED_UNIT ( * ) SI_UNIT ( .MILLI., .METRE. ) );
#917 = EDGE_CURVE ( 'NONE', #1162, #5461, #7509, .T. ) ;
#918 = CARTESIAN_POINT ( 'NONE',  ( 0.6500000000000000222, 5.299999999999999822, 0.000000000000000000 ) ) ;
#919 = DIRECTION ( 'NONE',  ( 0.000000000000000000, -1.000000000000000000, 0.000000000000000000 ) ) ;
#920 = CARTESIAN_POINT ( 'NONE',  ( -45.74026666726099677, 11.48013899890130141, 3.945000000010995045 ) ) ;
#921 = CARTESIAN_POINT ( 'NONE',  ( -39.00302962540590102, 20.61451869865799935, 1.285000000010999566 ) ) ;
#922 = EDGE_LOOP ( 'NONE', ( #9268, #4390, #7933, #8387 ) ) ;
#923 = VECTOR ( 'NONE', #5935, 1000.000000000000000 ) ;
#924 = FILL_AREA_STYLE ('',( #80 ) ) ;
#925 = MECHANICAL_DESIGN_GEOMETRIC_PRESENTATION_REPRESENTATION (  '', ( #395 ), #6362 ) ;
#926 = CARTESIAN_POINT ( 'NONE',  ( -40.19026666726099961, 1.594518698657940048, 3.545000000010997798 ) ) ;
#927 = ORIENTED_EDGE ( 'NONE', *, *, #2070, .T. ) ;
#928 = CARTESIAN_POINT ( 'NONE',  ( -45.84026666726099819, 18.38451869865799893, 2.545000000010996910 ) ) ;
#929 = EDGE_LOOP ( 'NONE', ( #2736, #8431, #8478, #4579 ) ) ;
#930 = CARTESIAN_POINT ( 'NONE',  ( -22.00302962540589746, 12.51451869865799971, 2.945000000010994157 ) ) ;
#931 = STYLED_ITEM ( 'NONE', ( #8136 ), #4412 ) ;
#932 = CYLINDRICAL_SURFACE ( 'NONE', #6506, 0.4799999999999995381 ) ;
#933 = CARTESIAN_POINT ( 'NONE',  ( -39.94026666726099961, 2.394518698657940536, 3.545000000010997798 ) ) ;
#934 = CARTESIAN_POINT ( 'NONE',  ( -46.04026666726100103, 5.294518698657999956, 5.135000000010998988 ) ) ;
#935 = CARTESIAN_POINT ( 'NONE',  ( -14.90026666726099869, 16.78042790316279920, 5.145000000010998775 ) ) ;
#936 = FILL_AREA_STYLE ('',( #1049 ) ) ;
#937 = PRESENTATION_LAYER_ASSIGNMENT (  '', '', ( #7581 ) ) ;
#938 = SURFACE_SIDE_STYLE ('',( #3543 ) ) ;
#939 = DIRECTION ( 'NONE',  ( 0.000000000000000000, -1.000000000000000000, 0.000000000000000000 ) ) ;
#940 = ORIENTED_EDGE ( 'NONE', *, *, #9504, .T. ) ;
#941 = DIRECTION ( 'NONE',  ( 0.000000000000000000, -2.220446049250309876E-16, -1.000000000000000000 ) ) ;
#942 = CARTESIAN_POINT ( 'NONE',  ( -46.04026666726100103, 16.29451869865799551, 5.135000000010998988 ) ) ;
#943 = EDGE_LOOP ( 'NONE', ( #8952, #180, #8802, #4454 ) ) ;
#944 = MECHANICAL_DESIGN_GEOMETRIC_PRESENTATION_REPRESENTATION (  '', ( #7587 ), #769 ) ;
#945 =( LENGTH_UNIT ( ) NAMED_UNIT ( * ) SI_UNIT ( .MILLI., .METRE. ) );
#946 = EDGE_CURVE ( 'NONE', #7798, #7112, #2569, .T. ) ;
#947 = CARTESIAN_POINT ( 'NONE',  ( -14.90026666726099869, 14.24042790316280005, 5.145000000010998775 ) ) ;
#948 = AXIS2_PLACEMENT_3D ( 'NONE', #1571, #10540, #4762 ) ;
#949 = DIRECTION ( 'NONE',  ( 0.000000000000000000, 1.000000000000000000, 0.000000000000000000 ) ) ;
#950 = ORIENTED_EDGE ( 'NONE', *, *, #2399, .F. ) ;
#951 = COLOUR_RGB ( '',1.000000000000000000, 0.9568627450980391469, 0.8862745098039215286 ) ;
#952 = ORIENTED_EDGE ( 'NONE', *, *, #5004, .F. ) ;
#953 = VERTEX_POINT ( 'NONE', #3433 ) ;
#954 = ORIENTED_EDGE ( 'NONE', *, *, #8857, .F. ) ;
#955 = STYLED_ITEM ( 'NONE', ( #4375 ), #6419 ) ;
#956 = FILL_AREA_STYLE_COLOUR ( '', #6392 ) ;
#957 = UNCERTAINTY_MEASURE_WITH_UNIT (LENGTH_MEASURE( 1.000000000000000082E-05 ), #6193, 'distance_accuracy_value', 'NONE');
#958 = CIRCLE ( 'NONE', #787, 2.000000000000000000 ) ;
#959 = FILL_AREA_STYLE_COLOUR ( '', #284 ) ;
#960 = FILL_AREA_STYLE_COLOUR ( '', #1977 ) ;
#961 = FILL_AREA_STYLE ('',( #8437 ) ) ;
#962 = UNCERTAINTY_MEASURE_WITH_UNIT (LENGTH_MEASURE( 1.000000000000000082E-05 ), #6061, 'distance_accuracy_value', 'NONE');
#963 =( NAMED_UNIT ( * ) SI_UNIT ( $, .STERADIAN. ) SOLID_ANGLE_UNIT ( ) );
#964 = CARTESIAN_POINT ( 'NONE',  ( -19.20302962540590030, 12.51451869865799971, 2.945000000010994157 ) ) ;
#965 = DIRECTION ( 'NONE',  ( 0.000000000000000000, -1.000000000000000000, 0.000000000000000000 ) ) ;
#966 = ORIENTED_EDGE ( 'NONE', *, *, #7342, .F. ) ;
#967 = LINE ( 'NONE', #3574, #4902 ) ;
#968 = PRESENTATION_LAYER_ASSIGNMENT (  '', '', ( #5696 ) ) ;
#969 =( NAMED_UNIT ( * ) PLANE_ANGLE_UNIT ( ) SI_UNIT ( $, .RADIAN. ) );
#970 = EDGE_CURVE ( 'NONE', #3463, #4313, #958, .T. ) ;
#971 = ADVANCED_FACE ( 'NONE', ( #8957, #2368 ), #8070, .T. ) ;
#972 = DIRECTION ( 'NONE',  ( 0.000000000000000000, -1.000000000000000000, 2.220446049250309876E-16 ) ) ;
#973 = CARTESIAN_POINT ( 'NONE',  ( -16.38026666726099734, 20.29451869865799551, 5.135000000010998988 ) ) ;
#974 = AXIS2_PLACEMENT_3D ( 'NONE', #4526, #5174, #3605 ) ;
#975 = CARTESIAN_POINT ( 'NONE',  ( -46.24026666726099677, 21.13451869865799893, 5.135000000010999877 ) ) ;
#976 = EDGE_LOOP ( 'NONE', ( #1932, #5484, #503, #6070 ) ) ;
#977 = DIRECTION ( 'NONE',  ( 0.000000000000000000, 2.220446049250309876E-16, 1.000000000000000000 ) ) ;
#978 = ADVANCED_FACE ( 'NONE', ( #9822 ), #4814, .F. ) ;
#979 = CARTESIAN_POINT ( 'NONE',  ( -28.47854998418979733, 3.714518698657950146, 3.745000000010996644 ) ) ;
#980 =( NAMED_UNIT ( * ) PLANE_ANGLE_UNIT ( ) SI_UNIT ( $, .RADIAN. ) );
#981 = LINE ( 'NONE', #934, #10359 ) ;
#982 = PLANE ( 'NONE',  #4513 ) ;
#983 = VECTOR ( 'NONE', #8920, 1000.000000000000000 ) ;
#984 = EDGE_LOOP ( 'NONE', ( #8876, #7579, #3834, #5397 ) ) ;
#985 = SURFACE_STYLE_USAGE ( .BOTH. , #54 ) ;
#986 = COLOUR_RGB ( '',1.000000000000000000, 0.9568627450980391469, 0.8862745098039215286 ) ;
#987 = FILL_AREA_STYLE ('',( #158 ) ) ;
#988 = EDGE_LOOP ( 'NONE', ( #6860, #10188, #2580, #6317 ) ) ;
#989 = DIRECTION ( 'NONE',  ( 6.563336425869172031E-62, 1.000000000000000000, 4.930380657631323784E-31 ) ) ;
#990 = FILL_AREA_STYLE ('',( #8466 ) ) ;
#991 = EDGE_CURVE ( 'NONE', #10771, #6280, #9697, .T. ) ;
#992 = SURFACE_STYLE_FILL_AREA ( #8467 ) ;
#993 = VERTEX_POINT ( 'NONE', #525 ) ;
#994 = MECHANICAL_DESIGN_GEOMETRIC_PRESENTATION_REPRESENTATION (  '', ( #2431 ), #8484 ) ;
#995 = DIRECTION ( 'NONE',  ( 0.000000000000000000, 1.000000000000000000, 0.000000000000000000 ) ) ;
#996 =( NAMED_UNIT ( * ) SI_UNIT ( $, .STERADIAN. ) SOLID_ANGLE_UNIT ( ) );
#997 = CARTESIAN_POINT ( 'NONE',  ( -14.90026666726099869, 10.70042790316279913, 5.135000000010998988 ) ) ;
#998 = CARTESIAN_POINT ( 'NONE',  ( -39.94026666726099961, 1.594518698657940048, 3.545000000010997798 ) ) ;
#999 = PLANE ( 'NONE',  #6788 ) ;
#1000 = ORIENTED_EDGE ( 'NONE', *, *, #5126, .T. ) ;
#1001 = VECTOR ( 'NONE', #416, 1000.000000000000000 ) ;
#1002 = CIRCLE ( 'NONE', #5390, 2.000000000000000000 ) ;
#1003 = DIRECTION ( 'NONE',  ( 0.000000000000000000, 1.000000000000000000, -2.220446049250309876E-16 ) ) ;
#1004 = ORIENTED_EDGE ( 'NONE', *, *, #7922, .F. ) ;
#1005 = EDGE_CURVE ( 'NONE', #6832, #1390, #6931, .T. ) ;
#1006 = EDGE_LOOP ( 'NONE', ( #8164, #6871 ) ) ;
#1007 = EDGE_LOOP ( 'NONE', ( #6121, #440, #4444, #4720 ) ) ;
#1008 = CIRCLE ( 'NONE', #845, 0.05000000000000143219 ) ;
#1009 = LINE ( 'NONE', #6939, #6313 ) ;
#1010 =( NAMED_UNIT ( * ) PLANE_ANGLE_UNIT ( ) SI_UNIT ( $, .RADIAN. ) );
#1011 = DIRECTION ( 'NONE',  ( 0.000000000000000000, -1.000000000000000000, 0.000000000000000000 ) ) ;
#1012 =( NAMED_UNIT ( * ) PLANE_ANGLE_UNIT ( ) SI_UNIT ( $, .RADIAN. ) );
#1013 = DIRECTION ( 'NONE',  ( 0.000000000000000000, 1.000000000000000000, -2.220446049250309876E-16 ) ) ;
#1014 = DIRECTION ( 'NONE',  ( 0.000000000000000000, 1.000000000000000000, 0.000000000000000000 ) ) ;
#1015 = DIRECTION ( 'NONE',  ( 0.000000000000000000, -2.220446049250309876E-16, -1.000000000000000000 ) ) ;
#1016 = DIRECTION ( 'NONE',  ( 0.000000000000000000, -1.000000000000000000, 2.220446049250309876E-16 ) ) ;
#1017 = ORIENTED_EDGE ( 'NONE', *, *, #2349, .T. ) ;
#1018 = VECTOR ( 'NONE', #10166, 1000.000000000000000 ) ;
#1019 = AXIS2_PLACEMENT_3D ( 'NONE', #6868, #6036, #10160 ) ;
#1020 = LINE ( 'NONE', #4274, #2128 ) ;
#1021 = UNCERTAINTY_MEASURE_WITH_UNIT (LENGTH_MEASURE( 1.000000000000000082E-05 ), #5646, 'distance_accuracy_value', 'NONE');
#1022 = ORIENTED_EDGE ( 'NONE', *, *, #1503, .F. ) ;
#1023 = CARTESIAN_POINT ( 'NONE',  ( -41.74026666726099677, 2.394518698657940536, 3.745000000010996644 ) ) ;
#1024 = SURFACE_STYLE_FILL_AREA ( #1800 ) ;
#1025 = VECTOR ( 'NONE', #7026, 1000.000000000000000 ) ;
#1026 =( NAMED_UNIT ( * ) PLANE_ANGLE_UNIT ( ) SI_UNIT ( $, .RADIAN. ) );
#1027 = DIRECTION ( 'NONE',  ( -1.000000000000000000, 0.000000000000000000, 0.000000000000000000 ) ) ;
#1028 = MECHANICAL_DESIGN_GEOMETRIC_PRESENTATION_REPRESENTATION (  '', ( #8889 ), #10803 ) ;
#1029 = CYLINDRICAL_SURFACE ( 'NONE', #10598, 1.600000000000000755 ) ;
#1030 =( NAMED_UNIT ( * ) PLANE_ANGLE_UNIT ( ) SI_UNIT ( $, .RADIAN. ) );
#1031 = FILL_AREA_STYLE_COLOUR ( '', #7136 ) ;
#1032 =( LENGTH_UNIT ( ) NAMED_UNIT ( * ) SI_UNIT ( .MILLI., .METRE. ) );
#1033 =( GEOMETRIC_REPRESENTATION_CONTEXT ( 3 ) GLOBAL_UNCERTAINTY_ASSIGNED_CONTEXT ( ( #3759 ) ) GLOBAL_UNIT_ASSIGNED_CONTEXT ( ( #1911, #4552, #10314 ) ) REPRESENTATION_CONTEXT ( 'NONE', 'WORKASPACE' ) );
#1034 = ORIENTED_EDGE ( 'NONE', *, *, #5872, .T. ) ;
#1035 = EDGE_CURVE ( 'NONE', #8576, #7885, #3649, .T. ) ;
#1036 = EDGE_CURVE ( 'NONE', #6557, #3628, #9463, .T. ) ;
#1037 = CARTESIAN_POINT ( 'NONE',  ( -0.6949999999999999512, 5.299999999999999822, 1.525000000000000133 ) ) ;
#1038 = PRESENTATION_LAYER_ASSIGNMENT (  '', '', ( #1562 ) ) ;
#1039 = AXIS2_PLACEMENT_3D ( 'NONE', #8779, #3947, #6450 ) ;
#1040 = EDGE_CURVE ( 'NONE', #6833, #1552, #5015, .T. ) ;
#1041 = FILL_AREA_STYLE ('',( #8458 ) ) ;
#1042 = VECTOR ( 'NONE', #9818, 1000.000000000000000 ) ;
#1043 = CARTESIAN_POINT ( 'NONE',  ( -39.00302962540590102, 5.114518698658000240, 1.085000000011000720 ) ) ;
#1044 = CARTESIAN_POINT ( 'NONE',  ( -45.84026666726099819, 18.63451869865799893, 3.545000000010997798 ) ) ;
#1045 = AXIS2_PLACEMENT_3D ( 'NONE', #5713, #9033, #2197 ) ;
#1046 = LINE ( 'NONE', #1815, #7398 ) ;
#1047 =( GEOMETRIC_REPRESENTATION_CONTEXT ( 3 ) GLOBAL_UNCERTAINTY_ASSIGNED_CONTEXT ( ( #3258 ) ) GLOBAL_UNIT_ASSIGNED_CONTEXT ( ( #1507, #3031, #3990 ) ) REPRESENTATION_CONTEXT ( 'NONE', 'WORKASPACE' ) );
#1048 = ORIENTED_EDGE ( 'NONE', *, *, #9745, .F. ) ;
#1049 = FILL_AREA_STYLE_COLOUR ( '', #2107 ) ;
#1050 = EDGE_CURVE ( 'NONE', #5547, #2002, #9122, .T. ) ;
#1051 = STYLED_ITEM ( 'NONE', ( #4435 ), #4952 ) ;
#1052 = VERTEX_POINT ( 'NONE', #10743 ) ;
#1053 = LINE ( 'NONE', #6041, #704 ) ;
#1054 = VECTOR ( 'NONE', #2502, 1000.000000000000000 ) ;
#1055 = VECTOR ( 'NONE', #352, 1000.000000000000000 ) ;
#1056 = EDGE_LOOP ( 'NONE', ( #10606, #7343, #10356, #8778 ) ) ;
#1057 = FACE_OUTER_BOUND ( 'NONE', #4254, .T. ) ;
#1058 = FILL_AREA_STYLE_COLOUR ( '', #883 ) ;
#1059 = VECTOR ( 'NONE', #2716, 1000.000000000000000 ) ;
#1060 = AXIS2_PLACEMENT_3D ( 'NONE', #555, #7144, #3062 ) ;
#1061 = FACE_OUTER_BOUND ( 'NONE', #1232, .T. ) ;
#1062 = DIRECTION ( 'NONE',  ( 0.000000000000000000, 1.000000000000000000, -2.220446049250309876E-16 ) ) ;
#1063 = ADVANCED_FACE ( 'NONE', ( #9921 ), #8229, .F. ) ;
#1064 = VECTOR ( 'NONE', #8960, 1000.000000000000000 ) ;
#1065 = FILL_AREA_STYLE ('',( #7486 ) ) ;
#1066 = ORIENTED_EDGE ( 'NONE', *, *, #3211, .F. ) ;
#1067 =( LENGTH_UNIT ( ) NAMED_UNIT ( * ) SI_UNIT ( .MILLI., .METRE. ) );
#1068 = EDGE_LOOP ( 'NONE', ( #4312, #102, #5006, #571 ) ) ;
#1069 = EDGE_LOOP ( 'NONE', ( #6377, #4535, #1460, #2909 ) ) ;
#1070 = VECTOR ( 'NONE', #2339, 1000.000000000000000 ) ;
#1071 = EDGE_LOOP ( 'NONE', ( #2150, #7209, #4481, #8833 ) ) ;
#1072 = AXIS2_PLACEMENT_3D ( 'NONE', #9048, #1558, #4915 ) ;
#1073 = COLOUR_RGB ( '',0.1882352941176470562, 0.2313725490196078538, 0.5882352941176470784 ) ;
#1074 = FILL_AREA_STYLE ('',( #7636 ) ) ;
#1075 = CARTESIAN_POINT ( 'NONE',  ( -15.74029191166209962, 25.09527703930580245, 5.145000000010997887 ) ) ;
#1076 = UNCERTAINTY_MEASURE_WITH_UNIT (LENGTH_MEASURE( 1.000000000000000082E-05 ), #2515, 'distance_accuracy_value', 'NONE');
#1077 = DIRECTION ( 'NONE',  ( 0.000000000000000000, 2.220446049250309876E-16, 1.000000000000000000 ) ) ;
#1078 = PRESENTATION_STYLE_ASSIGNMENT (( #5243 ) ) ;
#1079 = MECHANICAL_DESIGN_GEOMETRIC_PRESENTATION_REPRESENTATION (  '', ( #374 ), #5457 ) ;
#1080 = FACE_BOUND ( 'NONE', #9605, .T. ) ;
#1081 = MECHANICAL_DESIGN_GEOMETRIC_PRESENTATION_REPRESENTATION (  '', ( #1967 ), #2512 ) ;
#1082 = CARTESIAN_POINT ( 'NONE',  ( -21.50302962540590102, 8.714518698658000773, 3.545000000010997798 ) ) ;
#1083 = MECHANICAL_DESIGN_GEOMETRIC_PRESENTATION_REPRESENTATION (  '', ( #10513 ), #5288 ) ;
#1084 = CARTESIAN_POINT ( 'NONE',  ( -14.90026666726099869, 13.24042790316280005, 3.955000000010998384 ) ) ;
#1085 = EDGE_LOOP ( 'NONE', ( #2084, #4756, #8012, #326 ) ) ;
#1086 = DIRECTION ( 'NONE',  ( 0.000000000000000000, 1.000000000000000000, 0.000000000000000000 ) ) ;
#1087 = ORIENTED_EDGE ( 'NONE', *, *, #2340, .T. ) ;
#1088 = CARTESIAN_POINT ( 'NONE',  ( -15.74029191166209962, 2.755277039305740416, 5.135000000010998988 ) ) ;
#1089 = SURFACE_STYLE_FILL_AREA ( #1253 ) ;
#1090 = FACE_OUTER_BOUND ( 'NONE', #5067, .T. ) ;
#1091 = SURFACE_SIDE_STYLE ('',( #1258 ) ) ;
#1092 = CARTESIAN_POINT ( 'NONE',  ( -27.00302962540589746, 5.314518698658000417, 1.285000000010999566 ) ) ;
#1093 = DIRECTION ( 'NONE',  ( 0.000000000000000000, -1.000000000000000000, 2.220446049250309876E-16 ) ) ;
#1095 = FILL_AREA_STYLE ('',( #7827 ) ) ;
#1094 = PLANE ( 'NONE',  #3149 ) ;
#1096 = CIRCLE ( 'NONE', #4778, 0.9999999999999991118 ) ;
#1097 =( NAMED_UNIT ( * ) PLANE_ANGLE_UNIT ( ) SI_UNIT ( $, .RADIAN. ) );
#1098 = SURFACE_SIDE_STYLE ('',( #1985 ) ) ;
#1099 = ORIENTED_EDGE ( 'NONE', *, *, #1267, .F. ) ;
#1100 = CARTESIAN_POINT ( 'NONE',  ( -41.53771170588249362, 18.83451869865799821, 3.145000000011000107 ) ) ;
#1101 = AXIS2_PLACEMENT_3D ( 'NONE', #9687, #7993, #7455 ) ;
#1102 = SURFACE_STYLE_FILL_AREA ( #7729 ) ;
#1103 = EDGE_CURVE ( 'NONE', #9240, #5634, #5801, .T. ) ;
#1104 = DIRECTION ( 'NONE',  ( 0.000000000000000000, -1.000000000000000000, 2.220446049250309876E-16 ) ) ;
#1105 = EDGE_CURVE ( 'NONE', #993, #4284, #29, .T. ) ;
#1106 = FILL_AREA_STYLE_COLOUR ( '', #8252 ) ;
#1107 = DIRECTION ( 'NONE',  ( 0.000000000000000000, -1.000000000000000000, 0.000000000000000000 ) ) ;
#1108 = VERTEX_POINT ( 'NONE', #683 ) ;
#1109 = CARTESIAN_POINT ( 'NONE',  ( -15.74029191166209962, 23.09527703930579889, 5.135000000010998988 ) ) ;
#1110 = AXIS2_PLACEMENT_3D ( 'NONE', #10338, #3103, #4509 ) ;
#1111 = STYLED_ITEM ( 'NONE', ( #9010 ), #3020 ) ;
#1112 = VERTEX_POINT ( 'NONE', #4051 ) ;
#1113 = DIRECTION ( 'NONE',  ( 1.000000000000000000, 0.000000000000000000, 0.000000000000000000 ) ) ;
#1114 = ORIENTED_EDGE ( 'NONE', *, *, #5848, .F. ) ;
#1115 = UNCERTAINTY_MEASURE_WITH_UNIT (LENGTH_MEASURE( 1.000000000000000082E-05 ), #9994, 'distance_accuracy_value', 'NONE');
#1116 = EDGE_CURVE ( 'NONE', #8985, #6833, #9228, .T. ) ;
#1117 = PRESENTATION_STYLE_ASSIGNMENT (( #5287 ) ) ;
#1118 = CIRCLE ( 'NONE', #7077, 0.1999999999999987899 ) ;
#1119 =( NAMED_UNIT ( * ) SI_UNIT ( $, .STERADIAN. ) SOLID_ANGLE_UNIT ( ) );
#1120 = ORIENTED_EDGE ( 'NONE', *, *, #593, .T. ) ;
#1121 = DIRECTION ( 'NONE',  ( -1.000000000000000000, 0.000000000000000000, 0.000000000000000000 ) ) ;
#1122 = ORIENTED_EDGE ( 'NONE', *, *, #356, .F. ) ;
#1123 = VECTOR ( 'NONE', #1015, 1000.000000000000000 ) ;
#1124 = VERTEX_POINT ( 'NONE', #2640 ) ;
#1125 = ORIENTED_EDGE ( 'NONE', *, *, #6691, .T. ) ;
#1126 = EDGE_CURVE ( 'NONE', #8040, #5999, #9978, .T. ) ;
#1127 = AXIS2_PLACEMENT_3D ( 'NONE', #7272, #10581, #6454 ) ;
#1128 = CARTESIAN_POINT ( 'NONE',  ( -14.90026666726099869, 14.24042790316280005, 5.145000000010998775 ) ) ;
#1129 = CARTESIAN_POINT ( 'NONE',  ( -46.09026666726102661, 18.88451869865799182, 2.545000000011002239 ) ) ;
#1130 = DIRECTION ( 'NONE',  ( 0.000000000000000000, -1.000000000000000000, 2.220446049250309876E-16 ) ) ;
#1131 = AXIS2_PLACEMENT_3D ( 'NONE', #4204, #1003, #19 ) ;
#1132 = FACE_BOUND ( 'NONE', #6427, .T. ) ;
#1133 = SURFACE_SIDE_STYLE ('',( #2698 ) ) ;
#1134 = DIRECTION ( 'NONE',  ( -1.000000000000000000, 0.000000000000000000, 0.000000000000000000 ) ) ;
#1135 = ADVANCED_BREP_SHAPE_REPRESENTATION ( '', ( #8915, #1039 ), #1577 ) ;
#1136 = DIRECTION ( 'NONE',  ( 0.000000000000000000, 2.220446049250309876E-16, 1.000000000000000000 ) ) ;
#1137 = VERTEX_POINT ( 'NONE', #2537 ) ;
#1138 = COLOUR_RGB ( '',1.000000000000000000, 0.7568627450980391913, 0.5647058823529411686 ) ;
#1139 = CARTESIAN_POINT ( 'NONE',  ( 0.000000000000000000, 0.2000000000000000111, 0.6500000000000000222 ) ) ;
#1140 = ORIENTED_EDGE ( 'NONE', *, *, #3889, .T. ) ;
#1141 =( LENGTH_UNIT ( ) NAMED_UNIT ( * ) SI_UNIT ( .MILLI., .METRE. ) );
#1142 = ADVANCED_FACE ( 'NONE', ( #4928 ), #1513, .T. ) ;
#1143 = COLOUR_RGB ( '',1.000000000000000000, 0.9568627450980391469, 0.8862745098039215286 ) ;
#1144 = DIRECTION ( 'NONE',  ( 0.000000000000000000, 2.220446049250309876E-16, 1.000000000000000000 ) ) ;
#1145 = CIRCLE ( 'NONE', #6752, 0.1999999999999987899 ) ;
#1146 = SURFACE_STYLE_USAGE ( .BOTH. , #9552 ) ;
#1147 = CARTESIAN_POINT ( 'NONE',  ( -21.40302962540589604, 17.01451869865799793, 3.345000000010998953 ) ) ;
#1148 = DIRECTION ( 'NONE',  ( 0.000000000000000000, 1.000000000000000000, 0.000000000000000000 ) ) ;
#1149 = DIRECTION ( 'NONE',  ( 0.000000000000000000, 2.220446049250309876E-16, 1.000000000000000000 ) ) ;
#1150 = MECHANICAL_DESIGN_GEOMETRIC_PRESENTATION_REPRESENTATION (  '', ( #1854 ), #2042 ) ;
#1151 = CARTESIAN_POINT ( 'NONE',  ( -27.20302962540589675, 20.61451869865799935, 1.285000000010999566 ) ) ;
#1152 = VERTEX_POINT ( 'NONE', #7001 ) ;
#1153 = SURFACE_STYLE_FILL_AREA ( #8632 ) ;
#1154 = EDGE_CURVE ( 'NONE', #1552, #6784, #8483, .T. ) ;
#1155 = COLOUR_RGB ( '',1.000000000000000000, 0.9568627450980391469, 0.8862745098039215286 ) ;
#1156 =( NAMED_UNIT ( * ) PLANE_ANGLE_UNIT ( ) SI_UNIT ( $, .RADIAN. ) );
#1158 = ORIENTED_EDGE ( 'NONE', *, *, #9087, .F. ) ;
#1157 = DIRECTION ( 'NONE',  ( -1.000000000000000000, 0.000000000000000000, 0.000000000000000000 ) ) ;
#1159 = SURFACE_STYLE_USAGE ( .BOTH. , #6975 ) ;
#1160 = DIRECTION ( 'NONE',  ( 1.000000000000000000, 0.000000000000000000, 0.000000000000000000 ) ) ;
#1161 = AXIS2_PLACEMENT_3D ( 'NONE', #3825, #3880, #7203 ) ;
#1162 = VERTEX_POINT ( 'NONE', #10181 ) ;
#1163 = APPLICATION_PROTOCOL_DEFINITION ( 'draft international standard', 'automotive_design', 1998, #5154 ) ;
#1164 = DIRECTION ( 'NONE',  ( 0.000000000000000000, -1.000000000000000000, 4.336808689942013792E-16 ) ) ;
#1165 = UNCERTAINTY_MEASURE_WITH_UNIT (LENGTH_MEASURE( 1.000000000000000082E-05 ), #5450, 'distance_accuracy_value', 'NONE');
#1166 = ORIENTED_EDGE ( 'NONE', *, *, #3099, .F. ) ;
#1167 = AXIS2_PLACEMENT_3D ( 'NONE', #6426, #2275, #7138 ) ;
#1168 = PRESENTATION_LAYER_ASSIGNMENT (  '', '', ( #5712 ) ) ;
#1169 = SURFACE_SIDE_STYLE ('',( #6105 ) ) ;
#1170 = PLANE ( 'NONE',  #974 ) ;
#1171 = DIRECTION ( 'NONE',  ( 0.7071067811865500152, 0.000000000000000000, -0.7071067811865450192 ) ) ;
#1172 = ORIENTED_EDGE ( 'NONE', *, *, #2886, .F. ) ;
#1173 = PLANE ( 'NONE',  #8818 ) ;
#1174 = EDGE_LOOP ( 'NONE', ( #9021, #4362 ) ) ;
#1175 = ADVANCED_FACE ( 'NONE', ( #1898 ), #9492, .F. ) ;
#1176 =( GEOMETRIC_REPRESENTATION_CONTEXT ( 3 ) GLOBAL_UNCERTAINTY_ASSIGNED_CONTEXT ( ( #4442 ) ) GLOBAL_UNIT_ASSIGNED_CONTEXT ( ( #5546, #8639, #4574 ) ) REPRESENTATION_CONTEXT ( 'NONE', 'WORKASPACE' ) );
#1177 = EDGE_CURVE ( 'NONE', #4793, #6760, #2802, .T. ) ;
#1178 = ORIENTED_EDGE ( 'NONE', *, *, #2483, .T. ) ;
#1179 = VERTEX_POINT ( 'NONE', #2019 ) ;
#1180 = CARTESIAN_POINT ( 'NONE',  ( -48.84026666726100530, 26.27451869865799949, 3.545000000010997798 ) ) ;
#1181 = LINE ( 'NONE', #6114, #3266 ) ;
#1182 = UNCERTAINTY_MEASURE_WITH_UNIT (LENGTH_MEASURE( 1.000000000000000082E-05 ), #10107, 'distance_accuracy_value', 'NONE');
#1183 =( GEOMETRIC_REPRESENTATION_CONTEXT ( 3 ) GLOBAL_UNCERTAINTY_ASSIGNED_CONTEXT ( ( #4465 ) ) GLOBAL_UNIT_ASSIGNED_CONTEXT ( ( #6692, #8405, #10084 ) ) REPRESENTATION_CONTEXT ( 'NONE', 'WORKASPACE' ) );
#1184 = CYLINDRICAL_SURFACE ( 'NONE', #7898, 0.1999999999999987899 ) ;
#1185 = DIRECTION ( 'NONE',  ( 0.000000000000000000, -1.000000000000000000, 0.000000000000000000 ) ) ;
#1186 =( GEOMETRIC_REPRESENTATION_CONTEXT ( 3 ) GLOBAL_UNCERTAINTY_ASSIGNED_CONTEXT ( ( #7638 ) ) GLOBAL_UNIT_ASSIGNED_CONTEXT ( ( #9273, #8435, #232 ) ) REPRESENTATION_CONTEXT ( 'NONE', 'WORKASPACE' ) );
#1187 = VECTOR ( 'NONE', #5866, 1000.000000000000000 ) ;
#1188 = CARTESIAN_POINT ( 'NONE',  ( -48.84026666726100530, 26.27451869865799949, 2.545000000010996910 ) ) ;
#1189 = SURFACE_STYLE_USAGE ( .BOTH. , #8718 ) ;
#1190 = EDGE_CURVE ( 'NONE', #8971, #2172, #9437, .T. ) ;
#1191 = DIRECTION ( 'NONE',  ( 0.000000000000000000, -1.000000000000000000, 2.220446049250309876E-16 ) ) ;
#1192 = DIRECTION ( 'NONE',  ( -1.000000000000000000, 0.000000000000000000, 0.000000000000000000 ) ) ;
#1193 = ORIENTED_EDGE ( 'NONE', *, *, #9256, .F. ) ;
#1194 = FILL_AREA_STYLE_COLOUR ( '', #9949 ) ;
#1195 = EDGE_LOOP ( 'NONE', ( #195, #5847, #24, #6668 ) ) ;
#1196 =( GEOMETRIC_REPRESENTATION_CONTEXT ( 3 ) GLOBAL_UNCERTAINTY_ASSIGNED_CONTEXT ( ( #7090 ) ) GLOBAL_UNIT_ASSIGNED_CONTEXT ( ( #7178, #9060, #7484 ) ) REPRESENTATION_CONTEXT ( 'NONE', 'WORKASPACE' ) );
#1197 = FACE_BOUND ( 'NONE', #1582, .T. ) ;
#1198 = DIRECTION ( 'NONE',  ( -1.000000000000000000, 0.000000000000000000, 0.000000000000000000 ) ) ;
#1199 = PLANE ( 'NONE',  #3029 ) ;
#1200 = DIRECTION ( 'NONE',  ( 0.000000000000000000, -2.220446049250309876E-16, -1.000000000000000000 ) ) ;
#1201 = PRESENTATION_LAYER_ASSIGNMENT (  '', '', ( #5914 ) ) ;
#1202 = DIRECTION ( 'NONE',  ( 0.000000000000000000, 2.220446049250309876E-16, 1.000000000000000000 ) ) ;
#1203 = DIRECTION ( 'NONE',  ( 0.000000000000000000, 1.000000000000000000, -2.220446049250309876E-16 ) ) ;
#1204 = MECHANICAL_DESIGN_GEOMETRIC_PRESENTATION_REPRESENTATION (  '', ( #5915 ), #651 ) ;
#1205 = EDGE_CURVE ( 'NONE', #6599, #2633, #5354, .T. ) ;
#1206 = SURFACE_STYLE_FILL_AREA ( #7721 ) ;
#1207 = CARTESIAN_POINT ( 'NONE',  ( -19.70302962540589675, 9.914518698658000062, 3.145000000011000107 ) ) ;
#1208 = ORIENTED_EDGE ( 'NONE', *, *, #6463, .T. ) ;
#1209 = CARTESIAN_POINT ( 'NONE',  ( -45.89026666726100245, 18.68451869865790371, 2.545000000010994246 ) ) ;
#1210 = CARTESIAN_POINT ( 'NONE',  ( -48.84026666726100530, 26.27451869865799949, 3.545000000010997798 ) ) ;
#1211 = STYLED_ITEM ( 'NONE', ( #5158 ), #9292 ) ;
#1212 = PRESENTATION_LAYER_ASSIGNMENT (  '', '', ( #5754 ) ) ;
#1213 = FACE_OUTER_BOUND ( 'NONE', #460, .T. ) ;
#1214 = DIRECTION ( 'NONE',  ( 0.000000000000000000, 2.220446049250309876E-16, 1.000000000000000000 ) ) ;
#1215 = ORIENTED_EDGE ( 'NONE', *, *, #2623, .F. ) ;
#1216 = EDGE_CURVE ( 'NONE', #10817, #1112, #4540, .T. ) ;
#1217 = CARTESIAN_POINT ( 'NONE',  ( -40.28771170588249362, 15.03451869865800106, 3.545000000010997798 ) ) ;
#1218 = AXIS2_PLACEMENT_3D ( 'NONE', #5693, #4872, #6524 ) ;
#1219 =( GEOMETRIC_REPRESENTATION_CONTEXT ( 3 ) GLOBAL_UNCERTAINTY_ASSIGNED_CONTEXT ( ( #1961 ) ) GLOBAL_UNIT_ASSIGNED_CONTEXT ( ( #732, #6499, #7363 ) ) REPRESENTATION_CONTEXT ( 'NONE', 'WORKASPACE' ) );
#1220 = EDGE_LOOP ( 'NONE', ( #160, #3261, #2442, #1493 ) ) ;
#1221 = ITEM_DEFINED_TRANSFORMATION ( 'NONE', 'NONE', #1396,  #1039 ) ;
#1222 = MECHANICAL_DESIGN_GEOMETRIC_PRESENTATION_REPRESENTATION (  '', ( #5075 ), #5596 ) ;
#1224 = UNCERTAINTY_MEASURE_WITH_UNIT (LENGTH_MEASURE( 1.000000000000000082E-05 ), #3987, 'distance_accuracy_value', 'NONE');
#1223 = VECTOR ( 'NONE', #5778, 1000.000000000000000 ) ;
#1225 = LINE ( 'NONE', #6219, #7285 ) ;
#1226 = CARTESIAN_POINT ( 'NONE',  ( -41.78771170588249362, 15.03451869865800106, 3.545000000010997798 ) ) ;
#1227 = CARTESIAN_POINT ( 'NONE',  ( -44.54026666726100103, 17.28451869865799750, 3.545000000010997798 ) ) ;
#1228 = VECTOR ( 'NONE', #3904, 1000.000000000000000 ) ;
#1229 = CIRCLE ( 'NONE', #4037, 0.9999999999999991118 ) ;
#1230 = VERTEX_POINT ( 'NONE', #7053 ) ;
#1231 = ORIENTED_EDGE ( 'NONE', *, *, #5479, .F. ) ;
#1232 = EDGE_LOOP ( 'NONE', ( #4951, #2164, #225, #1004 ) ) ;
#1233 = VECTOR ( 'NONE', #3750, 1000.000000000000000 ) ;
#1234 = AXIS2_PLACEMENT_3D ( 'NONE', #7696, #6890, #2739 ) ;
#1235 = SURFACE_STYLE_USAGE ( .BOTH. , #4602 ) ;
#1236 = CARTESIAN_POINT ( 'NONE',  ( -45.84026666726099819, 18.58451869865799821, 2.545000000010996910 ) ) ;
#1237 =( GEOMETRIC_REPRESENTATION_CONTEXT ( 3 ) GLOBAL_UNCERTAINTY_ASSIGNED_CONTEXT ( ( #9524 ) ) GLOBAL_UNIT_ASSIGNED_CONTEXT ( ( #8397, #9874, #1793 ) ) REPRESENTATION_CONTEXT ( 'NONE', 'WORKASPACE' ) );
#1238 = VECTOR ( 'NONE', #1113, 1000.000000000000000 ) ;
#1239 = DIRECTION ( 'NONE',  ( 1.000000000000000000, 0.000000000000000000, 0.000000000000000000 ) ) ;
#1240 = ADVANCED_FACE ( 'NONE', ( #9275 ), #5136, .F. ) ;
#1241 = EDGE_CURVE ( 'NONE', #5275, #2633, #456, .T. ) ;
#1242 =( NAMED_UNIT ( * ) PLANE_ANGLE_UNIT ( ) SI_UNIT ( $, .RADIAN. ) );
#1243 = AXIS2_PLACEMENT_3D ( 'NONE', #4629, #6312, #8033 ) ;
#1244 = CARTESIAN_POINT ( 'NONE',  ( -14.90026666726099869, 10.16042790316284972, 5.145000000010998775 ) ) ;
#1245 = CARTESIAN_POINT ( 'NONE',  ( 0.000000000000000000, 11.29999999999999893, 0.1000000000000000056 ) ) ;
#1246 = ORIENTED_EDGE ( 'NONE', *, *, #1847, .T. ) ;
#1247 = CARTESIAN_POINT ( 'NONE',  ( -13.24026666726099855, 26.27451869865799949, 3.945000000010995045 ) ) ;
#1248 = ORIENTED_EDGE ( 'NONE', *, *, #5148, .T. ) ;
#1249 = CIRCLE ( 'NONE', #10127, 1.600000000000000089 ) ;
#1250 = CIRCLE ( 'NONE', #9099, 1.600000000000000755 ) ;
#1251 = FACE_OUTER_BOUND ( 'NONE', #3560, .T. ) ;
#1252 = LINE ( 'NONE', #5583, #10286 ) ;
#1253 = FILL_AREA_STYLE ('',( #6187 ) ) ;
#1254 = ADVANCED_FACE ( 'NONE', ( #10621 ), #8773, .T. ) ;
#1255 = AXIS2_PLACEMENT_3D ( 'NONE', #5199, #2874, #2034 ) ;
#1256 = DIRECTION ( 'NONE',  ( -0.7071067811865500152, 0.000000000000000000, 0.7071067811865450192 ) ) ;
#1257 = LINE ( 'NONE', #4020, #891 ) ;
#1258 = SURFACE_STYLE_FILL_AREA ( #6135 ) ;
#1259 = COLOUR_RGB ( '',0.8274509803921568096, 0.6666666666666666297, 0.1294117647058823373 ) ;
#1260 = DIRECTION ( 'NONE',  ( 0.000000000000000000, -1.000000000000000000, 2.220446049250309876E-16 ) ) ;
#1261 = LINE ( 'NONE', #7069, #4757 ) ;
#1262 =( NAMED_UNIT ( * ) SI_UNIT ( $, .STERADIAN. ) SOLID_ANGLE_UNIT ( ) );
#1263 = ORIENTED_EDGE ( 'NONE', *, *, #8585, .T. ) ;
#1264 = CARTESIAN_POINT ( 'NONE',  ( 0.08787878787878819487, 0.2303030303030304815, 0.08787878787878819487 ) ) ;
#1265 = CIRCLE ( 'NONE', #3915, 2.500000000000000000 ) ;
#1266 = FILL_AREA_STYLE_COLOUR ( '', #4052 ) ;
#1267 = EDGE_CURVE ( 'NONE', #6990, #1676, #3025, .T. ) ;
#1268 = PRESENTATION_LAYER_ASSIGNMENT (  '', '', ( #10520 ) ) ;
#1269 =( GEOMETRIC_REPRESENTATION_CONTEXT ( 3 ) GLOBAL_UNCERTAINTY_ASSIGNED_CONTEXT ( ( #10810 ) ) GLOBAL_UNIT_ASSIGNED_CONTEXT ( ( #3984, #6501, #404 ) ) REPRESENTATION_CONTEXT ( 'NONE', 'WORKASPACE' ) );
#1270 = SURFACE_STYLE_USAGE ( .BOTH. , #4510 ) ;
#1272 = ORIENTED_EDGE ( 'NONE', *, *, #1993, .T. ) ;
#1271 = SURFACE_STYLE_FILL_AREA ( #2773 ) ;
#1273 = LINE ( 'NONE', #8589, #2477 ) ;
#1274 = CARTESIAN_POINT ( 'NONE',  ( 0.5500000000000000444, 0.2000000000000000111, 0.000000000000000000 ) ) ;
#1275 = ORIENTED_EDGE ( 'NONE', *, *, #1782, .T. ) ;
#1276 = LINE ( 'NONE', #3973, #7540 ) ;
#1277 = COLOUR_RGB ( '',1.000000000000000000, 0.9568627450980391469, 0.8862745098039215286 ) ;
#1278 = UNCERTAINTY_MEASURE_WITH_UNIT (LENGTH_MEASURE( 1.000000000000000082E-05 ), #1917, 'distance_accuracy_value', 'NONE');
#1279 = FILL_AREA_STYLE_COLOUR ( '', #10658 ) ;
#1280 =( NAMED_UNIT ( * ) SI_UNIT ( $, .STERADIAN. ) SOLID_ANGLE_UNIT ( ) );
#1281 =( NAMED_UNIT ( * ) SI_UNIT ( $, .STERADIAN. ) SOLID_ANGLE_UNIT ( ) );
#1282 = LINE ( 'NONE', #2235, #3647 ) ;
#1283 = AXIS2_PLACEMENT_3D ( 'NONE', #1870, #3484, #3541 ) ;
#1284 = LINE ( 'NONE', #3773, #10750 ) ;
#1285 = VERTEX_POINT ( 'NONE', #10571 ) ;
#1286 = UNCERTAINTY_MEASURE_WITH_UNIT (LENGTH_MEASURE( 1.000000000000000082E-05 ), #8490, 'distance_accuracy_value', 'NONE');
#1287 = ORIENTED_EDGE ( 'NONE', *, *, #10723, .T. ) ;
#1288 = VERTEX_POINT ( 'NONE', #8006 ) ;
#1289 = AXIS2_PLACEMENT_3D ( 'NONE', #7023, #475, #3857 ) ;
#1290 = EDGE_CURVE ( 'NONE', #2753, #2795, #9648, .T. ) ;
#1291 = DIRECTION ( 'NONE',  ( -1.000000000000000000, 0.000000000000000000, 0.000000000000000000 ) ) ;
#1292 =( LENGTH_UNIT ( ) NAMED_UNIT ( * ) SI_UNIT ( .MILLI., .METRE. ) );
#1293 = UNCERTAINTY_MEASURE_WITH_UNIT (LENGTH_MEASURE( 1.000000000000000082E-05 ), #6257, 'distance_accuracy_value', 'NONE');
#1294 = FILL_AREA_STYLE ('',( #1490 ) ) ;
#1295 = FACE_OUTER_BOUND ( 'NONE', #3657, .T. ) ;
#1296 = CIRCLE ( 'NONE', #4640, 1.000000000000000888 ) ;
#1297 = EDGE_LOOP ( 'NONE', ( #121, #2401, #6085, #2229 ) ) ;
#1298 = PRESENTATION_STYLE_ASSIGNMENT (( #616 ) ) ;
#1299 =( NAMED_UNIT ( * ) SI_UNIT ( $, .STERADIAN. ) SOLID_ANGLE_UNIT ( ) );
#1300 = ORIENTED_EDGE ( 'NONE', *, *, #2613, .F. ) ;
#1301 = ORIENTED_EDGE ( 'NONE', *, *, #1572, .F. ) ;
#1302 = SURFACE_STYLE_USAGE ( .BOTH. , #3903 ) ;
#1303 = CARTESIAN_POINT ( 'NONE',  ( -41.53771170588249362, 16.83451869865799821, 3.745000000010996644 ) ) ;
#1304 =( NAMED_UNIT ( * ) SI_UNIT ( $, .STERADIAN. ) SOLID_ANGLE_UNIT ( ) );
#1305 = DIRECTION ( 'NONE',  ( 0.000000000000000000, 1.000000000000000000, -2.220446049250309876E-16 ) ) ;
#1306 = CARTESIAN_POINT ( 'NONE',  ( -45.84026666726099819, 18.63451869865799893, 2.545000000010996910 ) ) ;
#1307 = STYLED_ITEM ( 'NONE', ( #6077 ), #6279 ) ;
#1308 = SURFACE_STYLE_USAGE ( .BOTH. , #8073 ) ;
#1309 = CARTESIAN_POINT ( 'NONE',  ( -39.74026666726099677, 2.394518698657940536, 3.745000000010996644 ) ) ;
#1310 = FILL_AREA_STYLE_COLOUR ( '', #2186 ) ;
#1311 = ORIENTED_EDGE ( 'NONE', *, *, #3823, .T. ) ;
#1312 = CARTESIAN_POINT ( 'NONE',  ( -45.59026666726101951, 18.88451869865799182, 2.545000000011002239 ) ) ;
#1313 = CIRCLE ( 'NONE', #4121, 0.4799999999999995381 ) ;
#1314 = EDGE_CURVE ( 'NONE', #2501, #5401, #2137, .T. ) ;
#1315 = EDGE_CURVE ( 'NONE', #10470, #9472, #7951, .T. ) ;
#1316 = COLOUR_RGB ( '',1.000000000000000000, 0.9568627450980391469, 0.8862745098039215286 ) ;
#1317 = UNCERTAINTY_MEASURE_WITH_UNIT (LENGTH_MEASURE( 1.000000000000000082E-05 ), #5286, 'distance_accuracy_value', 'NONE');
#1318 = SURFACE_SIDE_STYLE ('',( #8797 ) ) ;
#1319 = CARTESIAN_POINT ( 'NONE',  ( -15.74029191166209962, 2.755277039305740416, 5.135000000010998988 ) ) ;
#1320 =( GEOMETRIC_REPRESENTATION_CONTEXT ( 3 ) GLOBAL_UNCERTAINTY_ASSIGNED_CONTEXT ( ( #2071 ) ) GLOBAL_UNIT_ASSIGNED_CONTEXT ( ( #3357, #980, #1706 ) ) REPRESENTATION_CONTEXT ( 'NONE', 'WORKASPACE' ) );
#1321 = CARTESIAN_POINT ( 'NONE',  ( -21.70302962540590030, 9.914518698658000062, 3.745000000010996644 ) ) ;
#1322 = LINE ( 'NONE', #5378, #6771 ) ;
#1324 = ORIENTED_EDGE ( 'NONE', *, *, #2589, .F. ) ;
#1323 = CARTESIAN_POINT ( 'NONE',  ( -15.74029191166209962, 21.49527703930579747, 3.955000000010998384 ) ) ;
#1325 = FILL_AREA_STYLE ('',( #7783 ) ) ;
#1326 = DIRECTION ( 'NONE',  ( 0.000000000000000000, -1.000000000000000000, 0.000000000000000000 ) ) ;
#1327 = EDGE_CURVE ( 'NONE', #10287, #6816, #6232, .T. ) ;
#1328 = ORIENTED_EDGE ( 'NONE', *, *, #2759, .F. ) ;
#1329 = DIRECTION ( 'NONE',  ( 0.000000000000000000, -2.220446049250309876E-16, -1.000000000000000000 ) ) ;
#1330 = SURFACE_STYLE_USAGE ( .BOTH. , #2900 ) ;
#1331 = PLANE ( 'NONE',  #6335 ) ;
#1332 = DIRECTION ( 'NONE',  ( 0.000000000000000000, -1.000000000000000000, 0.000000000000000000 ) ) ;
#1333 = DIRECTION ( 'NONE',  ( 1.000000000000000000, 0.000000000000000000, 0.000000000000000000 ) ) ;
#1334 = FACE_BOUND ( 'NONE', #9898, .T. ) ;
#1335 = CARTESIAN_POINT ( 'NONE',  ( -41.78771170588249362, 15.83451869865799821, 3.545000000010997798 ) ) ;
#1336 = ADVANCED_FACE ( 'NONE', ( #7260 ), #7314, .T. ) ;
#1337 = ORIENTED_EDGE ( 'NONE', *, *, #5811, .F. ) ;
#1338 = ORIENTED_EDGE ( 'NONE', *, *, #6407, .T. ) ;
#1339 = VERTEX_POINT ( 'NONE', #2196 ) ;
#1340 = MECHANICAL_DESIGN_GEOMETRIC_PRESENTATION_REPRESENTATION (  '', ( #3669 ), #3839 ) ;
#1341 = PRESENTATION_LAYER_ASSIGNMENT (  '', '', ( #7814 ) ) ;
#1342 = FILL_AREA_STYLE_COLOUR ( '', #9035 ) ;
#1343 = LINE ( 'NONE', #4651, #3920 ) ;
#1344 = SURFACE_SIDE_STYLE ('',( #8882 ) ) ;
#1345 = MECHANICAL_DESIGN_GEOMETRIC_PRESENTATION_REPRESENTATION (  '', ( #7293 ), #5890 ) ;
#1346 = AXIS2_PLACEMENT_3D ( 'NONE', #7288, #1597, #9779 ) ;
#1347 = FACE_OUTER_BOUND ( 'NONE', #6100, .T. ) ;
#1348 = CARTESIAN_POINT ( 'NONE',  ( -28.47854998418979733, 3.714518698657950146, 3.345000000010998953 ) ) ;
#1349 = EDGE_LOOP ( 'NONE', ( #9815, #5412 ) ) ;
#1350 = DIRECTION ( 'NONE',  ( 1.000000000000000000, 0.000000000000000000, 0.000000000000000000 ) ) ;
#1351 = ORIENTED_EDGE ( 'NONE', *, *, #839, .T. ) ;
#1352 = VERTEX_POINT ( 'NONE', #5514 ) ;
#1353 = SURFACE_STYLE_FILL_AREA ( #521 ) ;
#1354 = MECHANICAL_DESIGN_GEOMETRIC_PRESENTATION_REPRESENTATION (  '', ( #7300 ), #5043 ) ;
#1355 = LINE ( 'NONE', #3952, #7182 ) ;
#1356 =( NAMED_UNIT ( * ) SI_UNIT ( $, .STERADIAN. ) SOLID_ANGLE_UNIT ( ) );
#1357 = AXIS2_PLACEMENT_3D ( 'NONE', #2214, #10323, #1984 ) ;
#1358 = LINE ( 'NONE', #9825, #161 ) ;
#1359 = FACE_OUTER_BOUND ( 'NONE', #9885, .T. ) ;
#1360 = ORIENTED_EDGE ( 'NONE', *, *, #1458, .T. ) ;
#1361 = CIRCLE ( 'NONE', #4696, 0.9999999999999991118 ) ;
#1362 = COLOUR_RGB ( '',1.000000000000000000, 0.8078431372549019773, 0.4980392156862745168 ) ;
#1363 = CARTESIAN_POINT ( 'NONE',  ( -45.84026666726099819, 18.58451869865799821, 2.545000000010996910 ) ) ;
#1364 = AXIS2_PLACEMENT_3D ( 'NONE', #113, #5993, #4988 ) ;
#1365 = CARTESIAN_POINT ( 'NONE',  ( -15.74029191166209962, 2.755277039305740416, 5.145000000010998775 ) ) ;
#1366 = MECHANICAL_DESIGN_GEOMETRIC_PRESENTATION_REPRESENTATION (  '', ( #7491 ), #4710 ) ;
#1367 = EDGE_CURVE ( 'NONE', #7634, #1137, #6445, .T. ) ;
#1369 = ORIENTED_EDGE ( 'NONE', *, *, #10333, .T. ) ;
#1368 = PLANE ( 'NONE',  #5579 ) ;
#1370 = ADVANCED_FACE ( 'NONE', ( #3074 ), #2296, .F. ) ;
#1371 = LINE ( 'NONE', #3105, #4214 ) ;
#1372 = ORIENTED_EDGE ( 'NONE', *, *, #2986, .F. ) ;
#1373 = VERTEX_POINT ( 'NONE', #5785 ) ;
#1374 = CONTEXT_DEPENDENT_SHAPE_REPRESENTATION ( #1654, #5182 ) ;
#1375 = AXIS2_PLACEMENT_3D ( 'NONE', #1043, #3762, #255 ) ;
#1376 = COLOUR_RGB ( '',0.7921568627450980005, 0.8196078431372548767, 0.9333333333333333481 ) ;
#1377 =( NAMED_UNIT ( * ) SI_UNIT ( $, .STERADIAN. ) SOLID_ANGLE_UNIT ( ) );
#1378 = AXIS2_PLACEMENT_3D ( 'NONE', #10406, #1384, #4592 ) ;
#1379 = PRESENTATION_STYLE_ASSIGNMENT (( #9636 ) ) ;
#1380 = DIRECTION ( 'NONE',  ( 0.000000000000000000, -1.000000000000000000, 2.220446049250309876E-16 ) ) ;
#1381 = EDGE_CURVE ( 'NONE', #1373, #1339, #5181, .T. ) ;
#1382 = FILL_AREA_STYLE_COLOUR ( '', #5131 ) ;
#1383 = PRESENTATION_STYLE_ASSIGNMENT (( #9529 ) ) ;
#1384 = DIRECTION ( 'NONE',  ( 0.000000000000000000, 0.000000000000000000, -1.000000000000000000 ) ) ;
#1385 = DIRECTION ( 'NONE',  ( 1.000000000000000000, 0.000000000000000000, 0.000000000000000000 ) ) ;
#1386 = PRESENTATION_LAYER_ASSIGNMENT (  '', '', ( #6641 ) ) ;
#1387 = VERTEX_POINT ( 'NONE', #9106 ) ;
#1388 = ORIENTED_EDGE ( 'NONE', *, *, #360, .T. ) ;
#1389 =( GEOMETRIC_REPRESENTATION_CONTEXT ( 3 ) GLOBAL_UNCERTAINTY_ASSIGNED_CONTEXT ( ( #4849 ) ) GLOBAL_UNIT_ASSIGNED_CONTEXT ( ( #5958, #2705, #6901 ) ) REPRESENTATION_CONTEXT ( 'NONE', 'WORKASPACE' ) );
#1390 = VERTEX_POINT ( 'NONE', #7469 ) ;
#1391 = AXIS2_PLACEMENT_3D ( 'NONE', #6713, #10779, #837 ) ;
#1392 = VECTOR ( 'NONE', #679, 1000.000000000000000 ) ;
#1393 = CARTESIAN_POINT ( 'NONE',  ( -42.73771170588249646, 16.63451869865799537, 3.745000000010996644 ) ) ;
#1394 = DIRECTION ( 'NONE',  ( 1.000000000000000000, 0.000000000000000000, 0.000000000000000000 ) ) ;
#1395 = STYLED_ITEM ( 'NONE', ( #10591 ), #7208 ) ;
#1396 = AXIS2_PLACEMENT_3D ( 'NONE', #2675, #9865, #5733 ) ;
#1397 = LINE ( 'NONE', #3181, #548 ) ;
#1398 = ORIENTED_EDGE ( 'NONE', *, *, #2060, .T. ) ;
#1399 = AXIS2_PLACEMENT_3D ( 'NONE', #10168, #6984, #10221 ) ;
#1400 = EDGE_LOOP ( 'NONE', ( #10119, #3107, #5689, #10217 ) ) ;
#1401 =( GEOMETRIC_REPRESENTATION_CONTEXT ( 3 ) GLOBAL_UNCERTAINTY_ASSIGNED_CONTEXT ( ( #2106 ) ) GLOBAL_UNIT_ASSIGNED_CONTEXT ( ( #2798, #9271, #5298 ) ) REPRESENTATION_CONTEXT ( 'NONE', 'WORKASPACE' ) );
#1402 = ORIENTED_EDGE ( 'NONE', *, *, #10074, .F. ) ;
#1403 = COLOUR_RGB ( '',1.000000000000000000, 0.9568627450980391469, 0.8862745098039215286 ) ;
#1404 = FACE_BOUND ( 'NONE', #1892, .T. ) ;
#1405 = PRESENTATION_STYLE_ASSIGNMENT (( #577 ) ) ;
#1406 = EDGE_CURVE ( 'NONE', #7375, #1675, #6502, .T. ) ;
#1407 = DIRECTION ( 'NONE',  ( 1.000000000000000000, 0.000000000000000000, 0.000000000000000000 ) ) ;
#1408 =( NAMED_UNIT ( * ) PLANE_ANGLE_UNIT ( ) SI_UNIT ( $, .RADIAN. ) );
#1409 = VECTOR ( 'NONE', #42, 1000.000000000000000 ) ;
#1410 = FILL_AREA_STYLE_COLOUR ( '', #7211 ) ;
#1411 = FACE_OUTER_BOUND ( 'NONE', #6746, .T. ) ;
#1412 = DIRECTION ( 'NONE',  ( 0.000000000000000000, 2.220446049250309876E-16, 1.000000000000000000 ) ) ;
#1413 = AXIS2_PLACEMENT_3D ( 'NONE', #7987, #10398, #5555 ) ;
#1414 = ORIENTED_EDGE ( 'NONE', *, *, #2599, .F. ) ;
#1415 = FILL_AREA_STYLE_COLOUR ( '', #3336 ) ;
#1416 = UNCERTAINTY_MEASURE_WITH_UNIT (LENGTH_MEASURE( 1.000000000000000082E-05 ), #9995, 'distance_accuracy_value', 'NONE');
#1417 = AXIS2_PLACEMENT_3D ( 'NONE', #480, #10504, #10441 ) ;
#1418 = AXIS2_PLACEMENT_3D ( 'NONE', #2757, #10250, #7769 ) ;
#1419 = AXIS2_PLACEMENT_3D ( 'NONE', #6248, #1202, #3751 ) ;
#1420 = CARTESIAN_POINT ( 'NONE',  ( -46.04026666726100103, 9.294518698657999067, 5.135000000010998988 ) ) ;
#1421 = SURFACE_STYLE_FILL_AREA ( #1649 ) ;
#1422 = ORIENTED_EDGE ( 'NONE', *, *, #9131, .T. ) ;
#1423 = CIRCLE ( 'NONE', #1778, 2.000000000000001776 ) ;
#1424 = FILL_AREA_STYLE ('',( #4074 ) ) ;
#1425 = DIRECTION ( 'NONE',  ( 1.000000000000000000, 0.000000000000000000, 0.000000000000000000 ) ) ;
#1426 = VECTOR ( 'NONE', #1380, 1000.000000000000000 ) ;
#1427 = VERTEX_POINT ( 'NONE', #5023 ) ;
#1428 = AXIS2_PLACEMENT_3D ( 'NONE', #8021, #4766, #5743 ) ;
#1429 = ORIENTED_EDGE ( 'NONE', *, *, #2006, .F. ) ;
#1430 = PRESENTATION_STYLE_ASSIGNMENT (( #3325 ) ) ;
#1431 =( GEOMETRIC_REPRESENTATION_CONTEXT ( 3 ) GLOBAL_UNCERTAINTY_ASSIGNED_CONTEXT ( ( #3128 ) ) GLOBAL_UNIT_ASSIGNED_CONTEXT ( ( #2462, #10012, #782 ) ) REPRESENTATION_CONTEXT ( 'NONE', 'WORKASPACE' ) );
#1432 = EDGE_CURVE ( 'NONE', #1999, #1288, #3179, .T. ) ;
#1433 = CARTESIAN_POINT ( 'NONE',  ( -14.90026666726099869, 16.78042790316279920, 3.955000000010998384 ) ) ;
#1434 = PRESENTATION_LAYER_ASSIGNMENT (  '', '', ( #7732 ) ) ;
#1435 = EDGE_CURVE ( 'NONE', #7448, #4746, #804, .T. ) ;
#1436 = SURFACE_SIDE_STYLE ('',( #554 ) ) ;
#1437 = CARTESIAN_POINT ( 'NONE',  ( 0.5500000000000000444, 11.29999999999999893, -9.174018382569650817E-17 ) ) ;
#1438 = SURFACE_STYLE_FILL_AREA ( #10562 ) ;
#1439 = FACE_OUTER_BOUND ( 'NONE', #177, .T. ) ;
#1440 = DIRECTION ( 'NONE',  ( 0.000000000000000000, -1.000000000000000000, 0.000000000000000000 ) ) ;
#1441 = DIRECTION ( 'NONE',  ( 0.000000000000000000, 2.220446049250309876E-16, 1.000000000000000000 ) ) ;
#1442 =( LENGTH_UNIT ( ) NAMED_UNIT ( * ) SI_UNIT ( .MILLI., .METRE. ) );
#1443 = VERTEX_POINT ( 'NONE', #844 ) ;
#1444 = EDGE_CURVE ( 'NONE', #5763, #7210, #1497, .T. ) ;
#1445 = ORIENTED_EDGE ( 'NONE', *, *, #9999, .T. ) ;
#1446 = ADVANCED_FACE ( 'NONE', ( #667 ), #9807, .F. ) ;
#1447 = ADVANCED_FACE ( 'NONE', ( #4911 ), #8214, .F. ) ;
#1448 =( LENGTH_UNIT ( ) NAMED_UNIT ( * ) SI_UNIT ( .MILLI., .METRE. ) );
#1449 = AXIS2_PLACEMENT_3D ( 'NONE', #9894, #4836, #8255 ) ;
#1450 = PRESENTATION_STYLE_ASSIGNMENT (( #5627 ) ) ;
#1451 = CARTESIAN_POINT ( 'NONE',  ( -26.97854998418979733, 3.714518698657950146, 3.745000000010996644 ) ) ;
#1452 = CARTESIAN_POINT ( 'NONE',  ( -0.9449999999999999512, 5.299999999999999822, 1.275000000000000133 ) ) ;
#1453 = SURFACE_STYLE_USAGE ( .BOTH. , #5675 ) ;
#1454 = DIRECTION ( 'NONE',  ( 0.000000000000000000, 2.220446049250309876E-16, 1.000000000000000000 ) ) ;
#1455 = UNCERTAINTY_MEASURE_WITH_UNIT (LENGTH_MEASURE( 1.000000000000000082E-05 ), #5156, 'distance_accuracy_value', 'NONE');
#1456 = ORIENTED_EDGE ( 'NONE', *, *, #6410, .F. ) ;
#1457 =( LENGTH_UNIT ( ) NAMED_UNIT ( * ) SI_UNIT ( .MILLI., .METRE. ) );
#1458 = EDGE_CURVE ( 'NONE', #5308, #7289, #2789, .T. ) ;
#1459 = VECTOR ( 'NONE', #5536, 1000.000000000000000 ) ;
#1460 = ORIENTED_EDGE ( 'NONE', *, *, #2140, .T. ) ;
#1461 = VERTEX_POINT ( 'NONE', #1948 ) ;
#1462 = FILL_AREA_STYLE ('',( #741 ) ) ;
#1463 = CARTESIAN_POINT ( 'NONE',  ( -15.74029191166209962, 2.755277039305740416, 3.955000000010998384 ) ) ;
#1464 = SURFACE_STYLE_USAGE ( .BOTH. , #625 ) ;
#1465 = STYLED_ITEM ( 'NONE', ( #6139 ), #78 ) ;
#1466 = DIRECTION ( 'NONE',  ( 0.000000000000000000, 2.220446049250309876E-16, 1.000000000000000000 ) ) ;
#1467 = CARTESIAN_POINT ( 'NONE',  ( -48.84026666726100530, 0.1945186986579429955, 5.145000000010998775 ) ) ;
#1468 = FILL_AREA_STYLE_COLOUR ( '', #9145 ) ;
#1469 = ORIENTED_EDGE ( 'NONE', *, *, #2769, .F. ) ;
#1470 = EDGE_CURVE ( 'NONE', #4884, #5446, #2849, .T. ) ;
#1471 = DIRECTION ( 'NONE',  ( 0.000000000000000000, -1.000000000000000000, 4.336808689942013792E-16 ) ) ;
#1472 = FILL_AREA_STYLE ('',( #8344 ) ) ;
#1473 = MECHANICAL_DESIGN_GEOMETRIC_PRESENTATION_REPRESENTATION (  '', ( #3942 ), #2562 ) ;
#1474 =( NAMED_UNIT ( * ) PLANE_ANGLE_UNIT ( ) SI_UNIT ( $, .RADIAN. ) );
#1475 =( LENGTH_UNIT ( ) NAMED_UNIT ( * ) SI_UNIT ( .MILLI., .METRE. ) );
#1476 = LINE ( 'NONE', #8084, #7633 ) ;
#1477 = VERTEX_POINT ( 'NONE', #10115 ) ;
#1478 = VECTOR ( 'NONE', #5995, 1000.000000000000000 ) ;
#1479 = CARTESIAN_POINT ( 'NONE',  ( -14.90026666726099869, 11.70042790316279913, 3.955000000010998384 ) ) ;
#1480 = FILL_AREA_STYLE_COLOUR ( '', #106 ) ;
#1481 = ORIENTED_EDGE ( 'NONE', *, *, #4543, .T. ) ;
#1482 = ADVANCED_FACE ( 'NONE', ( #269 ), #1170, .T. ) ;
#1483 = EDGE_LOOP ( 'NONE', ( #1729, #9018, #229, #10244 ) ) ;
#1484 = SURFACE_SIDE_STYLE ('',( #5312 ) ) ;
#1485 = FACE_BOUND ( 'NONE', #821, .T. ) ;
#1486 = FILL_AREA_STYLE ('',( #4787 ) ) ;
#1487 = CARTESIAN_POINT ( 'NONE',  ( -48.84026666726100530, 26.27451869865799949, 5.135000000010998988 ) ) ;
#1488 = DIRECTION ( 'NONE',  ( 0.000000000000000000, -1.000000000000000000, 4.336808689942017736E-16 ) ) ;
#1489 = CARTESIAN_POINT ( 'NONE',  ( -14.90026666726099869, 17.78042790316279920, 3.955000000010998384 ) ) ;
#1490 = FILL_AREA_STYLE_COLOUR ( '', #1073 ) ;
#1491 = LINE ( 'NONE', #4086, #2440 ) ;
#1492 = COLOUR_RGB ( '',1.000000000000000000, 0.9568627450980391469, 0.8862745098039215286 ) ;
#1493 = ORIENTED_EDGE ( 'NONE', *, *, #9351, .T. ) ;
#1494 = ORIENTED_EDGE ( 'NONE', *, *, #3345, .T. ) ;
#1495 = SURFACE_STYLE_USAGE ( .BOTH. , #5782 ) ;
#1496 = CARTESIAN_POINT ( 'NONE',  ( -26.77854998418979804, 4.514518698657940199, 3.745000000010996644 ) ) ;
#1497 = CIRCLE ( 'NONE', #10407, 0.1999999999999987899 ) ;
#1498 = DIRECTION ( 'NONE',  ( -1.000000000000000000, 0.000000000000000000, 0.000000000000000000 ) ) ;
#1499 = FILL_AREA_STYLE ('',( #6340 ) ) ;
#1500 = PRESENTATION_STYLE_ASSIGNMENT (( #3400 ) ) ;
#1501 = CARTESIAN_POINT ( 'NONE',  ( -14.90026666726099869, 14.24042790316280005, 3.955000000010998384 ) ) ;
#1502 = EDGE_CURVE ( 'NONE', #4015, #2795, #3446, .T. ) ;
#1503 = EDGE_CURVE ( 'NONE', #10747, #4804, #10061, .T. ) ;
#1504 = DIRECTION ( 'NONE',  ( 0.000000000000000000, -1.000000000000000000, 0.000000000000000000 ) ) ;
#1505 = CARTESIAN_POINT ( 'NONE',  ( -42.73771170588249646, 19.03451869865800106, 3.745000000010996644 ) ) ;
#1506 = ORIENTED_EDGE ( 'NONE', *, *, #217, .T. ) ;
#1507 =( LENGTH_UNIT ( ) NAMED_UNIT ( * ) SI_UNIT ( .MILLI., .METRE. ) );
#1508 = AXIS2_PLACEMENT_3D ( 'NONE', #9639, #8814, #445 ) ;
#1509 = ORIENTED_EDGE ( 'NONE', *, *, #4076, .F. ) ;
#1510 = ORIENTED_EDGE ( 'NONE', *, *, #7012, .F. ) ;
#1511 = DIRECTION ( 'NONE',  ( 0.000000000000000000, -1.000000000000000000, 0.000000000000000000 ) ) ;
#1512 = PRESENTATION_STYLE_ASSIGNMENT (( #3087 ) ) ;
#1513 = PLANE ( 'NONE',  #6414 ) ;
#1514 = MECHANICAL_DESIGN_GEOMETRIC_PRESENTATION_REPRESENTATION (  '', ( #2596 ), #3982 ) ;
#1515 = EDGE_CURVE ( 'NONE', #3454, #4947, #4306, .T. ) ;
#1516 = SURFACE_STYLE_USAGE ( .BOTH. , #5685 ) ;
#1517 =( LENGTH_UNIT ( ) NAMED_UNIT ( * ) SI_UNIT ( .MILLI., .METRE. ) );
#1519 = CYLINDRICAL_SURFACE ( 'NONE', #585, 0.9999999999999991118 ) ;
#1518 = FACE_OUTER_BOUND ( 'NONE', #6096, .T. ) ;
#1520 = SURFACE_STYLE_FILL_AREA ( #9009 ) ;
#1521 = DIRECTION ( 'NONE',  ( 0.000000000000000000, 2.220446049250309876E-16, 1.000000000000000000 ) ) ;
#1522 = ORIENTED_EDGE ( 'NONE', *, *, #9720, .F. ) ;
#1523 = FILL_AREA_STYLE_COLOUR ( '', #5085 ) ;
#1524 = FILL_AREA_STYLE_COLOUR ( '', #2643 ) ;
#1525 = MECHANICAL_DESIGN_GEOMETRIC_PRESENTATION_REPRESENTATION (  '', ( #4338 ), #3125 ) ;
#1526 = AXIS2_PLACEMENT_3D ( 'NONE', #543, #10754, #1594 ) ;
#1527 =( LENGTH_UNIT ( ) NAMED_UNIT ( * ) SI_UNIT ( .MILLI., .METRE. ) );
#1528 = EDGE_CURVE ( 'NONE', #8539, #4980, #3497, .T. ) ;
#1529 =( NAMED_UNIT ( * ) SI_UNIT ( $, .STERADIAN. ) SOLID_ANGLE_UNIT ( ) );
#1530 = DIRECTION ( 'NONE',  ( 0.000000000000000000, -2.220446049250309876E-16, -1.000000000000000000 ) ) ;
#1531 = DIRECTION ( 'NONE',  ( 0.000000000000000000, 2.220446049250309876E-16, 1.000000000000000000 ) ) ;
#1532 = ORIENTED_EDGE ( 'NONE', *, *, #661, .T. ) ;
#1533 = AXIS2_PLACEMENT_3D ( 'NONE', #44, #9191, #3527 ) ;
#1534 =( GEOMETRIC_REPRESENTATION_CONTEXT ( 3 ) GLOBAL_UNCERTAINTY_ASSIGNED_CONTEXT ( ( #7708 ) ) GLOBAL_UNIT_ASSIGNED_CONTEXT ( ( #173, #2906, #1119 ) ) REPRESENTATION_CONTEXT ( 'NONE', 'WORKASPACE' ) );
#1535 = FACE_OUTER_BOUND ( 'NONE', #3718, .T. ) ;
#1536 = ORIENTED_EDGE ( 'NONE', *, *, #10039, .F. ) ;
#1537 = EDGE_LOOP ( 'NONE', ( #7852, #8924, #9455, #1414 ) ) ;
#1538 =( NAMED_UNIT ( * ) SI_UNIT ( $, .STERADIAN. ) SOLID_ANGLE_UNIT ( ) );
#1539 = FACE_OUTER_BOUND ( 'NONE', #7837, .T. ) ;
#1540 = AXIS2_PLACEMENT_3D ( 'NONE', #747, #7588, #5803 ) ;
#1541 = AXIS2_PLACEMENT_3D ( 'NONE', #1624, #2408, #5723 ) ;
#1542 = DIRECTION ( 'NONE',  ( 0.000000000000000000, 1.000000000000000000, 0.000000000000000000 ) ) ;
#1543 = PLANE ( 'NONE',  #9748 ) ;
#1544 = DIRECTION ( 'NONE',  ( 0.000000000000000000, -2.220446049250309876E-16, -1.000000000000000000 ) ) ;
#1545 =( NAMED_UNIT ( * ) SI_UNIT ( $, .STERADIAN. ) SOLID_ANGLE_UNIT ( ) );
#1546 =( NAMED_UNIT ( * ) SI_UNIT ( $, .STERADIAN. ) SOLID_ANGLE_UNIT ( ) );
#1547 = DIRECTION ( 'NONE',  ( 0.000000000000000000, 2.220446049250309876E-16, 1.000000000000000000 ) ) ;
#1548 =( GEOMETRIC_REPRESENTATION_CONTEXT ( 3 ) GLOBAL_UNCERTAINTY_ASSIGNED_CONTEXT ( ( #6099 ) ) GLOBAL_UNIT_ASSIGNED_CONTEXT ( ( #9892, #6031, #9565 ) ) REPRESENTATION_CONTEXT ( 'NONE', 'WORKASPACE' ) );
#1549 = AXIS2_PLACEMENT_3D ( 'NONE', #8257, #10768, #3330 ) ;
#1550 = EDGE_LOOP ( 'NONE', ( #5007, #8138 ) ) ;
#1551 =( LENGTH_UNIT ( ) NAMED_UNIT ( * ) SI_UNIT ( .MILLI., .METRE. ) );
#1552 = VERTEX_POINT ( 'NONE', #7683 ) ;
#1553 = CARTESIAN_POINT ( 'NONE',  ( -15.74029191166209962, 25.09527703930580245, 3.955000000010997496 ) ) ;
#1554 = DIRECTION ( 'NONE',  ( 0.000000000000000000, -2.220446049250309876E-16, -1.000000000000000000 ) ) ;
#1555 = DIRECTION ( 'NONE',  ( 0.000000000000000000, -2.220446049250309876E-16, -1.000000000000000000 ) ) ;
#1556 = SURFACE_STYLE_USAGE ( .BOTH. , #7470 ) ;
#1557 = LINE ( 'NONE', #2355, #8279 ) ;
#1558 = DIRECTION ( 'NONE',  ( 0.000000000000000000, 1.000000000000000000, -2.220446049250309876E-16 ) ) ;
#1559 = FILL_AREA_STYLE ('',( #10731 ) ) ;
#1560 = UNCERTAINTY_MEASURE_WITH_UNIT (LENGTH_MEASURE( 1.000000000000000082E-05 ), #9696, 'distance_accuracy_value', 'NONE');
#1561 = VERTEX_POINT ( 'NONE', #2123 ) ;
#1562 = STYLED_ITEM ( 'NONE', ( #6074 ), #6934 ) ;
#1563 =( NAMED_UNIT ( * ) PLANE_ANGLE_UNIT ( ) SI_UNIT ( $, .RADIAN. ) );
#1564 = AXIS2_PLACEMENT_3D ( 'NONE', #4704, #3130, #6400 ) ;
#1565 = ORIENTED_EDGE ( 'NONE', *, *, #2482, .T. ) ;
#1566 = ORIENTED_EDGE ( 'NONE', *, *, #5755, .F. ) ;
#1567 = CARTESIAN_POINT ( 'NONE',  ( -14.90026666726099869, 12.70042790316279913, 5.145000000010998775 ) ) ;
#1568 =( GEOMETRIC_REPRESENTATION_CONTEXT ( 3 ) GLOBAL_UNCERTAINTY_ASSIGNED_CONTEXT ( ( #10386 ) ) GLOBAL_UNIT_ASSIGNED_CONTEXT ( ( #3849, #8727, #10539 ) ) REPRESENTATION_CONTEXT ( 'NONE', 'WORKASPACE' ) );
#1569 = EDGE_CURVE ( 'NONE', #7220, #534, #1282, .T. ) ;
#1570 = SURFACE_SIDE_STYLE ('',( #1731 ) ) ;
#1571 = CARTESIAN_POINT ( 'NONE',  ( 0.000000000000000000, 11.29999999999999893, 0.000000000000000000 ) ) ;
#1572 = EDGE_CURVE ( 'NONE', #9221, #633, #267, .T. ) ;
#1573 = CIRCLE ( 'NONE', #3003, 0.9999999999999991118 ) ;
#1574 = VECTOR ( 'NONE', #3518, 1000.000000000000000 ) ;
#1575 = CARTESIAN_POINT ( 'NONE',  ( 0.4833333333333340032, 0.03333333333333389492, 0.4833333333333340032 ) ) ;
#1576 = PRESENTATION_STYLE_ASSIGNMENT (( #4216 ) ) ;
#1577 =( GEOMETRIC_REPRESENTATION_CONTEXT ( 3 ) GLOBAL_UNCERTAINTY_ASSIGNED_CONTEXT ( ( #8240 ) ) GLOBAL_UNIT_ASSIGNED_CONTEXT ( ( #1457, #9655, #3599 ) ) REPRESENTATION_CONTEXT ( 'NONE', 'WORKASPACE' ) );
#1578 = LINE ( 'NONE', #6567, #1880 ) ;
#1579 = SURFACE_SIDE_STYLE ('',( #9066 ) ) ;
#1580 = SURFACE_STYLE_FILL_AREA ( #3196 ) ;
#1581 =( GEOMETRIC_REPRESENTATION_CONTEXT ( 3 ) GLOBAL_UNCERTAINTY_ASSIGNED_CONTEXT ( ( #4628 ) ) GLOBAL_UNIT_ASSIGNED_CONTEXT ( ( #8769, #7159, #8943 ) ) REPRESENTATION_CONTEXT ( 'NONE', 'WORKASPACE' ) );
#1582 = EDGE_LOOP ( 'NONE', ( #3380, #10326 ) ) ;
#1583 = DIRECTION ( 'NONE',  ( -1.000000000000000000, 0.000000000000000000, 0.000000000000000000 ) ) ;
#1584 = VECTOR ( 'NONE', #3250, 1000.000000000000000 ) ;
#1585 = PRESENTATION_STYLE_ASSIGNMENT (( #9828 ) ) ;
#1586 = APPLICATION_CONTEXT ( 'automotive_design' ) ;
#1587 = EDGE_CURVE ( 'NONE', #10307, #10069, #8663, .T. ) ;
#1588 = CARTESIAN_POINT ( 'NONE',  ( 0.000000000000000000, 11.05000000000000071, 0.000000000000000000 ) ) ;
#1589 = LINE ( 'NONE', #2322, #6043 ) ;
#1590 = VECTOR ( 'NONE', #5707, 1000.000000000000000 ) ;
#1591 = STYLED_ITEM ( 'NONE', ( #4684 ), #5265 ) ;
#1592 = LINE ( 'NONE', #9375, #2068 ) ;
#1593 = PRESENTATION_LAYER_ASSIGNMENT (  '', '', ( #5956 ) ) ;
#1594 = DIRECTION ( 'NONE',  ( 0.000000000000000000, 1.000000000000000000, 0.000000000000000000 ) ) ;
#1595 = MECHANICAL_DESIGN_GEOMETRIC_PRESENTATION_REPRESENTATION (  '', ( #2674 ), #5455 ) ;
#1596 = DIRECTION ( 'NONE',  ( 0.000000000000000000, 1.000000000000000000, -2.220446049250309876E-16 ) ) ;
#1597 = DIRECTION ( 'NONE',  ( 0.000000000000000000, -1.000000000000000000, 2.220446049250309876E-16 ) ) ;
#1598 = EDGE_LOOP ( 'NONE', ( #4806, #4758, #6615, #9534 ) ) ;
#1599 = CARTESIAN_POINT ( 'NONE',  ( -21.74029191166209785, 0.2731217296590396360, 3.945000000010995933 ) ) ;
#1600 =( NAMED_UNIT ( * ) SI_UNIT ( $, .STERADIAN. ) SOLID_ANGLE_UNIT ( ) );
#1601 = VERTEX_POINT ( 'NONE', #3064 ) ;
#1602 = ORIENTED_EDGE ( 'NONE', *, *, #5973, .T. ) ;
#1603 = CARTESIAN_POINT ( 'NONE',  ( -19.70302962540589675, 9.114518698657999352, 3.145000000011000107 ) ) ;
#1604 = EDGE_CURVE ( 'NONE', #10514, #4755, #1225, .T. ) ;
#1605 = ADVANCED_FACE ( 'NONE', ( #10519 ), #4591, .F. ) ;
#1606 = AXIS2_PLACEMENT_3D ( 'NONE', #3969, #9019, #2386 ) ;
#1607 = DIRECTION ( 'NONE',  ( 0.000000000000000000, 0.000000000000000000, 1.000000000000000000 ) ) ;
#1608 = VECTOR ( 'NONE', #6950, 1000.000000000000000 ) ;
#1609 = CIRCLE ( 'NONE', #5642, 0.1999999999999987899 ) ;
#1610 = DIRECTION ( 'NONE',  ( 0.000000000000000000, 2.220446049250309876E-16, 1.000000000000000000 ) ) ;
#1611 = FILL_AREA_STYLE ('',( #6708 ) ) ;
#1612 = CARTESIAN_POINT ( 'NONE',  ( -41.78771170588249362, 15.03451869865800106, 3.545000000010997798 ) ) ;
#1613 =( NAMED_UNIT ( * ) SI_UNIT ( $, .STERADIAN. ) SOLID_ANGLE_UNIT ( ) );
#1614 = ORIENTED_EDGE ( 'NONE', *, *, #4468, .F. ) ;
#1615 = UNCERTAINTY_MEASURE_WITH_UNIT (LENGTH_MEASURE( 1.000000000000000082E-05 ), #640, 'distance_accuracy_value', 'NONE');
#1616 = SURFACE_STYLE_USAGE ( .BOTH. , #8366 ) ;
#1617 = ADVANCED_FACE ( 'NONE', ( #7938 ), #333, .F. ) ;
#1618 = AXIS2_PLACEMENT_3D ( 'NONE', #1505, #3127, #6611 ) ;
#1619 = DIRECTION ( 'NONE',  ( 0.000000000000000000, 2.220446049250309876E-16, 1.000000000000000000 ) ) ;
#1620 = ORIENTED_EDGE ( 'NONE', *, *, #1444, .T. ) ;
#1621 = CARTESIAN_POINT ( 'NONE',  ( -45.84026666726099819, 18.58451869865799821, 2.545000000010996910 ) ) ;
#1622 = FACE_OUTER_BOUND ( 'NONE', #984, .T. ) ;
#1623 = DIRECTION ( 'NONE',  ( 0.000000000000000000, -1.000000000000000000, 2.220446049250309876E-16 ) ) ;
#1624 = CARTESIAN_POINT ( 'NONE',  ( -15.74029191166209962, 23.09527703930579889, 3.945000000010995045 ) ) ;
#1625 = PRESENTATION_LAYER_ASSIGNMENT (  '', '', ( #2168 ) ) ;
#1626 = CARTESIAN_POINT ( 'NONE',  ( -45.84026666726099819, 18.88451869865799893, 2.745000000010995755 ) ) ;
#1627 = DIRECTION ( 'NONE',  ( 1.000000000000000000, 0.000000000000000000, 0.000000000000000000 ) ) ;
#1628 = ORIENTED_EDGE ( 'NONE', *, *, #7600, .F. ) ;
#1629 = DIRECTION ( 'NONE',  ( 1.446364879034132372E-61, -4.926439913641934043E-47, 1.000000000000000000 ) ) ;
#1630 = EDGE_CURVE ( 'NONE', #3488, #5475, #3977, .T. ) ;
#1631 = ORIENTED_EDGE ( 'NONE', *, *, #9649, .F. ) ;
#1632 = ORIENTED_EDGE ( 'NONE', *, *, #8500, .T. ) ;
#1633 =( NAMED_UNIT ( * ) SI_UNIT ( $, .STERADIAN. ) SOLID_ANGLE_UNIT ( ) );
#1634 = LINE ( 'NONE', #2419, #3396 ) ;
#1635 = CARTESIAN_POINT ( 'NONE',  ( -26.97854998418979733, 3.714518698657950146, 3.345000000010998953 ) ) ;
#1636 = SURFACE_STYLE_USAGE ( .BOTH. , #5805 ) ;
#1637 = FACE_OUTER_BOUND ( 'NONE', #6936, .T. ) ;
#1638 = SURFACE_SIDE_STYLE ('',( #9924 ) ) ;
#1639 = PRESENTATION_LAYER_ASSIGNMENT (  '', '', ( #2185 ) ) ;
#1640 = AXIS2_PLACEMENT_3D ( 'NONE', #305, #3912, #7970 ) ;
#1641 = SURFACE_STYLE_FILL_AREA ( #6735 ) ;
#1642 = DIRECTION ( 'NONE',  ( 0.000000000000000000, 1.000000000000000000, -4.336808689942013792E-16 ) ) ;
#1643 = ORIENTED_EDGE ( 'NONE', *, *, #8194, .T. ) ;
#1644 = DIRECTION ( 'NONE',  ( 0.000000000000000000, -2.220446049250309876E-16, -1.000000000000000000 ) ) ;
#1645 = UNCERTAINTY_MEASURE_WITH_UNIT (LENGTH_MEASURE( 1.000000000000000082E-05 ), #9181, 'distance_accuracy_value', 'NONE');
#1646 = DIRECTION ( 'NONE',  ( -1.000000000000000000, 0.000000000000000000, 0.000000000000000000 ) ) ;
#1647 = CYLINDRICAL_SURFACE ( 'NONE', #5528, 0.1999999999999987899 ) ;
#1648 = MECHANICAL_DESIGN_GEOMETRIC_PRESENTATION_REPRESENTATION (  '', ( #7412 ), #2007 ) ;
#1649 = FILL_AREA_STYLE ('',( #2437 ) ) ;
#1650 = ORIENTED_EDGE ( 'NONE', *, *, #9936, .F. ) ;
#1651 = EDGE_CURVE ( 'NONE', #9011, #262, #7043, .T. ) ;
#1652 = VERTEX_POINT ( 'NONE', #8256 ) ;
#1653 = EDGE_CURVE ( 'NONE', #7289, #1676, #10042, .T. ) ;
#1654 =( REPRESENTATION_RELATIONSHIP ('NONE','NONE', #910, #8424 ) REPRESENTATION_RELATIONSHIP_WITH_TRANSFORMATION ( #8757 )SHAPE_REPRESENTATION_RELATIONSHIP( ) );
#1655 = ADVANCED_FACE ( 'NONE', ( #2514 ), #4082, .F. ) ;
#1656 = ORIENTED_EDGE ( 'NONE', *, *, #4646, .T. ) ;
#1657 = DIRECTION ( 'NONE',  ( 0.000000000000000000, 1.000000000000000000, 0.000000000000000000 ) ) ;
#1658 = AXIS2_PLACEMENT_3D ( 'NONE', #4166, #7712, #4329 ) ;
#1659 = CARTESIAN_POINT ( 'NONE',  ( -21.74029191166209785, 2.773121729659039580, 2.145000000010999219 ) ) ;
#1660 = AXIS2_PLACEMENT_3D ( 'NONE', #407, #7217, #8775 ) ;
#1661 = LINE ( 'NONE', #602, #8600 ) ;
#1662 = PRESENTATION_STYLE_ASSIGNMENT (( #3167 ) ) ;
#1663 = EDGE_CURVE ( 'NONE', #849, #7798, #5709, .T. ) ;
#1664 = CARTESIAN_POINT ( 'NONE',  ( -22.88026666726100089, 6.294518698657999956, 5.135000000010998988 ) ) ;
#1665 = AXIS2_PLACEMENT_3D ( 'NONE', #6672, #6836, #857 ) ;
#1666 = ORIENTED_EDGE ( 'NONE', *, *, #10657, .F. ) ;
#1667 = SURFACE_SIDE_STYLE ('',( #1770 ) ) ;
#1668 = EDGE_LOOP ( 'NONE', ( #1351, #9373, #552, #8674 ) ) ;
#1669 =( NAMED_UNIT ( * ) SI_UNIT ( $, .STERADIAN. ) SOLID_ANGLE_UNIT ( ) );
#1670 = FILL_AREA_STYLE ('',( #8268 ) ) ;
#1671 = FACE_OUTER_BOUND ( 'NONE', #1195, .T. ) ;
#1672 = DIRECTION ( 'NONE',  ( -2.902543855229169933E-16, -1.000000000000000000, 2.220446049250309876E-16 ) ) ;
#1673 = EDGE_CURVE ( 'NONE', #10780, #10734, #452, .T. ) ;
#1674 =( GEOMETRIC_REPRESENTATION_CONTEXT ( 3 ) GLOBAL_UNCERTAINTY_ASSIGNED_CONTEXT ( ( #8710 ) ) GLOBAL_UNIT_ASSIGNED_CONTEXT ( ( #1067, #8541, #3611 ) ) REPRESENTATION_CONTEXT ( 'NONE', 'WORKASPACE' ) );
#1675 = VERTEX_POINT ( 'NONE', #8095 ) ;
#1676 = VERTEX_POINT ( 'NONE', #4184 ) ;
#1677 = EDGE_LOOP ( 'NONE', ( #6224, #5171, #10017, #4781 ) ) ;
#1678 = CARTESIAN_POINT ( 'NONE',  ( -45.84026666726099819, 18.38451869865799893, 2.745000000010995755 ) ) ;
#1679 = AXIS2_PLACEMENT_3D ( 'NONE', #2420, #7430, #72 ) ;
#1680 = CARTESIAN_POINT ( 'NONE',  ( -14.90026666726099869, 15.78042790316279742, 3.955000000010998384 ) ) ;
#1681 = LINE ( 'NONE', #4154, #3951 ) ;
#1682 = CARTESIAN_POINT ( 'NONE',  ( -48.84026666726100530, 0.1945186986579429955, 3.945000000010995045 ) ) ;
#1683 = CARTESIAN_POINT ( 'NONE',  ( -29.47854998418979733, 3.014518698657940199, 3.945000000010995045 ) ) ;
#1684 = EDGE_CURVE ( 'NONE', #4991, #4428, #2450, .T. ) ;
#1685 = FILL_AREA_STYLE_COLOUR ( '', #10182 ) ;
#1686 = VECTOR ( 'NONE', #10527, 1000.000000000000000 ) ;
#1687 = UNCERTAINTY_MEASURE_WITH_UNIT (LENGTH_MEASURE( 1.000000000000000082E-05 ), #6761, 'distance_accuracy_value', 'NONE');
#1688 = ORIENTED_EDGE ( 'NONE', *, *, #7733, .F. ) ;
#1689 = DIRECTION ( 'NONE',  ( 0.000000000000000000, 1.000000000000000000, 0.000000000000000000 ) ) ;
#1690 = DIRECTION ( 'NONE',  ( 0.000000000000000000, 2.220446049250309876E-16, 1.000000000000000000 ) ) ;
#1691 = VECTOR ( 'NONE', #550, 1000.000000000000000 ) ;
#1692 = LINE ( 'NONE', #10697, #2465 ) ;
#1693 = CARTESIAN_POINT ( 'NONE',  ( -14.90026666726099869, 12.18042790316279778, 5.135000000010998988 ) ) ;
#1694 = VECTOR ( 'NONE', #9248, 1000.000000000000000 ) ;
#1695 = FILL_AREA_STYLE_COLOUR ( '', #9258 ) ;
#1696 = SURFACE_STYLE_FILL_AREA ( #4279 ) ;
#1697 = FACE_OUTER_BOUND ( 'NONE', #8000, .T. ) ;
#1698 = ORIENTED_EDGE ( 'NONE', *, *, #7442, .F. ) ;
#1699 = SURFACE_STYLE_FILL_AREA ( #8300 ) ;
#1700 = ORIENTED_EDGE ( 'NONE', *, *, #10313, .T. ) ;
#1701 = AXIS2_PLACEMENT_3D ( 'NONE', #314, #2170, #9517 ) ;
#1702 = CARTESIAN_POINT ( 'NONE',  ( -14.90026666726099869, 14.24042790316280005, 3.955000000010998384 ) ) ;
#1703 = DIRECTION ( 'NONE',  ( 0.000000000000000000, 2.220446049250309876E-16, 1.000000000000000000 ) ) ;
#1704 = ADVANCED_FACE ( 'NONE', ( #5833 ), #10667, .F. ) ;
#1705 = STYLED_ITEM ( 'NONE', ( #10073 ), #9526 ) ;
#1706 =( NAMED_UNIT ( * ) SI_UNIT ( $, .STERADIAN. ) SOLID_ANGLE_UNIT ( ) );
#1707 = VECTOR ( 'NONE', #9612, 1000.000000000000000 ) ;
#1708 = EDGE_CURVE ( 'NONE', #6816, #4658, #2243, .T. ) ;
#1709 = DIRECTION ( 'NONE',  ( 0.000000000000000000, 2.220446049250309876E-16, 1.000000000000000000 ) ) ;
#1710 = PLANE ( 'NONE',  #3654 ) ;
#1711 = SURFACE_SIDE_STYLE ('',( #3227 ) ) ;
#1712 = ORIENTED_EDGE ( 'NONE', *, *, #3540, .F. ) ;
#1713 = AXIS2_PLACEMENT_3D ( 'NONE', #8771, #4538, #10363 ) ;
#1714 =( GEOMETRIC_REPRESENTATION_CONTEXT ( 3 ) GLOBAL_UNCERTAINTY_ASSIGNED_CONTEXT ( ( #2741 ) ) GLOBAL_UNIT_ASSIGNED_CONTEXT ( ( #6792, #1804, #10146 ) ) REPRESENTATION_CONTEXT ( 'NONE', 'WORKASPACE' ) );
#1715 = LINE ( 'NONE', #5066, #870 ) ;
#1716 = ORIENTED_EDGE ( 'NONE', *, *, #5871, .T. ) ;
#1717 = EDGE_CURVE ( 'NONE', #9535, #2219, #2612, .T. ) ;
#1718 = PRESENTATION_STYLE_ASSIGNMENT (( #4363 ) ) ;
#1719 = CYLINDRICAL_SURFACE ( 'NONE', #8765, 0.9999999999999991118 ) ;
#1720 = STYLED_ITEM ( 'NONE', ( #5427 ), #9195 ) ;
#1721 = SURFACE_STYLE_USAGE ( .BOTH. , #2406 ) ;
#1722 = COLOUR_RGB ( '',1.000000000000000000, 0.9568627450980391469, 0.8862745098039215286 ) ;
#1723 = FACE_OUTER_BOUND ( 'NONE', #3324, .T. ) ;
#1724 = VERTEX_POINT ( 'NONE', #4408 ) ;
#1725 = DIRECTION ( 'NONE',  ( 0.000000000000000000, -1.000000000000000000, 0.000000000000000000 ) ) ;
#1726 = EDGE_LOOP ( 'NONE', ( #2459, #5676, #3991, #6623, #3264, #5525 ) ) ;
#1727 = ORIENTED_EDGE ( 'NONE', *, *, #7535, .T. ) ;
#1728 = COLOUR_RGB ( '',1.000000000000000000, 0.9568627450980391469, 0.8862745098039215286 ) ;
#1729 = ORIENTED_EDGE ( 'NONE', *, *, #1792, .T. ) ;
#1730 = COLOUR_RGB ( '',1.000000000000000000, 0.7568627450980391913, 0.5647058823529411686 ) ;
#1731 = SURFACE_STYLE_FILL_AREA ( #797 ) ;
#1732 = DIRECTION ( 'NONE',  ( 0.3481553119113945938, 0.8703882797784902037, 0.3481553119113945938 ) ) ;
#1733 = AXIS2_PLACEMENT_3D ( 'NONE', #2377, #2493, #8130 ) ;
#1734 = DIRECTION ( 'NONE',  ( 0.000000000000000000, -1.000000000000000000, 2.220446049250309876E-16 ) ) ;
#1735 = DIRECTION ( 'NONE',  ( -1.000000000000000000, 0.000000000000000000, 0.000000000000000000 ) ) ;
#1736 = CARTESIAN_POINT ( 'NONE',  ( -27.20302962540589675, 26.27451869865799949, 1.285000000010999566 ) ) ;
#1737 =( NAMED_UNIT ( * ) PLANE_ANGLE_UNIT ( ) SI_UNIT ( $, .RADIAN. ) );
#1738 = ORIENTED_EDGE ( 'NONE', *, *, #4434, .F. ) ;
#1739 =( LENGTH_UNIT ( ) NAMED_UNIT ( * ) SI_UNIT ( .MILLI., .METRE. ) );
#1740 = LINE ( 'NONE', #6850, #5604 ) ;
#1741 = ADVANCED_FACE ( 'NONE', ( #1871 ), #982, .F. ) ;
#1742 = VECTOR ( 'NONE', #7154, 1000.000000000000000 ) ;
#1743 =( NAMED_UNIT ( * ) PLANE_ANGLE_UNIT ( ) SI_UNIT ( $, .RADIAN. ) );
#1744 = DIRECTION ( 'NONE',  ( 0.000000000000000000, -2.220446049250309876E-16, -1.000000000000000000 ) ) ;
#1745 = PRESENTATION_STYLE_ASSIGNMENT (( #6081 ) ) ;
#1746 =( LENGTH_UNIT ( ) NAMED_UNIT ( * ) SI_UNIT ( .MILLI., .METRE. ) );
#1747 = DIRECTION ( 'NONE',  ( 0.000000000000000000, -2.220446049250309876E-16, -1.000000000000000000 ) ) ;
#1748 = ORIENTED_EDGE ( 'NONE', *, *, #8861, .T. ) ;
#1749 = SURFACE_SIDE_STYLE ('',( #9239 ) ) ;
#1750 = LINE ( 'NONE', #8843, #4269 ) ;
#1751 = AXIS2_PLACEMENT_3D ( 'NONE', #5538, #7127, #10439 ) ;
#1752 = ORIENTED_EDGE ( 'NONE', *, *, #2140, .F. ) ;
#1753 = FACE_OUTER_BOUND ( 'NONE', #8661, .T. ) ;
#1754 = DIRECTION ( 'NONE',  ( -1.000000000000000000, 0.000000000000000000, 0.000000000000000000 ) ) ;
#1755 = VECTOR ( 'NONE', #6744, 1000.000000000000000 ) ;
#1756 = ADVANCED_FACE ( 'NONE', ( #8362 ), #9353, .F. ) ;
#1757 = MECHANICAL_DESIGN_GEOMETRIC_PRESENTATION_REPRESENTATION (  '', ( #6490 ), #1581 ) ;
#1758 = FILL_AREA_STYLE ('',( #9295 ) ) ;
#1759 =( GEOMETRIC_REPRESENTATION_CONTEXT ( 3 ) GLOBAL_UNCERTAINTY_ASSIGNED_CONTEXT ( ( #1115 ) ) GLOBAL_UNIT_ASSIGNED_CONTEXT ( ( #9994, #1864, #86 ) ) REPRESENTATION_CONTEXT ( 'NONE', 'WORKASPACE' ) );
#1760 = DIRECTION ( 'NONE',  ( 0.000000000000000000, 2.220446049250309876E-16, 1.000000000000000000 ) ) ;
#1761 = DIRECTION ( 'NONE',  ( -1.000000000000000000, 0.000000000000000000, 0.000000000000000000 ) ) ;
#1762 =( NAMED_UNIT ( * ) SI_UNIT ( $, .STERADIAN. ) SOLID_ANGLE_UNIT ( ) );
#1763 = DIRECTION ( 'NONE',  ( 0.000000000000000000, -1.000000000000000000, 2.220446049250309876E-16 ) ) ;
#1764 = PLANE ( 'NONE',  #10048 ) ;
#1765 = MECHANICAL_DESIGN_GEOMETRIC_PRESENTATION_REPRESENTATION (  '', ( #4589 ), #3192 ) ;
#1766 = ORIENTED_EDGE ( 'NONE', *, *, #5326, .T. ) ;
#1767 = AXIS2_PLACEMENT_3D ( 'NONE', #2445, #881, #826 ) ;
#1768 = DIRECTION ( 'NONE',  ( 0.000000000000000000, 2.220446049250309876E-16, 1.000000000000000000 ) ) ;
#1769 = EDGE_CURVE ( 'NONE', #5401, #1137, #1816, .T. ) ;
#1770 = SURFACE_STYLE_FILL_AREA ( #8821 ) ;
#1771 = EDGE_LOOP ( 'NONE', ( #2348, #8951, #1022, #8353 ) ) ;
#1772 = PRESENTATION_LAYER_ASSIGNMENT (  '', '', ( #6153 ) ) ;
#1773 = AXIS2_PLACEMENT_3D ( 'NONE', #9396, #1093, #10200 ) ;
#1774 = CARTESIAN_POINT ( 'NONE',  ( -28.47854998418979733, 3.714518698657950146, 3.345000000010998953 ) ) ;
#1775 = CARTESIAN_POINT ( 'NONE',  ( -39.94026666726099961, 2.394518698657940536, 3.545000000010997798 ) ) ;
#1776 = FILL_AREA_STYLE ('',( #1949 ) ) ;
#1777 = EDGE_LOOP ( 'NONE', ( #8794, #10450, #4120, #2358 ) ) ;
#1778 = AXIS2_PLACEMENT_3D ( 'NONE', #9653, #6236, #8777 ) ;
#1779 =( NAMED_UNIT ( * ) SI_UNIT ( $, .STERADIAN. ) SOLID_ANGLE_UNIT ( ) );
#1780 = VECTOR ( 'NONE', #1027, 1000.000000000000000 ) ;
#1781 = VERTEX_POINT ( 'NONE', #8520 ) ;
#1782 = EDGE_CURVE ( 'NONE', #7885, #2490, #5897, .T. ) ;
#1783 = ADVANCED_FACE ( 'NONE', ( #6150, #8584 ), #1710, .F. ) ;
#1784 = ORIENTED_EDGE ( 'NONE', *, *, #4107, .F. ) ;
#1785 = EDGE_LOOP ( 'NONE', ( #10794, #4852, #4829, #1700 ) ) ;
#1786 = SURFACE_STYLE_USAGE ( .BOTH. , #2636 ) ;
#1787 = AXIS2_PLACEMENT_3D ( 'NONE', #6620, #5800, #10742 ) ;
#1788 = SURFACE_STYLE_USAGE ( .BOTH. , #10442 ) ;
#1789 = LINE ( 'NONE', #9920, #7216 ) ;
#1790 = CARTESIAN_POINT ( 'NONE',  ( 1.344999999999999973, 5.299999999999999822, -0.8750000000000000000 ) ) ;
#1791 = LINE ( 'NONE', #5304, #6027 ) ;
#1792 = EDGE_CURVE ( 'NONE', #1652, #4256, #7032, .T. ) ;
#1793 =( NAMED_UNIT ( * ) SI_UNIT ( $, .STERADIAN. ) SOLID_ANGLE_UNIT ( ) );
#1794 = PLANE ( 'NONE',  #18 ) ;
#1795 = ORIENTED_EDGE ( 'NONE', *, *, #3676, .T. ) ;
#1796 = DIRECTION ( 'NONE',  ( 0.000000000000000000, 2.220446049250309876E-16, 1.000000000000000000 ) ) ;
#1797 = PRESENTATION_LAYER_ASSIGNMENT (  '', '', ( #2345 ) ) ;
#1798 = FILL_AREA_STYLE_COLOUR ( '', #8182 ) ;
#1799 =( NAMED_UNIT ( * ) SI_UNIT ( $, .STERADIAN. ) SOLID_ANGLE_UNIT ( ) );
#1800 = FILL_AREA_STYLE ('',( #1858 ) ) ;
#1801 = FILL_AREA_STYLE ('',( #6537 ) ) ;
#1802 = CARTESIAN_POINT ( 'NONE',  ( -13.24026666726099855, 26.27451869865799949, 5.145000000010998775 ) ) ;
#1803 = VECTOR ( 'NONE', #5560, 1000.000000000000000 ) ;
#1804 =( NAMED_UNIT ( * ) PLANE_ANGLE_UNIT ( ) SI_UNIT ( $, .RADIAN. ) );
#1805 = LINE ( 'NONE', #975, #7645 ) ;
#1806 = DIRECTION ( 'NONE',  ( 0.000000000000000000, -1.000000000000000000, 0.000000000000000000 ) ) ;
#1807 = EDGE_CURVE ( 'NONE', #275, #4610, #8669, .T. ) ;
#1808 = CARTESIAN_POINT ( 'NONE',  ( -46.24026666726099677, 23.13451869865799893, 5.135000000010998988 ) ) ;
#1809 = ORIENTED_EDGE ( 'NONE', *, *, #7146, .T. ) ;
#1810 = CARTESIAN_POINT ( 'NONE',  ( -42.73771170588249646, 18.83451869865799821, 3.145000000011000107 ) ) ;
#1811 = SURFACE_STYLE_USAGE ( .BOTH. , #6088 ) ;
#1812 = CIRCLE ( 'NONE', #7914, 1.600000000000000755 ) ;
#1813 =( NAMED_UNIT ( * ) PLANE_ANGLE_UNIT ( ) SI_UNIT ( $, .RADIAN. ) );
#1814 = LINE ( 'NONE', #10155, #4663 ) ;
#1815 = CARTESIAN_POINT ( 'NONE',  ( -39.00302962540590102, 5.314518698658000417, 3.945000000010995045 ) ) ;
#1816 = LINE ( 'NONE', #5216, #277 ) ;
#1817 = VERTEX_POINT ( 'NONE', #7240 ) ;
#1818 = PRESENTATION_LAYER_ASSIGNMENT (  '', '', ( #7412 ) ) ;
#1819 = EDGE_CURVE ( 'NONE', #8, #1817, #2110, .T. ) ;
#1820 =( LENGTH_UNIT ( ) NAMED_UNIT ( * ) SI_UNIT ( .MILLI., .METRE. ) );
#1821 = FACE_OUTER_BOUND ( 'NONE', #1785, .T. ) ;
#1822 = EDGE_LOOP ( 'NONE', ( #5700, #940, #8563, #10737 ) ) ;
#1823 = DIRECTION ( 'NONE',  ( 0.000000000000000000, 0.000000000000000000, 1.000000000000000000 ) ) ;
#1824 = CARTESIAN_POINT ( 'NONE',  ( -46.24026666726099677, 2.794518698657940003, 3.945000000010995045 ) ) ;
#1825 = PLANE ( 'NONE',  #3515 ) ;
#1826 = ORIENTED_EDGE ( 'NONE', *, *, #4679, .F. ) ;
#1827 = COLOUR_RGB ( '',0.1882352941176470562, 0.2313725490196078538, 0.5882352941176470784 ) ;
#1828 = CARTESIAN_POINT ( 'NONE',  ( -0.9449999999999999512, 5.299999999999999822, 1.275000000000000133 ) ) ;
#1829 = FILL_AREA_STYLE ('',( #4251 ) ) ;
#1830 = CARTESIAN_POINT ( 'NONE',  ( -19.90302962540589959, 10.21451869865800077, 3.345000000010998953 ) ) ;
#1831 = AXIS2_PLACEMENT_3D ( 'NONE', #9707, #2366, #5639 ) ;
#1832 = PLANE ( 'NONE',  #1364 ) ;
#1833 = EDGE_LOOP ( 'NONE', ( #5292, #5940 ) ) ;
#1834 = PRESENTATION_LAYER_ASSIGNMENT (  '', '', ( #2221 ) ) ;
#1835 = SURFACE_STYLE_FILL_AREA ( #5077 ) ;
#1836 = ORIENTED_EDGE ( 'NONE', *, *, #7932, .T. ) ;
#1837 = ORIENTED_EDGE ( 'NONE', *, *, #7332, .F. ) ;
#1838 =( GEOMETRIC_REPRESENTATION_CONTEXT ( 3 ) GLOBAL_UNCERTAINTY_ASSIGNED_CONTEXT ( ( #1293 ) ) GLOBAL_UNIT_ASSIGNED_CONTEXT ( ( #6257, #4674, #8635 ) ) REPRESENTATION_CONTEXT ( 'NONE', 'WORKASPACE' ) );
#1839 = ORIENTED_EDGE ( 'NONE', *, *, #2032, .T. ) ;
#1840 = DIRECTION ( 'NONE',  ( 0.000000000000000000, 0.000000000000000000, 1.000000000000000000 ) ) ;
#1841 = LINE ( 'NONE', #9173, #9172 ) ;
#1842 = UNCERTAINTY_MEASURE_WITH_UNIT (LENGTH_MEASURE( 1.000000000000000082E-05 ), #1551, 'distance_accuracy_value', 'NONE');
#1843 = AXIS2_PLACEMENT_3D ( 'NONE', #1044, #10045, #5918 ) ;
#1844 = CYLINDRICAL_SURFACE ( 'NONE', #4163, 2.099999999999999645 ) ;
#1845 = ADVANCED_FACE ( 'NONE', ( #3053 ), #2939, .F. ) ;
#1846 = UNCERTAINTY_MEASURE_WITH_UNIT (LENGTH_MEASURE( 1.000000000000000082E-05 ), #9741, 'distance_accuracy_value', 'NONE');
#1847 = EDGE_CURVE ( 'NONE', #6173, #7270, #10339, .T. ) ;
#1848 =( LENGTH_UNIT ( ) NAMED_UNIT ( * ) SI_UNIT ( .MILLI., .METRE. ) );
#1849 = CARTESIAN_POINT ( 'NONE',  ( -15.74029191166209962, 23.09527703930579889, 3.955000000010998384 ) ) ;
#1850 = FILL_AREA_STYLE ('',( #6011 ) ) ;
#1851 = LINE ( 'NONE', #5039, #3552 ) ;
#1852 = ORIENTED_EDGE ( 'NONE', *, *, #4939, .F. ) ;
#1853 = CARTESIAN_POINT ( 'NONE',  ( -46.24026666726099677, 4.794518698657939559, 5.135000000010998100 ) ) ;
#1854 = STYLED_ITEM ( 'NONE', ( #3511 ), #1240 ) ;
#1855 = ORIENTED_EDGE ( 'NONE', *, *, #1515, .T. ) ;
#1856 = DIRECTION ( 'NONE',  ( 0.000000000000000000, 2.220446049250309876E-16, 1.000000000000000000 ) ) ;
#1857 = DIRECTION ( 'NONE',  ( -1.000000000000000000, 0.000000000000000000, 0.000000000000000000 ) ) ;
#1858 = FILL_AREA_STYLE_COLOUR ( '', #7789 ) ;
#1859 = EDGE_CURVE ( 'NONE', #10736, #413, #5559, .T. ) ;
#1860 = LINE ( 'NONE', #6852, #3202 ) ;
#1861 = CARTESIAN_POINT ( 'NONE',  ( -14.90026666726099869, 11.70042790316279913, 3.945000000010995045 ) ) ;
#1862 = SURFACE_SIDE_STYLE ('',( #201 ) ) ;
#1863 = CARTESIAN_POINT ( 'NONE',  ( -14.90026666726099869, 8.160427903162851493, 5.145000000010998775 ) ) ;
#1864 =( NAMED_UNIT ( * ) PLANE_ANGLE_UNIT ( ) SI_UNIT ( $, .RADIAN. ) );
#1865 = DIRECTION ( 'NONE',  ( 0.000000000000000000, 2.220446049250309876E-16, 1.000000000000000000 ) ) ;
#1866 = ORIENTED_EDGE ( 'NONE', *, *, #613, .T. ) ;
#1867 = CARTESIAN_POINT ( 'NONE',  ( -46.04026666726100103, 16.29451869865799551, 5.135000000010998988 ) ) ;
#1868 = EDGE_CURVE ( 'NONE', #7819, #8586, #1322, .T. ) ;
#1869 = CARTESIAN_POINT ( 'NONE',  ( -0.9449999999999999512, 5.299999999999999822, -0.6250000000000000000 ) ) ;
#1870 = CARTESIAN_POINT ( 'NONE',  ( 1.594999999999999973, 5.299999999999999822, 1.525000000000000133 ) ) ;
#1871 = FACE_OUTER_BOUND ( 'NONE', #5092, .T. ) ;
#1872 = PRESENTATION_LAYER_ASSIGNMENT (  '', '', ( #10760 ) ) ;
#1873 = ORIENTED_EDGE ( 'NONE', *, *, #8195, .F. ) ;
#1874 = SURFACE_SIDE_STYLE ('',( #3595 ) ) ;
#1875 = DIRECTION ( 'NONE',  ( 0.000000000000000000, -2.220446049250309876E-16, -1.000000000000000000 ) ) ;
#1876 = ORIENTED_EDGE ( 'NONE', *, *, #5919, .F. ) ;
#1877 = EDGE_LOOP ( 'NONE', ( #9759, #6142, #10408, #10523 ) ) ;
#1878 = PRESENTATION_LAYER_ASSIGNMENT (  '', '', ( #4338 ) ) ;
#1879 = MECHANICAL_DESIGN_GEOMETRIC_PRESENTATION_REPRESENTATION (  '', ( #6608 ), #8485 ) ;
#1880 = VECTOR ( 'NONE', #4055, 1000.000000000000000 ) ;
#1881 = ADVANCED_FACE ( 'NONE', ( #2890 ), #9674, .T. ) ;
#1882 = UNCERTAINTY_MEASURE_WITH_UNIT (LENGTH_MEASURE( 1.000000000000000082E-05 ), #9541, 'distance_accuracy_value', 'NONE');
#1883 = DIRECTION ( 'NONE',  ( 0.000000000000000000, 1.000000000000000000, 0.000000000000000000 ) ) ;
#1884 = CARTESIAN_POINT ( 'NONE',  ( -21.70302962540590030, 7.914518698658000062, 3.745000000010996644 ) ) ;
#1885 = FILL_AREA_STYLE_COLOUR ( '', #1722 ) ;
#1886 = SURFACE_SIDE_STYLE ('',( #7748 ) ) ;
#1887 = VECTOR ( 'NONE', #10416, 1000.000000000000000 ) ;
#1888 = ORIENTED_EDGE ( 'NONE', *, *, #1630, .T. ) ;
#1889 = COLOUR_RGB ( '',1.000000000000000000, 0.9568627450980391469, 0.8862745098039215286 ) ;
#1890 = STYLED_ITEM ( 'NONE', ( #6709 ), #2509 ) ;
#1891 = EDGE_LOOP ( 'NONE', ( #10629, #4060 ) ) ;
#1892 = EDGE_LOOP ( 'NONE', ( #9588, #7330 ) ) ;
#1893 = ORIENTED_EDGE ( 'NONE', *, *, #3121, .T. ) ;
#1894 = MECHANICAL_DESIGN_GEOMETRIC_PRESENTATION_REPRESENTATION (  '', ( #7307 ), #1196 ) ;
#1895 = AXIS2_PLACEMENT_3D ( 'NONE', #8429, #5291, #10116 ) ;
#1896 = CARTESIAN_POINT ( 'NONE',  ( -14.90026666726099869, 11.70042790316279913, 3.945000000010995045 ) ) ;
#1897 = PRESENTATION_STYLE_ASSIGNMENT (( #9376 ) ) ;
#1898 = FACE_OUTER_BOUND ( 'NONE', #3558, .T. ) ;
#1899 = SURFACE_STYLE_USAGE ( .BOTH. , #9380 ) ;
#1900 = DIRECTION ( 'NONE',  ( 0.000000000000000000, 0.000000000000000000, 1.000000000000000000 ) ) ;
#1901 = FILL_AREA_STYLE ('',( #2750 ) ) ;
#1902 = ORIENTED_EDGE ( 'NONE', *, *, #10713, .T. ) ;
#1903 = PRODUCT_DEFINITION_FORMATION_WITH_SPECIFIED_SOURCE ( 'ANY', '', #8758, .NOT_KNOWN. ) ;
#1904 = AXIS2_PLACEMENT_3D ( 'NONE', #4351, #1763, #8587 ) ;
#1905 = UNCERTAINTY_MEASURE_WITH_UNIT (LENGTH_MEASURE( 1.000000000000000082E-05 ), #8572, 'distance_accuracy_value', 'NONE');
#1906 = ORIENTED_EDGE ( 'NONE', *, *, #3256, .F. ) ;
#1907 = ORIENTED_EDGE ( 'NONE', *, *, #8170, .F. ) ;
#1908 =( NAMED_UNIT ( * ) SI_UNIT ( $, .STERADIAN. ) SOLID_ANGLE_UNIT ( ) );
#1909 = EDGE_CURVE ( 'NONE', #10163, #10372, #10605, .T. ) ;
#1910 = EDGE_CURVE ( 'NONE', #3117, #9883, #4879, .T. ) ;
#1911 =( LENGTH_UNIT ( ) NAMED_UNIT ( * ) SI_UNIT ( .MILLI., .METRE. ) );
#1912 =( NAMED_UNIT ( * ) PLANE_ANGLE_UNIT ( ) SI_UNIT ( $, .RADIAN. ) );
#1913 = STYLED_ITEM ( 'NONE', ( #4455 ), #6715 ) ;
#1914 = PRESENTATION_STYLE_ASSIGNMENT (( #1146 ) ) ;
#1915 =( NAMED_UNIT ( * ) SI_UNIT ( $, .STERADIAN. ) SOLID_ANGLE_UNIT ( ) );
#1916 = COLOUR_RGB ( '',1.000000000000000000, 0.7568627450980391913, 0.5647058823529411686 ) ;
#1917 =( LENGTH_UNIT ( ) NAMED_UNIT ( * ) SI_UNIT ( .MILLI., .METRE. ) );
#1918 = LINE ( 'NONE', #367, #8396 ) ;
#1919 = CARTESIAN_POINT ( 'NONE',  ( -39.54026666726100103, 5.294518698657999956, 5.145000000010998775 ) ) ;
#1920 = FACE_OUTER_BOUND ( 'NONE', #9570, .T. ) ;
#1921 = CIRCLE ( 'NONE', #10630, 2.000000000000000000 ) ;
#1922 = VERTEX_POINT ( 'NONE', #5654 ) ;
#1923 = EDGE_CURVE ( 'NONE', #7210, #10806, #4826, .T. ) ;
#1924 = CARTESIAN_POINT ( 'NONE',  ( -29.27854998418980159, 3.014518698657940199, 2.345000000010998065 ) ) ;
#1925 = ADVANCED_FACE ( 'NONE', ( #3319 ), #8970, .F. ) ;
#1926 = PLANE ( 'NONE',  #4588 ) ;
#1927 = MECHANICAL_DESIGN_GEOMETRIC_PRESENTATION_REPRESENTATION (  '', ( #9592 ), #678 ) ;
#1928 = DIRECTION ( 'NONE',  ( -1.000000000000000000, 0.000000000000000000, 0.000000000000000000 ) ) ;
#1929 = STYLED_ITEM ( 'NONE', ( #7290 ), #8088 ) ;
#1930 = VECTOR ( 'NONE', #373, 999.9999999999998863 ) ;
#1931 = DIRECTION ( 'NONE',  ( 1.451271927614580036E-16, 1.000000000000000000, -2.220446049250309876E-16 ) ) ;
#1932 = ORIENTED_EDGE ( 'NONE', *, *, #2601, .F. ) ;
#1933 = DIRECTION ( 'NONE',  ( 0.000000000000000000, -1.000000000000000000, 0.000000000000000000 ) ) ;
#1934 = CARTESIAN_POINT ( 'NONE',  ( -40.28771170588249362, 15.03451869865800106, 3.545000000010997798 ) ) ;
#1935 = EDGE_CURVE ( 'NONE', #8999, #8657, #1476, .T. ) ;
#1936 = MECHANICAL_DESIGN_GEOMETRIC_PRESENTATION_REPRESENTATION (  '', ( #9432 ), #9776 ) ;
#1937 = EDGE_LOOP ( 'NONE', ( #5029, #7785, #383, #8423 ) ) ;
#1938 =( NAMED_UNIT ( * ) PLANE_ANGLE_UNIT ( ) SI_UNIT ( $, .RADIAN. ) );
#1939 = CARTESIAN_POINT ( 'NONE',  ( 1.594999999999999973, 3.000000000000000000, 1.275000000000000133 ) ) ;
#1940 = VECTOR ( 'NONE', #6305, 1000.000000000000000 ) ;
#1941 = UNCERTAINTY_MEASURE_WITH_UNIT (LENGTH_MEASURE( 1.000000000000000082E-05 ), #4507, 'distance_accuracy_value', 'NONE');
#1942 = VECTOR ( 'NONE', #4137, 1000.000000000000000 ) ;
#1943 = EDGE_LOOP ( 'NONE', ( #6766, #8644, #760, #6714, #7007, #7234 ) ) ;
#1944 = SURFACE_SIDE_STYLE ('',( #2786 ) ) ;
#1945 = COLOUR_RGB ( '',1.000000000000000000, 0.9568627450980391469, 0.8862745098039215286 ) ;
#1946 = MECHANICAL_DESIGN_GEOMETRIC_PRESENTATION_REPRESENTATION (  '', ( #5963 ), #8743 ) ;
#1947 =( NAMED_UNIT ( * ) PLANE_ANGLE_UNIT ( ) SI_UNIT ( $, .RADIAN. ) );
#1948 = CARTESIAN_POINT ( 'NONE',  ( -0.6949999999999999512, 5.299999999999999822, -0.8750000000000000000 ) ) ;
#1949 = FILL_AREA_STYLE_COLOUR ( '', #4870 ) ;
#1950 = SURFACE_STYLE_USAGE ( .BOTH. , #9424 ) ;
#1951 = ORIENTED_EDGE ( 'NONE', *, *, #4244, .F. ) ;
#1952 = EDGE_CURVE ( 'NONE', #1443, #8326, #10755, .T. ) ;
#1953 = LINE ( 'NONE', #8658, #10023 ) ;
#1954 = VERTEX_POINT ( 'NONE', #591 ) ;
#1955 = VERTEX_POINT ( 'NONE', #10599 ) ;
#1956 = AXIS2_PLACEMENT_3D ( 'NONE', #6300, #3792, #1407 ) ;
#1957 = ORIENTED_EDGE ( 'NONE', *, *, #8318, .F. ) ;
#1958 = STYLED_ITEM ( 'NONE', ( #10255 ), #8660 ) ;
#1959 = CIRCLE ( 'NONE', #7185, 2.500000000000000444 ) ;
#1960 = CARTESIAN_POINT ( 'NONE',  ( -45.89026666726100245, 18.68451869865790371, 2.545000000010994246 ) ) ;
#1961 = UNCERTAINTY_MEASURE_WITH_UNIT (LENGTH_MEASURE( 1.000000000000000082E-05 ), #732, 'distance_accuracy_value', 'NONE');
#1962 = CARTESIAN_POINT ( 'NONE',  ( 0.5500000000000000444, 0.2000000000000000111, 0.5500000000000000444 ) ) ;
#1963 = UNCERTAINTY_MEASURE_WITH_UNIT (LENGTH_MEASURE( 1.000000000000000082E-05 ), #687, 'distance_accuracy_value', 'NONE');
#1964 = DIRECTION ( 'NONE',  ( 0.000000000000000000, -2.220446049250309876E-16, -1.000000000000000000 ) ) ;
#1965 = DIRECTION ( 'NONE',  ( 0.000000000000000000, 2.220446049250309876E-16, 1.000000000000000000 ) ) ;
#1966 = MECHANICAL_DESIGN_GEOMETRIC_PRESENTATION_REPRESENTATION (  '', ( #10665 ), #9109 ) ;
#1967 = STYLED_ITEM ( 'NONE', ( #3113 ), #5690 ) ;
#1968 = FILL_AREA_STYLE ('',( #347 ) ) ;
#1969 = DIRECTION ( 'NONE',  ( -0.7071067811865474617, 0.000000000000000000, 0.7071067811865474617 ) ) ;
#1970 = EDGE_CURVE ( 'NONE', #9785, #712, #9886, .T. ) ;
#1971 = STYLED_ITEM ( 'NONE', ( #4109 ), #8846 ) ;
#1972 = LINE ( 'NONE', #9544, #188 ) ;
#1973 = VERTEX_POINT ( 'NONE', #6472 ) ;
#1974 = DIRECTION ( 'NONE',  ( 0.000000000000000000, 2.220446049250309876E-16, 1.000000000000000000 ) ) ;
#1975 = VERTEX_POINT ( 'NONE', #817 ) ;
#1976 = ORIENTED_EDGE ( 'NONE', *, *, #89, .F. ) ;
#1977 = COLOUR_RGB ( '',1.000000000000000000, 0.9568627450980391469, 0.8862745098039215286 ) ;
#1978 = LINE ( 'NONE', #8501, #10102 ) ;
#1979 = PLANE ( 'NONE',  #6212 ) ;
#1980 = FILL_AREA_STYLE_COLOUR ( '', #7202 ) ;
#1981 = DIRECTION ( 'NONE',  ( 0.000000000000000000, -2.220446049250309876E-16, -1.000000000000000000 ) ) ;
#1982 = LINE ( 'NONE', #10430, #9900 ) ;
#1983 = FACE_OUTER_BOUND ( 'NONE', #7255, .T. ) ;
#1984 = DIRECTION ( 'NONE',  ( 0.000000000000000000, -1.000000000000000000, 0.000000000000000000 ) ) ;
#1985 = SURFACE_STYLE_FILL_AREA ( #10205 ) ;
#1986 = VERTEX_POINT ( 'NONE', #4170 ) ;
#1987 = DIRECTION ( 'NONE',  ( 1.000000000000000000, 0.000000000000000000, 0.000000000000000000 ) ) ;
#1988 = CARTESIAN_POINT ( 'NONE',  ( -15.74029191166209962, 2.755277039305740416, 3.945000000010995045 ) ) ;
#1989 = VECTOR ( 'NONE', #3557, 1000.000000000000000 ) ;
#1990 = FACE_OUTER_BOUND ( 'NONE', #6523, .T. ) ;
#1991 = SURFACE_STYLE_FILL_AREA ( #6409 ) ;
#1992 = DIRECTION ( 'NONE',  ( 1.000000000000000000, 0.000000000000000000, 0.000000000000000000 ) ) ;
#1993 = EDGE_CURVE ( 'NONE', #22, #2579, #8137, .T. ) ;
#1994 = ORIENTED_EDGE ( 'NONE', *, *, #1126, .T. ) ;
#1995 = DIRECTION ( 'NONE',  ( 0.000000000000000000, 1.000000000000000000, -2.220446049250309876E-16 ) ) ;
#1996 = EDGE_CURVE ( 'NONE', #6092, #10659, #4069, .T. ) ;
#1997 = DIRECTION ( 'NONE',  ( 0.000000000000000000, 2.220446049250309876E-16, 1.000000000000000000 ) ) ;
#1998 = PRESENTATION_LAYER_ASSIGNMENT (  '', '', ( #6719 ) ) ;
#1999 = VERTEX_POINT ( 'NONE', #10702 ) ;
#2000 = CONTEXT_DEPENDENT_SHAPE_REPRESENTATION ( #3146, #4681 ) ;
#2001 = DIRECTION ( 'NONE',  ( 0.000000000000000000, -1.000000000000000000, 0.000000000000000000 ) ) ;
#2002 = VERTEX_POINT ( 'NONE', #9136 ) ;
#2003 = UNCERTAINTY_MEASURE_WITH_UNIT (LENGTH_MEASURE( 1.000000000000000082E-05 ), #645, 'distance_accuracy_value', 'NONE');
#2004 = CARTESIAN_POINT ( 'NONE',  ( 1.594999999999999973, 5.299999999999999822, -0.8750000000000000000 ) ) ;
#2005 = PLANE ( 'NONE',  #4741 ) ;
#2006 = EDGE_CURVE ( 'NONE', #1781, #7501, #7497, .T. ) ;
#2007 =( GEOMETRIC_REPRESENTATION_CONTEXT ( 3 ) GLOBAL_UNCERTAINTY_ASSIGNED_CONTEXT ( ( #282 ) ) GLOBAL_UNIT_ASSIGNED_CONTEXT ( ( #142, #5367, #247 ) ) REPRESENTATION_CONTEXT ( 'NONE', 'WORKASPACE' ) );
#2008 = CARTESIAN_POINT ( 'NONE',  ( -38.80302962540589817, 5.314518698658000417, 1.085000000011000720 ) ) ;
#2009 = ORIENTED_EDGE ( 'NONE', *, *, #4139, .F. ) ;
#2010 = FACE_BOUND ( 'NONE', #6430, .T. ) ;
#2011 = ORIENTED_EDGE ( 'NONE', *, *, #7331, .F. ) ;
#2012 = PRESENTATION_LAYER_ASSIGNMENT (  '', '', ( #3942 ) ) ;
#2013 = VERTEX_POINT ( 'NONE', #10816 ) ;
#2014 = ORIENTED_EDGE ( 'NONE', *, *, #3211, .T. ) ;
#2015 = PRESENTATION_LAYER_ASSIGNMENT (  '', '', ( #9327 ) ) ;
#2016 = ADVANCED_FACE ( 'NONE', ( #4011 ), #6423, .F. ) ;
#2017 = DIRECTION ( 'NONE',  ( 0.000000000000000000, 1.000000000000000000, -4.130293990420969883E-16 ) ) ;
#2018 = CARTESIAN_POINT ( 'NONE',  ( -14.90026666726099869, 16.78042790316279920, 3.955000000010998384 ) ) ;
#2019 = CARTESIAN_POINT ( 'NONE',  ( -21.74029191166209785, 0.2731217296590396915, 2.345000000010998509 ) ) ;
#2020 = AXIS2_PLACEMENT_3D ( 'NONE', #8216, #2529, #3285 ) ;
#2021 = FACE_OUTER_BOUND ( 'NONE', #1668, .T. ) ;
#2022 = CARTESIAN_POINT ( 'NONE',  ( -40.28771170588249362, 15.03451869865800106, 3.545000000010997798 ) ) ;
#2023 = PRESENTATION_STYLE_ASSIGNMENT (( #2805 ) ) ;
#2024 = CARTESIAN_POINT ( 'NONE',  ( -22.88026666726100089, 16.29451869865799551, 5.135000000010998988 ) ) ;
#2025 = VERTEX_POINT ( 'NONE', #1919 ) ;
#2026 = COLOUR_RGB ( '',0.07058823529411764608, 0.07058823529411764608, 0.07058823529411764608 ) ;
#2027 = CARTESIAN_POINT ( 'NONE',  ( -29.27854998418980159, 3.014518698657940199, 2.345000000010998065 ) ) ;
#2028 = ORIENTED_EDGE ( 'NONE', *, *, #2635, .T. ) ;
#2029 = AXIS2_PLACEMENT_3D ( 'NONE', #10002, #8359, #887 ) ;
#2030 = LINE ( 'NONE', #1023, #10638 ) ;
#2031 = DIRECTION ( 'NONE',  ( 1.000000000000000000, 0.000000000000000000, 0.000000000000000000 ) ) ;
#2032 = EDGE_CURVE ( 'NONE', #592, #6827, #6440, .T. ) ;
#2033 = COLOUR_RGB ( '',1.000000000000000000, 0.9568627450980391469, 0.8862745098039215286 ) ;
#2034 = DIRECTION ( 'NONE',  ( 0.000000000000000000, -1.000000000000000000, 4.336808689942017736E-16 ) ) ;
#2035 = DIRECTION ( 'NONE',  ( 0.000000000000000000, 1.000000000000000000, 0.000000000000000000 ) ) ;
#2036 = SURFACE_STYLE_USAGE ( .BOTH. , #1091 ) ;
#2037 = DIRECTION ( 'NONE',  ( -1.000000000000000000, 0.000000000000000000, 0.000000000000000000 ) ) ;
#2038 = PLANE ( 'NONE',  #1419 ) ;
#2039 = PLANE ( 'NONE',  #6965 ) ;
#2041 = FILL_AREA_STYLE_COLOUR ( '', #9318 ) ;
#2040 = FILL_AREA_STYLE_COLOUR ( '', #6276 ) ;
#2042 =( GEOMETRIC_REPRESENTATION_CONTEXT ( 3 ) GLOBAL_UNCERTAINTY_ASSIGNED_CONTEXT ( ( #7644 ) ) GLOBAL_UNIT_ASSIGNED_CONTEXT ( ( #10134, #9321, #3568 ) ) REPRESENTATION_CONTEXT ( 'NONE', 'WORKASPACE' ) );
#2043 = FILL_AREA_STYLE_COLOUR ( '', #10535 ) ;
#2044 = ORIENTED_EDGE ( 'NONE', *, *, #2949, .F. ) ;
#2045 = SURFACE_STYLE_USAGE ( .BOTH. , #6199 ) ;
#2046 =( LENGTH_UNIT ( ) NAMED_UNIT ( * ) SI_UNIT ( .MILLI., .METRE. ) );
#2047 = CARTESIAN_POINT ( 'NONE',  ( 0.000000000000000000, 3.000000000000000000, 0.000000000000000000 ) ) ;
#2048 = SURFACE_STYLE_FILL_AREA ( #5752 ) ;
#2049 = FACE_OUTER_BOUND ( 'NONE', #9291, .T. ) ;
#2050 = CARTESIAN_POINT ( 'NONE',  ( -14.90026666726099869, 14.24042790316280005, 5.135000000010998988 ) ) ;
#2052 = ORIENTED_EDGE ( 'NONE', *, *, #9780, .T. ) ;
#2051 = DIRECTION ( 'NONE',  ( 0.000000000000000000, -1.000000000000000000, 2.220446049250309876E-16 ) ) ;
#2053 = CARTESIAN_POINT ( 'NONE',  ( -27.00302962540589746, 5.314518698658000417, 1.285000000010999566 ) ) ;
#2054 = DIRECTION ( 'NONE',  ( -0.7071067811865474617, 0.000000000000000000, -0.7071067811865474617 ) ) ;
#2055 = AXIS2_PLACEMENT_3D ( 'NONE', #3272, #4790, #9951 ) ;
#2056 = VERTEX_POINT ( 'NONE', #7719 ) ;
#2057 = CARTESIAN_POINT ( 'NONE',  ( -45.84026666726099819, 17.70951869865800177, 2.620000000010995311 ) ) ;
#2058 = UNCERTAINTY_MEASURE_WITH_UNIT (LENGTH_MEASURE( 1.000000000000000082E-05 ), #5202, 'distance_accuracy_value', 'NONE');
#2059 = EDGE_CURVE ( 'NONE', #4796, #9970, #2709, .T. ) ;
#2060 = EDGE_CURVE ( 'NONE', #7569, #2631, #8856, .T. ) ;
#2061 = VECTOR ( 'NONE', #489, 1000.000000000000000 ) ;
#2062 =( LENGTH_UNIT ( ) NAMED_UNIT ( * ) SI_UNIT ( .MILLI., .METRE. ) );
#2063 = CARTESIAN_POINT ( 'NONE',  ( -39.94026666726099961, 1.594518698657940048, 3.745000000010996644 ) ) ;
#2064 = COLOUR_RGB ( '',1.000000000000000000, 0.9568627450980391469, 0.8862745098039215286 ) ;
#2065 =( LENGTH_UNIT ( ) NAMED_UNIT ( * ) SI_UNIT ( .MILLI., .METRE. ) );
#2066 = SURFACE_STYLE_FILL_AREA ( #9530 ) ;
#2067 = EDGE_LOOP ( 'NONE', ( #5076, #5703, #9485, #5415 ) ) ;
#2068 = VECTOR ( 'NONE', #4944, 1000.000000000000000 ) ;
#2069 = AXIS2_PLACEMENT_3D ( 'NONE', #5050, #6694, #10085 ) ;
#2070 = EDGE_CURVE ( 'NONE', #8027, #1781, #5967, .T. ) ;
#2071 = UNCERTAINTY_MEASURE_WITH_UNIT (LENGTH_MEASURE( 1.000000000000000082E-05 ), #3357, 'distance_accuracy_value', 'NONE');
#2072 = ORIENTED_EDGE ( 'NONE', *, *, #10051, .T. ) ;
#2073 = ORIENTED_EDGE ( 'NONE', *, *, #5264, .F. ) ;
#2074 = CARTESIAN_POINT ( 'NONE',  ( -45.84026666726099819, 18.68451869865799964, 2.545000000010996910 ) ) ;
#2075 = STYLED_ITEM ( 'NONE', ( #4620 ), #8941 ) ;
#2076 =( NAMED_UNIT ( * ) PLANE_ANGLE_UNIT ( ) SI_UNIT ( $, .RADIAN. ) );
#2077 = UNCERTAINTY_MEASURE_WITH_UNIT (LENGTH_MEASURE( 1.000000000000000082E-05 ), #6906, 'distance_accuracy_value', 'NONE');
#2078 = AXIS2_PLACEMENT_3D ( 'NONE', #2238, #7940, #1385 ) ;
#2079 = FACE_BOUND ( 'NONE', #7241, .T. ) ;
#2080 = CARTESIAN_POINT ( 'NONE',  ( -27.00302962540589746, 20.61451869865799935, 1.285000000010999566 ) ) ;
#2081 = FILL_AREA_STYLE ('',( #8668 ) ) ;
#2082 = CARTESIAN_POINT ( 'NONE',  ( -26.97854998418979733, 4.514518698657940199, 3.345000000010998953 ) ) ;
#2083 = SURFACE_STYLE_FILL_AREA ( #5471 ) ;
#2084 = ORIENTED_EDGE ( 'NONE', *, *, #6675, .F. ) ;
#2085 = LINE ( 'NONE', #291, #8379 ) ;
#2086 = EDGE_LOOP ( 'NONE', ( #8150, #2028, #1048, #6829 ) ) ;
#2087 = COLOUR_RGB ( '',0.7921568627450980005, 0.8196078431372548767, 0.9333333333333333481 ) ;
#2088 = DIRECTION ( 'NONE',  ( 0.000000000000000000, -1.000000000000000000, 2.220446049250309876E-16 ) ) ;
#2089 = PRESENTATION_LAYER_ASSIGNMENT (  '', '', ( #7491 ) ) ;
#2090 = CARTESIAN_POINT ( 'NONE',  ( -15.74029191166209962, 1.155277039305740105, 3.955000000010998384 ) ) ;
#2091 = CARTESIAN_POINT ( 'NONE',  ( -45.74026666726099677, 13.58013899890130105, 3.945000000010994601 ) ) ;
#2092 = DIRECTION ( 'NONE',  ( 1.387778780781449866E-16, -1.000000000000000000, 2.220446049250309876E-16 ) ) ;
#2093 = PRESENTATION_STYLE_ASSIGNMENT (( #7824 ) ) ;
#2094 =( GEOMETRIC_REPRESENTATION_CONTEXT ( 3 ) GLOBAL_UNCERTAINTY_ASSIGNED_CONTEXT ( ( #2178 ) ) GLOBAL_UNIT_ASSIGNED_CONTEXT ( ( #4906, #10781, #9962 ) ) REPRESENTATION_CONTEXT ( 'NONE', 'WORKASPACE' ) );
#2095 = FILL_AREA_STYLE ('',( #2928 ) ) ;
#2096 = CARTESIAN_POINT ( 'NONE',  ( 0.1000000000000000056, 0.2000000000000000111, 0.5500000000000000444 ) ) ;
#2098 = FILL_AREA_STYLE ('',( #7873 ) ) ;
#2097 = DIRECTION ( 'NONE',  ( -1.000000000000000000, 0.000000000000000000, 0.000000000000000000 ) ) ;
#2099 = AXIS2_PLACEMENT_3D ( 'NONE', #2124, #10352, #8816 ) ;
#2100 = DIRECTION ( 'NONE',  ( 1.000000000000000000, 0.000000000000000000, 0.000000000000000000 ) ) ;
#2101 = CYLINDRICAL_SURFACE ( 'NONE', #3415, 2.000000000000001776 ) ;
#2102 = EDGE_LOOP ( 'NONE', ( #3742, #1120, #4370, #3532, #2558, #3506 ) ) ;
#2103 =( NAMED_UNIT ( * ) PLANE_ANGLE_UNIT ( ) SI_UNIT ( $, .RADIAN. ) );
#2104 = ADVANCED_FACE ( 'NONE', ( #1697 ), #2762, .F. ) ;
#2105 = AXIS2_PLACEMENT_3D ( 'NONE', #4162, #9879, #8964 ) ;
#2106 = UNCERTAINTY_MEASURE_WITH_UNIT (LENGTH_MEASURE( 1.000000000000000082E-05 ), #2798, 'distance_accuracy_value', 'NONE');
#2107 = COLOUR_RGB ( '',1.000000000000000000, 0.9568627450980391469, 0.8862745098039215286 ) ;
#2108 = FILL_AREA_STYLE_COLOUR ( '', #5402 ) ;
#2109 = STYLED_ITEM ( 'NONE', ( #9989 ), #4614 ) ;
#2110 = LINE ( 'NONE', #545, #6255 ) ;
#2111 = ORIENTED_EDGE ( 'NONE', *, *, #8649, .T. ) ;
#2112 = LINE ( 'NONE', #318, #6483 ) ;
#2113 = CARTESIAN_POINT ( 'NONE',  ( -1.110000000000000098, 3.000000000000000000, 1.110000000000000098 ) ) ;
#2114 = PRESENTATION_LAYER_ASSIGNMENT (  '', '', ( #673 ) ) ;
#2115 = EDGE_CURVE ( 'NONE', #10070, #9912, #8407, .T. ) ;
#2116 = EDGE_LOOP ( 'NONE', ( #3397, #1402, #8327, #2147 ) ) ;
#2117 = MECHANICAL_DESIGN_GEOMETRIC_PRESENTATION_REPRESENTATION (  '', ( #3352 ), #5610 ) ;
#2118 =( GEOMETRIC_REPRESENTATION_CONTEXT ( 3 ) GLOBAL_UNCERTAINTY_ASSIGNED_CONTEXT ( ( #671 ) ) GLOBAL_UNIT_ASSIGNED_CONTEXT ( ( #4671, #2103, #3048 ) ) REPRESENTATION_CONTEXT ( 'NONE', 'WORKASPACE' ) );
#2119 = SURFACE_SIDE_STYLE ('',( #5391 ) ) ;
#2120 = AXIS2_PLACEMENT_3D ( 'NONE', #10008, #7571, #2570 ) ;
#2121 = DIRECTION ( 'NONE',  ( 0.000000000000000000, 1.000000000000000000, 0.000000000000000000 ) ) ;
#2122 =( NAMED_UNIT ( * ) SI_UNIT ( $, .STERADIAN. ) SOLID_ANGLE_UNIT ( ) );
#2123 = CARTESIAN_POINT ( 'NONE',  ( -15.74029191166209962, 4.355277039305740061, 5.135000000010998988 ) ) ;
#2124 = CARTESIAN_POINT ( 'NONE',  ( -21.60302962540589888, 11.01451869865799971, 3.745000000010996644 ) ) ;
#2125 = CARTESIAN_POINT ( 'NONE',  ( -19.90302962540589959, 11.01451869865799971, 3.745000000010996644 ) ) ;
#2126 =( GEOMETRIC_REPRESENTATION_CONTEXT ( 3 ) GLOBAL_UNCERTAINTY_ASSIGNED_CONTEXT ( ( #7791 ) ) GLOBAL_UNIT_ASSIGNED_CONTEXT ( ( #8574, #1097, #5368 ) ) REPRESENTATION_CONTEXT ( 'NONE', 'WORKASPACE' ) );
#2127 = ORIENTED_EDGE ( 'NONE', *, *, #7012, .T. ) ;
#2128 = VECTOR ( 'NONE', #5094, 1000.000000000000000 ) ;
#2129 = EDGE_LOOP ( 'NONE', ( #4205, #10344, #3141, #1650 ) ) ;
#2130 = VERTEX_POINT ( 'NONE', #3471 ) ;
#2131 = COLOUR_RGB ( '',1.000000000000000000, 0.8078431372549019773, 0.4980392156862745168 ) ;
#2132 = DIRECTION ( 'NONE',  ( 1.000000000000000000, 0.000000000000000000, 0.000000000000000000 ) ) ;
#2133 = CARTESIAN_POINT ( 'NONE',  ( -45.84026666726099108, 18.38451869865788879, 2.545000000010970709 ) ) ;
#2134 = MECHANICAL_DESIGN_GEOMETRIC_PRESENTATION_REPRESENTATION (  '', ( #9088 ), #4582 ) ;
#2135 =( GEOMETRIC_REPRESENTATION_CONTEXT ( 3 ) GLOBAL_UNCERTAINTY_ASSIGNED_CONTEXT ( ( #7892 ) ) GLOBAL_UNIT_ASSIGNED_CONTEXT ( ( #7909, #2810, #1299 ) ) REPRESENTATION_CONTEXT ( 'NONE', 'WORKASPACE' ) );
#2136 = FACE_OUTER_BOUND ( 'NONE', #1726, .T. ) ;
#2137 = LINE ( 'NONE', #10418, #7452 ) ;
#2138 = PRODUCT_DEFINITION ( 'UNKNOWN', '', #7692, #8916 ) ;
#2139 =( NAMED_UNIT ( * ) SI_UNIT ( $, .STERADIAN. ) SOLID_ANGLE_UNIT ( ) );
#2140 = EDGE_CURVE ( 'NONE', #6281, #10307, #1805, .T. ) ;
#2141 = EDGE_CURVE ( 'NONE', #9912, #10558, #9452, .T. ) ;
#2142 = CARTESIAN_POINT ( 'NONE',  ( -14.90026666726099869, 16.78042790316279920, 3.945000000010995045 ) ) ;
#2143 = LINE ( 'NONE', #7957, #10329 ) ;
#2144 = MECHANICAL_DESIGN_GEOMETRIC_PRESENTATION_REPRESENTATION (  '', ( #4230 ), #2848 ) ;
#2145 = ORIENTED_EDGE ( 'NONE', *, *, #9259, .T. ) ;
#2146 = CARTESIAN_POINT ( 'NONE',  ( 0.000000000000000000, 0.000000000000000000, 0.000000000000000000 ) ) ;
#2147 = ORIENTED_EDGE ( 'NONE', *, *, #238, .F. ) ;
#2148 =( GEOMETRIC_REPRESENTATION_CONTEXT ( 3 ) GLOBAL_UNCERTAINTY_ASSIGNED_CONTEXT ( ( #2058 ) ) GLOBAL_UNIT_ASSIGNED_CONTEXT ( ( #5202, #1030, #5258 ) ) REPRESENTATION_CONTEXT ( 'NONE', 'WORKASPACE' ) );
#2149 = STYLED_ITEM ( 'NONE', ( #6343 ), #7858 ) ;
#2150 = ORIENTED_EDGE ( 'NONE', *, *, #8307, .T. ) ;
#2151 = FILL_AREA_STYLE_COLOUR ( '', #7510 ) ;
#2152 = CARTESIAN_POINT ( 'NONE',  ( -46.24026666726099677, 2.794518698657940003, 3.955000000010998384 ) ) ;
#2153 =( LENGTH_UNIT ( ) NAMED_UNIT ( * ) SI_UNIT ( .MILLI., .METRE. ) );
#2154 = VECTOR ( 'NONE', #9893, 1000.000000000000000 ) ;
#2155 = SURFACE_STYLE_USAGE ( .BOTH. , #6357 ) ;
#2156 = EDGE_CURVE ( 'NONE', #2604, #2999, #6779, .T. ) ;
#2157 = SURFACE_STYLE_FILL_AREA ( #629 ) ;
#2158 = DIRECTION ( 'NONE',  ( 0.000000000000000000, 1.000000000000000000, 0.000000000000000000 ) ) ;
#2159 = CARTESIAN_POINT ( 'NONE',  ( -39.00302962540590102, 5.114518698658000240, 1.085000000011000720 ) ) ;
#2160 = FACE_BOUND ( 'NONE', #4903, .T. ) ;
#2161 = PLANE ( 'NONE',  #3776 ) ;
#2162 =( NAMED_UNIT ( * ) PLANE_ANGLE_UNIT ( ) SI_UNIT ( $, .RADIAN. ) );
#2163 = SURFACE_STYLE_USAGE ( .BOTH. , #7233 ) ;
#2164 = ORIENTED_EDGE ( 'NONE', *, *, #2589, .T. ) ;
#2165 = SURFACE_STYLE_FILL_AREA ( #9562 ) ;
#2166 = FILL_AREA_STYLE_COLOUR ( '', #710 ) ;
#2167 =( LENGTH_UNIT ( ) NAMED_UNIT ( * ) SI_UNIT ( .MILLI., .METRE. ) );
#2168 = STYLED_ITEM ( 'NONE', ( #10475 ), #3765 ) ;
#2169 =( LENGTH_UNIT ( ) NAMED_UNIT ( * ) SI_UNIT ( .MILLI., .METRE. ) );
#2170 = DIRECTION ( 'NONE',  ( 0.000000000000000000, 2.220446049250309876E-16, 1.000000000000000000 ) ) ;
#2172 = VERTEX_POINT ( 'NONE', #8792 ) ;
#2171 = CARTESIAN_POINT ( 'NONE',  ( -21.50302962540590102, 8.714518698658000773, 3.545000000010997798 ) ) ;
#2173 = DIRECTION ( 'NONE',  ( 0.000000000000000000, 2.220446049250309876E-16, 1.000000000000000000 ) ) ;
#2174 = CARTESIAN_POINT ( 'NONE',  ( -14.90026666726099869, 14.24042790316280005, 5.135000000010998988 ) ) ;
#2175 = EDGE_LOOP ( 'NONE', ( #5537, #4706 ) ) ;
#2176 = SHAPE_DEFINITION_REPRESENTATION ( #10412, #5874 ) ;
#2177 = AXIS2_PLACEMENT_3D ( 'NONE', #7937, #7895, #444 ) ;
#2178 = UNCERTAINTY_MEASURE_WITH_UNIT (LENGTH_MEASURE( 1.000000000000000082E-05 ), #4906, 'distance_accuracy_value', 'NONE');
#2179 = DIRECTION ( 'NONE',  ( 0.000000000000000000, 1.000000000000000000, -2.220446049250309876E-16 ) ) ;
#2180 = LINE ( 'NONE', #6382, #7524 ) ;
#2181 = ADVANCED_FACE ( 'NONE', ( #2160, #2879 ), #2039, .T. ) ;
#2182 =( LENGTH_UNIT ( ) NAMED_UNIT ( * ) SI_UNIT ( .MILLI., .METRE. ) );
#2183 = CARTESIAN_POINT ( 'NONE',  ( -14.90026666726099869, 11.70042790316279913, 3.955000000010998384 ) ) ;
#2184 = DIRECTION ( 'NONE',  ( 1.000000000000000000, 0.000000000000000000, 0.000000000000000000 ) ) ;
#2185 = STYLED_ITEM ( 'NONE', ( #7190 ), #4409 ) ;
#2186 = COLOUR_RGB ( '',1.000000000000000000, 0.9568627450980391469, 0.8862745098039215286 ) ;
#2187 = CARTESIAN_POINT ( 'NONE',  ( -45.84026666726099819, 19.48451869865800035, 2.620000000010995311 ) ) ;
#2188 = EDGE_LOOP ( 'NONE', ( #7269, #8974 ) ) ;
#2189 = VERTEX_POINT ( 'NONE', #3752 ) ;
#2190 = FILL_AREA_STYLE_COLOUR ( '', #4567 ) ;
#2191 = VERTEX_POINT ( 'NONE', #10381 ) ;
#2192 = STYLED_ITEM ( 'NONE', ( #689 ), #3075 ) ;
#2193 = CARTESIAN_POINT ( 'NONE',  ( -41.94026666726099961, 1.594518698657940048, 3.945000000010995045 ) ) ;
#2194 = FACE_OUTER_BOUND ( 'NONE', #10108, .T. ) ;
#2195 = FILL_AREA_STYLE ('',( #5628 ) ) ;
#2196 = CARTESIAN_POINT ( 'NONE',  ( -45.84026666726099819, 18.88451869865799893, 3.545000000010997798 ) ) ;
#2197 = DIRECTION ( 'NONE',  ( 0.000000000000000000, -1.000000000000000000, 1.734723475976807094E-16 ) ) ;
#2198 = FACE_OUTER_BOUND ( 'NONE', #9477, .T. ) ;
#2199 = SURFACE_SIDE_STYLE ('',( #2083 ) ) ;
#2200 = VERTEX_POINT ( 'NONE', #6249 ) ;
#2201 =( NAMED_UNIT ( * ) PLANE_ANGLE_UNIT ( ) SI_UNIT ( $, .RADIAN. ) );
#2202 = DIRECTION ( 'NONE',  ( 0.000000000000000000, -1.000000000000000000, 0.000000000000000000 ) ) ;
#2203 = ORIENTED_EDGE ( 'NONE', *, *, #2425, .F. ) ;
#2204 = ORIENTED_EDGE ( 'NONE', *, *, #850, .F. ) ;
#2205 = DIRECTION ( 'NONE',  ( 0.000000000000000000, -2.220446049250309876E-16, -1.000000000000000000 ) ) ;
#2206 = PRESENTATION_LAYER_ASSIGNMENT (  '', '', ( #5504 ) ) ;
#2207 = EDGE_CURVE ( 'NONE', #6531, #3884, #2929, .T. ) ;
#2208 = CYLINDRICAL_SURFACE ( 'NONE', #336, 2.000000000000001776 ) ;
#2209 = AXIS2_PLACEMENT_3D ( 'NONE', #10802, #3361, #4056 ) ;
#2210 = EDGE_CURVE ( 'NONE', #3809, #10817, #4340, .T. ) ;
#2211 = SURFACE_SIDE_STYLE ('',( #2367 ) ) ;
#2212 =( LENGTH_UNIT ( ) NAMED_UNIT ( * ) SI_UNIT ( .MILLI., .METRE. ) );
#2213 =( NAMED_UNIT ( * ) PLANE_ANGLE_UNIT ( ) SI_UNIT ( $, .RADIAN. ) );
#2214 = CARTESIAN_POINT ( 'NONE',  ( -46.24026666726099677, 23.13451869865799893, 5.135000000010998988 ) ) ;
#2215 = PRESENTATION_LAYER_ASSIGNMENT (  '', '', ( #8815 ) ) ;
#2216 = CARTESIAN_POINT ( 'NONE',  ( 0.000000000000000000, 0.4500000000000000111, 0.000000000000000000 ) ) ;
#2217 = CARTESIAN_POINT ( 'NONE',  ( -15.74029191166209962, 0.7552770393057404164, 5.135000000010999877 ) ) ;
#2218 = SPHERICAL_SURFACE ( 'NONE', #1640, 0.2000000000000000111 ) ;
#2219 = VERTEX_POINT ( 'NONE', #2096 ) ;
#2220 = CARTESIAN_POINT ( 'NONE',  ( -45.89026666726100245, 18.58451869865800532, 2.545000000010994246 ) ) ;
#2221 = STYLED_ITEM ( 'NONE', ( #668 ), #623 ) ;
#2222 = PRESENTATION_STYLE_ASSIGNMENT (( #536 ) ) ;
#2223 = UNCERTAINTY_MEASURE_WITH_UNIT (LENGTH_MEASURE( 1.000000000000000082E-05 ), #9558, 'distance_accuracy_value', 'NONE');
#2224 = EDGE_CURVE ( 'NONE', #8539, #5763, #10494, .T. ) ;
#2225 = VECTOR ( 'NONE', #4775, 1000.000000000000000 ) ;
#2226 = CIRCLE ( 'NONE', #6568, 0.8500000000000000888 ) ;
#2227 = AXIS2_PLACEMENT_3D ( 'NONE', #3591, #9407, #1928 ) ;
#2229 = ORIENTED_EDGE ( 'NONE', *, *, #5728, .F. ) ;
#2228 = FACE_OUTER_BOUND ( 'NONE', #3706, .T. ) ;
#2230 = STYLED_ITEM ( 'NONE', ( #8965 ), #6268 ) ;
#2231 = VERTEX_POINT ( 'NONE', #6961 ) ;
#2232 = VERTEX_POINT ( 'NONE', #4560 ) ;
#2233 = ADVANCED_FACE ( 'NONE', ( #10256 ), #2822, .F. ) ;
#2234 = CARTESIAN_POINT ( 'NONE',  ( -46.04026666726100103, 20.29451869865799551, 5.135000000010998988 ) ) ;
#2235 = CARTESIAN_POINT ( 'NONE',  ( -38.80302962540589817, 20.81451869865799864, 3.945000000010995045 ) ) ;
#2236 = FACE_OUTER_BOUND ( 'NONE', #6846, .T. ) ;
#2237 = COLOUR_RGB ( '',1.000000000000000000, 0.9568627450980391469, 0.8862745098039215286 ) ;
#2238 = CARTESIAN_POINT ( 'NONE',  ( -21.60302962540589888, 10.21451869865800077, 3.745000000010996644 ) ) ;
#2239 = ORIENTED_EDGE ( 'NONE', *, *, #840, .T. ) ;
#2240 = EDGE_CURVE ( 'NONE', #7270, #9425, #686, .T. ) ;
#2241 = ORIENTED_EDGE ( 'NONE', *, *, #1651, .T. ) ;
#2242 = ORIENTED_EDGE ( 'NONE', *, *, #10096, .T. ) ;
#2243 = CIRCLE ( 'NONE', #8311, 0.1999999999999996503 ) ;
#2244 = FILL_AREA_STYLE_COLOUR ( '', #4045 ) ;
#2245 =( LENGTH_UNIT ( ) NAMED_UNIT ( * ) SI_UNIT ( .MILLI., .METRE. ) );
#2246 = AXIS2_PLACEMENT_3D ( 'NONE', #723, #2453, #2344 ) ;
#2247 = CARTESIAN_POINT ( 'NONE',  ( -45.84026666726099819, 17.78451869865799750, 2.620000000010995311 ) ) ;
#2248 = EDGE_LOOP ( 'NONE', ( #1301, #7194, #3777, #2966 ) ) ;
#2249 = ORIENTED_EDGE ( 'NONE', *, *, #447, .T. ) ;
#2250 = ORIENTED_EDGE ( 'NONE', *, *, #117, .F. ) ;
#2251 = SURFACE_STYLE_FILL_AREA ( #7962 ) ;
#2252 = STYLED_ITEM ( 'NONE', ( #10267 ), #9583 ) ;
#2253 = DIRECTION ( 'NONE',  ( 0.000000000000000000, -2.220446049250309876E-16, -1.000000000000000000 ) ) ;
#2254 = FILL_AREA_STYLE ('',( #4104 ) ) ;
#2255 = PRESENTATION_LAYER_ASSIGNMENT (  '', '', ( #3831 ) ) ;
#2256 =( NAMED_UNIT ( * ) PLANE_ANGLE_UNIT ( ) SI_UNIT ( $, .RADIAN. ) );
#2257 = SURFACE_STYLE_USAGE ( .BOTH. , #3249 ) ;
#2258 = DIRECTION ( 'NONE',  ( -1.000000000000000000, -1.084202172485499873E-16, 2.407412430484030037E-32 ) ) ;
#2259 = DIRECTION ( 'NONE',  ( 0.000000000000000000, 1.000000000000000000, -2.220446049250309876E-16 ) ) ;
#2260 = CARTESIAN_POINT ( 'NONE',  ( -21.70302962540590030, 8.714518698658000773, 3.945000000010995045 ) ) ;
#2261 = EDGE_LOOP ( 'NONE', ( #6184, #2011, #4356, #5850 ) ) ;
#2262 =( GEOMETRIC_REPRESENTATION_CONTEXT ( 3 ) GLOBAL_UNCERTAINTY_ASSIGNED_CONTEXT ( ( #4583 ) ) GLOBAL_UNIT_ASSIGNED_CONTEXT ( ( #6945, #2917, #2697 ) ) REPRESENTATION_CONTEXT ( 'NONE', 'WORKASPACE' ) );
#2263 = EDGE_CURVE ( 'NONE', #2629, #3292, #10428, .T. ) ;
#2264 = AXIS2_PLACEMENT_3D ( 'NONE', #10544, #4864, #2422 ) ;
#2265 = EDGE_CURVE ( 'NONE', #1975, #5667, #1578, .T. ) ;
#2266 = FACE_OUTER_BOUND ( 'NONE', #3913, .T. ) ;
#2267 = DIRECTION ( 'NONE',  ( -1.000000000000000000, 0.000000000000000000, 0.000000000000000000 ) ) ;
#2268 = DIRECTION ( 'NONE',  ( 0.000000000000000000, 1.000000000000000000, 0.000000000000000000 ) ) ;
#2269 = AXIS2_PLACEMENT_3D ( 'NONE', #10392, #2940, #3865 ) ;
#2270 =( LENGTH_UNIT ( ) NAMED_UNIT ( * ) SI_UNIT ( .MILLI., .METRE. ) );
#2271 = CARTESIAN_POINT ( 'NONE',  ( -42.73771170588249646, 16.63451869865799537, 3.945000000010995045 ) ) ;
#2272 = DIRECTION ( 'NONE',  ( 1.668003342285389825E-16, 0.000000000000000000, 1.000000000000000000 ) ) ;
#2273 = ORIENTED_EDGE ( 'NONE', *, *, #1868, .T. ) ;
#2274 = SURFACE_STYLE_FILL_AREA ( #6530 ) ;
#2275 = DIRECTION ( 'NONE',  ( 1.000000000000000000, 0.000000000000000000, 0.000000000000000000 ) ) ;
#2276 = ORIENTED_EDGE ( 'NONE', *, *, #4094, .T. ) ;
#2277 = ADVANCED_FACE ( 'NONE', ( #3193 ), #8072, .F. ) ;
#2278 = VERTEX_POINT ( 'NONE', #9823 ) ;
#2279 = LINE ( 'NONE', #5704, #4888 ) ;
#2280 = CIRCLE ( 'NONE', #310, 0.1999999999999987899 ) ;
#2281 = DIRECTION ( 'NONE',  ( -1.000000000000000000, 0.000000000000000000, 0.000000000000000000 ) ) ;
#2282 = MECHANICAL_DESIGN_GEOMETRIC_PRESENTATION_REPRESENTATION (  '', ( #860 ), #8355 ) ;
#2283 = FILL_AREA_STYLE_COLOUR ( '', #7626 ) ;
#2284 = DIRECTION ( 'NONE',  ( 0.000000000000000000, 2.220446049250309876E-16, 1.000000000000000000 ) ) ;
#2285 = CARTESIAN_POINT ( 'NONE',  ( 0.6500000000000000222, 11.05000000000000071, 0.000000000000000000 ) ) ;
#2286 = ADVANCED_FACE ( 'NONE', ( #1637 ), #3288, .T. ) ;
#2287 = CARTESIAN_POINT ( 'NONE',  ( -15.74029191166209962, 2.755277039305740416, 3.955000000010998384 ) ) ;
#2288 = ORIENTED_EDGE ( 'NONE', *, *, #9193, .T. ) ;
#2289 = COLOUR_RGB ( '',1.000000000000000000, 0.9568627450980391469, 0.8862745098039215286 ) ;
#2290 = ORIENTED_EDGE ( 'NONE', *, *, #9852, .F. ) ;
#2291 =( GEOMETRIC_REPRESENTATION_CONTEXT ( 3 ) GLOBAL_UNCERTAINTY_ASSIGNED_CONTEXT ( ( #10551 ) ) GLOBAL_UNIT_ASSIGNED_CONTEXT ( ( #572, #516, #10481 ) ) REPRESENTATION_CONTEXT ( 'NONE', 'WORKASPACE' ) );
#2292 = DIRECTION ( 'NONE',  ( -1.000000000000000000, 0.000000000000000000, 0.000000000000000000 ) ) ;
#2293 = PRESENTATION_STYLE_ASSIGNMENT (( #7525 ) ) ;
#2294 = AXIS2_PLACEMENT_3D ( 'NONE', #7767, #10373, #5363 ) ;
#2295 = DIRECTION ( 'NONE',  ( 0.000000000000000000, -1.000000000000000000, 2.220446049250309876E-16 ) ) ;
#2296 = PLANE ( 'NONE',  #83 ) ;
#2297 = ADVANCED_FACE ( 'NONE', ( #9063, #6458 ), #999, .T. ) ;
#2298 = AXIS2_PLACEMENT_3D ( 'NONE', #8826, #9844, #5772 ) ;
#2299 = MECHANICAL_DESIGN_GEOMETRIC_PRESENTATION_REPRESENTATION (  '', ( #7011 ), #3702 ) ;
#2300 =( NAMED_UNIT ( * ) SI_UNIT ( $, .STERADIAN. ) SOLID_ANGLE_UNIT ( ) );
#2301 = FACE_OUTER_BOUND ( 'NONE', #9603, .T. ) ;
#2302 = PRESENTATION_STYLE_ASSIGNMENT (( #9755 ) ) ;
#2303 = ORIENTED_EDGE ( 'NONE', *, *, #3579, .F. ) ;
#2304 = VECTOR ( 'NONE', #9362, 1000.000000000000000 ) ;
#2305 = ORIENTED_EDGE ( 'NONE', *, *, #2032, .F. ) ;
#2306 = ORIENTED_EDGE ( 'NONE', *, *, #4543, .F. ) ;
#2307 = CIRCLE ( 'NONE', #5438, 0.1999999999999987899 ) ;
#2308 = VECTOR ( 'NONE', #6238, 1000.000000000000000 ) ;
#2309 = DIRECTION ( 'NONE',  ( 0.000000000000000000, 1.000000000000000000, 0.000000000000000000 ) ) ;
#2310 = CARTESIAN_POINT ( 'NONE',  ( -16.38026666726099734, 20.29451869865799551, 5.135000000010998988 ) ) ;
#2311 = ADVANCED_FACE ( 'NONE', ( #4474 ), #1832, .T. ) ;
#2312 = STYLED_ITEM ( 'NONE', ( #10675 ), #5125 ) ;
#2313 =( LENGTH_UNIT ( ) NAMED_UNIT ( * ) SI_UNIT ( .MILLI., .METRE. ) );
#2314 = VECTOR ( 'NONE', #349, 1000.000000000000000 ) ;
#2315 = DIRECTION ( 'NONE',  ( 0.000000000000000000, 2.220446049250309876E-16, 1.000000000000000000 ) ) ;
#2316 = FACE_OUTER_BOUND ( 'NONE', #6449, .T. ) ;
#2317 = COLOUR_RGB ( '',1.000000000000000000, 0.9568627450980391469, 0.8862745098039215286 ) ;
#2318 = ORIENTED_EDGE ( 'NONE', *, *, #2635, .F. ) ;
#2319 = LINE ( 'NONE', #6464, #9772 ) ;
#2320 = CARTESIAN_POINT ( 'NONE',  ( -45.84026666726099819, 18.88451869865799893, 2.545000000010996910 ) ) ;
#2321 = CIRCLE ( 'NONE', #1243, 2.000000000000001776 ) ;
#2322 = CARTESIAN_POINT ( 'NONE',  ( -29.27854998418980159, 1.214518698657939710, 2.345000000010998065 ) ) ;
#2323 = COLOUR_RGB ( '',1.000000000000000000, 0.9568627450980391469, 0.8862745098039215286 ) ;
#2324 = DIRECTION ( 'NONE',  ( 0.000000000000000000, -1.000000000000000000, 2.220446049250309876E-16 ) ) ;
#2325 = PLANE ( 'NONE',  #1526 ) ;
#2326 = PRESENTATION_STYLE_ASSIGNMENT (( #758 ) ) ;
#2327 = DIRECTION ( 'NONE',  ( 0.000000000000000000, 2.220446049250309876E-16, 1.000000000000000000 ) ) ;
#2328 = VERTEX_POINT ( 'NONE', #10354 ) ;
#2329 = VECTOR ( 'NONE', #1192, 1000.000000000000000 ) ;
#2330 =( NAMED_UNIT ( * ) SI_UNIT ( $, .STERADIAN. ) SOLID_ANGLE_UNIT ( ) );
#2331 = SURFACE_SIDE_STYLE ('',( #9138 ) ) ;
#2332 =( GEOMETRIC_REPRESENTATION_CONTEXT ( 3 ) GLOBAL_UNCERTAINTY_ASSIGNED_CONTEXT ( ( #7952 ) ) GLOBAL_UNIT_ASSIGNED_CONTEXT ( ( #4835, #3222, #1280 ) ) REPRESENTATION_CONTEXT ( 'NONE', 'WORKASPACE' ) );
#2333 = ORIENTED_EDGE ( 'NONE', *, *, #5398, .F. ) ;
#2334 = AXIS2_PLACEMENT_3D ( 'NONE', #4863, #9979, #919 ) ;
#2335 = ORIENTED_EDGE ( 'NONE', *, *, #9831, .F. ) ;
#2336 = CARTESIAN_POINT ( 'NONE',  ( -14.90026666726099869, 9.160427903162849717, 3.955000000010998384 ) ) ;
#2337 =( LENGTH_UNIT ( ) NAMED_UNIT ( * ) SI_UNIT ( .MILLI., .METRE. ) );
#2338 = COLOUR_RGB ( '',1.000000000000000000, 0.9568627450980391469, 0.8862745098039215286 ) ;
#2339 = DIRECTION ( 'NONE',  ( 0.000000000000000000, -1.000000000000000000, 2.220446049250309876E-16 ) ) ;
#2340 = EDGE_CURVE ( 'NONE', #8819, #10409, #6165, .T. ) ;
#2341 = EDGE_CURVE ( 'NONE', #8430, #10659, #802, .T. ) ;
#2342 =( NAMED_UNIT ( * ) PLANE_ANGLE_UNIT ( ) SI_UNIT ( $, .RADIAN. ) );
#2343 = DIRECTION ( 'NONE',  ( -4.906827883789130189E-32, 0.000000000000000000, 1.000000000000000000 ) ) ;
#2344 = DIRECTION ( 'NONE',  ( 0.000000000000000000, -2.220446049250309876E-16, -1.000000000000000000 ) ) ;
#2345 = STYLED_ITEM ( 'NONE', ( #5289 ), #3941 ) ;
#2346 = ORIENTED_EDGE ( 'NONE', *, *, #8368, .T. ) ;
#2347 = CARTESIAN_POINT ( 'NONE',  ( -21.40302962540589604, 16.21451869865800077, 3.345000000010998953 ) ) ;
#2348 = ORIENTED_EDGE ( 'NONE', *, *, #8078, .T. ) ;
#2349 = EDGE_CURVE ( 'NONE', #9158, #8886, #8334, .T. ) ;
#2350 = FILL_AREA_STYLE ('',( #9804 ) ) ;
#2351 = VECTOR ( 'NONE', #4641, 1000.000000000000000 ) ;
#2352 = SURFACE_STYLE_USAGE ( .BOTH. , #5842 ) ;
#2353 = DIRECTION ( 'NONE',  ( 0.000000000000000000, 1.000000000000000000, -4.336808689942013792E-16 ) ) ;
#2354 = FILL_AREA_STYLE_COLOUR ( '', #6980 ) ;
#2355 = CARTESIAN_POINT ( 'NONE',  ( 0.6500000000000000222, 3.200000000000000178, 0.000000000000000000 ) ) ;
#2356 = SURFACE_SIDE_STYLE ('',( #6397 ) ) ;
#2357 = UNCERTAINTY_MEASURE_WITH_UNIT (LENGTH_MEASURE( 1.000000000000000082E-05 ), #6743, 'distance_accuracy_value', 'NONE');
#2358 = ORIENTED_EDGE ( 'NONE', *, *, #1970, .T. ) ;
#2359 = FACE_BOUND ( 'NONE', #7205, .T. ) ;
#2360 = MECHANICAL_DESIGN_GEOMETRIC_PRESENTATION_REPRESENTATION (  '', ( #9487 ), #8426 ) ;
#2361 = ORIENTED_EDGE ( 'NONE', *, *, #9008, .F. ) ;
#2362 = ORIENTED_EDGE ( 'NONE', *, *, #6516, .T. ) ;
#2363 = DIRECTION ( 'NONE',  ( 0.000000000000000000, 2.220446049250309876E-16, 1.000000000000000000 ) ) ;
#2364 = ADVANCED_FACE ( 'NONE', ( #9312 ), #8472, .F. ) ;
#2365 = FILL_AREA_STYLE_COLOUR ( '', #3875 ) ;
#2366 = DIRECTION ( 'NONE',  ( 0.000000000000000000, 2.220446049250309876E-16, 1.000000000000000000 ) ) ;
#2367 = SURFACE_STYLE_FILL_AREA ( #7176 ) ;
#2368 = FACE_OUTER_BOUND ( 'NONE', #6171, .T. ) ;
#2369 = AXIS2_PLACEMENT_3D ( 'NONE', #8024, #2258, #4668 ) ;
#2370 = CARTESIAN_POINT ( 'NONE',  ( -46.24026666726099677, 23.13451869865799893, 3.945000000010995045 ) ) ;
#2371 = DIRECTION ( 'NONE',  ( 0.000000000000000000, -2.220446049250309876E-16, -1.000000000000000000 ) ) ;
#2372 = SURFACE_SIDE_STYLE ('',( #10692 ) ) ;
#2373 = DIRECTION ( 'NONE',  ( -1.000000000000000000, 0.000000000000000000, 0.000000000000000000 ) ) ;
#2374 = CARTESIAN_POINT ( 'NONE',  ( -45.84026666726099819, 18.63451869865799893, 2.545000000010996910 ) ) ;
#2375 = VERTEX_POINT ( 'NONE', #8871 ) ;
#2376 = DIRECTION ( 'NONE',  ( 0.000000000000000000, -2.220446049250309876E-16, -1.000000000000000000 ) ) ;
#2377 = CARTESIAN_POINT ( 'NONE',  ( -46.24026666726099677, 23.13451869865799893, 5.145000000010998775 ) ) ;
#2378 = PLANE ( 'NONE',  #5565 ) ;
#2379 = PRODUCT_DEFINITION_CONTEXT ( 'detailed design', #5154, 'design' ) ;
#2380 = PRESENTATION_LAYER_ASSIGNMENT (  '', '', ( #10382 ) ) ;
#2381 = FACE_OUTER_BOUND ( 'NONE', #6476, .T. ) ;
#2382 = CARTESIAN_POINT ( 'NONE',  ( -19.90302962540589959, 16.21451869865800077, 3.345000000010998953 ) ) ;
#2384 = VERTEX_POINT ( 'NONE', #1335 ) ;
#2383 = LINE ( 'NONE', #8039, #4707 ) ;
#2385 = CIRCLE ( 'NONE', #8099, 0.1999999999999987899 ) ;
#2386 = DIRECTION ( 'NONE',  ( -1.000000000000000000, 0.000000000000000000, 0.000000000000000000 ) ) ;
#2387 = VERTEX_POINT ( 'NONE', #4688 ) ;
#2388 = EDGE_LOOP ( 'NONE', ( #659, #3594 ) ) ;
#2389 = VECTOR ( 'NONE', #8333, 1000.000000000000000 ) ;
#2390 = VECTOR ( 'NONE', #6170, 1000.000000000000000 ) ;
#2391 = CARTESIAN_POINT ( 'NONE',  ( -44.54026666726100103, 19.98451869865800035, 3.945000000010995045 ) ) ;
#2392 = DIRECTION ( 'NONE',  ( 0.000000000000000000, -1.000000000000000000, 0.000000000000000000 ) ) ;
#2393 = DIRECTION ( 'NONE',  ( -1.000000000000000000, 0.000000000000000000, 0.000000000000000000 ) ) ;
#2394 = SURFACE_STYLE_USAGE ( .BOTH. , #10769 ) ;
#2395 =( GEOMETRIC_REPRESENTATION_CONTEXT ( 3 ) GLOBAL_UNCERTAINTY_ASSIGNED_CONTEXT ( ( #7102 ) ) GLOBAL_UNIT_ASSIGNED_CONTEXT ( ( #4860, #859, #10690 ) ) REPRESENTATION_CONTEXT ( 'NONE', 'WORKASPACE' ) );
#2396 = ORIENTED_EDGE ( 'NONE', *, *, #7442, .T. ) ;
#2397 = CARTESIAN_POINT ( 'NONE',  ( -4.405000000000000249, 3.000000000000000000, 1.275000000000000133 ) ) ;
#2398 = EDGE_CURVE ( 'NONE', #2633, #5461, #1284, .T. ) ;
#2399 = EDGE_CURVE ( 'NONE', #4313, #3463, #1002, .T. ) ;
#2400 = CARTESIAN_POINT ( 'NONE',  ( -22.88026666726100089, 16.29451869865799551, 5.145000000010998775 ) ) ;
#2401 = ORIENTED_EDGE ( 'NONE', *, *, #3808, .F. ) ;
#2402 = CARTESIAN_POINT ( 'NONE',  ( -14.90026666726099869, 9.160427903162849717, 5.135000000010998988 ) ) ;
#2403 = SURFACE_STYLE_USAGE ( .BOTH. , #8058 ) ;
#2404 = PRESENTATION_LAYER_ASSIGNMENT (  '', '', ( #9873 ) ) ;
#2405 = CARTESIAN_POINT ( 'NONE',  ( -48.84026666726100530, 26.27451869865799949, 3.345000000010998953 ) ) ;
#2406 = SURFACE_SIDE_STYLE ('',( #5722 ) ) ;
#2407 = SURFACE_SIDE_STYLE ('',( #8946 ) ) ;
#2408 = DIRECTION ( 'NONE',  ( 0.000000000000000000, 2.220446049250309876E-16, 1.000000000000000000 ) ) ;
#2409 = DIRECTION ( 'NONE',  ( 0.000000000000000000, 2.220446049250309876E-16, 1.000000000000000000 ) ) ;
#2410 = EDGE_CURVE ( 'NONE', #1285, #8522, #810, .T. ) ;
#2411 = SURFACE_SIDE_STYLE ('',( #10681 ) ) ;
#2412 = DIRECTION ( 'NONE',  ( 0.000000000000000000, -2.220446049250309876E-16, -1.000000000000000000 ) ) ;
#2413 = ORIENTED_EDGE ( 'NONE', *, *, #4479, .T. ) ;
#2414 = CARTESIAN_POINT ( 'NONE',  ( 0.000000000000000000, 0.000000000000000000, 0.000000000000000000 ) ) ;
#2415 =( GEOMETRIC_REPRESENTATION_CONTEXT ( 3 ) GLOBAL_UNCERTAINTY_ASSIGNED_CONTEXT ( ( #4379 ) ) GLOBAL_UNIT_ASSIGNED_CONTEXT ( ( #7456, #720, #1545 ) ) REPRESENTATION_CONTEXT ( 'NONE', 'WORKASPACE' ) );
#2416 = ORIENTED_EDGE ( 'NONE', *, *, #7262, .F. ) ;
#2417 = VERTEX_POINT ( 'NONE', #2187 ) ;
#2418 = CYLINDRICAL_SURFACE ( 'NONE', #8717, 0.9999999999999991118 ) ;
#2419 = CARTESIAN_POINT ( 'NONE',  ( -29.27854998418980159, 3.014518698657940199, 2.345000000010998065 ) ) ;
#2420 = CARTESIAN_POINT ( 'NONE',  ( -46.24026666726099677, 23.13451869865799893, 3.955000000010998384 ) ) ;
#2421 = DIRECTION ( 'NONE',  ( -1.000000000000000000, 0.000000000000000000, 0.000000000000000000 ) ) ;
#2422 = DIRECTION ( 'NONE',  ( 0.000000000000000000, 1.000000000000000000, 0.000000000000000000 ) ) ;
#2424 = SURFACE_STYLE_USAGE ( .BOTH. , #1638 ) ;
#2423 = FILL_AREA_STYLE ('',( #3091 ) ) ;
#2425 = EDGE_CURVE ( 'NONE', #8962, #3671, #396, .T. ) ;
#2426 = EDGE_CURVE ( 'NONE', #4841, #5498, #6065, .T. ) ;
#2427 =( NAMED_UNIT ( * ) SI_UNIT ( $, .STERADIAN. ) SOLID_ANGLE_UNIT ( ) );
#2428 = ORIENTED_EDGE ( 'NONE', *, *, #10738, .F. ) ;
#2429 = CARTESIAN_POINT ( 'NONE',  ( -45.84026666726099819, 18.63451869865799893, 2.545000000010996910 ) ) ;
#2430 = DIRECTION ( 'NONE',  ( 0.3481553119113945938, 0.8703882797784902037, -0.3481553119113945938 ) ) ;
#2431 = STYLED_ITEM ( 'NONE', ( #5761 ), #2787 ) ;
#2432 =( GEOMETRIC_REPRESENTATION_CONTEXT ( 3 ) GLOBAL_UNCERTAINTY_ASSIGNED_CONTEXT ( ( #10191 ) ) GLOBAL_UNIT_ASSIGNED_CONTEXT ( ( #2485, #8124, #528 ) ) REPRESENTATION_CONTEXT ( 'NONE', 'WORKASPACE' ) );
#2433 =( NAMED_UNIT ( * ) SI_UNIT ( $, .STERADIAN. ) SOLID_ANGLE_UNIT ( ) );
#2434 = CARTESIAN_POINT ( 'NONE',  ( -39.00302962540590102, 5.314518698658000417, 1.285000000010999566 ) ) ;
#2435 = FILL_AREA_STYLE_COLOUR ( '', #4691 ) ;
#2436 = DIRECTION ( 'NONE',  ( 0.000000000000000000, -1.000000000000000000, 4.336808689942013792E-16 ) ) ;
#2437 = FILL_AREA_STYLE_COLOUR ( '', #7302 ) ;
#2438 = ORIENTED_EDGE ( 'NONE', *, *, #1663, .T. ) ;
#2439 = VECTOR ( 'NONE', #6136, 1000.000000000000000 ) ;
#2440 = VECTOR ( 'NONE', #7568, 1000.000000000000000 ) ;
#2441 = LINE ( 'NONE', #3867, #2508 ) ;
#2442 = ORIENTED_EDGE ( 'NONE', *, *, #7414, .T. ) ;
#2443 = VERTEX_POINT ( 'NONE', #3978 ) ;
#2444 = FILL_AREA_STYLE ('',( #6533 ) ) ;
#2445 = CARTESIAN_POINT ( 'NONE',  ( -14.90026666726099869, 9.160427903162849717, 3.945000000010995045 ) ) ;
#2446 = MECHANICAL_DESIGN_GEOMETRIC_PRESENTATION_REPRESENTATION (  '', ( #1720 ), #482 ) ;
#2447 = VECTOR ( 'NONE', #1171, 1000.000000000000000 ) ;
#2448 = CARTESIAN_POINT ( 'NONE',  ( -45.84026666726099819, 18.68451869865799964, 2.545000000010996910 ) ) ;
#2449 = PRESENTATION_STYLE_ASSIGNMENT (( #4958 ) ) ;
#2450 = LINE ( 'NONE', #10612, #10411 ) ;
#2451 = PRESENTATION_STYLE_ASSIGNMENT (( #7304 ) ) ;
#2452 = ADVANCED_FACE ( 'NONE', ( #4742 ), #3827, .F. ) ;
#2453 = DIRECTION ( 'NONE',  ( 0.000000000000000000, 1.000000000000000000, -2.220446049250309876E-16 ) ) ;
#2454 =( GEOMETRIC_REPRESENTATION_CONTEXT ( 3 ) GLOBAL_UNCERTAINTY_ASSIGNED_CONTEXT ( ( #1165 ) ) GLOBAL_UNIT_ASSIGNED_CONTEXT ( ( #5450, #3603, #494 ) ) REPRESENTATION_CONTEXT ( 'NONE', 'WORKASPACE' ) );
#2455 = CIRCLE ( 'NONE', #7496, 2.000000000000001776 ) ;
#2456 = ORIENTED_EDGE ( 'NONE', *, *, #356, .T. ) ;
#2457 = FACE_OUTER_BOUND ( 'NONE', #1822, .T. ) ;
#2458 = CARTESIAN_POINT ( 'NONE',  ( -44.54026666726100103, 19.98451869865800035, 3.945000000010995045 ) ) ;
#2459 = ORIENTED_EDGE ( 'NONE', *, *, #1154, .T. ) ;
#2460 =( GEOMETRIC_REPRESENTATION_CONTEXT ( 3 ) GLOBAL_UNCERTAINTY_ASSIGNED_CONTEXT ( ( #2862 ) ) GLOBAL_UNIT_ASSIGNED_CONTEXT ( ( #3176, #553, #1538 ) ) REPRESENTATION_CONTEXT ( 'NONE', 'WORKASPACE' ) );
#2461 =( NAMED_UNIT ( * ) PLANE_ANGLE_UNIT ( ) SI_UNIT ( $, .RADIAN. ) );
#2462 =( LENGTH_UNIT ( ) NAMED_UNIT ( * ) SI_UNIT ( .MILLI., .METRE. ) );
#2463 = CARTESIAN_POINT ( 'NONE',  ( -36.17854998418980017, 1.257512981500239935, 2.945000000010994157 ) ) ;
#2464 =( NAMED_UNIT ( * ) SI_UNIT ( $, .STERADIAN. ) SOLID_ANGLE_UNIT ( ) );
#2465 = VECTOR ( 'NONE', #2650, 1000.000000000000000 ) ;
#2466 = CARTESIAN_POINT ( 'NONE',  ( -41.74026666726099677, 0.7945186986579400035, 3.745000000010996644 ) ) ;
#2467 = SURFACE_STYLE_FILL_AREA ( #7422 ) ;
#2468 = UNCERTAINTY_MEASURE_WITH_UNIT (LENGTH_MEASURE( 1.000000000000000082E-05 ), #3465, 'distance_accuracy_value', 'NONE');
#2469 = EDGE_LOOP ( 'NONE', ( #4160, #5346, #5883, #3032, #6399, #898 ) ) ;
#2470 = MECHANICAL_DESIGN_GEOMETRIC_PRESENTATION_REPRESENTATION (  '', ( #1562 ), #5433 ) ;
#2471 = VECTOR ( 'NONE', #1619, 1000.000000000000000 ) ;
#2472 = EDGE_LOOP ( 'NONE', ( #5793, #9914, #4493, #3321 ) ) ;
#2473 = ORIENTED_EDGE ( 'NONE', *, *, #3431, .T. ) ;
#2474 = PRESENTATION_STYLE_ASSIGNMENT (( #3351 ) ) ;
#2475 = VECTOR ( 'NONE', #8068, 1000.000000000000000 ) ;
#2476 =( NAMED_UNIT ( * ) PLANE_ANGLE_UNIT ( ) SI_UNIT ( $, .RADIAN. ) );
#2477 = VECTOR ( 'NONE', #4634, 1000.000000000000000 ) ;
#2478 = PRESENTATION_LAYER_ASSIGNMENT (  '', '', ( #10477 ) ) ;
#2479 = LINE ( 'NONE', #3412, #2519 ) ;
#2480 = FILL_AREA_STYLE ('',( #10025 ) ) ;
#2481 = MECHANICAL_DESIGN_GEOMETRIC_PRESENTATION_REPRESENTATION (  '', ( #5781 ), #9944 ) ;
#2482 = EDGE_CURVE ( 'NONE', #3069, #2130, #7099, .T. ) ;
#2483 = EDGE_CURVE ( 'NONE', #672, #5763, #3067, .T. ) ;
#2484 = CARTESIAN_POINT ( 'NONE',  ( -28.67854998418979662, 4.514518698657940199, 3.745000000010996644 ) ) ;
#2485 =( LENGTH_UNIT ( ) NAMED_UNIT ( * ) SI_UNIT ( .MILLI., .METRE. ) );
#2486 = CARTESIAN_POINT ( 'NONE',  ( -14.90026666726099869, 14.24042790316280005, 3.955000000010998384 ) ) ;
#2487 = DIRECTION ( 'NONE',  ( 1.000000000000000000, 0.000000000000000000, 0.000000000000000000 ) ) ;
#2488 = FACE_OUTER_BOUND ( 'NONE', #3972, .T. ) ;
#2489 = AXIS2_PLACEMENT_3D ( 'NONE', #1128, #6996, #10178 ) ;
#2490 = VERTEX_POINT ( 'NONE', #9690 ) ;
#2491 = CARTESIAN_POINT ( 'NONE',  ( -38.80302962540589817, 20.81451869865799864, 3.945000000010995045 ) ) ;
#2492 = CIRCLE ( 'NONE', #7528, 0.4800000000000012590 ) ;
#2493 = DIRECTION ( 'NONE',  ( 0.000000000000000000, 2.220446049250309876E-16, 1.000000000000000000 ) ) ;
#2494 = CARTESIAN_POINT ( 'NONE',  ( -22.88026666726100089, 20.29451869865799551, 5.135000000010998988 ) ) ;
#2495 = EDGE_CURVE ( 'NONE', #7407, #6772, #1491, .T. ) ;
#2496 = VECTOR ( 'NONE', #392, 1000.000000000000000 ) ;
#2497 = SURFACE_SIDE_STYLE ('',( #5049 ) ) ;
#2498 = CIRCLE ( 'NONE', #896, 0.1999999999999996503 ) ;
#2499 = CARTESIAN_POINT ( 'NONE',  ( -41.94026666726099961, 3.194518698657949685, 3.945000000010995045 ) ) ;
#2500 = CARTESIAN_POINT ( 'NONE',  ( -44.54026666726100103, 19.98451869865800035, 3.545000000010997798 ) ) ;
#2501 = VERTEX_POINT ( 'NONE', #3394 ) ;
#2502 = DIRECTION ( 'NONE',  ( -1.000000000000000000, 0.000000000000000000, 0.000000000000000000 ) ) ;
#2503 = ORIENTED_EDGE ( 'NONE', *, *, #10669, .T. ) ;
#2504 = PRESENTATION_LAYER_ASSIGNMENT (  '', '', ( #5278 ) ) ;
#2505 = ORIENTED_EDGE ( 'NONE', *, *, #2399, .T. ) ;
#2506 = SURFACE_SIDE_STYLE ('',( #10660 ) ) ;
#2507 = STYLED_ITEM ( 'NONE', ( #3692 ), #8623 ) ;
#2508 = VECTOR ( 'NONE', #7192, 1000.000000000000000 ) ;
#2509 = ADVANCED_FACE ( 'NONE', ( #4840 ), #7515, .F. ) ;
#2510 = SURFACE_STYLE_USAGE ( .BOTH. , #1484 ) ;
#2511 = COLOUR_RGB ( '',1.000000000000000000, 0.9568627450980391469, 0.8862745098039215286 ) ;
#2512 =( GEOMETRIC_REPRESENTATION_CONTEXT ( 3 ) GLOBAL_UNCERTAINTY_ASSIGNED_CONTEXT ( ( #9981 ) ) GLOBAL_UNIT_ASSIGNED_CONTEXT ( ( #6434, #3007, #9637 ) ) REPRESENTATION_CONTEXT ( 'NONE', 'WORKASPACE' ) );
#2513 = CARTESIAN_POINT ( 'NONE',  ( -14.90026666726099869, 10.70042790316279913, 3.955000000010998384 ) ) ;
#2514 = FACE_OUTER_BOUND ( 'NONE', #3185, .T. ) ;
#2515 =( LENGTH_UNIT ( ) NAMED_UNIT ( * ) SI_UNIT ( .MILLI., .METRE. ) );
#2516 = ORIENTED_EDGE ( 'NONE', *, *, #761, .F. ) ;
#2517 = UNCERTAINTY_MEASURE_WITH_UNIT (LENGTH_MEASURE( 1.000000000000000082E-05 ), #9625, 'distance_accuracy_value', 'NONE');
#2518 = FILL_AREA_STYLE_COLOUR ( '', #345 ) ;
#2519 = VECTOR ( 'NONE', #6730, 1000.000000000000000 ) ;
#2520 = LINE ( 'NONE', #9254, #3871 ) ;
#2521 = ORIENTED_EDGE ( 'NONE', *, *, #6358, .F. ) ;
#2522 = EDGE_CURVE ( 'NONE', #239, #6159, #5666, .T. ) ;
#2523 =( LENGTH_UNIT ( ) NAMED_UNIT ( * ) SI_UNIT ( .MILLI., .METRE. ) );
#2524 =( NAMED_UNIT ( * ) SI_UNIT ( $, .STERADIAN. ) SOLID_ANGLE_UNIT ( ) );
#2525 = PLANE ( 'NONE',  #9296 ) ;
#2526 = DIRECTION ( 'NONE',  ( 0.000000000000000000, 1.000000000000000000, -2.220446049250309876E-16 ) ) ;
#2527 = CARTESIAN_POINT ( 'NONE',  ( -46.24026666726099677, 0.7945186986579397814, 5.135000000010999877 ) ) ;
#2528 = MECHANICAL_DESIGN_GEOMETRIC_PRESENTATION_REPRESENTATION (  '', ( #2345 ), #5123 ) ;
#2529 = DIRECTION ( 'NONE',  ( 0.000000000000000000, -1.000000000000000000, 2.220446049250309876E-16 ) ) ;
#2530 = SURFACE_SIDE_STYLE ('',( #1835 ) ) ;
#2531 = ORIENTED_EDGE ( 'NONE', *, *, #6126, .T. ) ;
#2532 = EDGE_LOOP ( 'NONE', ( #2290, #1522, #3182, #6631 ) ) ;
#2533 = ORIENTED_EDGE ( 'NONE', *, *, #7074, .T. ) ;
#2534 =( NAMED_UNIT ( * ) SI_UNIT ( $, .STERADIAN. ) SOLID_ANGLE_UNIT ( ) );
#2535 = CIRCLE ( 'NONE', #1449, 0.1999999999999987899 ) ;
#2536 =( NAMED_UNIT ( * ) SI_UNIT ( $, .STERADIAN. ) SOLID_ANGLE_UNIT ( ) );
#2537 = CARTESIAN_POINT ( 'NONE',  ( -39.54026666726100103, 16.29451869865799551, 5.145000000010998775 ) ) ;
#2538 = FACE_BOUND ( 'NONE', #10575, .T. ) ;
#2539 = FACE_OUTER_BOUND ( 'NONE', #2469, .T. ) ;
#2540 = CIRCLE ( 'NONE', #1289, 0.1999999999999987899 ) ;
#2541 = FILL_AREA_STYLE_COLOUR ( '', #9954 ) ;
#2542 = DIRECTION ( 'NONE',  ( 0.000000000000000000, -2.220446049250309876E-16, -1.000000000000000000 ) ) ;
#2543 = ORIENTED_EDGE ( 'NONE', *, *, #389, .T. ) ;
#2544 = DIRECTION ( 'NONE',  ( 0.000000000000000000, 2.220446049250309876E-16, 1.000000000000000000 ) ) ;
#2545 = CARTESIAN_POINT ( 'NONE',  ( -41.53771170588249362, 16.83451869865799821, 3.145000000011000107 ) ) ;
#2546 = ADVANCED_FACE ( 'NONE', ( #7406 ), #8203, .F. ) ;
#2547 = EDGE_CURVE ( 'NONE', #10722, #7706, #8364, .T. ) ;
#2548 = UNCERTAINTY_MEASURE_WITH_UNIT (LENGTH_MEASURE( 1.000000000000000082E-05 ), #3235, 'distance_accuracy_value', 'NONE');
#2549 = DIRECTION ( 'NONE',  ( 0.000000000000000000, 2.220446049250309876E-16, 1.000000000000000000 ) ) ;
#2550 = CYLINDRICAL_SURFACE ( 'NONE', #1658, 2.000000000000000000 ) ;
#2551 = AXIS2_PLACEMENT_3D ( 'NONE', #4561, #7231, #9765 ) ;
#2552 = SURFACE_STYLE_FILL_AREA ( #3315 ) ;
#2553 = PLANE ( 'NONE',  #6269 ) ;
#2554 = SURFACE_STYLE_FILL_AREA ( #9339 ) ;
#2555 = ORIENTED_EDGE ( 'NONE', *, *, #2884, .F. ) ;
#2556 = DIRECTION ( 'NONE',  ( -1.000000000000000000, 0.000000000000000000, 0.000000000000000000 ) ) ;
#2557 = CARTESIAN_POINT ( 'NONE',  ( -46.24026666726099677, 23.13451869865799893, 5.135000000010998988 ) ) ;
#2558 = ORIENTED_EDGE ( 'NONE', *, *, #5198, .T. ) ;
#2559 = EDGE_CURVE ( 'NONE', #8886, #5380, #3, .T. ) ;
#2560 = CIRCLE ( 'NONE', #8628, 1.599999999999999867 ) ;
#2561 = CARTESIAN_POINT ( 'NONE',  ( -15.74029191166209962, 1.155277039305740328, 5.135000000010998988 ) ) ;
#2562 =( GEOMETRIC_REPRESENTATION_CONTEXT ( 3 ) GLOBAL_UNCERTAINTY_ASSIGNED_CONTEXT ( ( #7944 ) ) GLOBAL_UNIT_ASSIGNED_CONTEXT ( ( #4655, #1242, #7055 ) ) REPRESENTATION_CONTEXT ( 'NONE', 'WORKASPACE' ) );
#2563 = DIRECTION ( 'NONE',  ( 0.000000000000000000, -2.220446049250309876E-16, -1.000000000000000000 ) ) ;
#2564 = DIRECTION ( 'NONE',  ( 0.000000000000000000, 2.220446049250309876E-16, 1.000000000000000000 ) ) ;
#2565 =( NAMED_UNIT ( * ) PLANE_ANGLE_UNIT ( ) SI_UNIT ( $, .RADIAN. ) );
#2566 = STYLED_ITEM ( 'NONE', ( #8944 ), #6540 ) ;
#2567 = ORIENTED_EDGE ( 'NONE', *, *, #8045, .F. ) ;
#2568 = DIRECTION ( 'NONE',  ( -1.000000000000000000, 0.000000000000000000, 0.000000000000000000 ) ) ;
#2569 = CIRCLE ( 'NONE', #2029, 0.1999999999999987899 ) ;
#2570 = DIRECTION ( 'NONE',  ( 1.000000000000000000, 0.000000000000000000, 0.000000000000000000 ) ) ;
#2571 = EDGE_LOOP ( 'NONE', ( #10425, #7245, #4225, #6963 ) ) ;
#2572 = FACE_OUTER_BOUND ( 'NONE', #7854, .T. ) ;
#2573 = FILL_AREA_STYLE ('',( #4142 ) ) ;
#2574 = SURFACE_SIDE_STYLE ('',( #4200 ) ) ;
#2575 = CARTESIAN_POINT ( 'NONE',  ( -26.97854998418979733, 4.514518698657940199, 3.745000000010996644 ) ) ;
#2576 = STYLED_ITEM ( 'NONE', ( #1576 ), #1063 ) ;
#2577 = ORIENTED_EDGE ( 'NONE', *, *, #1432, .F. ) ;
#2578 = ORIENTED_EDGE ( 'NONE', *, *, #1717, .F. ) ;
#2579 = VERTEX_POINT ( 'NONE', #55 ) ;
#2580 = ORIENTED_EDGE ( 'NONE', *, *, #8170, .T. ) ;
#2581 = VECTOR ( 'NONE', #1062, 1000.000000000000000 ) ;
#2582 = DIRECTION ( 'NONE',  ( 0.000000000000000000, 2.220446049250309876E-16, 1.000000000000000000 ) ) ;
#2583 = CARTESIAN_POINT ( 'NONE',  ( -41.94026666726099961, 0.7945186986579400035, 3.745000000010996644 ) ) ;
#2584 =( NAMED_UNIT ( * ) PLANE_ANGLE_UNIT ( ) SI_UNIT ( $, .RADIAN. ) );
#2585 =( LENGTH_UNIT ( ) NAMED_UNIT ( * ) SI_UNIT ( .MILLI., .METRE. ) );
#2586 = CYLINDRICAL_SURFACE ( 'NONE', #9234, 2.000000000000000000 ) ;
#2587 = MECHANICAL_DESIGN_GEOMETRIC_PRESENTATION_REPRESENTATION (  '', ( #6429 ), #4838 ) ;
#2588 = UNCERTAINTY_MEASURE_WITH_UNIT (LENGTH_MEASURE( 1.000000000000000082E-05 ), #7118, 'distance_accuracy_value', 'NONE');
#2589 = EDGE_CURVE ( 'NONE', #6026, #6772, #3437, .T. ) ;
#2590 =( LENGTH_UNIT ( ) NAMED_UNIT ( * ) SI_UNIT ( .MILLI., .METRE. ) );
#2591 = PRESENTATION_STYLE_ASSIGNMENT (( #5899 ) ) ;
#2592 = ORIENTED_EDGE ( 'NONE', *, *, #9233, .T. ) ;
#2593 = CARTESIAN_POINT ( 'NONE',  ( -14.90026666726099869, 14.72042790316279870, 3.955000000010998384 ) ) ;
#2594 =( LENGTH_UNIT ( ) NAMED_UNIT ( * ) SI_UNIT ( .MILLI., .METRE. ) );
#2595 = PLANE ( 'NONE',  #2729 ) ;
#2596 = STYLED_ITEM ( 'NONE', ( #3207 ), #1925 ) ;
#2597 = CYLINDRICAL_SURFACE ( 'NONE', #2661, 0.1999999999999987899 ) ;
#2598 = SURFACE_STYLE_USAGE ( .BOTH. , #10035 ) ;
#2599 = EDGE_CURVE ( 'NONE', #10706, #7971, #4028, .T. ) ;
#2600 = ORIENTED_EDGE ( 'NONE', *, *, #1314, .T. ) ;
#2601 = EDGE_CURVE ( 'NONE', #8982, #8576, #5027, .T. ) ;
#2602 =( NAMED_UNIT ( * ) SI_UNIT ( $, .STERADIAN. ) SOLID_ANGLE_UNIT ( ) );
#2603 = DIRECTION ( 'NONE',  ( 0.000000000000000000, 2.220446049250309876E-16, 1.000000000000000000 ) ) ;
#2604 = VERTEX_POINT ( 'NONE', #8463 ) ;
#2605 = PRESENTATION_LAYER_ASSIGNMENT (  '', '', ( #7300 ) ) ;
#2606 =( NAMED_UNIT ( * ) SI_UNIT ( $, .STERADIAN. ) SOLID_ANGLE_UNIT ( ) );
#2607 = CARTESIAN_POINT ( 'NONE',  ( -44.54026666726100103, 19.98451869865800035, 3.545000000010997798 ) ) ;
#2608 = PRESENTATION_LAYER_ASSIGNMENT (  '', '', ( #7307 ) ) ;
#2609 = STYLED_ITEM ( 'NONE', ( #8406 ), #9664 ) ;
#2610 = EDGE_CURVE ( 'NONE', #8065, #3562, #6810, .T. ) ;
#2611 = CARTESIAN_POINT ( 'NONE',  ( -28.47854998418979733, 3.714518698657950146, 3.345000000010998953 ) ) ;
#2612 = LINE ( 'NONE', #4295, #1694 ) ;
#2613 = EDGE_CURVE ( 'NONE', #6816, #9813, #7974, .T. ) ;
#2614 = ADVANCED_FACE ( 'NONE', ( #1821 ), #1764, .F. ) ;
#2615 = CARTESIAN_POINT ( 'NONE',  ( -14.90026666726099869, 8.160427903162851493, 5.135000000010998988 ) ) ;
#2616 = ORIENTED_EDGE ( 'NONE', *, *, #4940, .F. ) ;
#2617 =( GEOMETRIC_REPRESENTATION_CONTEXT ( 3 ) GLOBAL_UNCERTAINTY_ASSIGNED_CONTEXT ( ( #10347 ) ) GLOBAL_UNIT_ASSIGNED_CONTEXT ( ( #4185, #8521, #3391 ) ) REPRESENTATION_CONTEXT ( 'NONE', 'WORKASPACE' ) );
#2618 = PRESENTATION_LAYER_ASSIGNMENT (  '', '', ( #9737 ) ) ;
#2619 = LINE ( 'NONE', #8370, #8020 ) ;
#2620 = ORIENTED_EDGE ( 'NONE', *, *, #10468, .F. ) ;
#2621 =( NAMED_UNIT ( * ) SI_UNIT ( $, .STERADIAN. ) SOLID_ANGLE_UNIT ( ) );
#2622 = PLANE ( 'NONE',  #6166 ) ;
#2623 = EDGE_CURVE ( 'NONE', #10616, #2002, #458, .T. ) ;
#2624 = AXIS2_PLACEMENT_3D ( 'NONE', #3360, #6679, #5854 ) ;
#2625 = PLANE ( 'NONE',  #8770 ) ;
#2626 = CARTESIAN_POINT ( 'NONE',  ( 0.000000000000000000, 5.299999999999999822, 0.000000000000000000 ) ) ;
#2627 = CIRCLE ( 'NONE', #6098, 0.1999999999999987899 ) ;
#2628 = CYLINDRICAL_SURFACE ( 'NONE', #5223, 0.1999999999999996503 ) ;
#2629 = VERTEX_POINT ( 'NONE', #10101 ) ;
#2630 = DIRECTION ( 'NONE',  ( 0.000000000000000000, -2.220446049250309876E-16, -1.000000000000000000 ) ) ;
#2631 = VERTEX_POINT ( 'NONE', #2615 ) ;
#2632 = VERTEX_POINT ( 'NONE', #5924 ) ;
#2633 = VERTEX_POINT ( 'NONE', #9251 ) ;
#2634 = CIRCLE ( 'NONE', #2099, 0.1999999999999987899 ) ;
#2635 = EDGE_CURVE ( 'NONE', #575, #5900, #7274, .T. ) ;
#2636 = SURFACE_SIDE_STYLE ('',( #10071 ) ) ;
#2637 = DIRECTION ( 'NONE',  ( 0.000000000000000000, -2.220446049250309876E-16, -1.000000000000000000 ) ) ;
#2638 =( GEOMETRIC_REPRESENTATION_CONTEXT ( 3 ) GLOBAL_UNCERTAINTY_ASSIGNED_CONTEXT ( ( #7408 ) ) GLOBAL_UNIT_ASSIGNED_CONTEXT ( ( #2594, #1743, #2433 ) ) REPRESENTATION_CONTEXT ( 'NONE', 'WORKASPACE' ) );
#2639 = LINE ( 'NONE', #4927, #10679 ) ;
#2640 = CARTESIAN_POINT ( 'NONE',  ( -41.94026666726099961, 0.7945186986579400035, 3.945000000010995045 ) ) ;
#2641 = UNCERTAINTY_MEASURE_WITH_UNIT (LENGTH_MEASURE( 1.000000000000000082E-05 ), #9795, 'distance_accuracy_value', 'NONE');
#2642 = CARTESIAN_POINT ( 'NONE',  ( -28.67854998418979662, 3.714518698657950146, 3.745000000010996644 ) ) ;
#2643 = COLOUR_RGB ( '',0.000000000000000000, 0.000000000000000000, 0.2941176470588235392 ) ;
#2644 = DIRECTION ( 'NONE',  ( 0.000000000000000000, 2.220446049250309876E-16, 1.000000000000000000 ) ) ;
#2645 = PRESENTATION_STYLE_ASSIGNMENT (( #8559 ) ) ;
#2646 = EDGE_LOOP ( 'NONE', ( #3453, #10212, #7309, #913 ) ) ;
#2647 = LINE ( 'NONE', #5861, #6839 ) ;
#2648 = DIRECTION ( 'NONE',  ( 1.000000000000000000, 0.000000000000000000, 0.000000000000000000 ) ) ;
#2649 = COLOUR_RGB ( '',1.000000000000000000, 0.9568627450980391469, 0.8862745098039215286 ) ;
#2650 = DIRECTION ( 'NONE',  ( 0.000000000000000000, 1.000000000000000000, -2.220446049250309876E-16 ) ) ;
#2651 = DIRECTION ( 'NONE',  ( 0.000000000000000000, 0.000000000000000000, 1.000000000000000000 ) ) ;
#2652 = ADVANCED_FACE ( 'NONE', ( #3656 ), #6976, .F. ) ;
#2653 = SURFACE_SIDE_STYLE ('',( #9236 ) ) ;
#2654 = VECTOR ( 'NONE', #1198, 1000.000000000000000 ) ;
#2655 = SURFACE_SIDE_STYLE ('',( #2554 ) ) ;
#2656 = CARTESIAN_POINT ( 'NONE',  ( -41.74026666726099677, 3.194518698657949685, 3.545000000010997798 ) ) ;
#2657 = FACE_OUTER_BOUND ( 'NONE', #8997, .T. ) ;
#2658 = CARTESIAN_POINT ( 'NONE',  ( -16.38026666726099734, 20.29451869865799551, 5.135000000010998988 ) ) ;
#2659 = ORIENTED_EDGE ( 'NONE', *, *, #10582, .F. ) ;
#2660 = CARTESIAN_POINT ( 'NONE',  ( -42.73771170588249646, 18.83451869865799821, 3.745000000010996644 ) ) ;
#2661 = AXIS2_PLACEMENT_3D ( 'NONE', #5422, #10377, #10318 ) ;
#2662 = AXIS2_PLACEMENT_3D ( 'NONE', #6283, #5463, #9591 ) ;
#2663 = CARTESIAN_POINT ( 'NONE',  ( -14.90026666726099869, 11.70042790316279913, 5.135000000010998988 ) ) ;
#2664 = STYLED_ITEM ( 'NONE', ( #806 ), #8395 ) ;
#2665 = STYLED_ITEM ( 'NONE', ( #2922 ), #7467 ) ;
#2666 = LINE ( 'NONE', #4291, #6457 ) ;
#2667 = LINE ( 'NONE', #933, #4476 ) ;
#2668 = FILL_AREA_STYLE ('',( #6866 ) ) ;
#2669 = SURFACE_STYLE_USAGE ( .BOTH. , #5979 ) ;
#2670 =( LENGTH_UNIT ( ) NAMED_UNIT ( * ) SI_UNIT ( .MILLI., .METRE. ) );
#2671 = CARTESIAN_POINT ( 'NONE',  ( -45.84026666726099819, 18.68451869865799964, 2.545000000010996910 ) ) ;
#2672 =( GEOMETRIC_REPRESENTATION_CONTEXT ( 3 ) GLOBAL_UNCERTAINTY_ASSIGNED_CONTEXT ( ( #10167 ) ) GLOBAL_UNIT_ASSIGNED_CONTEXT ( ( #8112, #6347, #8828 ) ) REPRESENTATION_CONTEXT ( 'NONE', 'WORKASPACE' ) );
#2673 = VERTEX_POINT ( 'NONE', #8041 ) ;
#2674 = STYLED_ITEM ( 'NONE', ( #4955 ), #7815 ) ;
#2675 = CARTESIAN_POINT ( 'NONE',  ( 3.876306770598998863, 2.256187637074001717, 11.06368319029500036 ) ) ;
#2676 = CARTESIAN_POINT ( 'NONE',  ( -40.19026666726099961, 1.594518698657940048, 3.545000000010997798 ) ) ;
#2677 = DIRECTION ( 'NONE',  ( -1.000000000000000000, 0.000000000000000000, 0.000000000000000000 ) ) ;
#2678 = VERTEX_POINT ( 'NONE', #10557 ) ;
#2679 = EDGE_CURVE ( 'NONE', #3159, #6240, #2943, .T. ) ;
#2680 = EDGE_CURVE ( 'NONE', #413, #10736, #5371, .T. ) ;
#2681 =( GEOMETRIC_REPRESENTATION_CONTEXT ( 3 ) GLOBAL_UNCERTAINTY_ASSIGNED_CONTEXT ( ( #805 ) ) GLOBAL_UNIT_ASSIGNED_CONTEXT ( ( #9840, #5146, #9090 ) ) REPRESENTATION_CONTEXT ( 'NONE', 'WORKASPACE' ) );
#2682 =( NAMED_UNIT ( * ) PLANE_ANGLE_UNIT ( ) SI_UNIT ( $, .RADIAN. ) );
#2683 = PRESENTATION_STYLE_ASSIGNMENT (( #10111 ) ) ;
#2684 = PRESENTATION_LAYER_ASSIGNMENT (  '', '', ( #7374 ) ) ;
#2685 = LINE ( 'NONE', #171, #1989 ) ;
#2686 = FILL_AREA_STYLE ('',( #6106 ) ) ;
#2687 = DIRECTION ( 'NONE',  ( 0.000000000000000000, -1.000000000000000000, 2.220446049250309876E-16 ) ) ;
#2688 = CARTESIAN_POINT ( 'NONE',  ( -14.90026666726099869, 16.78042790316279920, 3.955000000010998384 ) ) ;
#2689 = ORIENTED_EDGE ( 'NONE', *, *, #3877, .T. ) ;
#2690 =( LENGTH_UNIT ( ) NAMED_UNIT ( * ) SI_UNIT ( .MILLI., .METRE. ) );
#2691 = ORIENTED_EDGE ( 'NONE', *, *, #9315, .F. ) ;
#2692 = EDGE_CURVE ( 'NONE', #9158, #3517, #6209, .T. ) ;
#2693 = ORIENTED_EDGE ( 'NONE', *, *, #1314, .F. ) ;
#2694 = ORIENTED_EDGE ( 'NONE', *, *, #568, .F. ) ;
#2695 = PLANE ( 'NONE',  #8376 ) ;
#2696 = DIRECTION ( 'NONE',  ( 0.000000000000000000, 2.220446049250309876E-16, 1.000000000000000000 ) ) ;
#2697 =( NAMED_UNIT ( * ) SI_UNIT ( $, .STERADIAN. ) SOLID_ANGLE_UNIT ( ) );
#2698 = SURFACE_STYLE_FILL_AREA ( #8617 ) ;
#2699 = DIRECTION ( 'NONE',  ( 0.000000000000000000, 2.220446049250309876E-16, 1.000000000000000000 ) ) ;
#2700 = EDGE_LOOP ( 'NONE', ( #6035, #8844, #7840, #8854 ) ) ;
#2701 = EDGE_CURVE ( 'NONE', #5163, #9535, #9572, .T. ) ;
#2702 = CARTESIAN_POINT ( 'NONE',  ( -39.94026666726099961, 0.7945186986579400035, 3.745000000010996644 ) ) ;
#2703 = UNCERTAINTY_MEASURE_WITH_UNIT (LENGTH_MEASURE( 1.000000000000000082E-05 ), #5562, 'distance_accuracy_value', 'NONE');
#2704 = ORIENTED_EDGE ( 'NONE', *, *, #8194, .F. ) ;
#2705 =( NAMED_UNIT ( * ) PLANE_ANGLE_UNIT ( ) SI_UNIT ( $, .RADIAN. ) );
#2706 = LINE ( 'NONE', #6243, #9961 ) ;
#2707 = DIRECTION ( 'NONE',  ( 1.000000000000000000, 0.000000000000000000, 0.000000000000000000 ) ) ;
#2708 = PLANE ( 'NONE',  #1533 ) ;
#2709 = LINE ( 'NONE', #140, #10766 ) ;
#2710 = CARTESIAN_POINT ( 'NONE',  ( -16.38026666726099734, 10.29451869865800084, 5.135000000010998988 ) ) ;
#2711 = EDGE_LOOP ( 'NONE', ( #10604, #9847, #5550, #2933 ) ) ;
#2712 = EDGE_CURVE ( 'NONE', #5385, #5926, #5443, .T. ) ;
#2713 = DIRECTION ( 'NONE',  ( 1.000000000000000000, 0.000000000000000000, 0.000000000000000000 ) ) ;
#2714 = LINE ( 'NONE', #7666, #1025 ) ;
#2715 =( GEOMETRIC_REPRESENTATION_CONTEXT ( 3 ) GLOBAL_UNCERTAINTY_ASSIGNED_CONTEXT ( ( #8849 ) ) GLOBAL_UNIT_ASSIGNED_CONTEXT ( ( #10637, #9875, #2427 ) ) REPRESENTATION_CONTEXT ( 'NONE', 'WORKASPACE' ) );
#2716 = DIRECTION ( 'NONE',  ( 0.000000000000000000, 2.220446049250309876E-16, 1.000000000000000000 ) ) ;
#2717 = PRESENTATION_STYLE_ASSIGNMENT (( #6864 ) ) ;
#2718 = FILL_AREA_STYLE_COLOUR ( '', #3269 ) ;
#2719 = SURFACE_STYLE_FILL_AREA ( #2668 ) ;
#2720 = SURFACE_SIDE_STYLE ('',( #3593 ) ) ;
#2721 = ORIENTED_EDGE ( 'NONE', *, *, #5264, .T. ) ;
#2722 = EDGE_LOOP ( 'NONE', ( #8953, #3059, #7662, #8454 ) ) ;
#2723 = DIRECTION ( 'NONE',  ( -1.000000000000000000, 0.000000000000000000, 0.000000000000000000 ) ) ;
#2724 = EDGE_LOOP ( 'NONE', ( #9431, #10123, #691, #35 ) ) ;
#2725 = CIRCLE ( 'NONE', #6731, 2.000000000000001776 ) ;
#2726 = DIRECTION ( 'NONE',  ( 0.000000000000000000, 1.000000000000000000, 0.000000000000000000 ) ) ;
#2727 = DIRECTION ( 'NONE',  ( 1.000000000000000000, 0.000000000000000000, 0.000000000000000000 ) ) ;
#2728 = DIRECTION ( 'NONE',  ( 0.000000000000000000, -1.000000000000000000, 2.220446049250309876E-16 ) ) ;
#2729 = AXIS2_PLACEMENT_3D ( 'NONE', #7013, #9501, #296 ) ;
#2730 = DIRECTION ( 'NONE',  ( -0.7071067811865500152, 0.000000000000000000, 0.7071067811865450192 ) ) ;
#2731 = PRESENTATION_STYLE_ASSIGNMENT (( #335 ) ) ;
#2732 = ORIENTED_EDGE ( 'NONE', *, *, #4424, .T. ) ;
#2733 = ADVANCED_FACE ( 'NONE', ( #3923 ), #8859, .F. ) ;
#2734 = EDGE_CURVE ( 'NONE', #8063, #2883, #7931, .T. ) ;
#2735 = ORIENTED_EDGE ( 'NONE', *, *, #4434, .T. ) ;
#2736 = ORIENTED_EDGE ( 'NONE', *, *, #7684, .F. ) ;
#2737 = ORIENTED_EDGE ( 'NONE', *, *, #4774, .T. ) ;
#2738 = AXIS2_PLACEMENT_3D ( 'NONE', #7361, #10676, #6497 ) ;
#2739 = DIRECTION ( 'NONE',  ( 0.000000000000000000, 1.000000000000000000, 0.000000000000000000 ) ) ;
#2740 = CARTESIAN_POINT ( 'NONE',  ( -45.79026666726100103, 18.63451869865799893, 2.545000000010996910 ) ) ;
#2741 = UNCERTAINTY_MEASURE_WITH_UNIT (LENGTH_MEASURE( 1.000000000000000082E-05 ), #6792, 'distance_accuracy_value', 'NONE');
#2742 = CARTESIAN_POINT ( 'NONE',  ( -4.405000000000000249, 3.200000000000000178, 1.275000000000000133 ) ) ;
#2743 = FILL_AREA_STYLE_COLOUR ( '', #2338 ) ;
#2744 = EDGE_CURVE ( 'NONE', #6251, #9533, #5603, .T. ) ;
#2745 = FACE_BOUND ( 'NONE', #2722, .T. ) ;
#2746 =( GEOMETRIC_REPRESENTATION_CONTEXT ( 3 ) GLOBAL_UNCERTAINTY_ASSIGNED_CONTEXT ( ( #2963 ) ) GLOBAL_UNIT_ASSIGNED_CONTEXT ( ( #4007, #5196, #6789 ) ) REPRESENTATION_CONTEXT ( 'NONE', 'WORKASPACE' ) );
#2747 = DIRECTION ( 'NONE',  ( 0.000000000000000000, -2.220446049250309876E-16, -1.000000000000000000 ) ) ;
#2748 = LINE ( 'NONE', #5246, #8438 ) ;
#2749 = CARTESIAN_POINT ( 'NONE',  ( -15.74029191166209962, 4.755277039305740416, 5.135000000010998100 ) ) ;
#2750 = FILL_AREA_STYLE_COLOUR ( '', #4063 ) ;
#2751 = ORIENTED_EDGE ( 'NONE', *, *, #5324, .T. ) ;
#2752 = CARTESIAN_POINT ( 'NONE',  ( -14.90026666726099869, 16.78042790316279920, 3.955000000010998384 ) ) ;
#2753 = VERTEX_POINT ( 'NONE', #7887 ) ;
#2754 = ORIENTED_EDGE ( 'NONE', *, *, #6062, .T. ) ;
#2755 = SURFACE_SIDE_STYLE ('',( #77 ) ) ;
#2756 = PRESENTATION_STYLE_ASSIGNMENT (( #134 ) ) ;
#2757 = CARTESIAN_POINT ( 'NONE',  ( -0.9449999999999999512, 5.299999999999999822, -0.6250000000000000000 ) ) ;
#2758 = PRESENTATION_LAYER_ASSIGNMENT (  '', '', ( #8305 ) ) ;
#2759 = EDGE_CURVE ( 'NONE', #5667, #1162, #4577, .T. ) ;
#2760 = DIRECTION ( 'NONE',  ( 0.000000000000000000, -1.000000000000000000, 2.220446049250309876E-16 ) ) ;
#2761 = SURFACE_STYLE_USAGE ( .BOTH. , #6247 ) ;
#2762 = PLANE ( 'NONE',  #6087 ) ;
#2763 = SURFACE_STYLE_USAGE ( .BOTH. , #7124 ) ;
#2764 = DIRECTION ( 'NONE',  ( 0.000000000000000000, -1.000000000000000000, 0.000000000000000000 ) ) ;
#2765 = ORIENTED_EDGE ( 'NONE', *, *, #10528, .T. ) ;
#2766 = LINE ( 'NONE', #4343, #8887 ) ;
#2767 = STYLED_ITEM ( 'NONE', ( #8937 ), #2452 ) ;
#2768 = CARTESIAN_POINT ( 'NONE',  ( -46.24026666726099677, 4.794518698657939559, 3.955000000010997496 ) ) ;
#2769 = EDGE_CURVE ( 'NONE', #8890, #1477, #9212, .T. ) ;
#2770 = FACE_OUTER_BOUND ( 'NONE', #2472, .T. ) ;
#2771 = DIRECTION ( 'NONE',  ( 0.000000000000000000, -1.000000000000000000, 0.000000000000000000 ) ) ;
#2772 = AXIS2_PLACEMENT_3D ( 'NONE', #8590, #4353, #7839 ) ;
#2774 = VERTEX_POINT ( 'NONE', #4782 ) ;
#2773 = FILL_AREA_STYLE ('',( #8751 ) ) ;
#2775 = PRESENTATION_STYLE_ASSIGNMENT (( #5218 ) ) ;
#2776 = AXIS2_PLACEMENT_3D ( 'NONE', #935, #6756, #2771 ) ;
#2777 = LINE ( 'NONE', #3811, #5084 ) ;
#2778 = PRESENTATION_STYLE_ASSIGNMENT (( #319 ) ) ;
#2779 = ORIENTED_EDGE ( 'NONE', *, *, #3876, .F. ) ;
#2780 = DIRECTION ( 'NONE',  ( 1.000000000000000000, 4.440892098500630106E-16, 1.446364879034132372E-61 ) ) ;
#2781 = CARTESIAN_POINT ( 'NONE',  ( -45.84026666726099819, 18.63451869865799893, 2.545000000010996910 ) ) ;
#2782 = VERTEX_POINT ( 'NONE', #3709 ) ;
#2783 = FACE_OUTER_BOUND ( 'NONE', #1771, .T. ) ;
#2784 = UNCERTAINTY_MEASURE_WITH_UNIT (LENGTH_MEASURE( 1.000000000000000082E-05 ), #5760, 'distance_accuracy_value', 'NONE');
#2785 = SURFACE_STYLE_USAGE ( .BOTH. , #10220 ) ;
#2786 = SURFACE_STYLE_FILL_AREA ( #4423 ) ;
#2787 = ADVANCED_FACE ( 'NONE', ( #7036 ), #10342, .F. ) ;
#2788 = DIRECTION ( 'NONE',  ( 0.000000000000000000, 2.220446049250309876E-16, 1.000000000000000000 ) ) ;
#2789 = LINE ( 'NONE', #4426, #2581 ) ;
#2790 = COLOUR_RGB ( '',1.000000000000000000, 0.9568627450980391469, 0.8862745098039215286 ) ;
#2791 = ORIENTED_EDGE ( 'NONE', *, *, #3589, .T. ) ;
#2792 = COLOUR_RGB ( '',1.000000000000000000, 0.9568627450980391469, 0.8862745098039215286 ) ;
#2793 = CARTESIAN_POINT ( 'NONE',  ( -45.84026666726099819, 19.63451869865799893, 3.545000000010997354 ) ) ;
#2794 = ORIENTED_EDGE ( 'NONE', *, *, #6875, .F. ) ;
#2795 = VERTEX_POINT ( 'NONE', #9942 ) ;
#2796 = ORIENTED_EDGE ( 'NONE', *, *, #7414, .F. ) ;
#2797 = AXIS2_PLACEMENT_3D ( 'NONE', #223, #9367, #4427 ) ;
#2798 =( LENGTH_UNIT ( ) NAMED_UNIT ( * ) SI_UNIT ( .MILLI., .METRE. ) );
#2799 = CARTESIAN_POINT ( 'NONE',  ( -45.84026666726099108, 18.38451869865788879, 2.545000000010970709 ) ) ;
#2800 = CARTESIAN_POINT ( 'NONE',  ( -45.74026666726099677, 11.48013899890130141, 3.945000000010995045 ) ) ;
#2801 = DIRECTION ( 'NONE',  ( 1.000000000000000000, 0.000000000000000000, 0.000000000000000000 ) ) ;
#2802 = LINE ( 'NONE', #4318, #5353 ) ;
#2803 = SURFACE_STYLE_USAGE ( .BOTH. , #7002 ) ;
#2804 = LINE ( 'NONE', #6895, #7083 ) ;
#2805 = SURFACE_STYLE_USAGE ( .BOTH. , #5186 ) ;
#2806 = DIRECTION ( 'NONE',  ( 0.000000000000000000, -1.000000000000000000, 2.220446049250309876E-16 ) ) ;
#2807 = ORIENTED_EDGE ( 'NONE', *, *, #2059, .F. ) ;
#2808 = VECTOR ( 'NONE', #6258, 1000.000000000000000 ) ;
#2809 =( GEOMETRIC_REPRESENTATION_CONTEXT ( 3 ) GLOBAL_UNCERTAINTY_ASSIGNED_CONTEXT ( ( #1076 ) ) GLOBAL_UNIT_ASSIGNED_CONTEXT ( ( #2515, #656, #10668 ) ) REPRESENTATION_CONTEXT ( 'NONE', 'WORKASPACE' ) );
#2810 =( NAMED_UNIT ( * ) PLANE_ANGLE_UNIT ( ) SI_UNIT ( $, .RADIAN. ) );
#2811 = ORIENTED_EDGE ( 'NONE', *, *, #5324, .F. ) ;
#2812 = PRESENTATION_STYLE_ASSIGNMENT (( #3578 ) ) ;
#2813 = ADVANCED_FACE ( 'NONE', ( #3379 ), #3970, .F. ) ;
#2814 = SURFACE_STYLE_FILL_AREA ( #6016 ) ;
#2815 = ADVANCED_FACE ( 'NONE', ( #646 ), #5054, .F. ) ;
#2816 = AXIS2_PLACEMENT_3D ( 'NONE', #1924, #308, #8456 ) ;
#2817 = CARTESIAN_POINT ( 'NONE',  ( -46.24026666726099677, 4.394518698657940980, 3.955000000010998384 ) ) ;
#2818 = FILL_AREA_STYLE ('',( #9553 ) ) ;
#2819 = VECTOR ( 'NONE', #890, 1000.000000000000000 ) ;
#2820 = DIRECTION ( 'NONE',  ( 0.000000000000000000, -2.220446049250309876E-16, -1.000000000000000000 ) ) ;
#2821 = FILL_AREA_STYLE_COLOUR ( '', #6681 ) ;
#2822 = CYLINDRICAL_SURFACE ( 'NONE', #8686, 2.000000000000000000 ) ;
#2823 = SURFACE_STYLE_FILL_AREA ( #1095 ) ;
#2824 = CARTESIAN_POINT ( 'NONE',  ( 1.594999999999999973, 5.299999999999999822, 1.275000000000000133 ) ) ;
#2825 = VERTEX_POINT ( 'NONE', #6798 ) ;
#2826 = DIRECTION ( 'NONE',  ( 0.000000000000000000, 1.000000000000000000, 0.000000000000000000 ) ) ;
#2827 = ADVANCED_FACE ( 'NONE', ( #8411 ), #7661, .T. ) ;
#2828 = STYLED_ITEM ( 'NONE', ( #7227 ), #4760 ) ;
#2829 = DIRECTION ( 'NONE',  ( 0.000000000000000000, 2.220446049250309876E-16, 1.000000000000000000 ) ) ;
#2830 = VECTOR ( 'NONE', #8028, 1000.000000000000000 ) ;
#2831 = DIRECTION ( 'NONE',  ( 1.000000000000000000, 0.000000000000000000, 0.000000000000000000 ) ) ;
#2832 = DIRECTION ( 'NONE',  ( 1.000000000000000000, 0.000000000000000000, 0.000000000000000000 ) ) ;
#2833 = SURFACE_STYLE_USAGE ( .BOTH. , #5769 ) ;
#2834 = ORIENTED_EDGE ( 'NONE', *, *, #6676, .F. ) ;
#2835 = DIRECTION ( 'NONE',  ( 0.000000000000000000, 2.220446049250309876E-16, 1.000000000000000000 ) ) ;
#2836 = DIRECTION ( 'NONE',  ( 0.000000000000000000, 1.000000000000000000, -1.734723475976806848E-16 ) ) ;
#2837 = DIRECTION ( 'NONE',  ( 0.000000000000000000, 2.220446049250309876E-16, 1.000000000000000000 ) ) ;
#2838 = VERTEX_POINT ( 'NONE', #87 ) ;
#2839 = LINE ( 'NONE', #3714, #10499 ) ;
#2840 = ADVANCED_FACE ( 'NONE', ( #5912 ), #4283, .F. ) ;
#2841 = AXIS2_PLACEMENT_3D ( 'NONE', #6797, #10087, #3322 ) ;
#2842 = UNCERTAINTY_MEASURE_WITH_UNIT (LENGTH_MEASURE( 1.000000000000000082E-05 ), #10319, 'distance_accuracy_value', 'NONE');
#2843 = VECTOR ( 'NONE', #1974, 1000.000000000000000 ) ;
#2844 = VERTEX_POINT ( 'NONE', #6084 ) ;
#2845 = LINE ( 'NONE', #10348, #309 ) ;
#2846 = PLANE ( 'NONE',  #1399 ) ;
#2847 = VECTOR ( 'NONE', #5099, 1000.000000000000000 ) ;
#2848 =( GEOMETRIC_REPRESENTATION_CONTEXT ( 3 ) GLOBAL_UNCERTAINTY_ASSIGNED_CONTEXT ( ( #8337 ) ) GLOBAL_UNIT_ASSIGNED_CONTEXT ( ( #7681, #2682, #2621 ) ) REPRESENTATION_CONTEXT ( 'NONE', 'WORKASPACE' ) );
#2849 = LINE ( 'NONE', #6824, #610 ) ;
#2850 = CIRCLE ( 'NONE', #7881, 0.2500000000000002220 ) ;
#2851 = AXIS2_PLACEMENT_3D ( 'NONE', #3549, #9414, #5222 ) ;
#2852 = EDGE_LOOP ( 'NONE', ( #3778, #9693, #10275, #2955 ) ) ;
#2853 = DIRECTION ( 'NONE',  ( 0.000000000000000000, -1.000000000000000000, 2.220446049250309876E-16 ) ) ;
#2854 = VERTEX_POINT ( 'NONE', #203 ) ;
#2855 =( GEOMETRIC_REPRESENTATION_CONTEXT ( 3 ) GLOBAL_UNCERTAINTY_ASSIGNED_CONTEXT ( ( #406 ) ) GLOBAL_UNIT_ASSIGNED_CONTEXT ( ( #7130, #8745, #9461 ) ) REPRESENTATION_CONTEXT ( 'NONE', 'WORKASPACE' ) );
#2856 = EDGE_LOOP ( 'NONE', ( #6684, #3542 ) ) ;
#2857 = AXIS2_PLACEMENT_3D ( 'NONE', #1437, #653, #8199 ) ;
#2858 = ORIENTED_EDGE ( 'NONE', *, *, #8525, .F. ) ;
#2859 = STYLED_ITEM ( 'NONE', ( #4621 ), #8707 ) ;
#2860 = CARTESIAN_POINT ( 'NONE',  ( -21.40302962540589604, 11.01451869865799971, 3.345000000010998953 ) ) ;
#2861 =( NAMED_UNIT ( * ) PLANE_ANGLE_UNIT ( ) SI_UNIT ( $, .RADIAN. ) );
#2862 = UNCERTAINTY_MEASURE_WITH_UNIT (LENGTH_MEASURE( 1.000000000000000082E-05 ), #3176, 'distance_accuracy_value', 'NONE');
#2863 = UNCERTAINTY_MEASURE_WITH_UNIT (LENGTH_MEASURE( 1.000000000000000082E-05 ), #1032, 'distance_accuracy_value', 'NONE');
#2864 =( GEOMETRIC_REPRESENTATION_CONTEXT ( 3 ) GLOBAL_UNCERTAINTY_ASSIGNED_CONTEXT ( ( #7488 ) ) GLOBAL_UNIT_ASSIGNED_CONTEXT ( ( #3821, #7249, #10459 ) ) REPRESENTATION_CONTEXT ( 'NONE', 'WORKASPACE' ) );
#2865 = CARTESIAN_POINT ( 'NONE',  ( -46.24026666726099677, 0.7945186986579397814, 3.955000000010999273 ) ) ;
#2866 = CIRCLE ( 'NONE', #8942, 0.1999999999999987899 ) ;
#2867 = DIRECTION ( 'NONE',  ( 0.7071067811865474617, 0.000000000000000000, -0.7071067811865474617 ) ) ;
#2868 = LINE ( 'NONE', #5357, #2329 ) ;
#2869 = ORIENTED_EDGE ( 'NONE', *, *, #8110, .F. ) ;
#2870 = EDGE_LOOP ( 'NONE', ( #5347, #8380 ) ) ;
#2871 = MECHANICAL_DESIGN_GEOMETRIC_PRESENTATION_REPRESENTATION (  '', ( #733 ), #1431 ) ;
#2872 = DIRECTION ( 'NONE',  ( 1.000000000000000000, 0.000000000000000000, 0.000000000000000000 ) ) ;
#2873 =( LENGTH_UNIT ( ) NAMED_UNIT ( * ) SI_UNIT ( .MILLI., .METRE. ) );
#2874 = DIRECTION ( 'NONE',  ( 0.000000000000000000, 2.220446049250309876E-16, 1.000000000000000000 ) ) ;
#2875 = LINE ( 'NONE', #6189, #1233 ) ;
#2876 = CARTESIAN_POINT ( 'NONE',  ( -14.90026666726099869, 9.160427903162849717, 5.135000000010998988 ) ) ;
#2877 = CARTESIAN_POINT ( 'NONE',  ( -21.50302962540590102, 9.114518698657999352, 3.145000000011000107 ) ) ;
#2878 = SURFACE_SIDE_STYLE ('',( #7772 ) ) ;
#2879 = FACE_OUTER_BOUND ( 'NONE', #2856, .T. ) ;
#2880 = DIRECTION ( 'NONE',  ( -1.000000000000000000, 0.000000000000000000, 0.000000000000000000 ) ) ;
#2881 =( GEOMETRIC_REPRESENTATION_CONTEXT ( 3 ) GLOBAL_UNCERTAINTY_ASSIGNED_CONTEXT ( ( #2548 ) ) GLOBAL_UNIT_ASSIGNED_CONTEXT ( ( #3235, #7417, #9216 ) ) REPRESENTATION_CONTEXT ( 'NONE', 'WORKASPACE' ) );
#2882 = PLANE ( 'NONE',  #10106 ) ;
#2883 = VERTEX_POINT ( 'NONE', #3643 ) ;
#2884 = EDGE_CURVE ( 'NONE', #7395, #1724, #9401, .T. ) ;
#2885 = CARTESIAN_POINT ( 'NONE',  ( -46.04026666726100103, 9.294518698657999067, 5.145000000010998775 ) ) ;
#2886 = EDGE_CURVE ( 'NONE', #2999, #2604, #1812, .T. ) ;
#2887 = SURFACE_STYLE_FILL_AREA ( #375 ) ;
#2888 = SURFACE_STYLE_USAGE ( .BOTH. , #6369 ) ;
#2889 = SURFACE_STYLE_FILL_AREA ( #434 ) ;
#2890 = FACE_OUTER_BOUND ( 'NONE', #8829, .T. ) ;
#2891 = EDGE_LOOP ( 'NONE', ( #8918, #6655 ) ) ;
#2892 = EDGE_CURVE ( 'NONE', #10163, #1373, #3429, .T. ) ;
#2893 = DIRECTION ( 'NONE',  ( 0.000000000000000000, 2.220446049250309876E-16, 1.000000000000000000 ) ) ;
#2894 = FILL_AREA_STYLE_COLOUR ( '', #5379 ) ;
#2895 = MECHANICAL_DESIGN_GEOMETRIC_PRESENTATION_REPRESENTATION (  '', ( #6718 ), #9829 ) ;
#2896 = VECTOR ( 'NONE', #7876, 1000.000000000000000 ) ;
#2897 = EDGE_LOOP ( 'NONE', ( #4647, #1481 ) ) ;
#2898 = CARTESIAN_POINT ( 'NONE',  ( -14.90026666726099869, 11.70042790316279913, 5.135000000010998988 ) ) ;
#2899 = UNCERTAINTY_MEASURE_WITH_UNIT (LENGTH_MEASURE( 1.000000000000000082E-05 ), #2590, 'distance_accuracy_value', 'NONE');
#2900 = SURFACE_SIDE_STYLE ('',( #7248 ) ) ;
#2901 = CIRCLE ( 'NONE', #7244, 0.1999999999999987899 ) ;
#2902 =( NAMED_UNIT ( * ) PLANE_ANGLE_UNIT ( ) SI_UNIT ( $, .RADIAN. ) );
#2903 = DIRECTION ( 'NONE',  ( 0.000000000000000000, 1.000000000000000000, 0.000000000000000000 ) ) ;
#2904 = EDGE_CURVE ( 'NONE', #8819, #2219, #1750, .T. ) ;
#2905 = PLANE ( 'NONE',  #6988 ) ;
#2906 =( NAMED_UNIT ( * ) PLANE_ANGLE_UNIT ( ) SI_UNIT ( $, .RADIAN. ) );
#2907 = ORIENTED_EDGE ( 'NONE', *, *, #507, .T. ) ;
#2908 = PRESENTATION_LAYER_ASSIGNMENT (  '', '', ( #8977 ) ) ;
#2909 = ORIENTED_EDGE ( 'NONE', *, *, #1587, .T. ) ;
#2910 = EDGE_LOOP ( 'NONE', ( #3814, #10568, #7392, #5459 ) ) ;
#2911 = MECHANICAL_DESIGN_GEOMETRIC_PRESENTATION_REPRESENTATION (  '', ( #5860 ), #4992 ) ;
#2912 = FACE_OUTER_BOUND ( 'NONE', #4014, .T. ) ;
#2913 = CARTESIAN_POINT ( 'NONE',  ( -45.84026666726099108, 18.88451869865799182, 2.545000000010970709 ) ) ;
#2914 = CARTESIAN_POINT ( 'NONE',  ( -21.50302962540590102, 9.114518698657999352, 3.745000000010996644 ) ) ;
#2915 = DIRECTION ( 'NONE',  ( 1.000000000000000000, 0.000000000000000000, 0.000000000000000000 ) ) ;
#2916 = ADVANCED_FACE ( 'NONE', ( #1359 ), #2218, .T. ) ;
#2917 =( NAMED_UNIT ( * ) PLANE_ANGLE_UNIT ( ) SI_UNIT ( $, .RADIAN. ) );
#2918 = SURFACE_STYLE_USAGE ( .BOTH. , #3840 ) ;
#2919 = CARTESIAN_POINT ( 'NONE',  ( -0.7850000000000000311, 3.000000000000000000, -0.7850000000000000311 ) ) ;
#2920 = CARTESIAN_POINT ( 'NONE',  ( -46.24026666726099677, 25.13451869865800248, 3.945000000010994601 ) ) ;
#2921 = ORIENTED_EDGE ( 'NONE', *, *, #6887, .T. ) ;
#2922 = PRESENTATION_STYLE_ASSIGNMENT (( #8780 ) ) ;
#2923 = ORIENTED_EDGE ( 'NONE', *, *, #9745, .T. ) ;
#2924 = FILL_AREA_STYLE_COLOUR ( '', #65 ) ;
#2925 = CARTESIAN_POINT ( 'NONE',  ( -21.40302962540589604, 16.21451869865800077, 3.745000000010996644 ) ) ;
#2926 = CARTESIAN_POINT ( 'NONE',  ( -39.54026666726100103, 20.29451869865799551, 5.135000000010998988 ) ) ;
#2927 = EDGE_CURVE ( 'NONE', #423, #4534, #2540, .T. ) ;
#2928 = FILL_AREA_STYLE_COLOUR ( '', #4057 ) ;
#2929 = LINE ( 'NONE', #7070, #10058 ) ;
#2930 = COLOUR_RGB ( '',1.000000000000000000, 0.9568627450980391469, 0.8862745098039215286 ) ;
#2931 = SURFACE_SIDE_STYLE ('',( #1206 ) ) ;
#2932 = DIRECTION ( 'NONE',  ( 0.000000000000000000, 1.000000000000000000, 0.000000000000000000 ) ) ;
#2933 = ORIENTED_EDGE ( 'NONE', *, *, #8045, .T. ) ;
#2934 = CARTESIAN_POINT ( 'NONE',  ( -45.89026666726099535, 18.63451869865799893, 2.545000000010996910 ) ) ;
#2935 = CARTESIAN_POINT ( 'NONE',  ( -39.00302962540590102, 20.81451869865799864, 1.085000000011000720 ) ) ;
#2936 = SURFACE_STYLE_USAGE ( .BOTH. , #7078 ) ;
#2937 = SURFACE_SIDE_STYLE ('',( #1102 ) ) ;
#2938 = FACE_BOUND ( 'NONE', #9798, .T. ) ;
#2939 = CYLINDRICAL_SURFACE ( 'NONE', #1701, 1.600000000000000089 ) ;
#2941 = ORIENTED_EDGE ( 'NONE', *, *, #437, .F. ) ;
#2940 = DIRECTION ( 'NONE',  ( 0.000000000000000000, 2.220446049250309876E-16, 1.000000000000000000 ) ) ;
#2942 = DIRECTION ( 'NONE',  ( -1.000000000000000000, 0.000000000000000000, 0.000000000000000000 ) ) ;
#2943 = LINE ( 'NONE', #5496, #9710 ) ;
#2944 = ORIENTED_EDGE ( 'NONE', *, *, #7608, .T. ) ;
#2945 = SURFACE_STYLE_USAGE ( .BOTH. , #10453 ) ;
#2946 = UNCERTAINTY_MEASURE_WITH_UNIT (LENGTH_MEASURE( 1.000000000000000082E-05 ), #4070, 'distance_accuracy_value', 'NONE');
#2947 = PRODUCT_RELATED_PRODUCT_CATEGORY ( 'part', '', ( #8758 ) ) ;
#2948 = VECTOR ( 'NONE', #2054, 1000.000000000000114 ) ;
#2949 = EDGE_CURVE ( 'NONE', #7081, #9582, #4719, .T. ) ;
#2950 = DIRECTION ( 'NONE',  ( 0.000000000000000000, -2.220446049250309876E-16, -1.000000000000000000 ) ) ;
#2951 = EDGE_CURVE ( 'NONE', #5358, #2443, #8966, .T. ) ;
#2952 = DIRECTION ( 'NONE',  ( 0.000000000000000000, 2.220446049250309876E-16, 1.000000000000000000 ) ) ;
#2953 =( NAMED_UNIT ( * ) SI_UNIT ( $, .STERADIAN. ) SOLID_ANGLE_UNIT ( ) );
#2954 = DIRECTION ( 'NONE',  ( 0.000000000000000000, 1.000000000000000000, -2.220446049250309876E-16 ) ) ;
#2955 = ORIENTED_EDGE ( 'NONE', *, *, #497, .F. ) ;
#2956 = STYLED_ITEM ( 'NONE', ( #5656 ), #2813 ) ;
#2957 = UNCERTAINTY_MEASURE_WITH_UNIT (LENGTH_MEASURE( 1.000000000000000082E-05 ), #3413, 'distance_accuracy_value', 'NONE');
#2958 = ORIENTED_EDGE ( 'NONE', *, *, #5728, .T. ) ;
#2959 = ORIENTED_EDGE ( 'NONE', *, *, #2972, .T. ) ;
#2960 = EDGE_CURVE ( 'NONE', #7197, #9425, #10498, .T. ) ;
#2961 = FILL_AREA_STYLE ('',( #1342 ) ) ;
#2962 = CARTESIAN_POINT ( 'NONE',  ( -39.54026666726100103, 9.294518698657999067, 5.145000000010998775 ) ) ;
#2963 = UNCERTAINTY_MEASURE_WITH_UNIT (LENGTH_MEASURE( 1.000000000000000082E-05 ), #4007, 'distance_accuracy_value', 'NONE');
#2964 = CARTESIAN_POINT ( 'NONE',  ( -14.90026666726099869, 15.78042790316279742, 5.145000000010998775 ) ) ;
#2965 = DIRECTION ( 'NONE',  ( 0.000000000000000000, -1.000000000000000000, 2.220446049250309876E-16 ) ) ;
#2966 = ORIENTED_EDGE ( 'NONE', *, *, #9282, .F. ) ;
#2967 = CARTESIAN_POINT ( 'NONE',  ( -28.47854998418979733, 4.514518698657940199, 3.345000000010998953 ) ) ;
#2968 = EDGE_LOOP ( 'NONE', ( #6452, #7801, #5913, #10308 ) ) ;
#2969 = ORIENTED_EDGE ( 'NONE', *, *, #5509, .F. ) ;
#2970 = DIRECTION ( 'NONE',  ( 0.000000000000000000, -2.220446049250309876E-16, -1.000000000000000000 ) ) ;
#2971 =( GEOMETRIC_REPRESENTATION_CONTEXT ( 3 ) GLOBAL_UNCERTAINTY_ASSIGNED_CONTEXT ( ( #10131 ) ) GLOBAL_UNIT_ASSIGNED_CONTEXT ( ( #6825, #4367, #10171 ) ) REPRESENTATION_CONTEXT ( 'NONE', 'WORKASPACE' ) );
#2972 = EDGE_CURVE ( 'NONE', #7048, #3030, #2982, .T. ) ;
#2973 = FILL_AREA_STYLE_COLOUR ( '', #5945 ) ;
#2974 = FILL_AREA_STYLE_COLOUR ( '', #8807 ) ;
#2975 = PRESENTATION_STYLE_ASSIGNMENT (( #1516 ) ) ;
#2976 = FILL_AREA_STYLE ('',( #8732 ) ) ;
#2977 = MECHANICAL_DESIGN_GEOMETRIC_PRESENTATION_REPRESENTATION (  '', ( #6628 ), #6104 ) ;
#2978 =( NAMED_UNIT ( * ) SI_UNIT ( $, .STERADIAN. ) SOLID_ANGLE_UNIT ( ) );
#2979 =( LENGTH_UNIT ( ) NAMED_UNIT ( * ) SI_UNIT ( .MILLI., .METRE. ) );
#2980 = DIRECTION ( 'NONE',  ( 0.000000000000000000, 2.220446049250309876E-16, 1.000000000000000000 ) ) ;
#2981 = AXIS2_PLACEMENT_3D ( 'NONE', #1612, #5711, #9031 ) ;
#2982 = LINE ( 'NONE', #6364, #1459 ) ;
#2983 = VERTEX_POINT ( 'NONE', #532 ) ;
#2984 = LINE ( 'NONE', #3697, #3004 ) ;
#2985 =( NAMED_UNIT ( * ) SI_UNIT ( $, .STERADIAN. ) SOLID_ANGLE_UNIT ( ) );
#2986 = EDGE_CURVE ( 'NONE', #5667, #7592, #7181, .T. ) ;
#2987 =( GEOMETRIC_REPRESENTATION_CONTEXT ( 3 ) GLOBAL_UNCERTAINTY_ASSIGNED_CONTEXT ( ( #1455 ) ) GLOBAL_UNIT_ASSIGNED_CONTEXT ( ( #5156, #8578, #2606 ) ) REPRESENTATION_CONTEXT ( 'NONE', 'WORKASPACE' ) );
#2988 = UNCERTAINTY_MEASURE_WITH_UNIT (LENGTH_MEASURE( 1.000000000000000082E-05 ), #7585, 'distance_accuracy_value', 'NONE');
#2989 = CIRCLE ( 'NONE', #8357, 0.4799999999999995381 ) ;
#2990 = DIRECTION ( 'NONE',  ( 0.000000000000000000, -1.000000000000000000, 0.000000000000000000 ) ) ;
#2991 = CARTESIAN_POINT ( 'NONE',  ( -21.50302962540590102, 7.914518698658000062, 3.745000000010996644 ) ) ;
#2992 = VECTOR ( 'NONE', #241, 1000.000000000000000 ) ;
#2993 = FACE_OUTER_BOUND ( 'NONE', #3763, .T. ) ;
#2994 =( LENGTH_UNIT ( ) NAMED_UNIT ( * ) SI_UNIT ( .MILLI., .METRE. ) );
#2995 = VERTEX_POINT ( 'NONE', #371 ) ;
#2996 = LINE ( 'NONE', #6208, #6330 ) ;
#2997 = MECHANICAL_DESIGN_GEOMETRIC_PRESENTATION_REPRESENTATION (  '', ( #8360 ), #10632 ) ;
#2998 = AXIS2_PLACEMENT_3D ( 'NONE', #5209, #10824, #8455 ) ;
#2999 = VERTEX_POINT ( 'NONE', #5319 ) ;
#3000 = PRODUCT_CONTEXT ( 'NONE', #10572, 'mechanical' ) ;
#3001 =( NAMED_UNIT ( * ) SI_UNIT ( $, .STERADIAN. ) SOLID_ANGLE_UNIT ( ) );
#3002 = AXIS2_PLACEMENT_3D ( 'NONE', #914, #26, #4982 ) ;
#3003 = AXIS2_PLACEMENT_3D ( 'NONE', #10341, #8754, #1933 ) ;
#3004 = VECTOR ( 'NONE', #6309, 999.9999999999998863 ) ;
#3005 = AXIS2_PLACEMENT_3D ( 'NONE', #5221, #9913, #4417 ) ;
#3006 = DIRECTION ( 'NONE',  ( 0.000000000000000000, 2.220446049250309876E-16, 1.000000000000000000 ) ) ;
#3007 =( NAMED_UNIT ( * ) PLANE_ANGLE_UNIT ( ) SI_UNIT ( $, .RADIAN. ) );
#3008 = FILL_AREA_STYLE ('',( #1382 ) ) ;
#3009 = PRESENTATION_STYLE_ASSIGNMENT (( #6327 ) ) ;
#3010 = DIRECTION ( 'NONE',  ( 0.000000000000000000, -1.000000000000000000, 2.220446049250309876E-16 ) ) ;
#3011 = DIRECTION ( 'NONE',  ( 0.000000000000000000, 1.000000000000000000, 0.000000000000000000 ) ) ;
#3012 = COLOUR_RGB ( '',1.000000000000000000, 0.9568627450980391469, 0.8862745098039215286 ) ;
#3013 = EDGE_LOOP ( 'NONE', ( #4147, #5456, #9643, #3214 ) ) ;
#3014 = AXIS2_PLACEMENT_3D ( 'NONE', #2781, #8592, #1164 ) ;
#3015 = EDGE_CURVE ( 'NONE', #8065, #2278, #10325, .T. ) ;
#3016 = ADVANCED_FACE ( 'NONE', ( #9507 ), #2101, .F. ) ;
#3017 = ORIENTED_EDGE ( 'NONE', *, *, #10468, .T. ) ;
#3018 = VERTEX_POINT ( 'NONE', #3140 ) ;
#3019 = PRESENTATION_LAYER_ASSIGNMENT (  '', '', ( #9786 ) ) ;
#3020 = ADVANCED_FACE ( 'NONE', ( #2488 ), #10746, .F. ) ;
#3021 = CIRCLE ( 'NONE', #9097, 2.000000000000000000 ) ;
#3022 = CARTESIAN_POINT ( 'NONE',  ( -19.90302962540589959, 16.21451869865800077, 3.745000000010996644 ) ) ;
#3023 = CIRCLE ( 'NONE', #6670, 0.07499999999999867883 ) ;
#3024 = CYLINDRICAL_SURFACE ( 'NONE', #7563, 0.1999999999999987899 ) ;
#3025 = LINE ( 'NONE', #7162, #8464 ) ;
#3026 =( NAMED_UNIT ( * ) SI_UNIT ( $, .STERADIAN. ) SOLID_ANGLE_UNIT ( ) );
#3027 = EDGE_CURVE ( 'NONE', #6281, #4966, #4100, .T. ) ;
#3028 = DIRECTION ( 'NONE',  ( 0.000000000000000000, 2.220446049250309876E-16, 1.000000000000000000 ) ) ;
#3029 = AXIS2_PLACEMENT_3D ( 'NONE', #3581, #7064, #1256 ) ;
#3030 = VERTEX_POINT ( 'NONE', #4770 ) ;
#3031 =( NAMED_UNIT ( * ) PLANE_ANGLE_UNIT ( ) SI_UNIT ( $, .RADIAN. ) );
#3032 = ORIENTED_EDGE ( 'NONE', *, *, #1684, .F. ) ;
#3033 = PRESENTATION_LAYER_ASSIGNMENT (  '', '', ( #9104 ) ) ;
#3034 = STYLED_ITEM ( 'NONE', ( #7953 ), #7921 ) ;
#3035 = ORIENTED_EDGE ( 'NONE', *, *, #437, .T. ) ;
#3036 = FACE_BOUND ( 'NONE', #8154, .T. ) ;
#3037 = DIRECTION ( 'NONE',  ( -1.000000000000000000, 0.000000000000000000, 0.000000000000000000 ) ) ;
#3038 = VECTOR ( 'NONE', #1454, 1000.000000000000000 ) ;
#3039 =( GEOMETRIC_REPRESENTATION_CONTEXT ( 3 ) GLOBAL_UNCERTAINTY_ASSIGNED_CONTEXT ( ( #2588 ) ) GLOBAL_UNIT_ASSIGNED_CONTEXT ( ( #7118, #7094, #3769 ) ) REPRESENTATION_CONTEXT ( 'NONE', 'WORKASPACE' ) );
#3040 = CARTESIAN_POINT ( 'NONE',  ( -41.94026666726099961, 2.394518698657940536, 3.745000000010996644 ) ) ;
#3041 = PRESENTATION_STYLE_ASSIGNMENT (( #1464 ) ) ;
#3042 = SURFACE_STYLE_USAGE ( .BOTH. , #7230 ) ;
#3043 =( NAMED_UNIT ( * ) PLANE_ANGLE_UNIT ( ) SI_UNIT ( $, .RADIAN. ) );
#3044 = SURFACE_STYLE_FILL_AREA ( #2098 ) ;
#3045 = DIRECTION ( 'NONE',  ( 0.000000000000000000, 1.000000000000000000, -2.220446049250309876E-16 ) ) ;
#3046 = CARTESIAN_POINT ( 'NONE',  ( -31.67854998418980017, 4.257512981500140015, 2.945000000010994157 ) ) ;
#3047 = VERTEX_POINT ( 'NONE', #2260 ) ;
#3048 =( NAMED_UNIT ( * ) SI_UNIT ( $, .STERADIAN. ) SOLID_ANGLE_UNIT ( ) );
#3049 = DIRECTION ( 'NONE',  ( 0.000000000000000000, -1.000000000000000000, 2.220446049250309876E-16 ) ) ;
#3050 = LINE ( 'NONE', #432, #4339 ) ;
#3051 = VECTOR ( 'NONE', #7214, 1000.000000000000000 ) ;
#3052 = SURFACE_STYLE_USAGE ( .BOTH. , #3806 ) ;
#3053 = FACE_OUTER_BOUND ( 'NONE', #3935, .T. ) ;
#3055 = ORIENTED_EDGE ( 'NONE', *, *, #2483, .F. ) ;
#3054 = DIRECTION ( 'NONE',  ( -1.000000000000000000, 0.000000000000000000, 0.000000000000000000 ) ) ;
#3056 = EDGE_CURVE ( 'NONE', #10229, #4884, #6896, .T. ) ;
#3057 = SURFACE_SIDE_STYLE ('',( #4013 ) ) ;
#3058 = CARTESIAN_POINT ( 'NONE',  ( -14.90026666726099869, 9.160427903162849717, 3.955000000010998384 ) ) ;
#3059 = ORIENTED_EDGE ( 'NONE', *, *, #7754, .T. ) ;
#3060 = ORIENTED_EDGE ( 'NONE', *, *, #4739, .T. ) ;
#3061 = PRODUCT_CONTEXT ( 'NONE', #6484, 'mechanical' ) ;
#3062 = DIRECTION ( 'NONE',  ( 0.000000000000000000, -1.000000000000000000, 0.000000000000000000 ) ) ;
#3063 = CYLINDRICAL_SURFACE ( 'NONE', #6535, 0.9999999999999991118 ) ;
#3064 = CARTESIAN_POINT ( 'NONE',  ( -26.07854998418979875, 1.214518698657939710, 3.745000000010996644 ) ) ;
#3065 = COLOUR_RGB ( '',0.8274509803921568096, 0.6666666666666666297, 0.1294117647058823373 ) ;
#3066 = VECTOR ( 'NONE', #10435, 1000.000000000000000 ) ;
#3067 = LINE ( 'NONE', #2125, #4349 ) ;
#3068 = ORIENTED_EDGE ( 'NONE', *, *, #7145, .F. ) ;
#3069 = VERTEX_POINT ( 'NONE', #4112 ) ;
#3070 = ORIENTED_EDGE ( 'NONE', *, *, #10007, .T. ) ;
#3071 =( NAMED_UNIT ( * ) PLANE_ANGLE_UNIT ( ) SI_UNIT ( $, .RADIAN. ) );
#3072 = SURFACE_STYLE_USAGE ( .BOTH. , #7213 ) ;
#3073 = DIRECTION ( 'NONE',  ( 0.000000000000000000, -1.000000000000000000, 0.000000000000000000 ) ) ;
#3074 = FACE_OUTER_BOUND ( 'NONE', #6294, .T. ) ;
#3075 = ADVANCED_FACE ( 'NONE', ( #2316 ), #6522, .F. ) ;
#3076 = ADVANCED_FACE ( 'NONE', ( #6012 ), #6845, .F. ) ;
#3077 = FILL_AREA_STYLE_COLOUR ( '', #951 ) ;
#3078 = COLOUR_RGB ( '',1.000000000000000000, 0.9568627450980391469, 0.8862745098039215286 ) ;
#3079 = LINE ( 'NONE', #3945, #10507 ) ;
#3080 = ORIENTED_EDGE ( 'NONE', *, *, #8730, .T. ) ;
#3081 = VERTEX_POINT ( 'NONE', #4439 ) ;
#3082 = ORIENTED_EDGE ( 'NONE', *, *, #1406, .T. ) ;
#3083 = PRESENTATION_STYLE_ASSIGNMENT (( #10538 ) ) ;
#3084 = DIRECTION ( 'NONE',  ( 0.000000000000000000, -1.000000000000000000, 2.220446049250309876E-16 ) ) ;
#3085 = SURFACE_SIDE_STYLE ('',( #744 ) ) ;
#3086 = VECTOR ( 'NONE', #5787, 1000.000000000000000 ) ;
#3087 = SURFACE_STYLE_USAGE ( .BOTH. , #8789 ) ;
#3088 = DIRECTION ( 'NONE',  ( 0.000000000000000000, -2.220446049250309876E-16, -1.000000000000000000 ) ) ;
#3089 = EDGE_CURVE ( 'NONE', #2191, #10287, #1851, .T. ) ;
#3090 = DIRECTION ( 'NONE',  ( 0.000000000000000000, 1.000000000000000000, 0.000000000000000000 ) ) ;
#3092 = DIRECTION ( 'NONE',  ( 0.000000000000000000, -1.000000000000000000, 4.336808689942017736E-16 ) ) ;
#3091 = FILL_AREA_STYLE_COLOUR ( '', #4536 ) ;
#3093 = DIRECTION ( 'NONE',  ( 0.000000000000000000, -2.220446049250309876E-16, -1.000000000000000000 ) ) ;
#3094 = ORIENTED_EDGE ( 'NONE', *, *, #4303, .T. ) ;
#3095 = FACE_OUTER_BOUND ( 'NONE', #8698, .T. ) ;
#3096 = VECTOR ( 'NONE', #2853, 1000.000000000000000 ) ;
#3097 = DIRECTION ( 'NONE',  ( -1.000000000000000000, 0.000000000000000000, 0.000000000000000000 ) ) ;
#3098 = UNCERTAINTY_MEASURE_WITH_UNIT (LENGTH_MEASURE( 1.000000000000000082E-05 ), #10705, 'distance_accuracy_value', 'NONE');
#3099 = EDGE_CURVE ( 'NONE', #10806, #672, #9799, .T. ) ;
#3100 =( NAMED_UNIT ( * ) PLANE_ANGLE_UNIT ( ) SI_UNIT ( $, .RADIAN. ) );
#3101 = COLOUR_RGB ( '',1.000000000000000000, 0.7568627450980391913, 0.5647058823529411686 ) ;
#3102 = SURFACE_STYLE_USAGE ( .BOTH. , #8852 ) ;
#3103 = DIRECTION ( 'NONE',  ( 0.000000000000000000, -1.000000000000000000, 2.220446049250309876E-16 ) ) ;
#3104 = EDGE_LOOP ( 'NONE', ( #271, #5567, #1536, #9114 ) ) ;
#3105 = CARTESIAN_POINT ( 'NONE',  ( -47.14026666726099535, 17.28451869865799750, 3.945000000010995045 ) ) ;
#3106 = MECHANICAL_DESIGN_GEOMETRIC_PRESENTATION_REPRESENTATION (  '', ( #2230 ), #2746 ) ;
#3107 = ORIENTED_EDGE ( 'NONE', *, *, #9415, .F. ) ;
#3108 = VERTEX_POINT ( 'NONE', #9982 ) ;
#3109 = SURFACE_STYLE_FILL_AREA ( #764 ) ;
#3110 = AXIS2_PLACEMENT_3D ( 'NONE', #4457, #3906, #256 ) ;
#3111 = EDGE_CURVE ( 'NONE', #4669, #1108, #5187, .T. ) ;
#3112 = FILL_AREA_STYLE ('',( #716 ) ) ;
#3113 = PRESENTATION_STYLE_ASSIGNMENT (( #7349 ) ) ;
#3114 = FILL_AREA_STYLE ('',( #2283 ) ) ;
#3115 =( LENGTH_UNIT ( ) NAMED_UNIT ( * ) SI_UNIT ( .MILLI., .METRE. ) );
#3116 = SURFACE_SIDE_STYLE ('',( #4792 ) ) ;
#3117 = VERTEX_POINT ( 'NONE', #865 ) ;
#3118 = ORIENTED_EDGE ( 'NONE', *, *, #2495, .T. ) ;
#3119 = VECTOR ( 'NONE', #8981, 1000.000000000000000 ) ;
#3120 = MECHANICAL_DESIGN_GEOMETRIC_PRESENTATION_REPRESENTATION (  '', ( #5712 ), #3290 ) ;
#3121 = EDGE_CURVE ( 'NONE', #7359, #3488, #6069, .T. ) ;
#3122 = CYLINDRICAL_SURFACE ( 'NONE', #9681, 0.1999999999999987899 ) ;
#3123 = CARTESIAN_POINT ( 'NONE',  ( -14.90026666726099869, 14.24042790316280005, 5.135000000010998988 ) ) ;
#3124 = FILL_AREA_STYLE_COLOUR ( '', #10399 ) ;
#3125 =( GEOMETRIC_REPRESENTATION_CONTEXT ( 3 ) GLOBAL_UNCERTAINTY_ASSIGNED_CONTEXT ( ( #1416 ) ) GLOBAL_UNIT_ASSIGNED_CONTEXT ( ( #9995, #595, #9835 ) ) REPRESENTATION_CONTEXT ( 'NONE', 'WORKASPACE' ) );
#3126 = PRESENTATION_LAYER_ASSIGNMENT (  '', '', ( #8476 ) ) ;
#3127 = DIRECTION ( 'NONE',  ( -1.000000000000000000, 0.000000000000000000, 0.000000000000000000 ) ) ;
#3128 = UNCERTAINTY_MEASURE_WITH_UNIT (LENGTH_MEASURE( 1.000000000000000082E-05 ), #2462, 'distance_accuracy_value', 'NONE');
#3129 = ORIENTED_EDGE ( 'NONE', *, *, #3111, .T. ) ;
#3130 = DIRECTION ( 'NONE',  ( -0.000000000000000000, 1.000000000000000000, 0.000000000000000000 ) ) ;
#3131 = ORIENTED_EDGE ( 'NONE', *, *, #4220, .T. ) ;
#3132 = ORIENTED_EDGE ( 'NONE', *, *, #4139, .T. ) ;
#3133 = CARTESIAN_POINT ( 'NONE',  ( -29.27854998418980159, 1.214518698657939710, 3.745000000010996644 ) ) ;
#3134 = LINE ( 'NONE', #4926, #7254 ) ;
#3135 = MECHANICAL_DESIGN_GEOMETRIC_PRESENTATION_REPRESENTATION (  '', ( #285 ), #10238 ) ;
#3136 = DIRECTION ( 'NONE',  ( 0.000000000000000000, -2.220446049250309876E-16, -1.000000000000000000 ) ) ;
#3137 = FILL_AREA_STYLE ('',( #8231 ) ) ;
#3138 = SURFACE_STYLE_USAGE ( .BOTH. , #10587 ) ;
#3139 = LINE ( 'NONE', #6461, #1064 ) ;
#3140 = CARTESIAN_POINT ( 'NONE',  ( -40.19026666726099961, 0.7945186986579400035, 3.295000000010997354 ) ) ;
#3141 = ORIENTED_EDGE ( 'NONE', *, *, #10185, .F. ) ;
#3142 = PRESENTATION_LAYER_ASSIGNMENT (  '', '', ( #10063 ) ) ;
#3143 = COLOUR_RGB ( '',1.000000000000000000, 0.9568627450980391469, 0.8862745098039215286 ) ;
#3144 =( NAMED_UNIT ( * ) PLANE_ANGLE_UNIT ( ) SI_UNIT ( $, .RADIAN. ) );
#3145 = EDGE_CURVE ( 'NONE', #10370, #7694, #9280, .T. ) ;
#3146 =( REPRESENTATION_RELATIONSHIP ('NONE','NONE', #910, #8424 ) REPRESENTATION_RELATIONSHIP_WITH_TRANSFORMATION ( #6380 )SHAPE_REPRESENTATION_RELATIONSHIP( ) );
#3147 = EDGE_CURVE ( 'NONE', #2629, #3275, #192, .T. ) ;
#3148 = CARTESIAN_POINT ( 'NONE',  ( -13.24026666726099855, 0.1945186986579429955, 3.945000000010995045 ) ) ;
#3149 = AXIS2_PLACEMENT_3D ( 'NONE', #9006, #5532, #6569 ) ;
#3150 = UNCERTAINTY_MEASURE_WITH_UNIT (LENGTH_MEASURE( 1.000000000000000082E-05 ), #5386, 'distance_accuracy_value', 'NONE');
#3151 = VECTOR ( 'NONE', #4912, 1000.000000000000000 ) ;
#3152 = FILL_AREA_STYLE ('',( #9077 ) ) ;
#3153 = FILL_AREA_STYLE ('',( #10597 ) ) ;
#3154 = DIRECTION ( 'NONE',  ( 0.000000000000000000, 1.000000000000000000, -4.336808689942013792E-16 ) ) ;
#3155 = ORIENTED_EDGE ( 'NONE', *, *, #1653, .T. ) ;
#3156 = CARTESIAN_POINT ( 'NONE',  ( -15.74029191166209962, 2.755277039305740416, 3.945000000010995045 ) ) ;
#3157 = ORIENTED_EDGE ( 'NONE', *, *, #6342, .F. ) ;
#3158 = ADVANCED_FACE ( 'NONE', ( #4223 ), #1794, .T. ) ;
#3159 = VERTEX_POINT ( 'NONE', #10243 ) ;
#3160 = FILL_AREA_STYLE_COLOUR ( '', #4595 ) ;
#3161 = MECHANICAL_DESIGN_GEOMETRIC_PRESENTATION_REPRESENTATION (  '', ( #5754 ), #10083 ) ;
#3162 = FILL_AREA_STYLE_COLOUR ( '', #10491 ) ;
#3163 = LINE ( 'NONE', #2391, #7370 ) ;
#3164 = PRESENTATION_STYLE_ASSIGNMENT (( #10664 ) ) ;
#3165 = COLOUR_RGB ( '',1.000000000000000000, 1.000000000000000000, 1.000000000000000000 ) ;
#3166 = DIRECTION ( 'NONE',  ( 0.000000000000000000, 2.220446049250309876E-16, 1.000000000000000000 ) ) ;
#3167 = SURFACE_STYLE_USAGE ( .BOTH. , #5013 ) ;
#3168 = SURFACE_SIDE_STYLE ('',( #5710 ) ) ;
#3169 = EDGE_CURVE ( 'NONE', #1387, #7634, #7817, .T. ) ;
#3170 = PRESENTATION_LAYER_ASSIGNMENT (  '', '', ( #2109 ) ) ;
#3171 = ORIENTED_EDGE ( 'NONE', *, *, #6596, .F. ) ;
#3172 = AXIS2_PLACEMENT_3D ( 'NONE', #9499, #9705, #4551 ) ;
#3173 = EDGE_LOOP ( 'NONE', ( #6438, #5577, #607, #10103 ) ) ;
#3174 = STYLED_ITEM ( 'NONE', ( #7665 ), #10512 ) ;
#3175 = CYLINDRICAL_SURFACE ( 'NONE', #4743, 0.9999999999999991118 ) ;
#3176 =( LENGTH_UNIT ( ) NAMED_UNIT ( * ) SI_UNIT ( .MILLI., .METRE. ) );
#3177 = AXIS2_PLACEMENT_3D ( 'NONE', #6728, #6514, #4103 ) ;
#3178 = CARTESIAN_POINT ( 'NONE',  ( -19.20302962540590030, 14.51451869865799971, 2.945000000010994157 ) ) ;
#3179 = LINE ( 'NONE', #8270, #8831 ) ;
#3180 = CARTESIAN_POINT ( 'NONE',  ( -15.74029191166209962, 4.755277039305740416, 3.955000000010997496 ) ) ;
#3181 = CARTESIAN_POINT ( 'NONE',  ( -39.54026666726100103, 20.29451869865799551, 5.145000000010998775 ) ) ;
#3182 = ORIENTED_EDGE ( 'NONE', *, *, #3223, .F. ) ;
#3183 = EDGE_LOOP ( 'NONE', ( #3287, #9307, #3989, #2578 ) ) ;
#3184 = AXIS2_PLACEMENT_3D ( 'NONE', #6058, #9489, #2017 ) ;
#3185 = EDGE_LOOP ( 'NONE', ( #8766, #6725, #5780, #1272 ) ) ;
#3186 = SURFACE_STYLE_FILL_AREA ( #1462 ) ;
#3187 = STYLED_ITEM ( 'NONE', ( #9754 ), #8588 ) ;
#3188 = MECHANICAL_DESIGN_GEOMETRIC_PRESENTATION_REPRESENTATION (  '', ( #2665 ), #2135 ) ;
#3189 = SURFACE_STYLE_FILL_AREA ( #2254 ) ;
#3190 = FILL_AREA_STYLE_COLOUR ( '', #9969 ) ;
#3191 = DIRECTION ( 'NONE',  ( 0.000000000000000000, -1.000000000000000000, 0.000000000000000000 ) ) ;
#3192 =( GEOMETRIC_REPRESENTATION_CONTEXT ( 3 ) GLOBAL_UNCERTAINTY_ASSIGNED_CONTEXT ( ( #1687 ) ) GLOBAL_UNIT_ASSIGNED_CONTEXT ( ( #6761, #901, #8761 ) ) REPRESENTATION_CONTEXT ( 'NONE', 'WORKASPACE' ) );
#3193 = FACE_OUTER_BOUND ( 'NONE', #3173, .T. ) ;
#3194 = MECHANICAL_DESIGN_GEOMETRIC_PRESENTATION_REPRESENTATION (  '', ( #7199 ), #1237 ) ;
#3195 = FILL_AREA_STYLE_COLOUR ( '', #5794 ) ;
#3196 = FILL_AREA_STYLE ('',( #9126 ) ) ;
#3197 = VECTOR ( 'NONE', #10277, 1000.000000000000000 ) ;
#3198 = ORIENTED_EDGE ( 'NONE', *, *, #8448, .F. ) ;
#3199 = SURFACE_STYLE_FILL_AREA ( #4161 ) ;
#3200 =( LENGTH_UNIT ( ) NAMED_UNIT ( * ) SI_UNIT ( .MILLI., .METRE. ) );
#3201 = PRESENTATION_LAYER_ASSIGNMENT (  '', '', ( #10665 ) ) ;
#3202 = VECTOR ( 'NONE', #6905, 1000.000000000000000 ) ;
#3203 = LINE ( 'NONE', #2434, #2225 ) ;
#3204 = MECHANICAL_DESIGN_GEOMETRIC_PRESENTATION_REPRESENTATION (  '', ( #2859 ), #4593 ) ;
#3205 = CARTESIAN_POINT ( 'NONE',  ( -44.54026666726100103, 17.28451869865799750, 3.545000000010997798 ) ) ;
#3206 =( NAMED_UNIT ( * ) PLANE_ANGLE_UNIT ( ) SI_UNIT ( $, .RADIAN. ) );
#3207 = PRESENTATION_STYLE_ASSIGNMENT (( #5819 ) ) ;
#3208 = EDGE_CURVE ( 'NONE', #6365, #3018, #1972, .T. ) ;
#3209 = ORIENTED_EDGE ( 'NONE', *, *, #7742, .T. ) ;
#3210 = VECTOR ( 'NONE', #670, 1000.000000000000000 ) ;
#3211 = EDGE_CURVE ( 'NONE', #4428, #8539, #4546, .T. ) ;
#3212 = DIRECTION ( 'NONE',  ( 0.000000000000000000, -2.220446049250309876E-16, -1.000000000000000000 ) ) ;
#3213 = VERTEX_POINT ( 'NONE', #10305 ) ;
#3214 = ORIENTED_EDGE ( 'NONE', *, *, #7218, .F. ) ;
#3215 =( LENGTH_UNIT ( ) NAMED_UNIT ( * ) SI_UNIT ( .MILLI., .METRE. ) );
#3216 = DIRECTION ( 'NONE',  ( 0.000000000000000000, -2.220446049250309876E-16, -1.000000000000000000 ) ) ;
#3217 = PRESENTATION_LAYER_ASSIGNMENT (  '', '', ( #733 ) ) ;
#3218 = SURFACE_SIDE_STYLE ('',( #6482 ) ) ;
#3219 = VECTOR ( 'NONE', #9539, 1000.000000000000000 ) ;
#3220 = LINE ( 'NONE', #10560, #10262 ) ;
#3221 = FACE_OUTER_BOUND ( 'NONE', #8053, .T. ) ;
#3222 =( NAMED_UNIT ( * ) PLANE_ANGLE_UNIT ( ) SI_UNIT ( $, .RADIAN. ) );
#3223 = EDGE_CURVE ( 'NONE', #2013, #3047, #6160, .T. ) ;
#3224 =( LENGTH_UNIT ( ) NAMED_UNIT ( * ) SI_UNIT ( .MILLI., .METRE. ) );
#3225 = DIRECTION ( 'NONE',  ( 0.000000000000000000, -1.000000000000000000, 2.220446049250309876E-16 ) ) ;
#3226 = LINE ( 'NONE', #9895, #5925 ) ;
#3227 = SURFACE_STYLE_FILL_AREA ( #9953 ) ;
#3228 = MECHANICAL_DESIGN_GEOMETRIC_PRESENTATION_REPRESENTATION (  '', ( #10521 ), #3401 ) ;
#3229 = VERTEX_POINT ( 'NONE', #8720 ) ;
#3230 = CARTESIAN_POINT ( 'NONE',  ( -15.74029191166209962, 21.49527703930579747, 5.135000000010998988 ) ) ;
#3231 = ORIENTED_EDGE ( 'NONE', *, *, #8525, .T. ) ;
#3232 = VECTOR ( 'NONE', #1544, 1000.000000000000000 ) ;
#3233 = EDGE_CURVE ( 'NONE', #7489, #3108, #1423, .T. ) ;
#3234 = DIRECTION ( 'NONE',  ( 0.000000000000000000, -1.000000000000000000, 2.220446049250309876E-16 ) ) ;
#3235 =( LENGTH_UNIT ( ) NAMED_UNIT ( * ) SI_UNIT ( .MILLI., .METRE. ) );
#3236 = DIRECTION ( 'NONE',  ( -1.000000000000000000, 0.000000000000000000, 0.000000000000000000 ) ) ;
#3237 = CARTESIAN_POINT ( 'NONE',  ( -21.40302962540589604, 16.21451869865800077, 3.345000000010998953 ) ) ;
#3238 = DIRECTION ( 'NONE',  ( 0.000000000000000000, 2.220446049250309876E-16, 1.000000000000000000 ) ) ;
#3239 = UNCERTAINTY_MEASURE_WITH_UNIT (LENGTH_MEASURE( 1.000000000000000082E-05 ), #1448, 'distance_accuracy_value', 'NONE');
#3240 = EDGE_LOOP ( 'NONE', ( #9230, #3866, #204, #4660 ) ) ;
#3241 = CARTESIAN_POINT ( 'NONE',  ( -3.743693229400999467, 2.256187637073998165, 11.06368319029500036 ) ) ;
#3242 = MECHANICAL_DESIGN_GEOMETRIC_PRESENTATION_REPRESENTATION (  '', ( #6010 ), #4636 ) ;
#3243 = ORIENTED_EDGE ( 'NONE', *, *, #7556, .T. ) ;
#3244 = ORIENTED_EDGE ( 'NONE', *, *, #4000, .T. ) ;
#3245 =( NAMED_UNIT ( * ) PLANE_ANGLE_UNIT ( ) SI_UNIT ( $, .RADIAN. ) );
#3246 = DIRECTION ( 'NONE',  ( 1.000000000000000000, 0.000000000000000000, 0.000000000000000000 ) ) ;
#3247 = FILL_AREA_STYLE ('',( #7380 ) ) ;
#3248 = FACE_OUTER_BOUND ( 'NONE', #5605, .T. ) ;
#3249 = SURFACE_SIDE_STYLE ('',( #7326 ) ) ;
#3250 = DIRECTION ( 'NONE',  ( -1.000000000000000000, 0.000000000000000000, 0.000000000000000000 ) ) ;
#3251 = SURFACE_SIDE_STYLE ('',( #10589 ) ) ;
#3252 = ORIENTED_EDGE ( 'NONE', *, *, #9514, .F. ) ;
#3253 = CARTESIAN_POINT ( 'NONE',  ( -14.90026666726099869, 14.24042790316280005, 5.135000000010998988 ) ) ;
#3254 = CARTESIAN_POINT ( 'NONE',  ( -27.20302962540589675, 5.114518698658000240, 1.285000000010999566 ) ) ;
#3255 = DIRECTION ( 'NONE',  ( 0.000000000000000000, 2.220446049250309876E-16, 1.000000000000000000 ) ) ;
#3256 = EDGE_CURVE ( 'NONE', #5678, #10722, #2143, .T. ) ;
#3257 = FACE_OUTER_BOUND ( 'NONE', #491, .T. ) ;
#3258 = UNCERTAINTY_MEASURE_WITH_UNIT (LENGTH_MEASURE( 1.000000000000000082E-05 ), #1507, 'distance_accuracy_value', 'NONE');
#3259 = COLOUR_RGB ( '',0.000000000000000000, 0.000000000000000000, 0.2941176470588235392 ) ;
#3260 =( NAMED_UNIT ( * ) SI_UNIT ( $, .STERADIAN. ) SOLID_ANGLE_UNIT ( ) );
#3261 = ORIENTED_EDGE ( 'NONE', *, *, #3424, .T. ) ;
#3262 = AXIS2_PLACEMENT_3D ( 'NONE', #6505, #9810, #4146 ) ;
#3263 = ORIENTED_EDGE ( 'NONE', *, *, #2680, .T. ) ;
#3264 = ORIENTED_EDGE ( 'NONE', *, *, #1116, .T. ) ;
#3265 = DIRECTION ( 'NONE',  ( 0.000000000000000000, 2.220446049250309876E-16, 1.000000000000000000 ) ) ;
#3266 = VECTOR ( 'NONE', #4537, 1000.000000000000000 ) ;
#3267 = LINE ( 'NONE', #9890, #10310 ) ;
#3268 = CYLINDRICAL_SURFACE ( 'NONE', #8557, 0.9999999999999991118 ) ;
#3269 = COLOUR_RGB ( '',1.000000000000000000, 0.9568627450980391469, 0.8862745098039215286 ) ;
#3270 =( NAMED_UNIT ( * ) SI_UNIT ( $, .STERADIAN. ) SOLID_ANGLE_UNIT ( ) );
#3271 = DIRECTION ( 'NONE',  ( 0.000000000000000000, 2.220446049250309876E-16, 1.000000000000000000 ) ) ;
#3272 = CARTESIAN_POINT ( 'NONE',  ( -15.74029191166209962, 2.755277039305740416, 5.145000000010998775 ) ) ;
#3273 =( LENGTH_UNIT ( ) NAMED_UNIT ( * ) SI_UNIT ( .MILLI., .METRE. ) );
#3274 = FILL_AREA_STYLE ('',( #5705 ) ) ;
#3275 = VERTEX_POINT ( 'NONE', #2920 ) ;
#3276 = UNCERTAINTY_MEASURE_WITH_UNIT (LENGTH_MEASURE( 1.000000000000000082E-05 ), #2169, 'distance_accuracy_value', 'NONE');
#3277 = FILL_AREA_STYLE ('',( #2518 ) ) ;
#3278 = DIRECTION ( 'NONE',  ( 0.000000000000000000, 2.220446049250309876E-16, 1.000000000000000000 ) ) ;
#3279 = EDGE_LOOP ( 'NONE', ( #2941, #950, #8711, #1839 ) ) ;
#3280 = EDGE_CURVE ( 'NONE', #4284, #6026, #3841, .T. ) ;
#3281 = ADVANCED_FACE ( 'NONE', ( #6120 ), #4702, .T. ) ;
#3282 = SURFACE_STYLE_USAGE ( .BOTH. , #3338 ) ;
#3283 =( GEOMETRIC_REPRESENTATION_CONTEXT ( 3 ) GLOBAL_UNCERTAINTY_ASSIGNED_CONTEXT ( ( #5137 ) ) GLOBAL_UNIT_ASSIGNED_CONTEXT ( ( #1292, #2076, #4652 ) ) REPRESENTATION_CONTEXT ( 'NONE', 'WORKASPACE' ) );
#3284 = DIRECTION ( 'NONE',  ( 0.000000000000000000, 1.000000000000000000, 0.000000000000000000 ) ) ;
#3285 = DIRECTION ( 'NONE',  ( -1.000000000000000000, 0.000000000000000000, 0.000000000000000000 ) ) ;
#3286 = CARTESIAN_POINT ( 'NONE',  ( -42.73771170588249646, 19.03451869865800106, 3.945000000010995045 ) ) ;
#3287 = ORIENTED_EDGE ( 'NONE', *, *, #3499, .T. ) ;
#3288 = TOROIDAL_SURFACE ( 'NONE', #2264, 0.9250000000000000444, 0.07499999999999999722 ) ;
#3289 = DIRECTION ( 'NONE',  ( 0.000000000000000000, 0.000000000000000000, 1.000000000000000000 ) ) ;
#3290 =( GEOMETRIC_REPRESENTATION_CONTEXT ( 3 ) GLOBAL_UNCERTAINTY_ASSIGNED_CONTEXT ( ( #6006 ) ) GLOBAL_UNIT_ASSIGNED_CONTEXT ( ( #2065, #9688, #10462 ) ) REPRESENTATION_CONTEXT ( 'NONE', 'WORKASPACE' ) );
#3291 = EDGE_CURVE ( 'NONE', #2678, #7498, #8577, .T. ) ;
#3292 = VERTEX_POINT ( 'NONE', #410 ) ;
#3293 = ORIENTED_EDGE ( 'NONE', *, *, #2892, .T. ) ;
#3294 =( NAMED_UNIT ( * ) PLANE_ANGLE_UNIT ( ) SI_UNIT ( $, .RADIAN. ) );
#3295 = SURFACE_STYLE_USAGE ( .BOTH. , #6561 ) ;
#3296 = DIRECTION ( 'NONE',  ( 0.000000000000000000, -1.000000000000000000, 2.220446049250309876E-16 ) ) ;
#3297 = SURFACE_STYLE_FILL_AREA ( #3247 ) ;
#3298 = AXIS2_PLACEMENT_3D ( 'NONE', #6095, #4297, #3544 ) ;
#3299 = MECHANICAL_DESIGN_GEOMETRIC_PRESENTATION_REPRESENTATION (  '', ( #10421 ), #6600 ) ;
#3300 = CARTESIAN_POINT ( 'NONE',  ( -47.14026666726099535, 17.28451869865799750, 3.545000000010997798 ) ) ;
#3301 = FILL_AREA_STYLE ('',( #3458 ) ) ;
#3302 = DIRECTION ( 'NONE',  ( 0.000000000000000000, 2.220446049250309876E-16, 1.000000000000000000 ) ) ;
#3303 = DIRECTION ( 'NONE',  ( 0.000000000000000000, -2.220446049250309876E-16, -1.000000000000000000 ) ) ;
#3304 = DIRECTION ( 'NONE',  ( 1.000000000000000000, -1.606225440719269818E-16, 3.566536934050450003E-32 ) ) ;
#3305 = VERTEX_POINT ( 'NONE', #4490 ) ;
#3306 = EDGE_CURVE ( 'NONE', #9533, #10706, #514, .T. ) ;
#3307 = LINE ( 'NONE', #692, #6128 ) ;
#3308 = LINE ( 'NONE', #695, #7333 ) ;
#3309 = AXIS2_PLACEMENT_3D ( 'NONE', #3156, #5823, #820 ) ;
#3310 = AXIS2_PLACEMENT_3D ( 'NONE', #6519, #4110, #5588 ) ;
#3311 = UNCERTAINTY_MEASURE_WITH_UNIT (LENGTH_MEASURE( 1.000000000000000082E-05 ), #5632, 'distance_accuracy_value', 'NONE');
#3312 = FACE_OUTER_BOUND ( 'NONE', #7998, .T. ) ;
#3313 = FACE_OUTER_BOUND ( 'NONE', #10358, .T. ) ;
#3314 = FACE_OUTER_BOUND ( 'NONE', #6167, .T. ) ;
#3315 = FILL_AREA_STYLE ('',( #8295 ) ) ;
#3316 = SURFACE_SIDE_STYLE ('',( #3965 ) ) ;
#3317 = PLANE ( 'NONE',  #6471 ) ;
#3318 = AXIS2_PLACEMENT_3D ( 'NONE', #5315, #9554, #4497 ) ;
#3319 = FACE_OUTER_BOUND ( 'NONE', #5327, .T. ) ;
#3321 = ORIENTED_EDGE ( 'NONE', *, *, #3306, .T. ) ;
#3320 = FILL_AREA_STYLE ('',( #5001 ) ) ;
#3322 = DIRECTION ( 'NONE',  ( 0.000000000000000000, 0.000000000000000000, 1.000000000000000000 ) ) ;
#3323 = ORIENTED_EDGE ( 'NONE', *, *, #447, .F. ) ;
#3324 = EDGE_LOOP ( 'NONE', ( #9252, #6613, #7126, #1193 ) ) ;
#3325 = SURFACE_STYLE_USAGE ( .BOTH. , #7450 ) ;
#3326 = DIRECTION ( 'NONE',  ( 0.000000000000000000, -2.220446049250309876E-16, -1.000000000000000000 ) ) ;
#3327 = CIRCLE ( 'NONE', #4869, 0.1999999999999987899 ) ;
#3328 = AXIS2_PLACEMENT_3D ( 'NONE', #7419, #5845, #9808 ) ;
#3329 =( NAMED_UNIT ( * ) PLANE_ANGLE_UNIT ( ) SI_UNIT ( $, .RADIAN. ) );
#3330 = DIRECTION ( 'NONE',  ( 1.000000000000000000, 0.000000000000000000, 0.000000000000000000 ) ) ;
#3331 = DIRECTION ( 'NONE',  ( 0.000000000000000000, 1.000000000000000000, -2.220446049250309876E-16 ) ) ;
#3332 = AXIS2_PLACEMENT_3D ( 'NONE', #7031, #9406, #9462 ) ;
#3333 = PRESENTATION_LAYER_ASSIGNMENT (  '', '', ( #8168 ) ) ;
#3334 = ORIENTED_EDGE ( 'NONE', *, *, #9140, .T. ) ;
#3335 = ORIENTED_EDGE ( 'NONE', *, *, #5886, .F. ) ;
#3336 = COLOUR_RGB ( '',1.000000000000000000, 0.9568627450980391469, 0.8862745098039215286 ) ;
#3337 = AXIS2_PLACEMENT_3D ( 'NONE', #2336, #6636, #7397 ) ;
#3338 = SURFACE_SIDE_STYLE ('',( #8155 ) ) ;
#3339 =( NAMED_UNIT ( * ) PLANE_ANGLE_UNIT ( ) SI_UNIT ( $, .RADIAN. ) );
#3340 = DIRECTION ( 'NONE',  ( 0.000000000000000000, -2.220446049250309876E-16, -1.000000000000000000 ) ) ;
#3341 = CARTESIAN_POINT ( 'NONE',  ( 0.6500000000000000222, 3.200000000000000178, 0.000000000000000000 ) ) ;
#3342 = AXIS2_PLACEMENT_3D ( 'NONE', #5818, #5653, #5597 ) ;
#3343 = DIRECTION ( 'NONE',  ( 0.000000000000000000, -2.220446049250309876E-16, -1.000000000000000000 ) ) ;
#3344 = EDGE_CURVE ( 'NONE', #8526, #4853, #2868, .T. ) ;
#3345 = EDGE_CURVE ( 'NONE', #10558, #7256, #7057, .T. ) ;
#3346 = CARTESIAN_POINT ( 'NONE',  ( 0.1000000000000000056, 0.2000000000000000111, 0.1000000000000000056 ) ) ;
#3347 = VERTEX_POINT ( 'NONE', #6398 ) ;
#3348 = MECHANICAL_DESIGN_GEOMETRIC_PRESENTATION_REPRESENTATION (  '', ( #3513 ), #1389 ) ;
#3349 = ORIENTED_EDGE ( 'NONE', *, *, #6125, .T. ) ;
#3350 = VERTEX_POINT ( 'NONE', #3286 ) ;
#3351 = SURFACE_STYLE_USAGE ( .BOTH. , #677 ) ;
#3352 = STYLED_ITEM ( 'NONE', ( #10195 ), #4698 ) ;
#3353 = CARTESIAN_POINT ( 'NONE',  ( -21.60302962540589888, 10.21451869865800077, 3.945000000010995045 ) ) ;
#3354 = DIRECTION ( 'NONE',  ( 0.000000000000000000, -1.000000000000000000, 0.000000000000000000 ) ) ;
#3355 = VECTOR ( 'NONE', #5407, 1000.000000000000000 ) ;
#3356 = AXIS2_PLACEMENT_3D ( 'NONE', #8289, #1583, #7383 ) ;
#3357 =( LENGTH_UNIT ( ) NAMED_UNIT ( * ) SI_UNIT ( .MILLI., .METRE. ) );
#3358 = EDGE_CURVE ( 'NONE', #7306, #4234, #10682, .T. ) ;
#3359 = DIRECTION ( 'NONE',  ( -1.000000000000000000, 0.000000000000000000, 0.000000000000000000 ) ) ;
#3361 = DIRECTION ( 'NONE',  ( 0.000000000000000000, -1.000000000000000000, 2.220446049250309876E-16 ) ) ;
#3360 = CARTESIAN_POINT ( 'NONE',  ( -46.24026666726099677, 23.13451869865799893, 5.135000000010998988 ) ) ;
#3362 = UNCERTAINTY_MEASURE_WITH_UNIT (LENGTH_MEASURE( 1.000000000000000082E-05 ), #5451, 'distance_accuracy_value', 'NONE');
#3363 =( NAMED_UNIT ( * ) SI_UNIT ( $, .STERADIAN. ) SOLID_ANGLE_UNIT ( ) );
#3364 = DIRECTION ( 'NONE',  ( 0.000000000000000000, 1.000000000000000000, 0.000000000000000000 ) ) ;
#3365 = VECTOR ( 'NONE', #10725, 1000.000000000000000 ) ;
#3366 = ORIENTED_EDGE ( 'NONE', *, *, #1005, .F. ) ;
#3367 = DIRECTION ( 'NONE',  ( 0.000000000000000000, -1.000000000000000000, 2.220446049250309876E-16 ) ) ;
#3368 = CARTESIAN_POINT ( 'NONE',  ( -19.70302962540589675, 9.114518698657999352, 3.745000000010996644 ) ) ;
#3369 =( NAMED_UNIT ( * ) SI_UNIT ( $, .STERADIAN. ) SOLID_ANGLE_UNIT ( ) );
#3370 = PRESENTATION_STYLE_ASSIGNMENT (( #7655 ) ) ;
#3371 = AXIS2_PLACEMENT_3D ( 'NONE', #7065, #1981, #2035 ) ;
#3372 = AXIS2_PLACEMENT_3D ( 'NONE', #6216, #7845, #10349 ) ;
#3373 = PRESENTATION_STYLE_ASSIGNMENT (( #5048 ) ) ;
#3374 = PRESENTATION_LAYER_ASSIGNMENT (  '', '', ( #7199 ) ) ;
#3375 = STYLED_ITEM ( 'NONE', ( #7247 ), #7730 ) ;
#3376 = DIRECTION ( 'NONE',  ( 0.000000000000000000, 1.000000000000000000, -4.336808689942017736E-16 ) ) ;
#3378 = ORIENTED_EDGE ( 'NONE', *, *, #9649, .T. ) ;
#3377 = SURFACE_STYLE_USAGE ( .BOTH. , #5150 ) ;
#3379 = FACE_OUTER_BOUND ( 'NONE', #10053, .T. ) ;
#3380 = ORIENTED_EDGE ( 'NONE', *, *, #1673, .F. ) ;
#3381 = PRESENTATION_LAYER_ASSIGNMENT (  '', '', ( #4929 ) ) ;
#3382 = PRESENTATION_LAYER_ASSIGNMENT (  '', '', ( #361 ) ) ;
#3383 = SURFACE_SIDE_STYLE ('',( #10825 ) ) ;
#3384 =( GEOMETRIC_REPRESENTATION_CONTEXT ( 3 ) GLOBAL_UNCERTAINTY_ASSIGNED_CONTEXT ( ( #10455 ) ) GLOBAL_UNIT_ASSIGNED_CONTEXT ( ( #6137, #5365, #200 ) ) REPRESENTATION_CONTEXT ( 'NONE', 'WORKASPACE' ) );
#3385 = VECTOR ( 'NONE', #2942, 1000.000000000000000 ) ;
#3386 = CARTESIAN_POINT ( 'NONE',  ( -4.405000000000000249, 3.000000000000000000, -0.6250000000000000000 ) ) ;
#3387 = AXIS2_PLACEMENT_3D ( 'NONE', #10028, #10139, #6783 ) ;
#3388 = EDGE_CURVE ( 'NONE', #8971, #5524, #8113, .T. ) ;
#3389 = COLOUR_RGB ( '',1.000000000000000000, 0.9568627450980391469, 0.8862745098039215286 ) ;
#3390 = CARTESIAN_POINT ( 'NONE',  ( 0.6500000000000000222, 0.2000000000000000111, 0.000000000000000000 ) ) ;
#3391 =( NAMED_UNIT ( * ) SI_UNIT ( $, .STERADIAN. ) SOLID_ANGLE_UNIT ( ) );
#3392 = DIRECTION ( 'NONE',  ( 0.000000000000000000, -1.000000000000000000, 2.220446049250309876E-16 ) ) ;
#3393 = PRESENTATION_LAYER_ASSIGNMENT (  '', '', ( #1971 ) ) ;
#3394 = CARTESIAN_POINT ( 'NONE',  ( -46.04026666726100103, 20.29451869865799551, 5.145000000010998775 ) ) ;
#3395 = ORIENTED_EDGE ( 'NONE', *, *, #1290, .T. ) ;
#3396 = VECTOR ( 'NONE', #4984, 1000.000000000000000 ) ;
#3397 = ORIENTED_EDGE ( 'NONE', *, *, #850, .T. ) ;
#3398 = PRESENTATION_STYLE_ASSIGNMENT (( #9963 ) ) ;
#3399 = PRESENTATION_STYLE_ASSIGNMENT (( #8159 ) ) ;
#3400 = SURFACE_STYLE_USAGE ( .BOTH. , #2407 ) ;
#3401 =( GEOMETRIC_REPRESENTATION_CONTEXT ( 3 ) GLOBAL_UNCERTAINTY_ASSIGNED_CONTEXT ( ( #6689 ) ) GLOBAL_UNIT_ASSIGNED_CONTEXT ( ( #666, #10013, #9043 ) ) REPRESENTATION_CONTEXT ( 'NONE', 'WORKASPACE' ) );
#3402 = ORIENTED_EDGE ( 'NONE', *, *, #5326, .F. ) ;
#3403 = FILL_AREA_STYLE ('',( #8325 ) ) ;
#3404 = ORIENTED_EDGE ( 'NONE', *, *, #6809, .F. ) ;
#3405 = ORIENTED_EDGE ( 'NONE', *, *, #6911, .F. ) ;
#3406 = EDGE_LOOP ( 'NONE', ( #8275, #9169, #401, #5473 ) ) ;
#3407 = CARTESIAN_POINT ( 'NONE',  ( -45.59026666726102661, 18.88451869865788879, 2.745000000010979768 ) ) ;
#3408 = VECTOR ( 'NONE', #2952, 1000.000000000000000 ) ;
#3409 = EDGE_CURVE ( 'NONE', #708, #2501, #1397, .T. ) ;
#3410 = CARTESIAN_POINT ( 'NONE',  ( -22.00302962540589746, 12.51451869865799971, 2.945000000010994157 ) ) ;
#3411 = EDGE_CURVE ( 'NONE', #239, #730, #9700, .T. ) ;
#3412 = CARTESIAN_POINT ( 'NONE',  ( -19.90302962540589959, 11.01451869865799971, 3.345000000010998953 ) ) ;
#3413 =( LENGTH_UNIT ( ) NAMED_UNIT ( * ) SI_UNIT ( .MILLI., .METRE. ) );
#3414 = PRESENTATION_STYLE_ASSIGNMENT (( #33 ) ) ;
#3415 = AXIS2_PLACEMENT_3D ( 'NONE', #5747, #8076, #1642 ) ;
#3416 = DIRECTION ( 'NONE',  ( 0.000000000000000000, 1.000000000000000000, -2.220446049250309876E-16 ) ) ;
#3417 = EDGE_LOOP ( 'NONE', ( #1429, #5178, #7693, #838 ) ) ;
#3418 = CARTESIAN_POINT ( 'NONE',  ( -14.90026666726099869, 15.24042790316279827, 5.135000000010998988 ) ) ;
#3419 = CARTESIAN_POINT ( 'NONE',  ( -41.98771170588250357, 15.03451869865800106, 3.745000000010996644 ) ) ;
#3420 = EDGE_CURVE ( 'NONE', #7489, #7114, #7369, .T. ) ;
#3421 = SURFACE_SIDE_STYLE ('',( #8346 ) ) ;
#3422 = CARTESIAN_POINT ( 'NONE',  ( -45.84026666726099819, 17.63451869865800248, 2.620000000010995755 ) ) ;
#3423 = AXIS2_PLACEMENT_3D ( 'NONE', #2710, #9340, #85 ) ;
#3424 = EDGE_CURVE ( 'NONE', #6173, #7197, #10531, .T. ) ;
#3425 = FACE_OUTER_BOUND ( 'NONE', #3757, .T. ) ;
#3426 = FILL_AREA_STYLE_COLOUR ( '', #986 ) ;
#3427 = EDGE_LOOP ( 'NONE', ( #2600, #1666, #2969, #3244 ) ) ;
#3428 = PRESENTATION_STYLE_ASSIGNMENT (( #8351 ) ) ;
#3429 = LINE ( 'NONE', #928, #214 ) ;
#3430 = ORIENTED_EDGE ( 'NONE', *, *, #7684, .T. ) ;
#3431 = EDGE_CURVE ( 'NONE', #3685, #10142, #8274, .T. ) ;
#3432 =( LENGTH_UNIT ( ) NAMED_UNIT ( * ) SI_UNIT ( .MILLI., .METRE. ) );
#3433 = CARTESIAN_POINT ( 'NONE',  ( -39.00302962540590102, 5.314518698658000417, 1.285000000010999566 ) ) ;
#3434 = MECHANICAL_DESIGN_GEOMETRIC_PRESENTATION_REPRESENTATION (  '', ( #2221 ), #10194 ) ;
#3435 = SURFACE_STYLE_FILL_AREA ( #6755 ) ;
#3436 = DIRECTION ( 'NONE',  ( 0.000000000000000000, 1.000000000000000000, -2.220446049250309876E-16 ) ) ;
#3437 = LINE ( 'NONE', #9797, #3119 ) ;
#3438 = PRESENTATION_LAYER_ASSIGNMENT (  '', '', ( #8102 ) ) ;
#3439 = ORIENTED_EDGE ( 'NONE', *, *, #4006, .T. ) ;
#3440 =( NAMED_UNIT ( * ) PLANE_ANGLE_UNIT ( ) SI_UNIT ( $, .RADIAN. ) );
#3441 = PRESENTATION_LAYER_ASSIGNMENT (  '', '', ( #5345 ) ) ;
#3442 =( NAMED_UNIT ( * ) PLANE_ANGLE_UNIT ( ) SI_UNIT ( $, .RADIAN. ) );
#3443 = ORIENTED_EDGE ( 'NONE', *, *, #7098, .T. ) ;
#3444 = DIRECTION ( 'NONE',  ( 0.000000000000000000, 1.000000000000000000, -4.336808689942017736E-16 ) ) ;
#3445 = CARTESIAN_POINT ( 'NONE',  ( -46.24026666726099677, 23.13451869865799893, 3.945000000010995045 ) ) ;
#3446 = LINE ( 'NONE', #2626, #5360 ) ;
#3447 = FACE_OUTER_BOUND ( 'NONE', #8805, .T. ) ;
#3448 = AXIS2_PLACEMENT_3D ( 'NONE', #9004, #8122, #3191 ) ;
#3449 = ORIENTED_EDGE ( 'NONE', *, *, #1782, .F. ) ;
#3450 = SURFACE_SIDE_STYLE ('',( #10067 ) ) ;
#3451 = ORIENTED_EDGE ( 'NONE', *, *, #3687, .F. ) ;
#3452 = EDGE_CURVE ( 'NONE', #6556, #8444, #3079, .T. ) ;
#3453 = ORIENTED_EDGE ( 'NONE', *, *, #7984, .T. ) ;
#3454 = VERTEX_POINT ( 'NONE', #2247 ) ;
#3455 = VECTOR ( 'NONE', #111, 1000.000000000000000 ) ;
#3456 = FACE_OUTER_BOUND ( 'NONE', #3730, .T. ) ;
#3457 = DIRECTION ( 'NONE',  ( 1.000000000000000000, 0.000000000000000000, 0.000000000000000000 ) ) ;
#3458 = FILL_AREA_STYLE_COLOUR ( '', #23 ) ;
#3459 = SURFACE_STYLE_USAGE ( .BOTH. , #1133 ) ;
#3460 = PRESENTATION_LAYER_ASSIGNMENT (  '', '', ( #5891 ) ) ;
#3461 =( NAMED_UNIT ( * ) SI_UNIT ( $, .STERADIAN. ) SOLID_ANGLE_UNIT ( ) );
#3462 =( NAMED_UNIT ( * ) SI_UNIT ( $, .STERADIAN. ) SOLID_ANGLE_UNIT ( ) );
#3463 = VERTEX_POINT ( 'NONE', #7264 ) ;
#3464 = LINE ( 'NONE', #4389, #1574 ) ;
#3465 =( LENGTH_UNIT ( ) NAMED_UNIT ( * ) SI_UNIT ( .MILLI., .METRE. ) );
#3466 = PRESENTATION_LAYER_ASSIGNMENT (  '', '', ( #9204 ) ) ;
#3467 = DIRECTION ( 'NONE',  ( 1.000000000000000000, 0.000000000000000000, 0.000000000000000000 ) ) ;
#3468 = AXIS2_PLACEMENT_3D ( 'NONE', #7926, #7979, #8750 ) ;
#3469 = PRESENTATION_STYLE_ASSIGNMENT (( #6433 ) ) ;
#3470 = SURFACE_STYLE_FILL_AREA ( #137 ) ;
#3471 = CARTESIAN_POINT ( 'NONE',  ( -44.54026666726100103, 17.28451869865799750, 3.945000000010995045 ) ) ;
#3472 = DIRECTION ( 'NONE',  ( 0.000000000000000000, -1.000000000000000000, 2.220446049250309876E-16 ) ) ;
#3473 = DIRECTION ( 'NONE',  ( 0.000000000000000000, -2.220446049250309876E-16, -1.000000000000000000 ) ) ;
#3474 = EDGE_LOOP ( 'NONE', ( #8723, #791 ) ) ;
#3475 =( GEOMETRIC_REPRESENTATION_CONTEXT ( 3 ) GLOBAL_UNCERTAINTY_ASSIGNED_CONTEXT ( ( #3860 ) ) GLOBAL_UNIT_ASSIGNED_CONTEXT ( ( #7722, #4336, #5152 ) ) REPRESENTATION_CONTEXT ( 'NONE', 'WORKASPACE' ) );
#3476 = EDGE_CURVE ( 'NONE', #2795, #8999, #10574, .T. ) ;
#3477 = VECTOR ( 'NONE', #5366, 1000.000000000000000 ) ;
#3478 = ADVANCED_FACE ( 'NONE', ( #7316 ), #8995, .F. ) ;
#3479 = ADVANCED_FACE ( 'NONE', ( #4848 ), #10798, .T. ) ;
#3480 = PRESENTATION_STYLE_ASSIGNMENT (( #3535 ) ) ;
#3481 = MECHANICAL_DESIGN_GEOMETRIC_PRESENTATION_REPRESENTATION (  '', ( #10063 ), #7141 ) ;
#3482 = CARTESIAN_POINT ( 'NONE',  ( -19.70302962540589675, 7.914518698658000062, 3.545000000010997798 ) ) ;
#3483 = MECHANICAL_DESIGN_GEOMETRIC_PRESENTATION_REPRESENTATION (  '', ( #5185 ), #8865 ) ;
#3484 = DIRECTION ( 'NONE',  ( 0.000000000000000000, 0.000000000000000000, 1.000000000000000000 ) ) ;
#3485 = SURFACE_STYLE_USAGE ( .BOTH. , #9250 ) ;
#3486 = EDGE_CURVE ( 'NONE', #6401, #9354, #1789, .T. ) ;
#3487 = DIRECTION ( 'NONE',  ( -1.000000000000000000, 0.000000000000000000, 0.000000000000000000 ) ) ;
#3488 = VERTEX_POINT ( 'NONE', #9872 ) ;
#3489 = CARTESIAN_POINT ( 'NONE',  ( -14.90026666726099869, 10.16042790316284972, 5.135000000010998988 ) ) ;
#3490 = VECTOR ( 'NONE', #6504, 1000.000000000000000 ) ;
#3491 = CARTESIAN_POINT ( 'NONE',  ( -19.50302962540589746, 8.714518698658000773, 3.745000000010996644 ) ) ;
#3492 = ORIENTED_EDGE ( 'NONE', *, *, #4130, .F. ) ;
#3493 =( REPRESENTATION_RELATIONSHIP ('NONE','NONE', #5874, #7680 ) REPRESENTATION_RELATIONSHIP_WITH_TRANSFORMATION ( #3713 )SHAPE_REPRESENTATION_RELATIONSHIP( ) );
#3494 = FILL_AREA_STYLE ('',( #6820 ) ) ;
#3495 = FILL_AREA_STYLE_COLOUR ( '', #9983 ) ;
#3496 = CARTESIAN_POINT ( 'NONE',  ( -45.74026666726099677, 11.48013899890130141, 5.145000000010998775 ) ) ;
#3497 = LINE ( 'NONE', #1830, #9531 ) ;
#3498 = VECTOR ( 'NONE', #2954, 1000.000000000000000 ) ;
#3499 = EDGE_CURVE ( 'NONE', #9535, #1443, #6776, .T. ) ;
#3500 = SURFACE_SIDE_STYLE ('',( #7746 ) ) ;
#3501 = SURFACE_SIDE_STYLE ('',( #7797 ) ) ;
#3502 = EDGE_LOOP ( 'NONE', ( #10467, #9182 ) ) ;
#3503 = ORIENTED_EDGE ( 'NONE', *, *, #5148, .F. ) ;
#3504 = EDGE_LOOP ( 'NONE', ( #6848, #4917, #5668, #6546, #5887 ) ) ;
#3505 = PRESENTATION_LAYER_ASSIGNMENT (  '', '', ( #8173 ) ) ;
#3506 = ORIENTED_EDGE ( 'NONE', *, *, #2769, .T. ) ;
#3507 = PRESENTATION_LAYER_ASSIGNMENT (  '', '', ( #4373 ) ) ;
#3508 =( NAMED_UNIT ( * ) PLANE_ANGLE_UNIT ( ) SI_UNIT ( $, .RADIAN. ) );
#3509 = PRESENTATION_STYLE_ASSIGNMENT (( #123 ) ) ;
#3510 = UNCERTAINTY_MEASURE_WITH_UNIT (LENGTH_MEASURE( 1.000000000000000082E-05 ), #734, 'distance_accuracy_value', 'NONE');
#3511 = PRESENTATION_STYLE_ASSIGNMENT (( #7699 ) ) ;
#3512 = UNCERTAINTY_MEASURE_WITH_UNIT (LENGTH_MEASURE( 1.000000000000000082E-05 ), #5885, 'distance_accuracy_value', 'NONE');
#3513 = STYLED_ITEM ( 'NONE', ( #2812 ), #6876 ) ;
#3514 = PRESENTATION_STYLE_ASSIGNMENT (( #1899 ) ) ;
#3515 = AXIS2_PLACEMENT_3D ( 'NONE', #5522, #8998, #9814 ) ;
#3516 =( NAMED_UNIT ( * ) SI_UNIT ( $, .STERADIAN. ) SOLID_ANGLE_UNIT ( ) );
#3517 = VERTEX_POINT ( 'NONE', #8171 ) ;
#3518 = DIRECTION ( 'NONE',  ( 0.000000000000000000, 1.000000000000000000, -2.220446049250309876E-16 ) ) ;
#3519 = VERTEX_POINT ( 'NONE', #1682 ) ;
#3520 = DIRECTION ( 'NONE',  ( -1.000000000000000000, 0.000000000000000000, 0.000000000000000000 ) ) ;
#3521 = AXIS2_PLACEMENT_3D ( 'NONE', #2429, #9928, #1471 ) ;
#3522 = AXIS2_PLACEMENT_3D ( 'NONE', #3491, #9850, #2677 ) ;
#3523 = CYLINDRICAL_SURFACE ( 'NONE', #5252, 0.1999999999999987899 ) ;
#3524 = SURFACE_STYLE_USAGE ( .BOTH. , #8447 ) ;
#3525 = LINE ( 'NONE', #5311, #10316 ) ;
#3526 = SURFACE_SIDE_STYLE ('',( #3470 ) ) ;
#3527 = DIRECTION ( 'NONE',  ( 0.000000000000000000, 0.000000000000000000, 1.000000000000000000 ) ) ;
#3528 =( GEOMETRIC_REPRESENTATION_CONTEXT ( 3 ) GLOBAL_UNCERTAINTY_ASSIGNED_CONTEXT ( ( #7129 ) ) GLOBAL_UNIT_ASSIGNED_CONTEXT ( ( #3836, #7212, #9750 ) ) REPRESENTATION_CONTEXT ( 'NONE', 'WORKASPACE' ) );
#3529 = FACE_OUTER_BOUND ( 'NONE', #10823, .T. ) ;
#3530 = VECTOR ( 'NONE', #10324, 1000.000000000000000 ) ;
#3531 =( GEOMETRIC_REPRESENTATION_CONTEXT ( 3 ) GLOBAL_UNCERTAINTY_ASSIGNED_CONTEXT ( ( #8532 ) ) GLOBAL_UNIT_ASSIGNED_CONTEXT ( ( #4492, #462, #7169 ) ) REPRESENTATION_CONTEXT ( 'NONE', 'WORKASPACE' ) );
#3532 = ORIENTED_EDGE ( 'NONE', *, *, #1910, .F. ) ;
#3533 = SURFACE_SIDE_STYLE ('',( #8354 ) ) ;
#3534 = MECHANICAL_DESIGN_GEOMETRIC_PRESENTATION_REPRESENTATION (  '', ( #5952 ), #9609 ) ;
#3535 = SURFACE_STYLE_USAGE ( .BOTH. , #5975 ) ;
#3536 = STYLED_ITEM ( 'NONE', ( #9359 ), #7621 ) ;
#3537 = SURFACE_SIDE_STYLE ('',( #8748 ) ) ;
#3538 = EDGE_CURVE ( 'NONE', #4428, #672, #2479, .T. ) ;
#3539 = CARTESIAN_POINT ( 'NONE',  ( -21.74029191166209785, 0.4731217296590397581, 2.345000000010998065 ) ) ;
#3540 = EDGE_CURVE ( 'NONE', #5179, #2604, #2639, .T. ) ;
#3541 = DIRECTION ( 'NONE',  ( 1.000000000000000000, 0.000000000000000000, 0.000000000000000000 ) ) ;
#3542 = ORIENTED_EDGE ( 'NONE', *, *, #168, .T. ) ;
#3543 = SURFACE_STYLE_FILL_AREA ( #987 ) ;
#3544 = DIRECTION ( 'NONE',  ( 0.000000000000000000, -1.000000000000000000, 0.000000000000000000 ) ) ;
#3545 =( GEOMETRIC_REPRESENTATION_CONTEXT ( 3 ) GLOBAL_UNCERTAINTY_ASSIGNED_CONTEXT ( ( #34 ) ) GLOBAL_UNIT_ASSIGNED_CONTEXT ( ( #2062, #5557, #10401 ) ) REPRESENTATION_CONTEXT ( 'NONE', 'WORKASPACE' ) );
#3546 = ORIENTED_EDGE ( 'NONE', *, *, #2115, .F. ) ;
#3547 = MECHANICAL_DESIGN_GEOMETRIC_PRESENTATION_REPRESENTATION (  '', ( #2149 ), #5280 ) ;
#3548 = FILL_AREA_STYLE_COLOUR ( '', #1376 ) ;
#3549 = CARTESIAN_POINT ( 'NONE',  ( -41.94026666726099961, 2.394518698657940536, 3.745000000010996644 ) ) ;
#3550 = VERTEX_POINT ( 'NONE', #8335 ) ;
#3551 = EDGE_CURVE ( 'NONE', #262, #6092, #8228, .T. ) ;
#3552 = VECTOR ( 'NONE', #2542, 1000.000000000000000 ) ;
#3553 = COLOUR_RGB ( '',1.000000000000000000, 0.7568627450980391913, 0.5647058823529411686 ) ;
#3554 = LINE ( 'NONE', #6877, #1018 ) ;
#3555 = DIRECTION ( 'NONE',  ( 0.000000000000000000, -2.220446049250309876E-16, -1.000000000000000000 ) ) ;
#3556 = STYLED_ITEM ( 'NONE', ( #10586 ), #8791 ) ;
#3557 = DIRECTION ( 'NONE',  ( 0.000000000000000000, 2.220446049250309876E-16, 1.000000000000000000 ) ) ;
#3558 = EDGE_LOOP ( 'NONE', ( #8408, #966, #3157, #9170 ) ) ;
#3559 =( GEOMETRIC_REPRESENTATION_CONTEXT ( 3 ) GLOBAL_UNCERTAINTY_ASSIGNED_CONTEXT ( ( #4165 ) ) GLOBAL_UNIT_ASSIGNED_CONTEXT ( ( #10133, #1012, #10234 ) ) REPRESENTATION_CONTEXT ( 'NONE', 'WORKASPACE' ) );
#3560 = EDGE_LOOP ( 'NONE', ( #290, #9704, #560, #4599 ) ) ;
#3561 = ORIENTED_EDGE ( 'NONE', *, *, #31, .F. ) ;
#3562 = VERTEX_POINT ( 'NONE', #9121 ) ;
#3563 = EDGE_CURVE ( 'NONE', #1124, #1973, #6697, .T. ) ;
#3564 = CARTESIAN_POINT ( 'NONE',  ( -46.24026666726099677, 25.13451869865800248, 5.135000000010998100 ) ) ;
#3565 =( NAMED_UNIT ( * ) SI_UNIT ( $, .STERADIAN. ) SOLID_ANGLE_UNIT ( ) );
#3566 = AXIS2_PLACEMENT_3D ( 'NONE', #784, #4910, #1555 ) ;
#3567 = FILL_AREA_STYLE ('',( #960 ) ) ;
#3568 =( NAMED_UNIT ( * ) SI_UNIT ( $, .STERADIAN. ) SOLID_ANGLE_UNIT ( ) );
#3569 = FACE_BOUND ( 'NONE', #3417, .T. ) ;
#3570 =( NAMED_UNIT ( * ) PLANE_ANGLE_UNIT ( ) SI_UNIT ( $, .RADIAN. ) );
#3571 = CARTESIAN_POINT ( 'NONE',  ( -45.84026666726099819, 19.48451869865800035, 3.545000000010997798 ) ) ;
#3572 = DIRECTION ( 'NONE',  ( 0.000000000000000000, 1.000000000000000000, -4.336808689942017736E-16 ) ) ;
#3573 = ORIENTED_EDGE ( 'NONE', *, *, #3344, .T. ) ;
#3574 = CARTESIAN_POINT ( 'NONE',  ( -38.80302962540589817, 20.81451869865799864, 1.285000000010999566 ) ) ;
#3575 = UNCERTAINTY_MEASURE_WITH_UNIT (LENGTH_MEASURE( 1.000000000000000082E-05 ), #7337, 'distance_accuracy_value', 'NONE');
#3576 = MECHANICAL_DESIGN_GEOMETRIC_PRESENTATION_REPRESENTATION (  '', ( #3928 ), #7747 ) ;
#3577 = EDGE_LOOP ( 'NONE', ( #48, #7741, #9417, #10393 ) ) ;
#3578 = SURFACE_STYLE_USAGE ( .BOTH. , #4324 ) ;
#3579 = EDGE_CURVE ( 'NONE', #8117, #4804, #5895, .T. ) ;
#3580 = SURFACE_STYLE_FILL_AREA ( #6902 ) ;
#3581 = CARTESIAN_POINT ( 'NONE',  ( 1.594999999999999973, 5.299999999999999822, 1.275000000000000133 ) ) ;
#3582 = FACE_OUTER_BOUND ( 'NONE', #7223, .T. ) ;
#3583 = AXIS2_PLACEMENT_3D ( 'NONE', #10268, #1992, #94 ) ;
#3584 = MECHANICAL_DESIGN_GEOMETRIC_PRESENTATION_REPRESENTATION (  '', ( #2192 ), #10000 ) ;
#3585 =( NAMED_UNIT ( * ) SI_UNIT ( $, .STERADIAN. ) SOLID_ANGLE_UNIT ( ) );
#3586 =( NAMED_UNIT ( * ) SI_UNIT ( $, .STERADIAN. ) SOLID_ANGLE_UNIT ( ) );
#3587 = ORIENTED_EDGE ( 'NONE', *, *, #7416, .T. ) ;
#3588 = FILL_AREA_STYLE_COLOUR ( '', #3165 ) ;
#3589 = EDGE_CURVE ( 'NONE', #449, #5748, #1634, .T. ) ;
#3590 = PLANE ( 'NONE',  #1375 ) ;
#3591 = CARTESIAN_POINT ( 'NONE',  ( -22.88026666726100089, 16.29451869865799551, 5.135000000010998988 ) ) ;
#3592 = CYLINDRICAL_SURFACE ( 'NONE', #213, 0.2500000000000002220 ) ;
#3593 = SURFACE_STYLE_FILL_AREA ( #6915 ) ;
#3594 = ORIENTED_EDGE ( 'NONE', *, *, #3291, .F. ) ;
#3595 = SURFACE_STYLE_FILL_AREA ( #936 ) ;
#3596 =( LENGTH_UNIT ( ) NAMED_UNIT ( * ) SI_UNIT ( .MILLI., .METRE. ) );
#3597 = FILL_AREA_STYLE_COLOUR ( '', #5718 ) ;
#3598 = ORIENTED_EDGE ( 'NONE', *, *, #9615, .T. ) ;
#3599 =( NAMED_UNIT ( * ) SI_UNIT ( $, .STERADIAN. ) SOLID_ANGLE_UNIT ( ) );
#3600 = CARTESIAN_POINT ( 'NONE',  ( 0.000000000000000000, 3.000000000000000000, 0.000000000000000000 ) ) ;
#3601 = ORIENTED_EDGE ( 'NONE', *, *, #1036, .F. ) ;
#3602 = COLOUR_RGB ( '',1.000000000000000000, 0.9568627450980391469, 0.8862745098039215286 ) ;
#3603 =( NAMED_UNIT ( * ) PLANE_ANGLE_UNIT ( ) SI_UNIT ( $, .RADIAN. ) );
#3604 = DIRECTION ( 'NONE',  ( 0.000000000000000000, -2.220446049250309876E-16, -1.000000000000000000 ) ) ;
#3605 = DIRECTION ( 'NONE',  ( 0.000000000000000000, -1.000000000000000000, 2.220446049250309876E-16 ) ) ;
#3606 = CIRCLE ( 'NONE', #6745, 0.1999999999999987899 ) ;
#3607 = SURFACE_STYLE_USAGE ( .BOTH. , #1886 ) ;
#3608 = VERTEX_POINT ( 'NONE', #4105 ) ;
#3609 = EDGE_CURVE ( 'NONE', #2490, #7885, #4607, .T. ) ;
#3610 = AXIS2_PLACEMENT_3D ( 'NONE', #10173, #118, #5888 ) ;
#3611 =( NAMED_UNIT ( * ) SI_UNIT ( $, .STERADIAN. ) SOLID_ANGLE_UNIT ( ) );
#3612 = ORIENTED_EDGE ( 'NONE', *, *, #5641, .T. ) ;
#3613 = ADVANCED_FACE ( 'NONE', ( #858 ), #5035, .F. ) ;
#3614 = EDGE_CURVE ( 'NONE', #10423, #9050, #5821, .T. ) ;
#3615 = ORIENTED_EDGE ( 'NONE', *, *, #6037, .T. ) ;
#3616 = STYLED_ITEM ( 'NONE', ( #6468 ), #6227 ) ;
#3617 = ORIENTED_EDGE ( 'NONE', *, *, #9585, .F. ) ;
#3618 = CARTESIAN_POINT ( 'NONE',  ( 0.6500000000000000222, 11.05000000000000071, 0.6500000000000000222 ) ) ;
#3619 = UNCERTAINTY_MEASURE_WITH_UNIT (LENGTH_MEASURE( 1.000000000000000082E-05 ), #3273, 'distance_accuracy_value', 'NONE');
#3620 = CIRCLE ( 'NONE', #1843, 0.8500000000000000888 ) ;
#3621 = LINE ( 'NONE', #6941, #9379 ) ;
#3622 = FACE_OUTER_BOUND ( 'NONE', #851, .T. ) ;
#3623 = PLANE ( 'NONE',  #5057 ) ;
#3624 = MECHANICAL_DESIGN_GEOMETRIC_PRESENTATION_REPRESENTATION (  '', ( #8292 ), #251 ) ;
#3625 = ADVANCED_FACE ( 'NONE', ( #3622 ), #1184, .F. ) ;
#3626 = DIRECTION ( 'NONE',  ( 0.000000000000000000, -1.000000000000000000, 4.336808689942017736E-16 ) ) ;
#3627 = SURFACE_STYLE_FILL_AREA ( #1901 ) ;
#3628 = VERTEX_POINT ( 'NONE', #9436 ) ;
#3629 = DIRECTION ( 'NONE',  ( 0.000000000000000000, 2.220446049250309876E-16, 1.000000000000000000 ) ) ;
#3630 = ORIENTED_EDGE ( 'NONE', *, *, #946, .F. ) ;
#3631 = FACE_BOUND ( 'NONE', #5306, .T. ) ;
#3632 = CARTESIAN_POINT ( 'NONE',  ( -27.20302962540589675, 5.314518698658000417, 1.085000000011000720 ) ) ;
#3633 =( NAMED_UNIT ( * ) PLANE_ANGLE_UNIT ( ) SI_UNIT ( $, .RADIAN. ) );
#3634 = FACE_OUTER_BOUND ( 'NONE', #10005, .T. ) ;
#3635 = CARTESIAN_POINT ( 'NONE',  ( -14.90026666726099869, 8.160427903162851493, 5.135000000010998988 ) ) ;
#3636 = AXIS2_PLACEMENT_3D ( 'NONE', #4605, #5572, #4752 ) ;
#3637 = LINE ( 'NONE', #6959, #483 ) ;
#3638 = SURFACE_STYLE_USAGE ( .BOTH. , #2878 ) ;
#3639 = DIRECTION ( 'NONE',  ( -1.668003342285389825E-16, 0.000000000000000000, -1.000000000000000000 ) ) ;
#3640 = CARTESIAN_POINT ( 'NONE',  ( -41.74026666726099677, 0.7945186986579400035, 3.545000000010997798 ) ) ;
#3641 = EDGE_CURVE ( 'NONE', #8100, #3347, #1265, .T. ) ;
#3642 =( NAMED_UNIT ( * ) SI_UNIT ( $, .STERADIAN. ) SOLID_ANGLE_UNIT ( ) );
#3643 = CARTESIAN_POINT ( 'NONE',  ( -0.9449999999999999512, 3.000000000000000000, 1.275000000000000133 ) ) ;
#3644 = ORIENTED_EDGE ( 'NONE', *, *, #3641, .T. ) ;
#3645 = CARTESIAN_POINT ( 'NONE',  ( -38.80302962540589817, 20.61451869865799935, 1.085000000011000720 ) ) ;
#3646 = MECHANICAL_DESIGN_GEOMETRIC_PRESENTATION_REPRESENTATION (  '', ( #10760 ), #6254 ) ;
#3647 = VECTOR ( 'NONE', #1333, 1000.000000000000000 ) ;
#3648 =( LENGTH_UNIT ( ) NAMED_UNIT ( * ) SI_UNIT ( .MILLI., .METRE. ) );
#3649 = LINE ( 'NONE', #6969, #5175 ) ;
#3650 =( NAMED_UNIT ( * ) SI_UNIT ( $, .STERADIAN. ) SOLID_ANGLE_UNIT ( ) );
#3651 = STYLED_ITEM ( 'NONE', ( #5107 ), #2840 ) ;
#3652 = ORIENTED_EDGE ( 'NONE', *, *, #2425, .T. ) ;
#3653 = FILL_AREA_STYLE ('',( #10049 ) ) ;
#3654 = AXIS2_PLACEMENT_3D ( 'NONE', #10047, #5921, #3921 ) ;
#3655 = LINE ( 'NONE', #2053, #4734 ) ;
#3656 = FACE_OUTER_BOUND ( 'NONE', #1085, .T. ) ;
#3657 = EDGE_LOOP ( 'NONE', ( #3727, #739, #6759, #7723 ) ) ;
#3658 = SHAPE_DEFINITION_REPRESENTATION ( #10128, #7680 ) ;
#3659 = VERTEX_POINT ( 'NONE', #6116 ) ;
#3660 = AXIS2_PLACEMENT_3D ( 'NONE', #1319, #9015, #3862 ) ;
#3661 = AXIS2_PLACEMENT_3D ( 'NONE', #4334, #8507, #5103 ) ;
#3662 = PRESENTATION_STYLE_ASSIGNMENT (( #7092 ) ) ;
#3663 = UNCERTAINTY_MEASURE_WITH_UNIT (LENGTH_MEASURE( 1.000000000000000082E-05 ), #3596, 'distance_accuracy_value', 'NONE');
#3664 = FILL_AREA_STYLE_COLOUR ( '', #1277 ) ;
#3665 =( NAMED_UNIT ( * ) PLANE_ANGLE_UNIT ( ) SI_UNIT ( $, .RADIAN. ) );
#3666 =( GEOMETRIC_REPRESENTATION_CONTEXT ( 3 ) GLOBAL_UNCERTAINTY_ASSIGNED_CONTEXT ( ( #391 ) ) GLOBAL_UNIT_ASSIGNED_CONTEXT ( ( #1848, #3570, #127 ) ) REPRESENTATION_CONTEXT ( 'NONE', 'WORKASPACE' ) );
#3667 = ORIENTED_EDGE ( 'NONE', *, *, #4355, .F. ) ;
#3668 = STYLED_ITEM ( 'NONE', ( #4945 ), #9599 ) ;
#3669 = STYLED_ITEM ( 'NONE', ( #6932 ), #2364 ) ;
#3670 = FILL_AREA_STYLE ('',( #4477 ) ) ;
#3671 = VERTEX_POINT ( 'NONE', #7809 ) ;
#3672 = ORIENTED_EDGE ( 'NONE', *, *, #3889, .F. ) ;
#3673 = ORIENTED_EDGE ( 'NONE', *, *, #1103, .T. ) ;
#3674 = FILL_AREA_STYLE ('',( #2743 ) ) ;
#3675 = DIRECTION ( 'NONE',  ( 0.000000000000000000, -2.220446049250309876E-16, -1.000000000000000000 ) ) ;
#3676 = EDGE_CURVE ( 'NONE', #6634, #5999, #4539, .T. ) ;
#3677 = ADVANCED_FACE ( 'NONE', ( #5135 ), #186, .T. ) ;
#3678 = SURFACE_STYLE_USAGE ( .BOTH. , #10183 ) ;
#3679 = CARTESIAN_POINT ( 'NONE',  ( -46.24026666726099677, 23.13451869865799893, 3.955000000010998384 ) ) ;
#3680 = CARTESIAN_POINT ( 'NONE',  ( -15.74029191166209962, 2.755277039305740416, 3.945000000010995045 ) ) ;
#3681 = DIRECTION ( 'NONE',  ( 1.000000000000000000, 0.000000000000000000, 0.000000000000000000 ) ) ;
#3682 = ORIENTED_EDGE ( 'NONE', *, *, #3147, .T. ) ;
#3683 = MECHANICAL_DESIGN_GEOMETRIC_PRESENTATION_REPRESENTATION (  '', ( #8166 ), #2454 ) ;
#3684 = PRESENTATION_STYLE_ASSIGNMENT (( #4611 ) ) ;
#3685 = VERTEX_POINT ( 'NONE', #3178 ) ;
#3686 = CARTESIAN_POINT ( 'NONE',  ( 0.000000000000000000, 0.2000000000000000111, 0.1000000000000000056 ) ) ;
#3687 = EDGE_CURVE ( 'NONE', #279, #56, #1343, .T. ) ;
#3688 = AXIS2_PLACEMENT_3D ( 'NONE', #2935, #10331, #4673 ) ;
#3689 = CARTESIAN_POINT ( 'NONE',  ( -27.00302962540589746, 20.61451869865799935, 3.945000000010995045 ) ) ;
#3690 = STYLED_ITEM ( 'NONE', ( #1430 ), #10483 ) ;
#3691 = FILL_AREA_STYLE ('',( #10145 ) ) ;
#3692 = PRESENTATION_STYLE_ASSIGNMENT (( #5729 ) ) ;
#3693 = CARTESIAN_POINT ( 'NONE',  ( -15.74029191166209962, 23.09527703930579889, 5.135000000010998988 ) ) ;
#3694 = PRESENTATION_STYLE_ASSIGNMENT (( #2763 ) ) ;
#3695 = AXIS2_PLACEMENT_3D ( 'NONE', #9301, #39, #7598 ) ;
#3696 = ORIENTED_EDGE ( 'NONE', *, *, #4646, .F. ) ;
#3697 = CARTESIAN_POINT ( 'NONE',  ( 0.1666666666666664909, 11.46666666666665968, 0.4833333333333340032 ) ) ;
#3698 = AXIS2_PLACEMENT_3D ( 'NONE', #3419, #10247, #3520 ) ;
#3699 = CARTESIAN_POINT ( 'NONE',  ( -14.90026666726099869, 9.160427903162849717, 3.955000000010998384 ) ) ;
#3700 = STYLED_ITEM ( 'NONE', ( #1298 ), #9094 ) ;
#3701 = FACE_OUTER_BOUND ( 'NONE', #3785, .T. ) ;
#3702 =( GEOMETRIC_REPRESENTATION_CONTEXT ( 3 ) GLOBAL_UNCERTAINTY_ASSIGNED_CONTEXT ( ( #7371 ) ) GLOBAL_UNIT_ASSIGNED_CONTEXT ( ( #4005, #4061, #10807 ) ) REPRESENTATION_CONTEXT ( 'NONE', 'WORKASPACE' ) );
#3703 =( NAMED_UNIT ( * ) PLANE_ANGLE_UNIT ( ) SI_UNIT ( $, .RADIAN. ) );
#3704 = DIRECTION ( 'NONE',  ( 0.000000000000000000, -2.220446049250309876E-16, -1.000000000000000000 ) ) ;
#3706 = EDGE_LOOP ( 'NONE', ( #2751, #7536, #9360, #5232 ) ) ;
#3705 = CARTESIAN_POINT ( 'NONE',  ( -39.00302962540590102, 5.314518698658000417, 3.945000000010995045 ) ) ;
#3707 = CARTESIAN_POINT ( 'NONE',  ( -41.78771170588249362, 15.83451869865799821, 3.545000000010997798 ) ) ;
#3708 = DIRECTION ( 'NONE',  ( 0.000000000000000000, -1.000000000000000000, 0.000000000000000000 ) ) ;
#3709 = CARTESIAN_POINT ( 'NONE',  ( -21.60302962540589888, 11.01451869865799971, 3.945000000010995045 ) ) ;
#3710 = VECTOR ( 'NONE', #3555, 1000.000000000000000 ) ;
#3711 = PRESENTATION_LAYER_ASSIGNMENT (  '', '', ( #1051 ) ) ;
#3712 = ORIENTED_EDGE ( 'NONE', *, *, #3208, .T. ) ;
#3713 = ITEM_DEFINED_TRANSFORMATION ( 'NONE', 'NONE', #8001,  #1039 ) ;
#3714 = CARTESIAN_POINT ( 'NONE',  ( -41.53771170588249362, 18.83451869865799821, 3.145000000011000107 ) ) ;
#3715 = MECHANICAL_DESIGN_GEOMETRIC_PRESENTATION_REPRESENTATION (  '', ( #6315 ), #4572 ) ;
#3716 = UNCERTAINTY_MEASURE_WITH_UNIT (LENGTH_MEASURE( 1.000000000000000082E-05 ), #801, 'distance_accuracy_value', 'NONE');
#3717 = STYLED_ITEM ( 'NONE', ( #5116 ), #7531 ) ;
#3718 = EDGE_LOOP ( 'NONE', ( #10426, #226, #6055, #6054 ) ) ;
#3719 = EDGE_CURVE ( 'NONE', #4980, #5498, #5465, .T. ) ;
#3720 = FILL_AREA_STYLE ('',( #8653 ) ) ;
#3721 = CARTESIAN_POINT ( 'NONE',  ( -14.90026666726099869, 16.78042790316279920, 3.955000000010998384 ) ) ;
#3722 = AXIS2_PLACEMENT_3D ( 'NONE', #4196, #3983, #5720 ) ;
#3723 = DIRECTION ( 'NONE',  ( 0.000000000000000000, 1.000000000000000000, 0.000000000000000000 ) ) ;
#3724 = DIRECTION ( 'NONE',  ( 0.000000000000000000, -2.220446049250309876E-16, -1.000000000000000000 ) ) ;
#3725 = PRESENTATION_LAYER_ASSIGNMENT (  '', '', ( #4923 ) ) ;
#3726 = PRESENTATION_STYLE_ASSIGNMENT (( #4532 ) ) ;
#3727 = ORIENTED_EDGE ( 'NONE', *, *, #1267, .T. ) ;
#3728 = ORIENTED_EDGE ( 'NONE', *, *, #709, .F. ) ;
#3729 =( GEOMETRIC_REPRESENTATION_CONTEXT ( 3 ) GLOBAL_UNCERTAINTY_ASSIGNED_CONTEXT ( ( #4990 ) ) GLOBAL_UNIT_ASSIGNED_CONTEXT ( ( #5663, #6590, #3270 ) ) REPRESENTATION_CONTEXT ( 'NONE', 'WORKASPACE' ) );
#3730 = EDGE_LOOP ( 'NONE', ( #2318, #400, #10340, #4883 ) ) ;
#3731 = EDGE_CURVE ( 'NONE', #1230, #7005, #1096, .T. ) ;
#3732 = MECHANICAL_DESIGN_GEOMETRIC_PRESENTATION_REPRESENTATION (  '', ( #3187 ), #4932 ) ;
#3733 = PRODUCT_DEFINITION_SHAPE ( 'NONE', 'NONE',  #10830 ) ;
#3734 = CARTESIAN_POINT ( 'NONE',  ( -47.14026666726099535, 17.28451869865799750, 3.545000000010997798 ) ) ;
#3735 = CARTESIAN_POINT ( 'NONE',  ( -45.84026666726099819, 18.38451869865799893, 2.745000000010995755 ) ) ;
#3736 = DIRECTION ( 'NONE',  ( -1.000000000000000000, 0.000000000000000000, 0.000000000000000000 ) ) ;
#3737 = UNCERTAINTY_MEASURE_WITH_UNIT (LENGTH_MEASURE( 1.000000000000000082E-05 ), #3648, 'distance_accuracy_value', 'NONE');
#3738 = VECTOR ( 'NONE', #569, 1000.000000000000000 ) ;
#3739 = AXIS2_PLACEMENT_3D ( 'NONE', #3721, #2950, #9479 ) ;
#3740 = CARTESIAN_POINT ( 'NONE',  ( -39.94026666726099961, 3.194518698657949685, 3.545000000010997798 ) ) ;
#3741 = DIRECTION ( 'NONE',  ( 0.000000000000000000, 1.000000000000000000, 0.000000000000000000 ) ) ;
#3742 = ORIENTED_EDGE ( 'NONE', *, *, #9389, .T. ) ;
#3743 = LINE ( 'NONE', #2027, #2843 ) ;
#3744 = ORIENTED_EDGE ( 'NONE', *, *, #4190, .F. ) ;
#3745 = PRESENTATION_STYLE_ASSIGNMENT (( #1302 ) ) ;
#3746 = EDGE_CURVE ( 'NONE', #1922, #2774, #7161, .T. ) ;
#3747 = LINE ( 'NONE', #9500, #2992 ) ;
#3748 = FACE_OUTER_BOUND ( 'NONE', #7024, .T. ) ;
#3749 = DIRECTION ( 'NONE',  ( 0.000000000000000000, 1.000000000000000000, 0.000000000000000000 ) ) ;
#3750 = DIRECTION ( 'NONE',  ( 1.000000000000000000, 0.000000000000000000, 0.000000000000000000 ) ) ;
#3751 = DIRECTION ( 'NONE',  ( 0.000000000000000000, -1.000000000000000000, 2.220446049250309876E-16 ) ) ;
#3752 = CARTESIAN_POINT ( 'NONE',  ( -19.50302962540589746, 8.714518698658000773, 3.945000000010995045 ) ) ;
#3754 = FILL_AREA_STYLE ('',( #5483 ) ) ;
#3753 = SURFACE_STYLE_FILL_AREA ( #7872 ) ;
#3755 = DIRECTION ( 'NONE',  ( 0.000000000000000000, -2.220446049250309876E-16, -1.000000000000000000 ) ) ;
#3756 = SURFACE_SIDE_STYLE ('',( #8684 ) ) ;
#3757 = EDGE_LOOP ( 'NONE', ( #8921, #5715, #4041, #4601 ) ) ;
#3758 = EDGE_CURVE ( 'NONE', #2231, #6750, #4253, .T. ) ;
#3759 = UNCERTAINTY_MEASURE_WITH_UNIT (LENGTH_MEASURE( 1.000000000000000082E-05 ), #1911, 'distance_accuracy_value', 'NONE');
#3760 = FILL_AREA_STYLE_COLOUR ( '', #1316 ) ;
#3761 = AXIS2_PLACEMENT_3D ( 'NONE', #6385, #3824, #9638 ) ;
#3762 = DIRECTION ( 'NONE',  ( 1.000000000000000000, -1.104919411450199855E-16, 2.453413941894579874E-32 ) ) ;
#3763 = EDGE_LOOP ( 'NONE', ( #1000, #5520 ) ) ;
#3764 = CARTESIAN_POINT ( 'NONE',  ( -0.9449999999999999512, 5.299999999999999822, -0.6250000000000000000 ) ) ;
#3765 = ADVANCED_FACE ( 'NONE', ( #8106 ), #3024, .F. ) ;
#3766 = ORIENTED_EDGE ( 'NONE', *, *, #10018, .F. ) ;
#3767 = CARTESIAN_POINT ( 'NONE',  ( -38.80302962540589817, 5.314518698658000417, 1.285000000010999566 ) ) ;
#3768 = UNCERTAINTY_MEASURE_WITH_UNIT (LENGTH_MEASURE( 1.000000000000000082E-05 ), #3817, 'distance_accuracy_value', 'NONE');
#3769 =( NAMED_UNIT ( * ) SI_UNIT ( $, .STERADIAN. ) SOLID_ANGLE_UNIT ( ) );
#3770 = CLOSED_SHELL ( 'NONE', ( #7039, #2840, #5726, #697, #8588, #9866, #2813, #1845, #5125, #9526, #7858, #9670, #5468, #7208, #4341, #8868, #9364, #4802, #8222, #8598, #4862, #2652, #257, #7355, #9205, #623, #6876, #7941, #6419, #8846, #7014, #5047, #5828, #6741, #1447, #6548, #8623, #1240, #10332, #8609, #1756, #8395, #6227, #3625, #5669, #5339, #5138, #6621, #6540, #7531, #6279, #495, #10249, #3943, #9195, #4516, #5021, #9590, #10512, #9457, #978, #1446, #8931, #5011, #10343, #2509, #10312, #273, #10804, #6168, #3810, #10403, #7700, #2733, #3835, #2546, #8941, #9058, #4544, #6822, #6291, #7076, #3076, #7621, #4698, #8367, #6576, #7815, #9257, #8993, #4639, #2827, #2104, #8147, #4530, #9583, #6834, #10457, #8169, #6371, #470, #4409, #10175, #3478, #3765, #8660, #696, #5277, #9974, #5173, #5690, #1925, #41, #9292, #5552, #3677, #906, #2815, #1175, #8271, #4614, #10125, #4326, #4412, #101, #2311, #6610, #2452, #7730, #457, #6934, #1617, #6948, #6009, #7109, #4019, #4385, #6346, #10095, #1605, #2181, #2233, #218, #6270, #9266, #2787, #9910, #5614, #7802, #8707, #5563, #8883, #8123, #6597, #971, #9207, #759, #3016, #2297, #1063, #4760, #1704, #2286, #6465, #4952, #7401, #8870, #7565, #3075, #5032, #9153, #2614, #3020, #5880, #1254, #1881, #8386, #10394, #4905, #1370, #8244, #3281, #5539, #9977, #8384, #10483, #10627, #5194, #4043, #9661, #6178, #2916, #3479, #1482, #8785, #1655, #6740, #9338, #427, #9599, #7921, #3613, #8791, #6968, #6715, #8984, #2016, #6144, #4153, #78, #3941, #9469, #6079, #9664, #9032 ) ) ;
#3771 = CARTESIAN_POINT ( 'NONE',  ( -14.90026666726099869, 16.78042790316279920, 3.945000000010995045 ) ) ;
#3772 = FACE_OUTER_BOUND ( 'NONE', #7521, .T. ) ;
#3773 = CARTESIAN_POINT ( 'NONE',  ( 1.110000000000000098, 3.000000000000000000, -1.110000000000000098 ) ) ;
#3774 = EDGE_CURVE ( 'NONE', #6816, #8299, #10417, .T. ) ;
#3775 = ORIENTED_EDGE ( 'NONE', *, *, #4263, .F. ) ;
#3776 = AXIS2_PLACEMENT_3D ( 'NONE', #8285, #3302, #9124 ) ;
#3777 = ORIENTED_EDGE ( 'NONE', *, *, #9215, .T. ) ;
#3778 = ORIENTED_EDGE ( 'NONE', *, *, #3563, .F. ) ;
#3779 = DIRECTION ( 'NONE',  ( 0.000000000000000000, 0.000000000000000000, 1.000000000000000000 ) ) ;
#3780 = CARTESIAN_POINT ( 'NONE',  ( -46.09026666726102661, 18.38451869865790655, 2.545000000011002239 ) ) ;
#3781 = COLOUR_RGB ( '',1.000000000000000000, 0.7568627450980391913, 0.5647058823529411686 ) ;
#3782 =( NAMED_UNIT ( * ) PLANE_ANGLE_UNIT ( ) SI_UNIT ( $, .RADIAN. ) );
#3783 =( LENGTH_UNIT ( ) NAMED_UNIT ( * ) SI_UNIT ( .MILLI., .METRE. ) );
#3784 =( LENGTH_UNIT ( ) NAMED_UNIT ( * ) SI_UNIT ( .MILLI., .METRE. ) );
#3785 = EDGE_LOOP ( 'NONE', ( #3080, #9888, #5938, #1893 ) ) ;
#3786 = MECHANICAL_DESIGN_GEOMETRIC_PRESENTATION_REPRESENTATION (  '', ( #955 ), #4996 ) ;
#3787 = CARTESIAN_POINT ( 'NONE',  ( -15.74029191166209962, 4.355277039305740061, 3.955000000010998384 ) ) ;
#3788 = EDGE_LOOP ( 'NONE', ( #2693, #7058, #2073, #6451 ) ) ;
#3789 = ORIENTED_EDGE ( 'NONE', *, *, #272, .F. ) ;
#3790 = FACE_BOUND ( 'NONE', #1174, .T. ) ;
#3791 = PLANE ( 'NONE',  #10093 ) ;
#3792 = DIRECTION ( 'NONE',  ( 0.000000000000000000, 0.000000000000000000, -1.000000000000000000 ) ) ;
#3793 = CARTESIAN_POINT ( 'NONE',  ( -14.90026666726099869, 17.78042790316279920, 5.135000000010998988 ) ) ;
#3794 = CARTESIAN_POINT ( 'NONE',  ( -13.24026666726099855, 0.1945186986579429955, 3.945000000010995045 ) ) ;
#3795 =( LENGTH_UNIT ( ) NAMED_UNIT ( * ) SI_UNIT ( .MILLI., .METRE. ) );
#3796 = CARTESIAN_POINT ( 'NONE',  ( -45.84026666726099819, 18.63451869865799893, 2.620000000010995311 ) ) ;
#3797 = VECTOR ( 'NONE', #5325, 1000.000000000000000 ) ;
#3798 = FACE_OUTER_BOUND ( 'NONE', #8313, .T. ) ;
#3799 =( LENGTH_UNIT ( ) NAMED_UNIT ( * ) SI_UNIT ( .MILLI., .METRE. ) );
#3800 = ORIENTED_EDGE ( 'NONE', *, *, #9193, .F. ) ;
#3801 = CARTESIAN_POINT ( 'NONE',  ( -45.59026666726101951, 18.38451869865790655, 2.545000000011002239 ) ) ;
#3802 =( NAMED_UNIT ( * ) PLANE_ANGLE_UNIT ( ) SI_UNIT ( $, .RADIAN. ) );
#3803 = SURFACE_STYLE_FILL_AREA ( #431 ) ;
#3804 = VECTOR ( 'NONE', #5406, 1000.000000000000000 ) ;
#3805 = FILL_AREA_STYLE ('',( #542 ) ) ;
#3806 = SURFACE_SIDE_STYLE ('',( #2889 ) ) ;
#3807 = FILL_AREA_STYLE_COLOUR ( '', #10761 ) ;
#3808 = EDGE_CURVE ( 'NONE', #3305, #7048, #9752, .T. ) ;
#3809 = VERTEX_POINT ( 'NONE', #1451 ) ;
#3810 = ADVANCED_FACE ( 'NONE', ( #2136 ), #8772, .F. ) ;
#3811 = CARTESIAN_POINT ( 'NONE',  ( -16.38026666726099734, 6.294518698657999956, 5.145000000010998775 ) ) ;
#3812 = FILL_AREA_STYLE ('',( #2894 ) ) ;
#3813 = EDGE_CURVE ( 'NONE', #2883, #7606, #14, .T. ) ;
#3814 = ORIENTED_EDGE ( 'NONE', *, *, #4557, .F. ) ;
#3815 = APPLICATION_PROTOCOL_DEFINITION ( 'draft international standard', 'automotive_design', 1998, #1586 ) ;
#3816 = PRODUCT_DEFINITION_SHAPE ( 'NONE', 'NONE',  #9055 ) ;
#3817 =( LENGTH_UNIT ( ) NAMED_UNIT ( * ) SI_UNIT ( .MILLI., .METRE. ) );
#3818 = UNCERTAINTY_MEASURE_WITH_UNIT (LENGTH_MEASURE( 1.000000000000000082E-05 ), #10044, 'distance_accuracy_value', 'NONE');
#3819 = COLOUR_RGB ( '',0.07058823529411764608, 0.07058823529411764608, 0.07058823529411764608 ) ;
#3820 = CARTESIAN_POINT ( 'NONE',  ( -46.24026666726099677, 21.53451869865799750, 3.955000000010998384 ) ) ;
#3821 =( LENGTH_UNIT ( ) NAMED_UNIT ( * ) SI_UNIT ( .MILLI., .METRE. ) );
#3822 = STYLED_ITEM ( 'NONE', ( #874 ), #2016 ) ;
#3823 = EDGE_CURVE ( 'NONE', #5461, #7592, #9856, .T. ) ;
#3824 = DIRECTION ( 'NONE',  ( 0.000000000000000000, 2.220446049250309876E-16, 1.000000000000000000 ) ) ;
#3825 = CARTESIAN_POINT ( 'NONE',  ( -46.24026666726099677, 23.13451869865799893, 5.145000000010998775 ) ) ;
#3826 = DIRECTION ( 'NONE',  ( 0.000000000000000000, 2.220446049250309876E-16, 1.000000000000000000 ) ) ;
#3827 = PLANE ( 'NONE',  #7653 ) ;
#3828 = ORIENTED_EDGE ( 'NONE', *, *, #6935, .T. ) ;
#3829 = PRESENTATION_LAYER_ASSIGNMENT (  '', '', ( #2956 ) ) ;
#3830 = AXIS2_PLACEMENT_3D ( 'NONE', #9832, #10595, #5490 ) ;
#3831 = STYLED_ITEM ( 'NONE', ( #7916 ), #2233 ) ;
#3832 = UNCERTAINTY_MEASURE_WITH_UNIT (LENGTH_MEASURE( 1.000000000000000082E-05 ), #5231, 'distance_accuracy_value', 'NONE');
#3833 = EDGE_LOOP ( 'NONE', ( #5235, #464, #3828, #2428 ) ) ;
#3834 = ORIENTED_EDGE ( 'NONE', *, *, #8056, .T. ) ;
#3835 = ADVANCED_FACE ( 'NONE', ( #1622 ), #2525, .T. ) ;
#3836 =( LENGTH_UNIT ( ) NAMED_UNIT ( * ) SI_UNIT ( .MILLI., .METRE. ) );
#3837 = DIRECTION ( 'NONE',  ( 0.000000000000000000, 2.220446049250309876E-16, 1.000000000000000000 ) ) ;
#3838 = COLOUR_RGB ( '',0.07058823529411764608, 0.07058823529411764608, 0.07058823529411764608 ) ;
#3839 =( GEOMETRIC_REPRESENTATION_CONTEXT ( 3 ) GLOBAL_UNCERTAINTY_ASSIGNED_CONTEXT ( ( #2703 ) ) GLOBAL_UNIT_ASSIGNED_CONTEXT ( ( #5562, #3934, #7305 ) ) REPRESENTATION_CONTEXT ( 'NONE', 'WORKASPACE' ) );
#3840 = SURFACE_SIDE_STYLE ('',( #3940 ) ) ;
#3841 = LINE ( 'NONE', #1348, #4419 ) ;
#3842 = ORIENTED_EDGE ( 'NONE', *, *, #4072, .T. ) ;
#3843 = CARTESIAN_POINT ( 'NONE',  ( -31.67854998418980017, 4.257512981500140015, 2.945000000010994157 ) ) ;
#3844 = ORIENTED_EDGE ( 'NONE', *, *, #5766, .T. ) ;
#3845 = MECHANICAL_DESIGN_GEOMETRIC_PRESENTATION_REPRESENTATION (  '', ( #5396 ), #2617 ) ;
#3846 = ORIENTED_EDGE ( 'NONE', *, *, #5677, .T. ) ;
#3847 =( NAMED_UNIT ( * ) SI_UNIT ( $, .STERADIAN. ) SOLID_ANGLE_UNIT ( ) );
#3848 = VECTOR ( 'NONE', #2687, 1000.000000000000000 ) ;
#3849 =( LENGTH_UNIT ( ) NAMED_UNIT ( * ) SI_UNIT ( .MILLI., .METRE. ) );
#3850 = EDGE_CURVE ( 'NONE', #3900, #4658, #9905, .T. ) ;
#3851 = CARTESIAN_POINT ( 'NONE',  ( -15.74029191166209962, 24.69527703930580032, 3.955000000010998384 ) ) ;
#3852 = FILL_AREA_STYLE_COLOUR ( '', #6747 ) ;
#3853 = PRESENTATION_LAYER_ASSIGNMENT (  '', '', ( #1211 ) ) ;
#3854 = CARTESIAN_POINT ( 'NONE',  ( -15.74029191166209962, 2.755277039305740416, 5.135000000010998988 ) ) ;
#3855 = DIRECTION ( 'NONE',  ( 1.000000000000000000, 0.000000000000000000, 0.000000000000000000 ) ) ;
#3856 = PRESENTATION_LAYER_ASSIGNMENT (  '', '', ( #9917 ) ) ;
#3857 = DIRECTION ( 'NONE',  ( 1.000000000000000000, 0.000000000000000000, 0.000000000000000000 ) ) ;
#3858 = ORIENTED_EDGE ( 'NONE', *, *, #1327, .F. ) ;
#3859 = FACE_BOUND ( 'NONE', #2175, .T. ) ;
#3860 = UNCERTAINTY_MEASURE_WITH_UNIT (LENGTH_MEASURE( 1.000000000000000082E-05 ), #7722, 'distance_accuracy_value', 'NONE');
#3861 =( GEOMETRIC_REPRESENTATION_CONTEXT ( 3 ) GLOBAL_UNCERTAINTY_ASSIGNED_CONTEXT ( ( #10624 ) ) GLOBAL_UNIT_ASSIGNED_CONTEXT ( ( #5649, #969, #1908 ) ) REPRESENTATION_CONTEXT ( 'NONE', 'WORKASPACE' ) );
#3862 = DIRECTION ( 'NONE',  ( 0.000000000000000000, -1.000000000000000000, 0.000000000000000000 ) ) ;
#3863 =( GEOMETRIC_REPRESENTATION_CONTEXT ( 3 ) GLOBAL_UNCERTAINTY_ASSIGNED_CONTEXT ( ( #5775 ) ) GLOBAL_UNIT_ASSIGNED_CONTEXT ( ( #1475, #5757, #4946 ) ) REPRESENTATION_CONTEXT ( 'NONE', 'WORKASPACE' ) );
#3864 =( NAMED_UNIT ( * ) PLANE_ANGLE_UNIT ( ) SI_UNIT ( $, .RADIAN. ) );
#3866 = ORIENTED_EDGE ( 'NONE', *, *, #238, .T. ) ;
#3865 = DIRECTION ( 'NONE',  ( 0.000000000000000000, -1.000000000000000000, 0.000000000000000000 ) ) ;
#3867 = CARTESIAN_POINT ( 'NONE',  ( -14.90026666726099869, 11.22042790316280048, 3.945000000010995045 ) ) ;
#3868 = DIRECTION ( 'NONE',  ( 0.000000000000000000, 2.220446049250309876E-16, 1.000000000000000000 ) ) ;
#3869 = STYLED_ITEM ( 'NONE', ( #2474 ), #7014 ) ;
#3870 = ORIENTED_EDGE ( 'NONE', *, *, #1515, .F. ) ;
#3871 = VECTOR ( 'NONE', #4090, 1000.000000000000000 ) ;
#3872 = ORIENTED_EDGE ( 'NONE', *, *, #4795, .F. ) ;
#3873 =( NAMED_UNIT ( * ) PLANE_ANGLE_UNIT ( ) SI_UNIT ( $, .RADIAN. ) );
#3874 = CARTESIAN_POINT ( 'NONE',  ( -19.50302962540589746, 8.714518698658000773, 3.945000000010995045 ) ) ;
#3875 = COLOUR_RGB ( '',0.07058823529411764608, 0.07058823529411764608, 0.07058823529411764608 ) ;
#3876 = EDGE_CURVE ( 'NONE', #6172, #2417, #6705, .T. ) ;
#3877 = EDGE_CURVE ( 'NONE', #9838, #3809, #6721, .T. ) ;
#3878 = DIRECTION ( 'NONE',  ( -1.000000000000000000, 0.000000000000000000, 0.000000000000000000 ) ) ;
#3879 = DIRECTION ( 'NONE',  ( -1.000000000000000000, 0.000000000000000000, 0.000000000000000000 ) ) ;
#3880 = DIRECTION ( 'NONE',  ( 0.000000000000000000, 2.220446049250309876E-16, 1.000000000000000000 ) ) ;
#3881 = FACE_OUTER_BOUND ( 'NONE', #1833, .T. ) ;
#3882 = DIRECTION ( 'NONE',  ( 1.000000000000000000, 0.000000000000000000, 0.000000000000000000 ) ) ;
#3883 =( GEOMETRIC_REPRESENTATION_CONTEXT ( 3 ) GLOBAL_UNCERTAINTY_ASSIGNED_CONTEXT ( ( #8652 ) ) GLOBAL_UNIT_ASSIGNED_CONTEXT ( ( #9400, #6196, #3642 ) ) REPRESENTATION_CONTEXT ( 'NONE', 'WORKASPACE' ) );
#3884 = VERTEX_POINT ( 'NONE', #63 ) ;
#3885 = AXIS2_PLACEMENT_3D ( 'NONE', #3600, #2001, #9306 ) ;
#3886 = EDGE_CURVE ( 'NONE', #6723, #3275, #9641, .T. ) ;
#3887 = ORIENTED_EDGE ( 'NONE', *, *, #4131, .F. ) ;
#3888 = ORIENTED_EDGE ( 'NONE', *, *, #2951, .T. ) ;
#3889 = EDGE_CURVE ( 'NONE', #7634, #5385, #5672, .T. ) ;
#3890 = CIRCLE ( 'NONE', #9952, 0.1999999999999987899 ) ;
#3891 = FILL_AREA_STYLE_COLOUR ( '', #1138 ) ;
#3892 = VECTOR ( 'NONE', #4002, 1000.000000000000000 ) ;
#3893 = SURFACE_SIDE_STYLE ('',( #509 ) ) ;
#3894 = CIRCLE ( 'NONE', #8565, 0.9999999999999991118 ) ;
#3895 = CARTESIAN_POINT ( 'NONE',  ( -48.84026666726100530, 26.27451869865799949, 5.135000000010998988 ) ) ;
#3896 =( NAMED_UNIT ( * ) SI_UNIT ( $, .STERADIAN. ) SOLID_ANGLE_UNIT ( ) );
#3897 = CIRCLE ( 'NONE', #1255, 2.000000000000000000 ) ;
#3898 = ORIENTED_EDGE ( 'NONE', *, *, #3925, .F. ) ;
#3899 = EDGE_CURVE ( 'NONE', #7764, #504, #6526, .T. ) ;
#3900 = VERTEX_POINT ( 'NONE', #4365 ) ;
#3901 = MECHANICAL_DESIGN_GEOMETRIC_PRESENTATION_REPRESENTATION (  '', ( #9104 ), #2672 ) ;
#3902 = ORIENTED_EDGE ( 'NONE', *, *, #6647, .T. ) ;
#3903 = SURFACE_SIDE_STYLE ('',( #2251 ) ) ;
#3904 = DIRECTION ( 'NONE',  ( -1.000000000000000000, 0.000000000000000000, 0.000000000000000000 ) ) ;
#3905 = STYLED_ITEM ( 'NONE', ( #1117 ), #5669 ) ;
#3906 = DIRECTION ( 'NONE',  ( 0.000000000000000000, 2.220446049250309876E-16, 1.000000000000000000 ) ) ;
#3907 = PRESENTATION_LAYER_ASSIGNMENT (  '', '', ( #4765 ) ) ;
#3908 = FACE_OUTER_BOUND ( 'NONE', #2571, .T. ) ;
#3909 = FILL_AREA_STYLE ('',( #7432 ) ) ;
#3910 = PRESENTATION_STYLE_ASSIGNMENT (( #6413 ) ) ;
#3911 =( LENGTH_UNIT ( ) NAMED_UNIT ( * ) SI_UNIT ( .MILLI., .METRE. ) );
#3912 = DIRECTION ( 'NONE',  ( 0.000000000000000000, 0.000000000000000000, -1.000000000000000000 ) ) ;
#3913 = EDGE_LOOP ( 'NONE', ( #2288, #6388, #4337, #10480 ) ) ;
#3914 = CARTESIAN_POINT ( 'NONE',  ( -45.84026666726099108, 18.88451869865799182, 2.545000000010970709 ) ) ;
#3915 = AXIS2_PLACEMENT_3D ( 'NONE', #8666, #1964, #7640 ) ;
#3916 = CARTESIAN_POINT ( 'NONE',  ( -28.67854998418979662, 3.714518698657950146, 3.745000000010996644 ) ) ;
#3917 = LINE ( 'NONE', #8238, #9686 ) ;
#3918 =( GEOMETRIC_REPRESENTATION_CONTEXT ( 3 ) GLOBAL_UNCERTAINTY_ASSIGNED_CONTEXT ( ( #4975 ) ) GLOBAL_UNIT_ASSIGNED_CONTEXT ( ( #945, #9103, #2524 ) ) REPRESENTATION_CONTEXT ( 'NONE', 'WORKASPACE' ) );
#3919 = SURFACE_STYLE_USAGE ( .BOTH. , #10550 ) ;
#3920 = VECTOR ( 'NONE', #6393, 1000.000000000000000 ) ;
#3921 = DIRECTION ( 'NONE',  ( 0.000000000000000000, 0.000000000000000000, -1.000000000000000000 ) ) ;
#3922 = ORIENTED_EDGE ( 'NONE', *, *, #10109, .T. ) ;
#3923 = FACE_OUTER_BOUND ( 'NONE', #8190, .T. ) ;
#3924 = ORIENTED_EDGE ( 'NONE', *, *, #2426, .T. ) ;
#3925 = EDGE_CURVE ( 'NONE', #9116, #6264, #10169, .T. ) ;
#3926 = ORIENTED_EDGE ( 'NONE', *, *, #4737, .T. ) ;
#3927 = FACE_OUTER_BOUND ( 'NONE', #4517, .T. ) ;
#3928 = STYLED_ITEM ( 'NONE', ( #3930 ), #4043 ) ;
#3929 = CARTESIAN_POINT ( 'NONE',  ( -46.24026666726099677, 23.13451869865799893, 5.135000000010998988 ) ) ;
#3930 = PRESENTATION_STYLE_ASSIGNMENT (( #4789 ) ) ;
#3931 = DIRECTION ( 'NONE',  ( 0.000000000000000000, 2.220446049250309876E-16, 1.000000000000000000 ) ) ;
#3932 = VECTOR ( 'NONE', #6091, 1000.000000000000000 ) ;
#3933 = AXIS2_PLACEMENT_3D ( 'NONE', #9767, #9067, #3364 ) ;
#3934 =( NAMED_UNIT ( * ) PLANE_ANGLE_UNIT ( ) SI_UNIT ( $, .RADIAN. ) );
#3935 = EDGE_LOOP ( 'NONE', ( #824, #1388, #1656, #10219 ) ) ;
#3936 = ORIENTED_EDGE ( 'NONE', *, *, #2265, .F. ) ;
#3937 = VECTOR ( 'NONE', #1149, 1000.000000000000000 ) ;
#3938 =( NAMED_UNIT ( * ) SI_UNIT ( $, .STERADIAN. ) SOLID_ANGLE_UNIT ( ) );
#3939 = CARTESIAN_POINT ( 'NONE',  ( -21.60302962540589888, 16.21451869865800077, 3.745000000010996644 ) ) ;
#3940 = SURFACE_STYLE_FILL_AREA ( #7954 ) ;
#3941 = ADVANCED_FACE ( 'NONE', ( #5341 ), #9365, .F. ) ;
#3942 = STYLED_ITEM ( 'NONE', ( #10367 ), #457 ) ;
#3943 = ADVANCED_FACE ( 'NONE', ( #1061 ), #2625, .F. ) ;
#3944 = SURFACE_STYLE_FILL_AREA ( #8994 ) ;
#3945 = CARTESIAN_POINT ( 'NONE',  ( -14.90026666726099869, 8.160427903162851493, 3.955000000010998384 ) ) ;
#3946 = ORIENTED_EDGE ( 'NONE', *, *, #8306, .T. ) ;
#3947 = DIRECTION ( 'NONE',  ( 0.000000000000000000, 0.000000000000000000, 1.000000000000000000 ) ) ;
#3948 = ORIENTED_EDGE ( 'NONE', *, *, #3256, .T. ) ;
#3949 = VERTEX_POINT ( 'NONE', #997 ) ;
#3950 = LINE ( 'NONE', #3993, #8530 ) ;
#3951 = VECTOR ( 'NONE', #6729, 1000.000000000000000 ) ;
#3952 = CARTESIAN_POINT ( 'NONE',  ( -21.70302962540590030, 9.114518698657999352, 3.945000000010995045 ) ) ;
#3953 = CIRCLE ( 'NONE', #2020, 0.1999999999999987899 ) ;
#3954 =( NAMED_UNIT ( * ) PLANE_ANGLE_UNIT ( ) SI_UNIT ( $, .RADIAN. ) );
#3955 = EDGE_CURVE ( 'NONE', #6288, #10762, #5661, .T. ) ;
#3956 = FILL_AREA_STYLE ('',( #1410 ) ) ;
#3957 = SURFACE_STYLE_USAGE ( .BOTH. , #2372 ) ;
#3958 =( NAMED_UNIT ( * ) PLANE_ANGLE_UNIT ( ) SI_UNIT ( $, .RADIAN. ) );
#3959 = CARTESIAN_POINT ( 'NONE',  ( -22.88026666726100089, 20.29451869865799551, 5.135000000010998988 ) ) ;
#3960 = EDGE_LOOP ( 'NONE', ( #1809, #2737, #9141, #8672 ) ) ;
#3961 = CARTESIAN_POINT ( 'NONE',  ( -19.50302962540589746, 7.914518698658000062, 3.945000000010995045 ) ) ;
#3962 = VECTOR ( 'NONE', #5976, 1000.000000000000000 ) ;
#3963 = FILL_AREA_STYLE ('',( #7441 ) ) ;
#3964 = CARTESIAN_POINT ( 'NONE',  ( -14.90026666726099869, 10.16042790316284972, 3.945000000010995045 ) ) ;
#3965 = SURFACE_STYLE_FILL_AREA ( #10553 ) ;
#3966 = DIRECTION ( 'NONE',  ( 0.000000000000000000, 2.220446049250309876E-16, 1.000000000000000000 ) ) ;
#3967 = DIRECTION ( 'NONE',  ( -1.000000000000000000, 0.000000000000000000, 0.000000000000000000 ) ) ;
#3968 = EDGE_LOOP ( 'NONE', ( #2305, #2858 ) ) ;
#3969 = CARTESIAN_POINT ( 'NONE',  ( -27.20302962540589675, 5.314518698658000417, 1.285000000010999566 ) ) ;
#3970 = CYLINDRICAL_SURFACE ( 'NONE', #3309, 1.600000000000000089 ) ;
#3971 = ORIENTED_EDGE ( 'NONE', *, *, #227, .F. ) ;
#3972 = EDGE_LOOP ( 'NONE', ( #6391, #237, #9326, #7709 ) ) ;
#3973 = CARTESIAN_POINT ( 'NONE',  ( -22.88026666726100089, 20.29451869865799551, 5.145000000010998775 ) ) ;
#3974 = LINE ( 'NONE', #7453, #6145 ) ;
#3975 = EDGE_CURVE ( 'NONE', #8389, #7971, #2685, .T. ) ;
#3976 = CARTESIAN_POINT ( 'NONE',  ( -0.6949999999999999512, 5.299999999999999822, 1.525000000000000133 ) ) ;
#3977 = CIRCLE ( 'NONE', #9206, 0.1999999999999987899 ) ;
#3978 = CARTESIAN_POINT ( 'NONE',  ( -46.24026666726099677, 1.194518698657939471, 3.955000000010998384 ) ) ;
#3979 = EDGE_LOOP ( 'NONE', ( #448, #6334, #4416, #9101 ) ) ;
#3980 = EDGE_LOOP ( 'NONE', ( #7844, #5143, #10260, #2242 ) ) ;
#3981 = AXIS2_PLACEMENT_3D ( 'NONE', #4515, #2837, #939 ) ;
#3982 =( GEOMETRIC_REPRESENTATION_CONTEXT ( 3 ) GLOBAL_UNCERTAINTY_ASSIGNED_CONTEXT ( ( #3575 ) ) GLOBAL_UNIT_ASSIGNED_CONTEXT ( ( #7337, #7445, #641 ) ) REPRESENTATION_CONTEXT ( 'NONE', 'WORKASPACE' ) );
#3983 = DIRECTION ( 'NONE',  ( -0.000000000000000000, 1.000000000000000000, 0.000000000000000000 ) ) ;
#3984 =( LENGTH_UNIT ( ) NAMED_UNIT ( * ) SI_UNIT ( .MILLI., .METRE. ) );
#3985 = CARTESIAN_POINT ( 'NONE',  ( 0.000000000000000000, 0.2000000000000000111, 0.1000000000000000056 ) ) ;
#3986 = AXIS2_PLACEMENT_3D ( 'NONE', #8022, #4767, #9713 ) ;
#3987 =( LENGTH_UNIT ( ) NAMED_UNIT ( * ) SI_UNIT ( .MILLI., .METRE. ) );
#3988 = UNCERTAINTY_MEASURE_WITH_UNIT (LENGTH_MEASURE( 1.000000000000000082E-05 ), #6954, 'distance_accuracy_value', 'NONE');
#3989 = ORIENTED_EDGE ( 'NONE', *, *, #2904, .T. ) ;
#3990 =( NAMED_UNIT ( * ) SI_UNIT ( $, .STERADIAN. ) SOLID_ANGLE_UNIT ( ) );
#3991 = ORIENTED_EDGE ( 'NONE', *, *, #7535, .F. ) ;
#3992 = ORIENTED_EDGE ( 'NONE', *, *, #2679, .T. ) ;
#3993 = CARTESIAN_POINT ( 'NONE',  ( -41.49026666726099677, 0.7945186986579400035, 3.545000000010997798 ) ) ;
#3994 = COLOUR_RGB ( '',0.8274509803921568096, 0.6666666666666666297, 0.1294117647058823373 ) ;
#3995 = EDGE_CURVE ( 'NONE', #279, #2013, #6047, .T. ) ;
#3996 =( GEOMETRIC_REPRESENTATION_CONTEXT ( 3 ) GLOBAL_UNCERTAINTY_ASSIGNED_CONTEXT ( ( #957 ) ) GLOBAL_UNIT_ASSIGNED_CONTEXT ( ( #6193, #7018, #9505 ) ) REPRESENTATION_CONTEXT ( 'NONE', 'WORKASPACE' ) );
#3997 = PRESENTATION_STYLE_ASSIGNMENT (( #8120 ) ) ;
#3998 =( LENGTH_UNIT ( ) NAMED_UNIT ( * ) SI_UNIT ( .MILLI., .METRE. ) );
#3999 = PRESENTATION_LAYER_ASSIGNMENT (  '', '', ( #3822 ) ) ;
#4000 = EDGE_CURVE ( 'NONE', #5926, #2501, #6435, .T. ) ;
#4001 = CARTESIAN_POINT ( 'NONE',  ( -15.74029191166209962, 2.755277039305740416, 3.955000000010998384 ) ) ;
#4002 = DIRECTION ( 'NONE',  ( 0.000000000000000000, 1.000000000000000000, -2.220446049250309876E-16 ) ) ;
#4003 = ORIENTED_EDGE ( 'NONE', *, *, #4468, .T. ) ;
#4004 = VECTOR ( 'NONE', #382, 1000.000000000000000 ) ;
#4005 =( LENGTH_UNIT ( ) NAMED_UNIT ( * ) SI_UNIT ( .MILLI., .METRE. ) );
#4006 = EDGE_CURVE ( 'NONE', #7295, #10762, #7251, .T. ) ;
#4007 =( LENGTH_UNIT ( ) NAMED_UNIT ( * ) SI_UNIT ( .MILLI., .METRE. ) );
#4008 = CARTESIAN_POINT ( 'NONE',  ( -29.47854998418979733, 1.214518698657939710, 3.945000000010995045 ) ) ;
#4009 = AXIS2_PLACEMENT_3D ( 'NONE', #8689, #10154, #5375 ) ;
#4010 = PRESENTATION_STYLE_ASSIGNMENT (( #3102 ) ) ;
#4011 = FACE_OUTER_BOUND ( 'NONE', #9508, .T. ) ;
#4012 = ORIENTED_EDGE ( 'NONE', *, *, #7576, .T. ) ;
#4013 = SURFACE_STYLE_FILL_AREA ( #1424 ) ;
#4014 = EDGE_LOOP ( 'NONE', ( #4102, #3323, #3171, #2473 ) ) ;
#4015 = VERTEX_POINT ( 'NONE', #5452 ) ;
#4016 =( NAMED_UNIT ( * ) SI_UNIT ( $, .STERADIAN. ) SOLID_ANGLE_UNIT ( ) );
#4017 = FACE_OUTER_BOUND ( 'NONE', #7999, .T. ) ;
#4018 = STYLED_ITEM ( 'NONE', ( #2451 ), #10175 ) ;
#4019 = ADVANCED_FACE ( 'NONE', ( #10564 ), #3063, .F. ) ;
#4020 = CARTESIAN_POINT ( 'NONE',  ( -41.94026666726099961, 3.194518698657949685, 3.945000000010995045 ) ) ;
#4021 = CARTESIAN_POINT ( 'NONE',  ( -0.6949999999999999512, 3.000000000000000000, -0.8750000000000000000 ) ) ;
#4022 = DIRECTION ( 'NONE',  ( 0.000000000000000000, -2.220446049250309876E-16, -1.000000000000000000 ) ) ;
#4023 = PRESENTATION_LAYER_ASSIGNMENT (  '', '', ( #8712 ) ) ;
#4024 = CARTESIAN_POINT ( 'NONE',  ( 1.594999999999999973, 3.200000000000000178, 1.275000000000000133 ) ) ;
#4025 = SURFACE_STYLE_FILL_AREA ( #1611 ) ;
#4026 = AXIS2_PLACEMENT_3D ( 'NONE', #4033, #3234, #1498 ) ;
#4027 = CARTESIAN_POINT ( 'NONE',  ( -19.20302962540590030, 14.51451869865799971, 3.945000000010995045 ) ) ;
#4028 = LINE ( 'NONE', #10216, #4683 ) ;
#4029 = PRESENTATION_LAYER_ASSIGNMENT (  '', '', ( #3352 ) ) ;
#4030 = ORIENTED_EDGE ( 'NONE', *, *, #389, .F. ) ;
#4031 = ORIENTED_EDGE ( 'NONE', *, *, #840, .F. ) ;
#4032 = SURFACE_STYLE_USAGE ( .BOTH. , #664 ) ;
#4033 = CARTESIAN_POINT ( 'NONE',  ( -19.50302962540589746, 9.914518698658000062, 3.745000000010996644 ) ) ;
#4034 = AXIS2_PLACEMENT_3D ( 'NONE', #6671, #2582, #9226 ) ;
#4035 = CARTESIAN_POINT ( 'NONE',  ( -4.405000000000000249, 3.000000000000000000, 1.275000000000000133 ) ) ;
#4036 = FILL_AREA_STYLE ('',( #4143 ) ) ;
#4037 = AXIS2_PLACEMENT_3D ( 'NONE', #9716, #2315, #6521 ) ;
#4038 = VECTOR ( 'NONE', #2544, 1000.000000000000000 ) ;
#4039 = FACE_OUTER_BOUND ( 'NONE', #3104, .T. ) ;
#4040 = CARTESIAN_POINT ( 'NONE',  ( -19.20302962540590030, 14.51451869865799971, 2.945000000010994157 ) ) ;
#4041 = ORIENTED_EDGE ( 'NONE', *, *, #51, .T. ) ;
#4042 = AXIS2_PLACEMENT_3D ( 'NONE', #5009, #6640, #4833 ) ;
#4043 = ADVANCED_FACE ( 'NONE', ( #1439 ), #4590, .T. ) ;
#4044 = ORIENTED_EDGE ( 'NONE', *, *, #6935, .F. ) ;
#4045 = COLOUR_RGB ( '',1.000000000000000000, 1.000000000000000000, 1.000000000000000000 ) ;
#4046 = ORIENTED_EDGE ( 'NONE', *, *, #5919, .T. ) ;
#4047 = DIRECTION ( 'NONE',  ( 0.000000000000000000, 2.220446049250309876E-16, 1.000000000000000000 ) ) ;
#4048 = AXIS2_PLACEMENT_3D ( 'NONE', #9180, #3303, #864 ) ;
#4049 = AXIS2_PLACEMENT_3D ( 'NONE', #1139, #7518, #7462 ) ;
#4050 = CARTESIAN_POINT ( 'NONE',  ( -39.94026666726099961, 3.194518698657949685, 3.745000000010996644 ) ) ;
#4051 = CARTESIAN_POINT ( 'NONE',  ( -28.67854998418979662, 3.714518698657950146, 3.945000000010995045 ) ) ;
#4052 = COLOUR_RGB ( '',1.000000000000000000, 0.9568627450980391469, 0.8862745098039215286 ) ;
#4053 = AXIS2_PLACEMENT_3D ( 'NONE', #3929, #3006, #330 ) ;
#4054 = CARTESIAN_POINT ( 'NONE',  ( -44.54026666726100103, 17.28451869865799750, 3.945000000010995045 ) ) ;
#4055 = DIRECTION ( 'NONE',  ( 1.807003620809174878E-16, 0.000000000000000000, -1.000000000000000000 ) ) ;
#4056 = DIRECTION ( 'NONE',  ( -1.000000000000000000, 0.000000000000000000, 0.000000000000000000 ) ) ;
#4057 = COLOUR_RGB ( '',1.000000000000000000, 0.9568627450980391469, 0.8862745098039215286 ) ;
#4058 = SURFACE_STYLE_USAGE ( .BOTH. , #8177 ) ;
#4059 = FILL_AREA_STYLE ('',( #1468 ) ) ;
#4060 = ORIENTED_EDGE ( 'NONE', *, *, #6675, .T. ) ;
#4061 =( NAMED_UNIT ( * ) PLANE_ANGLE_UNIT ( ) SI_UNIT ( $, .RADIAN. ) );
#4062 = SURFACE_SIDE_STYLE ('',( #8180 ) ) ;
#4063 = COLOUR_RGB ( '',1.000000000000000000, 0.8078431372549019773, 0.4980392156862745168 ) ;
#4064 = COLOUR_RGB ( '',1.000000000000000000, 0.9568627450980391469, 0.8862745098039215286 ) ;
#4065 = CARTESIAN_POINT ( 'NONE',  ( -48.84026666726100530, 26.27451869865799949, 5.135000000010998988 ) ) ;
#4066 = SURFACE_STYLE_USAGE ( .BOTH. , #9133 ) ;
#4067 = MECHANICAL_DESIGN_GEOMETRIC_PRESENTATION_REPRESENTATION (  '', ( #7374 ), #2262 ) ;
#4068 = LINE ( 'NONE', #8083, #9581 ) ;
#4069 = LINE ( 'NONE', #2500, #9543 ) ;
#4071 = ORIENTED_EDGE ( 'NONE', *, *, #9999, .F. ) ;
#4070 =( LENGTH_UNIT ( ) NAMED_UNIT ( * ) SI_UNIT ( .MILLI., .METRE. ) );
#4072 = EDGE_CURVE ( 'NONE', #3608, #5446, #7060, .T. ) ;
#4073 =( GEOMETRIC_REPRESENTATION_CONTEXT ( 3 ) GLOBAL_UNCERTAINTY_ASSIGNED_CONTEXT ( ( #3311 ) ) GLOBAL_UNIT_ASSIGNED_CONTEXT ( ( #5632, #5730, #3896 ) ) REPRESENTATION_CONTEXT ( 'NONE', 'WORKASPACE' ) );
#4074 = FILL_AREA_STYLE_COLOUR ( '', #8571 ) ;
#4075 = ORIENTED_EDGE ( 'NONE', *, *, #8247, .F. ) ;
#4076 = EDGE_CURVE ( 'NONE', #3628, #7270, #10404, .T. ) ;
#4077 = EDGE_CURVE ( 'NONE', #5943, #1675, #4259, .T. ) ;
#4078 = ORIENTED_EDGE ( 'NONE', *, *, #1005, .T. ) ;
#4079 =( NAMED_UNIT ( * ) SI_UNIT ( $, .STERADIAN. ) SOLID_ANGLE_UNIT ( ) );
#4080 = COLOUR_RGB ( '',1.000000000000000000, 0.7568627450980391913, 0.5647058823529411686 ) ;
#4081 = CARTESIAN_POINT ( 'NONE',  ( -16.38026666726099734, 20.29451869865799551, 5.145000000010998775 ) ) ;
#4082 = PLANE ( 'NONE',  #4506 ) ;
#4083 = DIRECTION ( 'NONE',  ( -1.000000000000000000, 0.000000000000000000, 0.000000000000000000 ) ) ;
#4084 = EDGE_CURVE ( 'NONE', #5081, #7819, #7910, .T. ) ;
#4085 =( NAMED_UNIT ( * ) SI_UNIT ( $, .STERADIAN. ) SOLID_ANGLE_UNIT ( ) );
#4086 = CARTESIAN_POINT ( 'NONE',  ( -28.47854998418979733, 4.514518698657940199, 3.345000000010998953 ) ) ;
#4087 = STYLED_ITEM ( 'NONE', ( #5879 ), #4153 ) ;
#4088 = ORIENTED_EDGE ( 'NONE', *, *, #1569, .F. ) ;
#4089 = CYLINDRICAL_SURFACE ( 'NONE', #3014, 1.000000000000000888 ) ;
#4090 = DIRECTION ( 'NONE',  ( 0.000000000000000000, 1.000000000000000000, -2.220446049250309876E-16 ) ) ;
#4091 = ORIENTED_EDGE ( 'NONE', *, *, #4207, .T. ) ;
#4092 =( LENGTH_UNIT ( ) NAMED_UNIT ( * ) SI_UNIT ( .MILLI., .METRE. ) );
#4093 = PRESENTATION_LAYER_ASSIGNMENT (  '', '', ( #931 ) ) ;
#4094 = EDGE_CURVE ( 'NONE', #3229, #10514, #10666, .T. ) ;
#4095 = DIRECTION ( 'NONE',  ( 1.000000000000000000, 0.000000000000000000, 0.000000000000000000 ) ) ;
#4096 = FILL_AREA_STYLE_COLOUR ( '', #7045 ) ;
#4097 = UNCERTAINTY_MEASURE_WITH_UNIT (LENGTH_MEASURE( 1.000000000000000082E-05 ), #4092, 'distance_accuracy_value', 'NONE');
#4098 = ORIENTED_EDGE ( 'NONE', *, *, #3551, .T. ) ;
#4099 = CARTESIAN_POINT ( 'NONE',  ( 0.000000000000000000, 0.000000000000000000, 0.000000000000000000 ) ) ;
#4100 = CIRCLE ( 'NONE', #5497, 2.000000000000001776 ) ;
#4101 = EDGE_LOOP ( 'NONE', ( #7461, #4575, #1688, #6112 ) ) ;
#4102 = ORIENTED_EDGE ( 'NONE', *, *, #4794, .T. ) ;
#4103 = DIRECTION ( 'NONE',  ( 0.000000000000000000, 1.000000000000000000, 0.000000000000000000 ) ) ;
#4104 = FILL_AREA_STYLE_COLOUR ( '', #6029 ) ;
#4105 = CARTESIAN_POINT ( 'NONE',  ( -14.90026666726099869, 17.78042790316279920, 3.945000000010995045 ) ) ;
#4106 = VECTOR ( 'NONE', #9288, 1000.000000000000000 ) ;
#4107 = EDGE_CURVE ( 'NONE', #8098, #8620, #566, .T. ) ;
#4108 = DIRECTION ( 'NONE',  ( 1.000000000000000000, 0.000000000000000000, 0.000000000000000000 ) ) ;
#4109 = PRESENTATION_STYLE_ASSIGNMENT (( #1636 ) ) ;
#4110 = DIRECTION ( 'NONE',  ( 0.000000000000000000, 0.000000000000000000, -1.000000000000000000 ) ) ;
#4111 = DIRECTION ( 'NONE',  ( 0.000000000000000000, 1.000000000000000000, 0.000000000000000000 ) ) ;
#4112 = CARTESIAN_POINT ( 'NONE',  ( -44.54026666726100103, 17.28451869865799750, 3.545000000010997798 ) ) ;
#4113 = ORIENTED_EDGE ( 'NONE', *, *, #4964, .F. ) ;
#4114 = CARTESIAN_POINT ( 'NONE',  ( -28.47854998418979733, 4.514518698657940199, 3.745000000010996644 ) ) ;
#4115 =( GEOMETRIC_REPRESENTATION_CONTEXT ( 3 ) GLOBAL_UNCERTAINTY_ASSIGNED_CONTEXT ( ( #2357 ) ) GLOBAL_UNIT_ASSIGNED_CONTEXT ( ( #6743, #1912, #7494 ) ) REPRESENTATION_CONTEXT ( 'NONE', 'WORKASPACE' ) );
#4116 = FACE_OUTER_BOUND ( 'NONE', #487, .T. ) ;
#4117 = DIRECTION ( 'NONE',  ( 0.000000000000000000, -2.220446049250309876E-16, -1.000000000000000000 ) ) ;
#4118 =( NAMED_UNIT ( * ) SI_UNIT ( $, .STERADIAN. ) SOLID_ANGLE_UNIT ( ) );
#4119 = CARTESIAN_POINT ( 'NONE',  ( -45.84026666726099108, 18.38451869865788879, 2.545000000010970709 ) ) ;
#4120 = ORIENTED_EDGE ( 'NONE', *, *, #10738, .T. ) ;
#4121 = AXIS2_PLACEMENT_3D ( 'NONE', #4255, #2630, #8474 ) ;
#4122 = FILL_AREA_STYLE_COLOUR ( '', #9948 ) ;
#4123 = ORIENTED_EDGE ( 'NONE', *, *, #5998, .T. ) ;
#4124 = ORIENTED_EDGE ( 'NONE', *, *, #8439, .T. ) ;
#4125 = CARTESIAN_POINT ( 'NONE',  ( -40.08771170588249788, 15.03451869865800106, 3.745000000010996644 ) ) ;
#4126 = MECHANICAL_DESIGN_GEOMETRIC_PRESENTATION_REPRESENTATION (  '', ( #8815 ), #10021 ) ;
#4127 = FILL_AREA_STYLE ('',( #6534 ) ) ;
#4128 = DIRECTION ( 'NONE',  ( 0.000000000000000000, -2.220446049250309876E-16, -1.000000000000000000 ) ) ;
#4129 = VECTOR ( 'NONE', #6914, 1000.000000000000000 ) ;
#4130 = EDGE_CURVE ( 'NONE', #807, #5667, #4959, .T. ) ;
#4131 = EDGE_CURVE ( 'NONE', #7256, #10370, #2535, .T. ) ;
#4132 = CARTESIAN_POINT ( 'NONE',  ( -46.04026666726100103, 9.294518698657999067, 5.135000000010998988 ) ) ;
#4133 = DIRECTION ( 'NONE',  ( -1.000000000000000000, 0.000000000000000000, 0.000000000000000000 ) ) ;
#4134 = PRESENTATION_LAYER_ASSIGNMENT (  '', '', ( #9869 ) ) ;
#4135 = ORIENTED_EDGE ( 'NONE', *, *, #1993, .F. ) ;
#4136 = UNCERTAINTY_MEASURE_WITH_UNIT (LENGTH_MEASURE( 1.000000000000000082E-05 ), #2182, 'distance_accuracy_value', 'NONE');
#4137 = DIRECTION ( 'NONE',  ( 1.000000000000000000, 0.000000000000000000, 0.000000000000000000 ) ) ;
#4138 = ORIENTED_EDGE ( 'NONE', *, *, #6516, .F. ) ;
#4139 = EDGE_CURVE ( 'NONE', #1955, #6832, #6541, .T. ) ;
#4140 = DIRECTION ( 'NONE',  ( 0.000000000000000000, 2.220446049250309876E-16, 1.000000000000000000 ) ) ;
#4141 = DIRECTION ( 'NONE',  ( 0.000000000000000000, -2.220446049250309876E-16, -1.000000000000000000 ) ) ;
#4142 = FILL_AREA_STYLE_COLOUR ( '', #9475 ) ;
#4143 = FILL_AREA_STYLE_COLOUR ( '', #7618 ) ;
#4144 = LINE ( 'NONE', #9858, #8160 ) ;
#4145 = CARTESIAN_POINT ( 'NONE',  ( -14.90026666726099869, 9.160427903162849717, 5.145000000010998775 ) ) ;
#4146 = DIRECTION ( 'NONE',  ( 0.000000000000000000, -1.000000000000000000, 4.336808689942017736E-16 ) ) ;
#4147 = ORIENTED_EDGE ( 'NONE', *, *, #157, .F. ) ;
#4148 = MECHANICAL_DESIGN_GEOMETRIC_PRESENTATION_REPRESENTATION (  '', ( #2767 ), #116 ) ;
#4149 = STYLED_ITEM ( 'NONE', ( #1662 ), #1655 ) ;
#4150 = ORIENTED_EDGE ( 'NONE', *, *, #7277, .F. ) ;
#4151 = ORIENTED_EDGE ( 'NONE', *, *, #7673, .F. ) ;
#4152 =( NAMED_UNIT ( * ) SI_UNIT ( $, .STERADIAN. ) SOLID_ANGLE_UNIT ( ) );
#4153 = ADVANCED_FACE ( 'NONE', ( #9029 ), #5060, .F. ) ;
#4154 = CARTESIAN_POINT ( 'NONE',  ( -21.40302962540589604, 16.21451869865800077, 3.345000000010998953 ) ) ;
#4155 = DIRECTION ( 'NONE',  ( 0.000000000000000000, 1.000000000000000000, -2.220446049250309876E-16 ) ) ;
#4156 = DIRECTION ( 'NONE',  ( 0.000000000000000000, 2.220446049250309876E-16, 1.000000000000000000 ) ) ;
#4157 =( GEOMETRIC_REPRESENTATION_CONTEXT ( 3 ) GLOBAL_UNCERTAINTY_ASSIGNED_CONTEXT ( ( #4721 ) ) GLOBAL_UNIT_ASSIGNED_CONTEXT ( ( #7784, #4461, #212 ) ) REPRESENTATION_CONTEXT ( 'NONE', 'WORKASPACE' ) );
#4158 = PRESENTATION_LAYER_ASSIGNMENT (  '', '', ( #10421 ) ) ;
#4159 = DIRECTION ( 'NONE',  ( 1.000000000000000000, 0.000000000000000000, 0.000000000000000000 ) ) ;
#4160 = ORIENTED_EDGE ( 'NONE', *, *, #5080, .T. ) ;
#4161 = FILL_AREA_STYLE ('',( #1523 ) ) ;
#4162 = CARTESIAN_POINT ( 'NONE',  ( -48.84026666726100530, 26.27451869865799949, 3.295000000010997354 ) ) ;
#4163 = AXIS2_PLACEMENT_3D ( 'NONE', #2800, #185, #6059 ) ;
#4164 = PRESENTATION_LAYER_ASSIGNMENT (  '', '', ( #285 ) ) ;
#4165 = UNCERTAINTY_MEASURE_WITH_UNIT (LENGTH_MEASURE( 1.000000000000000082E-05 ), #10133, 'distance_accuracy_value', 'NONE');
#4166 = CARTESIAN_POINT ( 'NONE',  ( -46.24026666726099677, 2.794518698657940003, 5.135000000010998988 ) ) ;
#4167 = SURFACE_STYLE_USAGE ( .BOTH. , #2653 ) ;
#4168 = CARTESIAN_POINT ( 'NONE',  ( -22.00302962540589746, 12.51451869865799971, 2.945000000010994157 ) ) ;
#4169 = PRESENTATION_LAYER_ASSIGNMENT (  '', '', ( #8863 ) ) ;
#4170 = CARTESIAN_POINT ( 'NONE',  ( 0.000000000000000000, 3.200000000000000178, 0.000000000000000000 ) ) ;
#4171 = VERTEX_POINT ( 'NONE', #4132 ) ;
#4172 = STYLED_ITEM ( 'NONE', ( #4010 ), #9590 ) ;
#4173 = PRESENTATION_STYLE_ASSIGNMENT (( #8452 ) ) ;
#4174 = FILL_AREA_STYLE ('',( #1480 ) ) ;
#4175 = ORIENTED_EDGE ( 'NONE', *, *, #917, .T. ) ;
#4176 = ORIENTED_EDGE ( 'NONE', *, *, #2744, .F. ) ;
#4177 = DIRECTION ( 'NONE',  ( 0.000000000000000000, -2.220446049250309876E-16, -1.000000000000000000 ) ) ;
#4178 = DIRECTION ( 'NONE',  ( -1.000000000000000000, 0.000000000000000000, 0.000000000000000000 ) ) ;
#4179 = COLOUR_RGB ( '',1.000000000000000000, 1.000000000000000000, 1.000000000000000000 ) ;
#4180 = VECTOR ( 'NONE', #300, 1000.000000000000000 ) ;
#4181 = DIRECTION ( 'NONE',  ( 0.000000000000000000, -2.220446049250309876E-16, -1.000000000000000000 ) ) ;
#4182 = SURFACE_STYLE_USAGE ( .BOTH. , #10094 ) ;
#4183 = SURFACE_STYLE_USAGE ( .BOTH. , #10767 ) ;
#4184 = CARTESIAN_POINT ( 'NONE',  ( -40.28771170588249362, 15.83451869865799821, 3.745000000010996644 ) ) ;
#4185 =( LENGTH_UNIT ( ) NAMED_UNIT ( * ) SI_UNIT ( .MILLI., .METRE. ) );
#4186 = FACE_OUTER_BOUND ( 'NONE', #8768, .T. ) ;
#4187 =( GEOMETRIC_REPRESENTATION_CONTEXT ( 3 ) GLOBAL_UNCERTAINTY_ASSIGNED_CONTEXT ( ( #4777 ) ) GLOBAL_UNIT_ASSIGNED_CONTEXT ( ( #9413, #1938, #10735 ) ) REPRESENTATION_CONTEXT ( 'NONE', 'WORKASPACE' ) );
#4188 = VERTEX_POINT ( 'NONE', #655 ) ;
#4189 = FILL_AREA_STYLE ('',( #10774 ) ) ;
#4190 = EDGE_CURVE ( 'NONE', #7592, #1724, #5708, .T. ) ;
#4191 = EDGE_CURVE ( 'NONE', #9221, #5279, #6643, .T. ) ;
#4192 = CARTESIAN_POINT ( 'NONE',  ( -15.74029191166209962, 4.755277039305740416, 5.145000000010997887 ) ) ;
#4193 = ORIENTED_EDGE ( 'NONE', *, *, #3056, .T. ) ;
#4194 = MECHANICAL_DESIGN_GEOMETRIC_PRESENTATION_REPRESENTATION (  '', ( #1913 ), #10273 ) ;
#4195 = COLOUR_RGB ( '',0.07058823529411764608, 0.07058823529411764608, 0.07058823529411764608 ) ;
#4196 = CARTESIAN_POINT ( 'NONE',  ( 0.000000000000000000, 11.29999999999999893, 0.000000000000000000 ) ) ;
#4197 = FACE_OUTER_BOUND ( 'NONE', #8862, .T. ) ;
#4198 = FILL_AREA_STYLE_COLOUR ( '', #1916 ) ;
#4199 = DIRECTION ( 'NONE',  ( 0.000000000000000000, 0.000000000000000000, 1.000000000000000000 ) ) ;
#4200 = SURFACE_STYLE_FILL_AREA ( #4036 ) ;
#4201 = DIRECTION ( 'NONE',  ( 0.000000000000000000, -1.000000000000000000, 0.000000000000000000 ) ) ;
#4202 = MECHANICAL_DESIGN_GEOMETRIC_PRESENTATION_REPRESENTATION (  '', ( #7172 ), #502 ) ;
#4203 = CARTESIAN_POINT ( 'NONE',  ( -21.60302962540589888, 16.21451869865800077, 3.745000000010996644 ) ) ;
#4204 = CARTESIAN_POINT ( 'NONE',  ( -42.73771170588249646, 16.83451869865799821, 3.145000000011000107 ) ) ;
#4205 = ORIENTED_EDGE ( 'NONE', *, *, #4739, .F. ) ;
#4206 = VECTOR ( 'NONE', #10055, 1000.000000000000000 ) ;
#4207 = EDGE_CURVE ( 'NONE', #3488, #6264, #7232, .T. ) ;
#4208 = ORIENTED_EDGE ( 'NONE', *, *, #4276, .T. ) ;
#4209 = ORIENTED_EDGE ( 'NONE', *, *, #10018, .T. ) ;
#4210 = CARTESIAN_POINT ( 'NONE',  ( -45.84026666726099108, 18.38451869865788879, 2.545000000010970709 ) ) ;
#4211 = AXIS2_PLACEMENT_3D ( 'NONE', #10427, #3084, #3037 ) ;
#4212 = PLANE ( 'NONE',  #7019 ) ;
#4213 = FACE_OUTER_BOUND ( 'NONE', #976, .T. ) ;
#4214 = VECTOR ( 'NONE', #9729, 1000.000000000000000 ) ;
#4215 = FILL_AREA_STYLE_COLOUR ( '', #8760 ) ;
#4216 = SURFACE_STYLE_USAGE ( .BOTH. , #9176 ) ;
#4217 = AXIS2_PLACEMENT_3D ( 'NONE', #5983, #5167, #989 ) ;
#4218 = CARTESIAN_POINT ( 'NONE',  ( -41.98771170588250357, 15.83451869865799821, 3.745000000010996644 ) ) ;
#4219 = CARTESIAN_POINT ( 'NONE',  ( -16.38026666726099734, 6.294518698657999956, 5.135000000010998988 ) ) ;
#4220 = EDGE_CURVE ( 'NONE', #4418, #9484, #1661, .T. ) ;
#4221 = UNCERTAINTY_MEASURE_WITH_UNIT (LENGTH_MEASURE( 1.000000000000000082E-05 ), #9708, 'distance_accuracy_value', 'NONE');
#4222 = CYLINDRICAL_SURFACE ( 'NONE', #4232, 0.1999999999999987899 ) ;
#4223 = FACE_OUTER_BOUND ( 'NONE', #2116, .T. ) ;
#4224 = AXIS2_PLACEMENT_3D ( 'NONE', #7755, #6835, #4315 ) ;
#4225 = ORIENTED_EDGE ( 'NONE', *, *, #839, .F. ) ;
#4226 =( NAMED_UNIT ( * ) PLANE_ANGLE_UNIT ( ) SI_UNIT ( $, .RADIAN. ) );
#4227 = MECHANICAL_DESIGN_GEOMETRIC_PRESENTATION_REPRESENTATION (  '', ( #6837 ), #1759 ) ;
#4228 = VECTOR ( 'NONE', #1350, 1000.000000000000000 ) ;
#4229 = CARTESIAN_POINT ( 'NONE',  ( -46.24026666726099677, 21.13451869865799893, 5.135000000010999877 ) ) ;
#4230 = STYLED_ITEM ( 'NONE', ( #1718 ), #5138 ) ;
#4231 = CARTESIAN_POINT ( 'NONE',  ( -42.73771170588249646, 19.03451869865800106, 3.945000000010995045 ) ) ;
#4232 = AXIS2_PLACEMENT_3D ( 'NONE', #7549, #3416, #6782 ) ;
#4233 = PRESENTATION_STYLE_ASSIGNMENT (( #5203 ) ) ;
#4234 = VERTEX_POINT ( 'NONE', #829 ) ;
#4235 = EDGE_CURVE ( 'NONE', #3550, #9864, #7511, .T. ) ;
#4236 = CARTESIAN_POINT ( 'NONE',  ( -46.24026666726099677, 2.794518698657940003, 3.945000000010995045 ) ) ;
#4237 = DIRECTION ( 'NONE',  ( 0.000000000000000000, 2.220446049250309876E-16, 1.000000000000000000 ) ) ;
#4238 = ORIENTED_EDGE ( 'NONE', *, *, #8845, .T. ) ;
#4239 = DIRECTION ( 'NONE',  ( 0.000000000000000000, -2.220446049250309876E-16, -1.000000000000000000 ) ) ;
#4240 = CARTESIAN_POINT ( 'NONE',  ( -22.88026666726100089, 16.29451869865799551, 5.135000000010998988 ) ) ;
#4241 = VECTOR ( 'NONE', #8217, 1000.000000000000000 ) ;
#4242 = MECHANICAL_DESIGN_GEOMETRIC_PRESENTATION_REPRESENTATION (  '', ( #5284 ), #3039 ) ;
#4243 =( NAMED_UNIT ( * ) SI_UNIT ( $, .STERADIAN. ) SOLID_ANGLE_UNIT ( ) );
#4244 = EDGE_CURVE ( 'NONE', #534, #5128, #10003, .T. ) ;
#4245 =( GEOMETRIC_REPRESENTATION_CONTEXT ( 3 ) GLOBAL_UNCERTAINTY_ASSIGNED_CONTEXT ( ( #3716 ) ) GLOBAL_UNIT_ASSIGNED_CONTEXT ( ( #801, #7431, #5950 ) ) REPRESENTATION_CONTEXT ( 'NONE', 'WORKASPACE' ) );
#4246 = CARTESIAN_POINT ( 'NONE',  ( -14.90026666726099869, 16.30042790316279877, 3.945000000010995045 ) ) ;
#4247 = ORIENTED_EDGE ( 'NONE', *, *, #288, .F. ) ;
#4248 = STYLED_ITEM ( 'NONE', ( #10301 ), #3625 ) ;
#4249 = EDGE_LOOP ( 'NONE', ( #6479, #775 ) ) ;
#4250 = CARTESIAN_POINT ( 'NONE',  ( -15.74029191166209962, 2.755277039305740416, 3.955000000010998384 ) ) ;
#4251 = FILL_AREA_STYLE_COLOUR ( '', #7897 ) ;
#4252 = PRESENTATION_STYLE_ASSIGNMENT (( #1721 ) ) ;
#4253 = CIRCLE ( 'NONE', #8067, 0.9999999999999991118 ) ;
#4254 = EDGE_LOOP ( 'NONE', ( #2732, #2735, #7878, #3728, #9851, #5472 ) ) ;
#4255 = CARTESIAN_POINT ( 'NONE',  ( -14.90026666726099869, 11.70042790316279913, 3.955000000010998384 ) ) ;
#4256 = VERTEX_POINT ( 'NONE', #3976 ) ;
#4257 = EDGE_LOOP ( 'NONE', ( #2361, #2620, #9692, #1324 ) ) ;
#4258 = EDGE_LOOP ( 'NONE', ( #4123, #5553 ) ) ;
#4259 = CIRCLE ( 'NONE', #3761, 2.000000000000000000 ) ;
#4260 = FACE_OUTER_BOUND ( 'NONE', #2248, .T. ) ;
#4261 = DIRECTION ( 'NONE',  ( 1.000000000000000000, 0.000000000000000000, 0.000000000000000000 ) ) ;
#4262 =( NAMED_UNIT ( * ) SI_UNIT ( $, .STERADIAN. ) SOLID_ANGLE_UNIT ( ) );
#4263 = EDGE_CURVE ( 'NONE', #4171, #7048, #7303, .T. ) ;
#4264 = ADVANCED_FACE ( 'NONE', ( #10156 ), #10046, .T. ) ;
#4265 = MECHANICAL_DESIGN_GEOMETRIC_PRESENTATION_REPRESENTATION (  '', ( #8606 ), #2987 ) ;
#4266 = LINE ( 'NONE', #4054, #5974 ) ;
#4267 =( NAMED_UNIT ( * ) SI_UNIT ( $, .STERADIAN. ) SOLID_ANGLE_UNIT ( ) );
#4268 = VECTOR ( 'NONE', #2831, 1000.000000000000000 ) ;
#4269 = VECTOR ( 'NONE', #8738, 999.9999999999998863 ) ;
#4270 = EDGE_CURVE ( 'NONE', #9083, #7359, #1046, .T. ) ;
#4271 = CARTESIAN_POINT ( 'NONE',  ( -16.38026666726099734, 16.29451869865799551, 5.135000000010998988 ) ) ;
#4272 = SURFACE_SIDE_STYLE ('',( #3627 ) ) ;
#4273 = ORIENTED_EDGE ( 'NONE', *, *, #5799, .T. ) ;
#4274 = CARTESIAN_POINT ( 'NONE',  ( -21.50302962540590102, 7.914518698658000062, 3.545000000010997798 ) ) ;
#4275 = FILL_AREA_STYLE ('',( #4941 ) ) ;
#4276 = EDGE_CURVE ( 'NONE', #8276, #6365, #5920, .T. ) ;
#4277 =( GEOMETRIC_REPRESENTATION_CONTEXT ( 3 ) GLOBAL_UNCERTAINTY_ASSIGNED_CONTEXT ( ( #2863 ) ) GLOBAL_UNIT_ASSIGNED_CONTEXT ( ( #1032, #9454, #9398 ) ) REPRESENTATION_CONTEXT ( 'NONE', 'WORKASPACE' ) );
#4278 = DIRECTION ( 'NONE',  ( 0.000000000000000000, 2.220446049250309876E-16, 1.000000000000000000 ) ) ;
#4279 = FILL_AREA_STYLE ('',( #5865 ) ) ;
#4280 = DIRECTION ( 'NONE',  ( 1.000000000000000000, 0.000000000000000000, 0.000000000000000000 ) ) ;
#4281 = ORIENTED_EDGE ( 'NONE', *, *, #1406, .F. ) ;
#4282 =( LENGTH_UNIT ( ) NAMED_UNIT ( * ) SI_UNIT ( .MILLI., .METRE. ) );
#4283 = CYLINDRICAL_SURFACE ( 'NONE', #8253, 0.4799999999999995381 ) ;
#4284 = VERTEX_POINT ( 'NONE', #2611 ) ;
#4285 = MECHANICAL_DESIGN_GEOMETRIC_PRESENTATION_REPRESENTATION (  '', ( #6383 ), #233 ) ;
#4286 = PLANE ( 'NONE',  #10812 ) ;
#4287 = DIRECTION ( 'NONE',  ( 0.000000000000000000, -1.000000000000000000, 2.220446049250309876E-16 ) ) ;
#4288 = PRESENTATION_LAYER_ASSIGNMENT (  '', '', ( #1307 ) ) ;
#4289 = EDGE_CURVE ( 'NONE', #5524, #2328, #9464, .T. ) ;
#4290 = PRESENTATION_STYLE_ASSIGNMENT (( #207 ) ) ;
#4291 = CARTESIAN_POINT ( 'NONE',  ( -14.90026666726099869, 12.70042790316279913, 3.955000000010998384 ) ) ;
#4292 = PRESENTATION_STYLE_ASSIGNMENT (( #9201 ) ) ;
#4293 = MECHANICAL_DESIGN_GEOMETRIC_PRESENTATION_REPRESENTATION (  '', ( #8633 ), #8810 ) ;
#4294 = CARTESIAN_POINT ( 'NONE',  ( -41.49026666726099677, 0.7945186986579400035, 3.295000000010997354 ) ) ;
#4295 = CARTESIAN_POINT ( 'NONE',  ( 0.000000000000000000, 0.2000000000000000111, 0.5500000000000000444 ) ) ;
#4296 =( LENGTH_UNIT ( ) NAMED_UNIT ( * ) SI_UNIT ( .MILLI., .METRE. ) );
#4297 = DIRECTION ( 'NONE',  ( 0.000000000000000000, 2.220446049250309876E-16, 1.000000000000000000 ) ) ;
#4298 = CIRCLE ( 'NONE', #5864, 1.000000000000000888 ) ;
#4299 = ORIENTED_EDGE ( 'NONE', *, *, #970, .F. ) ;
#4300 = LINE ( 'NONE', #7786, #1238 ) ;
#4301 = LINE ( 'NONE', #7622, #6644 ) ;
#4302 = ORIENTED_EDGE ( 'NONE', *, *, #2623, .T. ) ;
#4303 = EDGE_CURVE ( 'NONE', #6982, #1922, #8583, .T. ) ;
#4304 = DIRECTION ( 'NONE',  ( 0.000000000000000000, 2.220446049250309876E-16, 1.000000000000000000 ) ) ;
#4305 = CARTESIAN_POINT ( 'NONE',  ( -14.90026666726099869, 11.70042790316279913, 3.955000000010998384 ) ) ;
#4306 = LINE ( 'NONE', #10170, #3455 ) ;
#4307 = LINE ( 'NONE', #112, #3848 ) ;
#4308 = AXIS2_PLACEMENT_3D ( 'NONE', #3939, #9699, #7107 ) ;
#4309 = EDGE_LOOP ( 'NONE', ( #8591, #46, #1087, #8167 ) ) ;
#4310 =( NAMED_UNIT ( * ) PLANE_ANGLE_UNIT ( ) SI_UNIT ( $, .RADIAN. ) );
#4311 = ORIENTED_EDGE ( 'NONE', *, *, #6781, .T. ) ;
#4312 = ORIENTED_EDGE ( 'NONE', *, *, #10723, .F. ) ;
#4313 = VERTEX_POINT ( 'NONE', #7734 ) ;
#4314 = MECHANICAL_DESIGN_GEOMETRIC_PRESENTATION_REPRESENTATION (  '', ( #8305 ), #10034 ) ;
#4315 = DIRECTION ( 'NONE',  ( 0.000000000000000000, -1.000000000000000000, 4.336808689942017736E-16 ) ) ;
#4316 = SURFACE_STYLE_FILL_AREA ( #7542 ) ;
#4317 = SURFACE_STYLE_FILL_AREA ( #3567 ) ;
#4318 = CARTESIAN_POINT ( 'NONE',  ( -29.27854998418980159, 1.214518698657939710, 3.745000000010996644 ) ) ;
#4319 = LINE ( 'NONE', #6842, #6206 ) ;
#4320 = MECHANICAL_DESIGN_GEOMETRIC_PRESENTATION_REPRESENTATION (  '', ( #5891 ), #5719 ) ;
#4321 = FILL_AREA_STYLE_COLOUR ( '', #5314 ) ;
#4322 = ORIENTED_EDGE ( 'NONE', *, *, #7466, .F. ) ;
#4323 = CARTESIAN_POINT ( 'NONE',  ( -42.73771170588249646, 16.83451869865799821, 3.145000000011000107 ) ) ;
#4324 = SURFACE_SIDE_STYLE ('',( #196 ) ) ;
#4325 = EDGE_CURVE ( 'NONE', #4730, #10470, #981, .T. ) ;
#4326 = ADVANCED_FACE ( 'NONE', ( #9352 ), #8519, .F. ) ;
#4327 = VECTOR ( 'NONE', #385, 1000.000000000000000 ) ;
#4328 = DIRECTION ( 'NONE',  ( 0.000000000000000000, 0.000000000000000000, -1.000000000000000000 ) ) ;
#4329 = DIRECTION ( 'NONE',  ( 0.000000000000000000, -1.000000000000000000, 4.336808689942017736E-16 ) ) ;
#4330 = MECHANICAL_DESIGN_GEOMETRIC_PRESENTATION_REPRESENTATION (  '', ( #459 ), #8317 ) ;
#4331 = DIRECTION ( 'NONE',  ( 0.000000000000000000, -2.220446049250309876E-16, -1.000000000000000000 ) ) ;
#4332 = LINE ( 'NONE', #9335, #1590 ) ;
#4333 = DIRECTION ( 'NONE',  ( -1.000000000000000000, 0.000000000000000000, 0.000000000000000000 ) ) ;
#4334 = CARTESIAN_POINT ( 'NONE',  ( -46.24026666726099677, 2.794518698657940003, 3.945000000010995045 ) ) ;
#4335 = CARTESIAN_POINT ( 'NONE',  ( -21.70302962540590030, 9.914518698658000062, 3.945000000010995045 ) ) ;
#4336 =( NAMED_UNIT ( * ) PLANE_ANGLE_UNIT ( ) SI_UNIT ( $, .RADIAN. ) );
#4337 = ORIENTED_EDGE ( 'NONE', *, *, #1569, .T. ) ;
#4338 = STYLED_ITEM ( 'NONE', ( #6699 ), #2815 ) ;
#4339 = VECTOR ( 'NONE', #8798, 1000.000000000000000 ) ;
#4340 = CIRCLE ( 'NONE', #10603, 0.1999999999999987899 ) ;
#4341 = ADVANCED_FACE ( 'NONE', ( #10098 ), #3592, .T. ) ;
#4342 = SPHERICAL_SURFACE ( 'NONE', #2998, 0.2000000000000000111 ) ;
#4343 = CARTESIAN_POINT ( 'NONE',  ( -21.50302962540590102, 9.114518698657999352, 3.145000000011000107 ) ) ;
#4344 = SURFACE_STYLE_FILL_AREA ( #1041 ) ;
#4345 = DIRECTION ( 'NONE',  ( 0.000000000000000000, -1.000000000000000000, 2.220446049250309876E-16 ) ) ;
#4346 = AXIS2_PLACEMENT_3D ( 'NONE', #1188, #2747, #286 ) ;
#4347 = VECTOR ( 'NONE', #7336, 1000.000000000000000 ) ;
#4348 = DIRECTION ( 'NONE',  ( 0.000000000000000000, -2.220446049250309876E-16, -1.000000000000000000 ) ) ;
#4349 = VECTOR ( 'NONE', #6387, 1000.000000000000000 ) ;
#4350 = ORIENTED_EDGE ( 'NONE', *, *, #8134, .T. ) ;
#4351 = CARTESIAN_POINT ( 'NONE',  ( -28.47854998418979733, 4.514518698657940199, 3.345000000010998953 ) ) ;
#4352 = FACE_OUTER_BOUND ( 'NONE', #9113, .T. ) ;
#4353 = DIRECTION ( 'NONE',  ( 0.000000000000000000, 2.220446049250309876E-16, 1.000000000000000000 ) ) ;
#4354 = EDGE_CURVE ( 'NONE', #5999, #8, #10534, .T. ) ;
#4355 = EDGE_CURVE ( 'NONE', #7114, #6511, #9657, .T. ) ;
#4356 = ORIENTED_EDGE ( 'NONE', *, *, #1040, .F. ) ;
#4357 = PRESENTATION_STYLE_ASSIGNMENT (( #6813 ) ) ;
#4358 = STYLED_ITEM ( 'NONE', ( #5600 ), #9117 ) ;
#4359 = SURFACE_STYLE_USAGE ( .BOTH. , #8646 ) ;
#4360 = VECTOR ( 'NONE', #3010, 1000.000000000000000 ) ;
#4361 = SURFACE_STYLE_USAGE ( .BOTH. , #5986 ) ;
#4362 = ORIENTED_EDGE ( 'NONE', *, *, #3955, .T. ) ;
#4363 = SURFACE_STYLE_USAGE ( .BOTH. , #10110 ) ;
#4364 = DIRECTION ( 'NONE',  ( 0.000000000000000000, -1.000000000000000000, 2.220446049250309876E-16 ) ) ;
#4365 = CARTESIAN_POINT ( 'NONE',  ( -27.20302962540589675, 20.61451869865799935, 1.085000000011000720 ) ) ;
#4366 = DIRECTION ( 'NONE',  ( -1.000000000000000000, 0.000000000000000000, 0.000000000000000000 ) ) ;
#4367 =( NAMED_UNIT ( * ) PLANE_ANGLE_UNIT ( ) SI_UNIT ( $, .RADIAN. ) );
#4368 = ORIENTED_EDGE ( 'NONE', *, *, #10789, .F. ) ;
#4369 = FACE_OUTER_BOUND ( 'NONE', #3960, .T. ) ;
#4370 = ORIENTED_EDGE ( 'NONE', *, *, #6404, .F. ) ;
#4371 = ORIENTED_EDGE ( 'NONE', *, *, #6958, .F. ) ;
#4372 = ORIENTED_EDGE ( 'NONE', *, *, #1673, .T. ) ;
#4373 = STYLED_ITEM ( 'NONE', ( #5608 ), #10457 ) ;
#4374 = SURFACE_SIDE_STYLE ('',( #10230 ) ) ;
#4375 = PRESENTATION_STYLE_ASSIGNMENT (( #7586 ) ) ;
#4376 = UNCERTAINTY_MEASURE_WITH_UNIT (LENGTH_MEASURE( 1.000000000000000082E-05 ), #7795, 'distance_accuracy_value', 'NONE');
#4377 = MECHANICAL_DESIGN_GEOMETRIC_PRESENTATION_REPRESENTATION (  '', ( #8179 ), #1033 ) ;
#4378 = SURFACE_SIDE_STYLE ('',( #7641 ) ) ;
#4379 = UNCERTAINTY_MEASURE_WITH_UNIT (LENGTH_MEASURE( 1.000000000000000082E-05 ), #7456, 'distance_accuracy_value', 'NONE');
#4380 = FACE_BOUND ( 'NONE', #7961, .T. ) ;
#4381 = PRESENTATION_LAYER_ASSIGNMENT (  '', '', ( #9071 ) ) ;
#4382 = FACE_OUTER_BOUND ( 'NONE', #5578, .T. ) ;
#4383 = LINE ( 'NONE', #2865, #8273 ) ;
#4384 = CIRCLE ( 'NONE', #1391, 0.4800000000000012590 ) ;
#4385 = ADVANCED_FACE ( 'NONE', ( #2938, #2993 ), #8749, .T. ) ;
#4386 = DIRECTION ( 'NONE',  ( 0.000000000000000000, 2.220446049250309876E-16, 1.000000000000000000 ) ) ;
#4387 = DIRECTION ( 'NONE',  ( 0.000000000000000000, -2.220446049250309876E-16, -1.000000000000000000 ) ) ;
#4388 = ORIENTED_EDGE ( 'NONE', *, *, #1923, .F. ) ;
#4389 = CARTESIAN_POINT ( 'NONE',  ( -19.50302962540589746, 9.914518698658000062, 3.945000000010995045 ) ) ;
#4390 = ORIENTED_EDGE ( 'NONE', *, *, #227, .T. ) ;
#4391 = PRESENTATION_LAYER_ASSIGNMENT (  '', '', ( #8538 ) ) ;
#4392 = MECHANICAL_DESIGN_GEOMETRIC_PRESENTATION_REPRESENTATION (  '', ( #3034 ), #7689 ) ;
#4393 =( GEOMETRIC_REPRESENTATION_CONTEXT ( 3 ) GLOBAL_UNCERTAINTY_ASSIGNED_CONTEXT ( ( #3150 ) ) GLOBAL_UNIT_ASSIGNED_CONTEXT ( ( #5386, #3873, #9521 ) ) REPRESENTATION_CONTEXT ( 'NONE', 'WORKASPACE' ) );
#4394 = SURFACE_SIDE_STYLE ('',( #3580 ) ) ;
#4395 = CARTESIAN_POINT ( 'NONE',  ( -46.04026666726100103, 5.294518698657999956, 5.145000000010998775 ) ) ;
#4396 = FACE_OUTER_BOUND ( 'NONE', #2700, .T. ) ;
#4397 = FILL_AREA_STYLE_COLOUR ( '', #1889 ) ;
#4398 = AXIS2_PLACEMENT_3D ( 'NONE', #3734, #8004, #7050 ) ;
#4399 = PRESENTATION_LAYER_ASSIGNMENT (  '', '', ( #9088 ) ) ;
#4400 = CIRCLE ( 'NONE', #522, 2.000000000000000000 ) ;
#4401 = ORIENTED_EDGE ( 'NONE', *, *, #2886, .T. ) ;
#4402 = DIRECTION ( 'NONE',  ( -1.000000000000000000, 0.000000000000000000, -1.807003620809174878E-16 ) ) ;
#4403 = CIRCLE ( 'NONE', #10303, 2.299999999999999822 ) ;
#4404 = AXIS2_PLACEMENT_3D ( 'NONE', #7624, #10059, #220 ) ;
#4405 = SURFACE_SIDE_STYLE ('',( #4344 ) ) ;
#4406 = MECHANICAL_DESIGN_GEOMETRIC_PRESENTATION_REPRESENTATION (  '', ( #4923 ), #10647 ) ;
#4407 = CARTESIAN_POINT ( 'NONE',  ( -41.49026666726099677, 1.594518698657940048, 3.295000000010997354 ) ) ;
#4408 = CARTESIAN_POINT ( 'NONE',  ( 1.594999999999999973, 3.200000000000000178, 1.275000000000000133 ) ) ;
#4409 = ADVANCED_FACE ( 'NONE', ( #381 ), #9516, .F. ) ;
#4410 = ORIENTED_EDGE ( 'NONE', *, *, #2240, .T. ) ;
#4411 = STYLED_ITEM ( 'NONE', ( #4290 ), #6101 ) ;
#4412 = ADVANCED_FACE ( 'NONE', ( #2049 ), #5377, .F. ) ;
#4413 = CARTESIAN_POINT ( 'NONE',  ( -45.84026666726099819, 18.88451869865799893, 2.745000000010995755 ) ) ;
#4414 = AXIS2_PLACEMENT_3D ( 'NONE', #7454, #8449, #4331 ) ;
#4415 = AXIS2_PLACEMENT_3D ( 'NONE', #6507, #9652, #8949 ) ;
#4416 = ORIENTED_EDGE ( 'NONE', *, *, #3388, .F. ) ;
#4417 = DIRECTION ( 'NONE',  ( 1.000000000000000000, 4.440892098500630106E-16, 1.446364879034132372E-61 ) ) ;
#4418 = VERTEX_POINT ( 'NONE', #2499 ) ;
#4419 = VECTOR ( 'NONE', #1136, 1000.000000000000000 ) ;
#4420 = CIRCLE ( 'NONE', #7552, 1.600000000000000755 ) ;
#4421 = UNCERTAINTY_MEASURE_WITH_UNIT (LENGTH_MEASURE( 1.000000000000000082E-05 ), #6595, 'distance_accuracy_value', 'NONE');
#4422 = PLANE ( 'NONE',  #3372 ) ;
#4423 = FILL_AREA_STYLE ('',( #1058 ) ) ;
#4424 = EDGE_CURVE ( 'NONE', #6401, #3350, #10650, .T. ) ;
#4425 = CARTESIAN_POINT ( 'NONE',  ( -14.90026666726099869, 14.24042790316280005, 3.945000000010995045 ) ) ;
#4426 = CARTESIAN_POINT ( 'NONE',  ( -40.08771170588249788, 15.83451869865799821, 3.945000000010995045 ) ) ;
#4427 = DIRECTION ( 'NONE',  ( -1.000000000000000000, 0.000000000000000000, 0.000000000000000000 ) ) ;
#4428 = VERTEX_POINT ( 'NONE', #10701 ) ;
#4429 = AXIS2_PLACEMENT_3D ( 'NONE', #3895, #9698, #2295 ) ;
#4430 = SURFACE_SIDE_STYLE ('',( #6991 ) ) ;
#4431 = ORIENTED_EDGE ( 'NONE', *, *, #332, .F. ) ;
#4432 = ORIENTED_EDGE ( 'NONE', *, *, #7955, .F. ) ;
#4433 = ORIENTED_EDGE ( 'NONE', *, *, #7857, .T. ) ;
#4434 = EDGE_CURVE ( 'NONE', #3350, #10514, #10466, .T. ) ;
#4435 = PRESENTATION_STYLE_ASSIGNMENT (( #6174 ) ) ;
#4436 = DIRECTION ( 'NONE',  ( 0.000000000000000000, 1.000000000000000000, 0.000000000000000000 ) ) ;
#4437 = PRESENTATION_STYLE_ASSIGNMENT (( #3459 ) ) ;
#4438 = LINE ( 'NONE', #3740, #354 ) ;
#4439 = CARTESIAN_POINT ( 'NONE',  ( -46.24026666726099677, 4.394518698657940980, 5.135000000010998988 ) ) ;
#4440 = ORIENTED_EDGE ( 'NONE', *, *, #2398, .F. ) ;
#4441 = CARTESIAN_POINT ( 'NONE',  ( -21.74029191166209785, 0.2731217296590396360, 2.145000000010999663 ) ) ;
#4442 = UNCERTAINTY_MEASURE_WITH_UNIT (LENGTH_MEASURE( 1.000000000000000082E-05 ), #5546, 'distance_accuracy_value', 'NONE');
#4443 = MECHANICAL_DESIGN_GEOMETRIC_PRESENTATION_REPRESENTATION (  '', ( #4087 ), #6710 ) ;
#4444 = ORIENTED_EDGE ( 'NONE', *, *, #3499, .F. ) ;
#4445 = EDGE_CURVE ( 'NONE', #4980, #4991, #4068, .T. ) ;
#4446 = PRESENTATION_LAYER_ASSIGNMENT (  '', '', ( #9487 ) ) ;
#4447 = FILL_AREA_STYLE_COLOUR ( '', #3838 ) ;
#4448 = CARTESIAN_POINT ( 'NONE',  ( -22.88026666726100089, 10.29451869865800084, 5.145000000010998775 ) ) ;
#4449 = CARTESIAN_POINT ( 'NONE',  ( -4.405000000000000249, 3.000000000000000000, -0.6250000000000000000 ) ) ;
#4450 = CARTESIAN_POINT ( 'NONE',  ( -15.74029191166209962, 2.755277039305740416, 3.945000000010995045 ) ) ;
#4451 = SURFACE_STYLE_USAGE ( .BOTH. , #7720 ) ;
#4452 = FACE_OUTER_BOUND ( 'NONE', #8566, .T. ) ;
#4453 = DIRECTION ( 'NONE',  ( 0.000000000000000000, -1.000000000000000000, 2.220446049250309876E-16 ) ) ;
#4454 = ORIENTED_EDGE ( 'NONE', *, *, #8306, .F. ) ;
#4455 = PRESENTATION_STYLE_ASSIGNMENT (( #5266 ) ) ;
#4456 = DIRECTION ( 'NONE',  ( 1.000000000000000000, 0.000000000000000000, 0.000000000000000000 ) ) ;
#4457 = CARTESIAN_POINT ( 'NONE',  ( -14.90026666726099869, 9.160427903162849717, 5.135000000010998988 ) ) ;
#4458 =( LENGTH_UNIT ( ) NAMED_UNIT ( * ) SI_UNIT ( .MILLI., .METRE. ) );
#4459 = ORIENTED_EDGE ( 'NONE', *, *, #1205, .T. ) ;
#4460 = VECTOR ( 'NONE', #73, 1000.000000000000000 ) ;
#4461 =( NAMED_UNIT ( * ) PLANE_ANGLE_UNIT ( ) SI_UNIT ( $, .RADIAN. ) );
#4462 = ORIENTED_EDGE ( 'NONE', *, *, #9075, .T. ) ;
#4463 =( LENGTH_UNIT ( ) NAMED_UNIT ( * ) SI_UNIT ( .MILLI., .METRE. ) );
#4464 = LINE ( 'NONE', #8527, #5449 ) ;
#4465 = UNCERTAINTY_MEASURE_WITH_UNIT (LENGTH_MEASURE( 1.000000000000000082E-05 ), #6692, 'distance_accuracy_value', 'NONE');
#4466 = ORIENTED_EDGE ( 'NONE', *, *, #10007, .F. ) ;
#4467 = COLOUR_RGB ( '',1.000000000000000000, 0.9568627450980391469, 0.8862745098039215286 ) ;
#4468 = EDGE_CURVE ( 'NONE', #7220, #7359, #10808, .T. ) ;
#4469 = DIRECTION ( 'NONE',  ( 0.000000000000000000, 1.000000000000000000, 0.000000000000000000 ) ) ;
#4470 = EDGE_CURVE ( 'NONE', #6531, #6529, #4878, .T. ) ;
#4471 =( LENGTH_UNIT ( ) NAMED_UNIT ( * ) SI_UNIT ( .MILLI., .METRE. ) );
#4472 = COLOUR_RGB ( '',1.000000000000000000, 0.8078431372549019773, 0.4980392156862745168 ) ;
#4473 = SURFACE_SIDE_STYLE ('',( #8536 ) ) ;
#4474 = FACE_OUTER_BOUND ( 'NONE', #9370, .T. ) ;
#4475 = ORIENTED_EDGE ( 'NONE', *, *, #6560, .T. ) ;
#4476 = VECTOR ( 'NONE', #1761, 1000.000000000000000 ) ;
#4477 = FILL_AREA_STYLE_COLOUR ( '', #1143 ) ;
#4478 = ORIENTED_EDGE ( 'NONE', *, *, #7922, .T. ) ;
#4479 = EDGE_CURVE ( 'NONE', #8389, #7945, #4998, .T. ) ;
#4480 = EDGE_LOOP ( 'NONE', ( #4491, #10686, #1614, #9300 ) ) ;
#4481 = ORIENTED_EDGE ( 'NONE', *, *, #8788, .F. ) ;
#4482 = FACE_BOUND ( 'NONE', #8316, .T. ) ;
#4483 = SURFACE_STYLE_FILL_AREA ( #7808 ) ;
#4484 = UNCERTAINTY_MEASURE_WITH_UNIT (LENGTH_MEASURE( 1.000000000000000082E-05 ), #10270, 'distance_accuracy_value', 'NONE');
#4485 = STYLED_ITEM ( 'NONE', ( #1078 ), #1175 ) ;
#4486 = UNCERTAINTY_MEASURE_WITH_UNIT (LENGTH_MEASURE( 1.000000000000000082E-05 ), #6733, 'distance_accuracy_value', 'NONE');
#4487 = CARTESIAN_POINT ( 'NONE',  ( -21.74029191166209785, 2.773121729659039580, 2.145000000010999219 ) ) ;
#4488 = FACE_BOUND ( 'NONE', #4661, .T. ) ;
#4489 = CARTESIAN_POINT ( 'NONE',  ( -45.84026666726099819, 18.63451869865799893, 3.545000000010997798 ) ) ;
#4490 = CARTESIAN_POINT ( 'NONE',  ( -39.54026666726100103, 9.294518698657999067, 5.145000000010998775 ) ) ;
#4491 = ORIENTED_EDGE ( 'NONE', *, *, #1630, .F. ) ;
#4492 =( LENGTH_UNIT ( ) NAMED_UNIT ( * ) SI_UNIT ( .MILLI., .METRE. ) );
#4493 = ORIENTED_EDGE ( 'NONE', *, *, #772, .F. ) ;
#4494 = FACE_OUTER_BOUND ( 'NONE', #6123, .T. ) ;
#4495 = SURFACE_SIDE_STYLE ('',( #8404 ) ) ;
#4496 = AXIS2_PLACEMENT_3D ( 'NONE', #6341, #1394, #567 ) ;
#4497 = DIRECTION ( 'NONE',  ( 0.000000000000000000, 0.000000000000000000, 1.000000000000000000 ) ) ;
#4498 = LINE ( 'NONE', #9451, #5389 ) ;
#4499 = SURFACE_STYLE_USAGE ( .BOTH. , #6360 ) ;
#4500 = SURFACE_SIDE_STYLE ('',( #3753 ) ) ;
#4501 = DIRECTION ( 'NONE',  ( 1.000000000000000000, 0.000000000000000000, 0.000000000000000000 ) ) ;
#4502 =( NAMED_UNIT ( * ) PLANE_ANGLE_UNIT ( ) SI_UNIT ( $, .RADIAN. ) );
#4503 = ORIENTED_EDGE ( 'NONE', *, *, #155, .F. ) ;
#4504 = PRESENTATION_STYLE_ASSIGNMENT (( #7832 ) ) ;
#4505 = PLANE ( 'NONE',  #2816 ) ;
#4506 = AXIS2_PLACEMENT_3D ( 'NONE', #8309, #9203, #2343 ) ;
#4507 =( LENGTH_UNIT ( ) NAMED_UNIT ( * ) SI_UNIT ( .MILLI., .METRE. ) );
#4508 = FILL_AREA_STYLE ('',( #10633 ) ) ;
#4509 = DIRECTION ( 'NONE',  ( -1.000000000000000000, 0.000000000000000000, 0.000000000000000000 ) ) ;
#4510 = SURFACE_SIDE_STYLE ('',( #7836 ) ) ;
#4511 = PRESENTATION_LAYER_ASSIGNMENT (  '', '', ( #2431 ) ) ;
#4512 = VERTEX_POINT ( 'NONE', #590 ) ;
#4513 = AXIS2_PLACEMENT_3D ( 'NONE', #5061, #888, #10157 ) ;
#4514 = LINE ( 'NONE', #10448, #151 ) ;
#4515 = CARTESIAN_POINT ( 'NONE',  ( -14.90026666726099869, 16.78042790316279920, 5.135000000010998988 ) ) ;
#4516 = ADVANCED_FACE ( 'NONE', ( #816 ), #3317, .F. ) ;
#4517 = EDGE_LOOP ( 'NONE', ( #7502, #518, #9993, #5870 ) ) ;
#4518 = APPLICATION_PROTOCOL_DEFINITION ( 'draft international standard', 'automotive_design', 1998, #6484 ) ;
#4519 =( NAMED_UNIT ( * ) SI_UNIT ( $, .STERADIAN. ) SOLID_ANGLE_UNIT ( ) );
#4520 = ORIENTED_EDGE ( 'NONE', *, *, #5599, .F. ) ;
#4521 = VECTOR ( 'NONE', #8082, 1000.000000000000000 ) ;
#4522 = PRESENTATION_LAYER_ASSIGNMENT (  '', '', ( #9219 ) ) ;
#4523 = UNCERTAINTY_MEASURE_WITH_UNIT (LENGTH_MEASURE( 1.000000000000000082E-05 ), #2337, 'distance_accuracy_value', 'NONE');
#4524 = LINE ( 'NONE', #393, #2304 ) ;
#4525 = FILL_AREA_STYLE ('',( #9421 ) ) ;
#4526 = CARTESIAN_POINT ( 'NONE',  ( -48.84026666726100530, 26.27451869865799949, 1.085000000011000720 ) ) ;
#4527 = PLANE ( 'NONE',  #1378 ) ;
#4528 = PRESENTATION_STYLE_ASSIGNMENT (( #1950 ) ) ;
#4529 = ORIENTED_EDGE ( 'NONE', *, *, #5734, .F. ) ;
#4530 = ADVANCED_FACE ( 'NONE', ( #4352 ), #100, .F. ) ;
#4531 = EDGE_CURVE ( 'NONE', #1477, #2056, #1692, .T. ) ;
#4532 = SURFACE_STYLE_USAGE ( .BOTH. , #4430 ) ;
#4533 = ORIENTED_EDGE ( 'NONE', *, *, #638, .F. ) ;
#4534 = VERTEX_POINT ( 'NONE', #7386 ) ;
#4535 = ORIENTED_EDGE ( 'NONE', *, *, #3027, .F. ) ;
#4536 = COLOUR_RGB ( '',1.000000000000000000, 0.9568627450980391469, 0.8862745098039215286 ) ;
#4537 = DIRECTION ( 'NONE',  ( 0.000000000000000000, 2.220446049250309876E-16, 1.000000000000000000 ) ) ;
#4538 = DIRECTION ( 'NONE',  ( 0.000000000000000000, -2.220446049250309876E-16, -1.000000000000000000 ) ) ;
#4539 = LINE ( 'NONE', #2914, #3219 ) ;
#4540 = LINE ( 'NONE', #346, #7610 ) ;
#4541 = CARTESIAN_POINT ( 'NONE',  ( -45.84026666726099819, 18.63451869865799893, 2.620000000010995311 ) ) ;
#4542 = PRESENTATION_STYLE_ASSIGNMENT (( #1189 ) ) ;
#4543 = EDGE_CURVE ( 'NONE', #7777, #10506, #1921, .T. ) ;
#4544 = ADVANCED_FACE ( 'NONE', ( #3312 ), #9187, .F. ) ;
#4545 = CARTESIAN_POINT ( 'NONE',  ( -19.90302962540589959, 10.21451869865800077, 3.345000000010998953 ) ) ;
#4546 = LINE ( 'NONE', #9601, #718 ) ;
#4547 = ORIENTED_EDGE ( 'NONE', *, *, #8064, .F. ) ;
#4548 =( GEOMETRIC_REPRESENTATION_CONTEXT ( 3 ) GLOBAL_UNCERTAINTY_ASSIGNED_CONTEXT ( ( #6214 ) ) GLOBAL_UNIT_ASSIGNED_CONTEXT ( ( #8023, #4716, #8284 ) ) REPRESENTATION_CONTEXT ( 'NONE', 'WORKASPACE' ) );
#4549 = CARTESIAN_POINT ( 'NONE',  ( 1.594999999999999973, 5.299999999999999822, 1.275000000000000133 ) ) ;
#4550 = ORIENTED_EDGE ( 'NONE', *, *, #8809, .F. ) ;
#4551 = DIRECTION ( 'NONE',  ( 0.000000000000000000, -1.000000000000000000, 2.220446049250309876E-16 ) ) ;
#4552 =( NAMED_UNIT ( * ) PLANE_ANGLE_UNIT ( ) SI_UNIT ( $, .RADIAN. ) );
#4553 = CIRCLE ( 'NONE', #9061, 0.9999999999999991118 ) ;
#4554 = LINE ( 'NONE', #297, #8755 ) ;
#4555 =( NAMED_UNIT ( * ) SI_UNIT ( $, .STERADIAN. ) SOLID_ANGLE_UNIT ( ) );
#4556 = MECHANICAL_DESIGN_GEOMETRIC_PRESENTATION_REPRESENTATION (  '', ( #7168 ), #2460 ) ;
#4557 = EDGE_CURVE ( 'NONE', #4610, #6280, #5046, .T. ) ;
#4558 = LINE ( 'NONE', #471, #2439 ) ;
#4559 = PLANE ( 'NONE',  #8746 ) ;
#4560 = CARTESIAN_POINT ( 'NONE',  ( 1.594999999999999973, 5.299999999999999822, -0.6250000000000000000 ) ) ;
#4561 = CARTESIAN_POINT ( 'NONE',  ( -14.90026666726099869, 14.24042790316280005, 3.955000000010998384 ) ) ;
#4562 = PRESENTATION_STYLE_ASSIGNMENT (( #2163 ) ) ;
#4563 = MECHANICAL_DESIGN_GEOMETRIC_PRESENTATION_REPRESENTATION (  '', ( #2109 ), #2638 ) ;
#4564 = ORIENTED_EDGE ( 'NONE', *, *, #4191, .F. ) ;
#4565 =( GEOMETRIC_REPRESENTATION_CONTEXT ( 3 ) GLOBAL_UNCERTAINTY_ASSIGNED_CONTEXT ( ( #790 ) ) GLOBAL_UNIT_ASSIGNED_CONTEXT ( ( #293, #576, #4152 ) ) REPRESENTATION_CONTEXT ( 'NONE', 'WORKASPACE' ) );
#4566 = FILL_AREA_STYLE_COLOUR ( '', #9241 ) ;
#4567 = COLOUR_RGB ( '',1.000000000000000000, 0.9568627450980391469, 0.8862745098039215286 ) ;
#4568 = CYLINDRICAL_SURFACE ( 'NONE', #8282, 0.1999999999999987899 ) ;
#4569 = CIRCLE ( 'NONE', #4034, 0.4799999999999995381 ) ;
#4570 = CARTESIAN_POINT ( 'NONE',  ( -41.53771170588249362, 16.83451869865799821, 3.745000000010996644 ) ) ;
#4571 = EDGE_CURVE ( 'NONE', #7112, #9757, #5816, .T. ) ;
#4572 =( GEOMETRIC_REPRESENTATION_CONTEXT ( 3 ) GLOBAL_UNCERTAINTY_ASSIGNED_CONTEXT ( ( #10281 ) ) GLOBAL_UNIT_ASSIGNED_CONTEXT ( ( #8737, #9617, #5261 ) ) REPRESENTATION_CONTEXT ( 'NONE', 'WORKASPACE' ) );
#4573 = STYLED_ITEM ( 'NONE', ( #9561 ), #7076 ) ;
#4574 =( NAMED_UNIT ( * ) SI_UNIT ( $, .STERADIAN. ) SOLID_ANGLE_UNIT ( ) );
#4575 = ORIENTED_EDGE ( 'NONE', *, *, #1458, .F. ) ;
#4576 = LINE ( 'NONE', #9629, #10476 ) ;
#4577 = LINE ( 'NONE', #3764, #983 ) ;
#4578 = TOROIDAL_SURFACE ( 'NONE', #7352, 2.299999999999999822, 0.2000000000000000111 ) ;
#4579 = ORIENTED_EDGE ( 'NONE', *, *, #5602, .T. ) ;
#4580 = PRODUCT_CONTEXT ( 'NONE', #1586, 'mechanical' ) ;
#4581 = FILL_AREA_STYLE ('',( #442 ) ) ;
#4582 =( GEOMETRIC_REPRESENTATION_CONTEXT ( 3 ) GLOBAL_UNCERTAINTY_ASSIGNED_CONTEXT ( ( #7040 ) ) GLOBAL_UNIT_ASSIGNED_CONTEXT ( ( #3911, #2162, #688 ) ) REPRESENTATION_CONTEXT ( 'NONE', 'WORKASPACE' ) );
#4583 = UNCERTAINTY_MEASURE_WITH_UNIT (LENGTH_MEASURE( 1.000000000000000082E-05 ), #6945, 'distance_accuracy_value', 'NONE');
#4584 = PRESENTATION_LAYER_ASSIGNMENT (  '', '', ( #2665 ) ) ;
#4585 = PLANE ( 'NONE',  #5586 ) ;
#4586 = CARTESIAN_POINT ( 'NONE',  ( -19.90302962540589959, 16.21451869865800077, 3.345000000010998953 ) ) ;
#4587 = CARTESIAN_POINT ( 'NONE',  ( -14.90026666726099869, 10.16042790316284972, 3.955000000010998384 ) ) ;
#4588 = AXIS2_PLACEMENT_3D ( 'NONE', #6803, #4456, #8579 ) ;
#4589 = STYLED_ITEM ( 'NONE', ( #61 ), #5173 ) ;
#4590 = CYLINDRICAL_SURFACE ( 'NONE', #2177, 0.1999999999999987899 ) ;
#4591 = CYLINDRICAL_SURFACE ( 'NONE', #1508, 2.000000000000001776 ) ;
#4592 = DIRECTION ( 'NONE',  ( 0.000000000000000000, -1.000000000000000000, 0.000000000000000000 ) ) ;
#4593 =( GEOMETRIC_REPRESENTATION_CONTEXT ( 3 ) GLOBAL_UNCERTAINTY_ASSIGNED_CONTEXT ( ( #8701 ) ) GLOBAL_UNIT_ASSIGNED_CONTEXT ( ( #10147, #2213, #2978 ) ) REPRESENTATION_CONTEXT ( 'NONE', 'WORKASPACE' ) );
#4594 = CARTESIAN_POINT ( 'NONE',  ( -28.67854998418979662, 4.514518698657940199, 3.945000000010995045 ) ) ;
#4595 = COLOUR_RGB ( '',0.07058823529411764608, 0.07058823529411764608, 0.07058823529411764608 ) ;
#4596 = ORIENTED_EDGE ( 'NONE', *, *, #2263, .T. ) ;
#4598 = UNCERTAINTY_MEASURE_WITH_UNIT (LENGTH_MEASURE( 1.000000000000000082E-05 ), #2212, 'distance_accuracy_value', 'NONE');
#4597 = PRESENTATION_LAYER_ASSIGNMENT (  '', '', ( #374 ) ) ;
#4599 = ORIENTED_EDGE ( 'NONE', *, *, #7427, .F. ) ;
#4600 = AXIS2_PLACEMENT_3D ( 'NONE', #8679, #9448, #10143 ) ;
#4601 = ORIENTED_EDGE ( 'NONE', *, *, #8345, .T. ) ;
#4602 = SURFACE_SIDE_STYLE ('',( #4694 ) ) ;
#4603 = FACE_OUTER_BOUND ( 'NONE', #3183, .T. ) ;
#4604 = CYLINDRICAL_SURFACE ( 'NONE', #1713, 0.9999999999999991118 ) ;
#4605 = CARTESIAN_POINT ( 'NONE',  ( -21.74029191166209785, 2.773121729659039580, 2.145000000010999219 ) ) ;
#4606 = UNCERTAINTY_MEASURE_WITH_UNIT (LENGTH_MEASURE( 1.000000000000000082E-05 ), #10594, 'distance_accuracy_value', 'NONE');
#4607 = CIRCLE ( 'NONE', #8410, 1.000000000000000888 ) ;
#4608 = PRESENTATION_STYLE_ASSIGNMENT (( #5575 ) ) ;
#4609 = PRESENTATION_STYLE_ASSIGNMENT (( #9441 ) ) ;
#4610 = VERTEX_POINT ( 'NONE', #6690 ) ;
#4611 = SURFACE_STYLE_USAGE ( .BOTH. , #4705 ) ;
#4612 = ORIENTED_EDGE ( 'NONE', *, *, #3955, .F. ) ;
#4613 = DIRECTION ( 'NONE',  ( 0.000000000000000000, 1.000000000000000000, -4.336808689942013792E-16 ) ) ;
#4614 = ADVANCED_FACE ( 'NONE', ( #4873 ), #4994, .T. ) ;
#4615 = DIRECTION ( 'NONE',  ( 1.000000000000000000, 0.000000000000000000, 0.000000000000000000 ) ) ;
#4616 =( REPRESENTATION_RELATIONSHIP ('NONE','NONE', #910, #8424 ) REPRESENTATION_RELATIONSHIP_WITH_TRANSFORMATION ( #7087 )SHAPE_REPRESENTATION_RELATIONSHIP( ) );
#4617 = PRESENTATION_STYLE_ASSIGNMENT (( #7063 ) ) ;
#4618 = EDGE_CURVE ( 'NONE', #8822, #2753, #6577, .T. ) ;
#4619 = LINE ( 'NONE', #3689, #5971 ) ;
#4620 = PRESENTATION_STYLE_ASSIGNMENT (( #2036 ) ) ;
#4621 = PRESENTATION_STYLE_ASSIGNMENT (( #139 ) ) ;
#4622 = DIRECTION ( 'NONE',  ( 0.000000000000000000, 2.220446049250309876E-16, 1.000000000000000000 ) ) ;
#4623 =( LENGTH_UNIT ( ) NAMED_UNIT ( * ) SI_UNIT ( .MILLI., .METRE. ) );
#4624 = FILL_AREA_STYLE ('',( #8683 ) ) ;
#4625 = ORIENTED_EDGE ( 'NONE', *, *, #9314, .T. ) ;
#4626 = SURFACE_SIDE_STYLE ('',( #2165 ) ) ;
#4627 = EDGE_CURVE ( 'NONE', #6982, #8276, #3747, .T. ) ;
#4628 = UNCERTAINTY_MEASURE_WITH_UNIT (LENGTH_MEASURE( 1.000000000000000082E-05 ), #8769, 'distance_accuracy_value', 'NONE');
#4629 = CARTESIAN_POINT ( 'NONE',  ( -15.74029191166209962, 23.09527703930579889, 3.945000000010995045 ) ) ;
#4630 = AXIS2_PLACEMENT_3D ( 'NONE', #5832, #9148, #719 ) ;
#4631 = FACE_OUTER_BOUND ( 'NONE', #8860, .T. ) ;
#4632 = DIRECTION ( 'NONE',  ( 0.000000000000000000, -1.000000000000000000, 0.000000000000000000 ) ) ;
#4633 = ORIENTED_EDGE ( 'NONE', *, *, #10543, .F. ) ;
#4634 = DIRECTION ( 'NONE',  ( 0.000000000000000000, -1.000000000000000000, 0.000000000000000000 ) ) ;
#4635 = CARTESIAN_POINT ( 'NONE',  ( -22.88026666726100089, 20.29451869865799551, 5.135000000010998988 ) ) ;
#4636 =( GEOMETRIC_REPRESENTATION_CONTEXT ( 3 ) GLOBAL_UNCERTAINTY_ASSIGNED_CONTEXT ( ( #6368 ) ) GLOBAL_UNIT_ASSIGNED_CONTEXT ( ( #3799, #4502, #7918 ) ) REPRESENTATION_CONTEXT ( 'NONE', 'WORKASPACE' ) );
#4637 = ORIENTED_EDGE ( 'NONE', *, *, #8954, .T. ) ;
#4638 = CARTESIAN_POINT ( 'NONE',  ( -46.04026666726100103, 20.29451869865799551, 5.135000000010998988 ) ) ;
#4639 = ADVANCED_FACE ( 'NONE', ( #7821 ), #9285, .F. ) ;
#4640 = AXIS2_PLACEMENT_3D ( 'NONE', #3796, #2980, #10495 ) ;
#4641 = DIRECTION ( 'NONE',  ( 0.000000000000000000, 1.000000000000000000, -2.220446049250309876E-16 ) ) ;
#4642 = FILL_AREA_STYLE ('',( #500 ) ) ;
#4643 = DIRECTION ( 'NONE',  ( 0.000000000000000000, -2.220446049250309876E-16, -1.000000000000000000 ) ) ;
#4644 = ORIENTED_EDGE ( 'NONE', *, *, #9877, .F. ) ;
#4645 = AXIS2_PLACEMENT_3D ( 'NONE', #6520, #9824, #2373 ) ;
#4646 = EDGE_CURVE ( 'NONE', #3081, #9769, #4897, .T. ) ;
#4647 = ORIENTED_EDGE ( 'NONE', *, *, #7242, .T. ) ;
#4648 = ORIENTED_EDGE ( 'NONE', *, *, #3823, .F. ) ;
#4649 = SURFACE_STYLE_FILL_AREA ( #8879 ) ;
#4650 = LINE ( 'NONE', #7948, #599 ) ;
#4651 = CARTESIAN_POINT ( 'NONE',  ( -21.50302962540590102, 8.714518698658000773, 3.545000000010997798 ) ) ;
#4652 =( NAMED_UNIT ( * ) SI_UNIT ( $, .STERADIAN. ) SOLID_ANGLE_UNIT ( ) );
#4653 = CIRCLE ( 'NONE', #5160, 0.9999999999999991118 ) ;
#4654 = SURFACE_STYLE_USAGE ( .BOTH. , #4896 ) ;
#4655 =( LENGTH_UNIT ( ) NAMED_UNIT ( * ) SI_UNIT ( .MILLI., .METRE. ) );
#4656 = FILL_AREA_STYLE_COLOUR ( '', #5807 ) ;
#4657 = MECHANICAL_DESIGN_GEOMETRIC_PRESENTATION_REPRESENTATION (  '', ( #9333 ), #6920 ) ;
#4658 = VERTEX_POINT ( 'NONE', #3632 ) ;
#4659 = MECHANICAL_DESIGN_GEOMETRIC_PRESENTATION_REPRESENTATION (  '', ( #5521 ), #9854 ) ;
#4660 = ORIENTED_EDGE ( 'NONE', *, *, #8497, .T. ) ;
#4661 = EDGE_LOOP ( 'NONE', ( #8631, #5607, #4368, #3129 ) ) ;
#4662 = DIRECTION ( 'NONE',  ( 1.668003342285389825E-16, 0.000000000000000000, 1.000000000000000000 ) ) ;
#4663 = VECTOR ( 'NONE', #6805, 999.9999999999998863 ) ;
#4664 = CARTESIAN_POINT ( 'NONE',  ( -19.20302962540590030, 14.51451869865799971, 3.945000000010995045 ) ) ;
#4665 = PRESENTATION_LAYER_ASSIGNMENT (  '', '', ( #8292 ) ) ;
#4666 = CARTESIAN_POINT ( 'NONE',  ( -14.90026666726099869, 9.160427903162849717, 3.955000000010998384 ) ) ;
#4667 = SURFACE_STYLE_FILL_AREA ( #6194 ) ;
#4668 = DIRECTION ( 'NONE',  ( -1.084202172485499873E-16, 1.000000000000000000, 0.000000000000000000 ) ) ;
#4669 = VERTEX_POINT ( 'NONE', #5195 ) ;
#4670 = EDGE_CURVE ( 'NONE', #6812, #9484, #6186, .T. ) ;
#4671 =( LENGTH_UNIT ( ) NAMED_UNIT ( * ) SI_UNIT ( .MILLI., .METRE. ) );
#4672 = EDGE_CURVE ( 'NONE', #7210, #4841, #1978, .T. ) ;
#4673 = DIRECTION ( 'NONE',  ( -1.000000000000000000, 0.000000000000000000, 0.000000000000000000 ) ) ;
#4674 =( NAMED_UNIT ( * ) PLANE_ANGLE_UNIT ( ) SI_UNIT ( $, .RADIAN. ) );
#4675 = AXIS2_PLACEMENT_3D ( 'NONE', #10677, #3236, #9857 ) ;
#4676 = FACE_OUTER_BOUND ( 'NONE', #4979, .T. ) ;
#4677 = FILL_AREA_STYLE ('',( #9569 ) ) ;
#4678 = ORIENTED_EDGE ( 'NONE', *, *, #5398, .T. ) ;
#4679 = EDGE_CURVE ( 'NONE', #2838, #6666, #2030, .T. ) ;
#4680 = ORIENTED_EDGE ( 'NONE', *, *, #8247, .T. ) ;
#4681 = PRODUCT_DEFINITION_SHAPE ( 'NONE', 'NONE',  #10831 ) ;
#4682 = LINE ( 'NONE', #3874, #6500 ) ;
#4683 = VECTOR ( 'NONE', #1160, 1000.000000000000000 ) ;
#4684 = PRESENTATION_STYLE_ASSIGNMENT (( #1330 ) ) ;
#4685 =( LENGTH_UNIT ( ) NAMED_UNIT ( * ) SI_UNIT ( .MILLI., .METRE. ) );
#4686 = DIRECTION ( 'NONE',  ( 0.000000000000000000, 2.220446049250309876E-16, 1.000000000000000000 ) ) ;
#4687 = EDGE_CURVE ( 'NONE', #4234, #6401, #7516, .T. ) ;
#4688 = CARTESIAN_POINT ( 'NONE',  ( -14.90026666726099869, 12.70042790316279913, 5.135000000010998988 ) ) ;
#4689 = ORIENTED_EDGE ( 'NONE', *, *, #3876, .T. ) ;
#4690 = COLOUR_RGB ( '',1.000000000000000000, 0.9568627450980391469, 0.8862745098039215286 ) ;
#4691 = COLOUR_RGB ( '',1.000000000000000000, 0.9568627450980391469, 0.8862745098039215286 ) ;
#4692 =( GEOMETRIC_REPRESENTATION_CONTEXT ( 3 ) GLOBAL_UNCERTAINTY_ASSIGNED_CONTEXT ( ( #1905 ) ) GLOBAL_UNIT_ASSIGNED_CONTEXT ( ( #8572, #5259, #6856 ) ) REPRESENTATION_CONTEXT ( 'NONE', 'WORKASPACE' ) );
#4693 = EDGE_LOOP ( 'NONE', ( #3844, #6867, #1976, #2577 ) ) ;
#4694 = SURFACE_STYLE_FILL_AREA ( #5625 ) ;
#4695 = PRESENTATION_STYLE_ASSIGNMENT (( #3072 ) ) ;
#4696 = AXIS2_PLACEMENT_3D ( 'NONE', #2876, #5201, #10252 ) ;
#4697 = STYLED_ITEM ( 'NONE', ( #7771 ), #9670 ) ;
#4698 = ADVANCED_FACE ( 'NONE', ( #4494 ), #3523, .F. ) ;
#4699 = PRESENTATION_LAYER_ASSIGNMENT (  '', '', ( #1890 ) ) ;
#4700 =( NAMED_UNIT ( * ) PLANE_ANGLE_UNIT ( ) SI_UNIT ( $, .RADIAN. ) );
#4701 = CYLINDRICAL_SURFACE ( 'NONE', #7037, 0.4800000000000012590 ) ;
#4702 = CYLINDRICAL_SURFACE ( 'NONE', #6332, 0.1999999999999996503 ) ;
#4703 = EDGE_LOOP ( 'NONE', ( #6547, #3503, #69, #3858 ) ) ;
#4704 = CARTESIAN_POINT ( 'NONE',  ( -4.405000000000000249, 3.200000000000000178, 1.275000000000000133 ) ) ;
#4705 = SURFACE_SIDE_STYLE ('',( #8722 ) ) ;
#4706 = ORIENTED_EDGE ( 'NONE', *, *, #1859, .F. ) ;
#4707 = VECTOR ( 'NONE', #546, 1000.000000000000000 ) ;
#4708 = EDGE_LOOP ( 'NONE', ( #8875, #2567, #8301, #7676 ) ) ;
#4709 = SURFACE_SIDE_STYLE ('',( #1353 ) ) ;
#4710 =( GEOMETRIC_REPRESENTATION_CONTEXT ( 3 ) GLOBAL_UNCERTAINTY_ASSIGNED_CONTEXT ( ( #8612 ) ) GLOBAL_UNIT_ASSIGNED_CONTEXT ( ( #9046, #4972, #10015 ) ) REPRESENTATION_CONTEXT ( 'NONE', 'WORKASPACE' ) );
#4711 = LINE ( 'NONE', #7271, #2475 ) ;
#4712 = FILL_AREA_STYLE_COLOUR ( '', #10718 ) ;
#4713 = EDGE_CURVE ( 'NONE', #8, #6784, #1355, .T. ) ;
#4714 = PLANE ( 'NONE',  #1428 ) ;
#4715 = DIRECTION ( 'NONE',  ( 0.000000000000000000, 2.220446049250309876E-16, 1.000000000000000000 ) ) ;
#4716 =( NAMED_UNIT ( * ) PLANE_ANGLE_UNIT ( ) SI_UNIT ( $, .RADIAN. ) );
#4717 = MECHANICAL_DESIGN_GEOMETRIC_PRESENTATION_REPRESENTATION (  '', ( #9917 ), #2809 ) ;
#4718 = DIRECTION ( 'NONE',  ( 0.000000000000000000, 0.000000000000000000, 1.000000000000000000 ) ) ;
#4719 = LINE ( 'NONE', #1207, #3066 ) ;
#4720 = ORIENTED_EDGE ( 'NONE', *, *, #2701, .F. ) ;
#4721 = UNCERTAINTY_MEASURE_WITH_UNIT (LENGTH_MEASURE( 1.000000000000000082E-05 ), #7784, 'distance_accuracy_value', 'NONE');
#4722 = MECHANICAL_DESIGN_GEOMETRIC_PRESENTATION_REPRESENTATION (  '', ( #4886 ), #10625 ) ;
#4723 = DIRECTION ( 'NONE',  ( 0.000000000000000000, 2.220446049250309876E-16, 1.000000000000000000 ) ) ;
#4724 = DIRECTION ( 'NONE',  ( 0.000000000000000000, -1.000000000000000000, 4.336808689942017736E-16 ) ) ;
#4725 =( NAMED_UNIT ( * ) PLANE_ANGLE_UNIT ( ) SI_UNIT ( $, .RADIAN. ) );
#4726 = DIRECTION ( 'NONE',  ( 0.000000000000000000, 2.220446049250309876E-16, 1.000000000000000000 ) ) ;
#4727 = ORIENTED_EDGE ( 'NONE', *, *, #783, .T. ) ;
#4728 = SURFACE_STYLE_USAGE ( .BOTH. , #3057 ) ;
#4729 = VECTOR ( 'NONE', #5637, 1000.000000000000000 ) ;
#4730 = VERTEX_POINT ( 'NONE', #9761 ) ;
#4731 = ORIENTED_EDGE ( 'NONE', *, *, #6703, .T. ) ;
#4732 = FACE_OUTER_BOUND ( 'NONE', #8874, .T. ) ;
#4733 = AXIS2_PLACEMENT_3D ( 'NONE', #8621, #1144, #5255 ) ;
#4734 = VECTOR ( 'NONE', #10395, 1000.000000000000000 ) ;
#4735 = VECTOR ( 'NONE', #9770, 1000.000000000000000 ) ;
#4736 =( LENGTH_UNIT ( ) NAMED_UNIT ( * ) SI_UNIT ( .MILLI., .METRE. ) );
#4737 = EDGE_CURVE ( 'NONE', #7765, #8890, #1252, .T. ) ;
#4738 = FILL_AREA_STYLE_COLOUR ( '', #9631 ) ;
#4739 = EDGE_CURVE ( 'NONE', #5634, #1352, #10815, .T. ) ;
#4740 = SURFACE_SIDE_STYLE ('',( #9740 ) ) ;
#4741 = AXIS2_PLACEMENT_3D ( 'NONE', #7935, #4022, #8047 ) ;
#4742 = FACE_OUTER_BOUND ( 'NONE', #8246, .T. ) ;
#4743 = AXIS2_PLACEMENT_3D ( 'NONE', #2402, #4140, #7468 ) ;
#4744 = PRESENTATION_LAYER_ASSIGNMENT (  '', '', ( #693 ) ) ;
#4745 = ORIENTED_EDGE ( 'NONE', *, *, #5489, .F. ) ;
#4746 = VERTEX_POINT ( 'NONE', #2090 ) ;
#4747 = EDGE_CURVE ( 'NONE', #2232, #6599, #4711, .T. ) ;
#4748 = COLOUR_RGB ( '',1.000000000000000000, 0.9568627450980391469, 0.8862745098039215286 ) ;
#4749 = AXIS2_PLACEMENT_3D ( 'NONE', #1309, #10588, #632 ) ;
#4750 = CIRCLE ( 'NONE', #5102, 0.1999999999999987899 ) ;
#4751 = SURFACE_SIDE_STYLE ('',( #9593 ) ) ;
#4752 = DIRECTION ( 'NONE',  ( 0.000000000000000000, -1.000000000000000000, 2.220446049250309876E-16 ) ) ;
#4753 = DIRECTION ( 'NONE',  ( -1.000000000000000000, 0.000000000000000000, 0.000000000000000000 ) ) ;
#4754 = UNCERTAINTY_MEASURE_WITH_UNIT (LENGTH_MEASURE( 1.000000000000000082E-05 ), #2873, 'distance_accuracy_value', 'NONE');
#4755 = VERTEX_POINT ( 'NONE', #9550 ) ;
#4756 = ORIENTED_EDGE ( 'NONE', *, *, #3452, .T. ) ;
#4757 = VECTOR ( 'NONE', #7718, 1000.000000000000000 ) ;
#4758 = ORIENTED_EDGE ( 'NONE', *, *, #3486, .F. ) ;
#4759 = CARTESIAN_POINT ( 'NONE',  ( -21.74029191166209785, 2.773121729659039580, 2.345000000010998065 ) ) ;
#4760 = ADVANCED_FACE ( 'NONE', ( #1404, #621 ), #3791, .T. ) ;
#4761 = DIRECTION ( 'NONE',  ( 0.000000000000000000, -1.000000000000000000, 2.220446049250309876E-16 ) ) ;
#4762 = DIRECTION ( 'NONE',  ( 1.000000000000000000, 0.000000000000000000, 0.000000000000000000 ) ) ;
#4763 = STYLED_ITEM ( 'NONE', ( #3164 ), #5726 ) ;
#4764 = PRESENTATION_STYLE_ASSIGNMENT (( #2155 ) ) ;
#4765 = STYLED_ITEM ( 'NONE', ( #9123 ), #8796 ) ;
#4766 = DIRECTION ( 'NONE',  ( 1.000000000000000000, 0.000000000000000000, 0.000000000000000000 ) ) ;
#4767 = DIRECTION ( 'NONE',  ( 0.000000000000000000, -2.220446049250309876E-16, -1.000000000000000000 ) ) ;
#4768 = DIRECTION ( 'NONE',  ( -1.000000000000000000, 0.000000000000000000, 0.000000000000000000 ) ) ;
#4769 = CARTESIAN_POINT ( 'NONE',  ( -16.38026666726099734, 16.29451869865799551, 5.145000000010998775 ) ) ;
#4770 = CARTESIAN_POINT ( 'NONE',  ( -46.04026666726100103, 5.294518698657999956, 5.145000000010998775 ) ) ;
#4771 = EDGE_LOOP ( 'NONE', ( #316, #8461, #6888, #9945 ) ) ;
#4772 = PRESENTATION_LAYER_ASSIGNMENT (  '', '', ( #9635 ) ) ;
#4773 = CARTESIAN_POINT ( 'NONE',  ( -46.24026666726099677, 21.13451869865799893, 3.945000000010995933 ) ) ;
#4774 = EDGE_CURVE ( 'NONE', #9344, #4234, #8786, .T. ) ;
#4775 = DIRECTION ( 'NONE',  ( 0.000000000000000000, 2.220446049250309876E-16, 1.000000000000000000 ) ) ;
#4776 = CARTESIAN_POINT ( 'NONE',  ( -31.67854998418980017, 4.257512981500140015, 3.945000000010995045 ) ) ;
#4777 = UNCERTAINTY_MEASURE_WITH_UNIT (LENGTH_MEASURE( 1.000000000000000082E-05 ), #9413, 'distance_accuracy_value', 'NONE');
#4778 = AXIS2_PLACEMENT_3D ( 'NONE', #8005, #6284, #5571 ) ;
#4779 = FILL_AREA_STYLE_COLOUR ( '', #4856 ) ;
#4780 = CARTESIAN_POINT ( 'NONE',  ( -16.38026666726099734, 16.29451869865799551, 5.135000000010998988 ) ) ;
#4781 = ORIENTED_EDGE ( 'NONE', *, *, #3015, .T. ) ;
#4782 = CARTESIAN_POINT ( 'NONE',  ( -41.49026666726099677, 1.594518698657940048, 3.545000000010997798 ) ) ;
#4783 = EDGE_LOOP ( 'NONE', ( #9718, #2807, #6900, #5889 ) ) ;
#4784 = ORIENTED_EDGE ( 'NONE', *, *, #4084, .T. ) ;
#4785 = CARTESIAN_POINT ( 'NONE',  ( -0.9449999999999999512, 5.299999999999999822, 1.275000000000000133 ) ) ;
#4786 =( NAMED_UNIT ( * ) PLANE_ANGLE_UNIT ( ) SI_UNIT ( $, .RADIAN. ) );
#4787 = FILL_AREA_STYLE_COLOUR ( '', #8218 ) ;
#4788 = CARTESIAN_POINT ( 'NONE',  ( -13.24026666726099855, 26.27451869865799949, 5.145000000010998775 ) ) ;
#4789 = SURFACE_STYLE_USAGE ( .BOTH. , #4740 ) ;
#4790 = DIRECTION ( 'NONE',  ( 0.000000000000000000, 2.220446049250309876E-16, 1.000000000000000000 ) ) ;
#4791 = CARTESIAN_POINT ( 'NONE',  ( -48.84026666726100530, 26.27451869865799949, 3.945000000010995045 ) ) ;
#4792 = SURFACE_STYLE_FILL_AREA ( #10613 ) ;
#4793 = VERTEX_POINT ( 'NONE', #3133 ) ;
#4794 = EDGE_CURVE ( 'NONE', #10142, #8027, #6405, .T. ) ;
#4795 = EDGE_CURVE ( 'NONE', #3454, #2417, #10474, .T. ) ;
#4796 = VERTEX_POINT ( 'NONE', #5638 ) ;
#4797 = VECTOR ( 'NONE', #9614, 1000.000000000000000 ) ;
#4798 = SURFACE_STYLE_FILL_AREA ( #841 ) ;
#4799 = DIRECTION ( 'NONE',  ( 0.000000000000000000, -1.000000000000000000, 0.000000000000000000 ) ) ;
#4800 = SURFACE_SIDE_STYLE ('',( #7420 ) ) ;
#4801 = APPLICATION_CONTEXT ( 'automotive_design' ) ;
#4802 = ADVANCED_FACE ( 'NONE', ( #8956 ), #2208, .F. ) ;
#4803 = VECTOR ( 'NONE', #420, 1000.000000000000000 ) ;
#4804 = VERTEX_POINT ( 'NONE', #7377 ) ;
#4805 = SURFACE_STYLE_FILL_AREA ( #4851 ) ;
#4806 = ORIENTED_EDGE ( 'NONE', *, *, #10151, .F. ) ;
#4807 = ORIENTED_EDGE ( 'NONE', *, *, #3774, .T. ) ;
#4808 = CARTESIAN_POINT ( 'NONE',  ( -14.90026666726099869, 11.70042790316279913, 5.135000000010998988 ) ) ;
#4809 = AXIS2_PLACEMENT_3D ( 'NONE', #10814, #198, #1744 ) ;
#4810 = SURFACE_STYLE_FILL_AREA ( #467 ) ;
#4811 = DIRECTION ( 'NONE',  ( 0.000000000000000000, 2.220446049250309876E-16, 1.000000000000000000 ) ) ;
#4812 = CIRCLE ( 'NONE', #3610, 0.1999999999999987899 ) ;
#4813 = CARTESIAN_POINT ( 'NONE',  ( -22.88026666726100089, 10.29451869865800084, 5.135000000010998988 ) ) ;
#4814 = PLANE ( 'NONE',  #7796 ) ;
#4815 = CARTESIAN_POINT ( 'NONE',  ( -19.70302962540589675, 9.114518698657999352, 3.145000000011000107 ) ) ;
#4816 = DIRECTION ( 'NONE',  ( 0.000000000000000000, -2.220446049250309876E-16, -1.000000000000000000 ) ) ;
#4817 = CARTESIAN_POINT ( 'NONE',  ( -36.17854998418980017, 4.257512981500140015, 3.945000000010995045 ) ) ;
#4818 = DIRECTION ( 'NONE',  ( 0.000000000000000000, 1.000000000000000000, 0.000000000000000000 ) ) ;
#4819 = EDGE_CURVE ( 'NONE', #9582, #6833, #7541, .T. ) ;
#4820 = FILL_AREA_STYLE ('',( #5535 ) ) ;
#4821 = ORIENTED_EDGE ( 'NONE', *, *, #3808, .T. ) ;
#4822 = STYLED_ITEM ( 'NONE', ( #8019 ), #971 ) ;
#4823 = DIRECTION ( 'NONE',  ( 0.000000000000000000, 2.220446049250309876E-16, 1.000000000000000000 ) ) ;
#4824 = PRESENTATION_LAYER_ASSIGNMENT (  '', '', ( #2576 ) ) ;
#4825 = DIRECTION ( 'NONE',  ( 0.000000000000000000, 1.000000000000000000, -2.220446049250309876E-16 ) ) ;
#4826 = LINE ( 'NONE', #705, #823 ) ;
#4827 = ORIENTED_EDGE ( 'NONE', *, *, #4713, .T. ) ;
#4828 = SURFACE_SIDE_STYLE ('',( #1699 ) ) ;
#4829 = ORIENTED_EDGE ( 'NONE', *, *, #3551, .F. ) ;
#4830 = ORIENTED_EDGE ( 'NONE', *, *, #9732, .F. ) ;
#4831 =( LENGTH_UNIT ( ) NAMED_UNIT ( * ) SI_UNIT ( .MILLI., .METRE. ) );
#4832 = DIRECTION ( 'NONE',  ( 0.000000000000000000, 1.000000000000000000, -2.220446049250309876E-16 ) ) ;
#4833 = DIRECTION ( 'NONE',  ( 0.000000000000000000, 0.000000000000000000, 1.000000000000000000 ) ) ;
#4834 = FACE_OUTER_BOUND ( 'NONE', #3502, .T. ) ;
#4835 =( LENGTH_UNIT ( ) NAMED_UNIT ( * ) SI_UNIT ( .MILLI., .METRE. ) );
#4836 = DIRECTION ( 'NONE',  ( 0.000000000000000000, 1.000000000000000000, -2.220446049250309876E-16 ) ) ;
#4837 = FACE_OUTER_BOUND ( 'NONE', #7153, .T. ) ;
#4838 =( GEOMETRIC_REPRESENTATION_CONTEXT ( 3 ) GLOBAL_UNCERTAINTY_ASSIGNED_CONTEXT ( ( #1846 ) ) GLOBAL_UNIT_ASSIGNED_CONTEXT ( ( #9741, #8049, #2953 ) ) REPRESENTATION_CONTEXT ( 'NONE', 'WORKASPACE' ) );
#4839 = EDGE_CURVE ( 'NONE', #2384, #6990, #4925, .T. ) ;
#4840 = FACE_OUTER_BOUND ( 'NONE', #10036, .T. ) ;
#4841 = VERTEX_POINT ( 'NONE', #3353 ) ;
#4842 = ORIENTED_EDGE ( 'NONE', *, *, #6154, .T. ) ;
#4843 = PRESENTATION_STYLE_ASSIGNMENT (( #7413 ) ) ;
#4844 = DIRECTION ( 'NONE',  ( 0.000000000000000000, -1.000000000000000000, 2.220446049250309876E-16 ) ) ;
#4845 = FILL_AREA_STYLE_COLOUR ( '', #4467 ) ;
#4846 = AXIS2_PLACEMENT_3D ( 'NONE', #9881, #9725, #2436 ) ;
#4847 = PRESENTATION_LAYER_ASSIGNMENT (  '', '', ( #636 ) ) ;
#4848 = FACE_OUTER_BOUND ( 'NONE', #4480, .T. ) ;
#4849 = UNCERTAINTY_MEASURE_WITH_UNIT (LENGTH_MEASURE( 1.000000000000000082E-05 ), #5958, 'distance_accuracy_value', 'NONE');
#4850 = EDGE_LOOP ( 'NONE', ( #7863, #7750, #10228, #8940 ) ) ;
#4851 = FILL_AREA_STYLE ('',( #8888 ) ) ;
#4852 = ORIENTED_EDGE ( 'NONE', *, *, #1996, .F. ) ;
#4853 = VERTEX_POINT ( 'NONE', #3410 ) ;
#4854 = CARTESIAN_POINT ( 'NONE',  ( -48.84026666726100530, 26.27451869865799949, 5.145000000010998775 ) ) ;
#4855 = TOROIDAL_SURFACE ( 'NONE', #9560, 0.9250000000000000444, 0.07499999999999999722 ) ;
#4856 = COLOUR_RGB ( '',0.1882352941176470562, 0.2313725490196078538, 0.5882352941176470784 ) ;
#4857 =( NAMED_UNIT ( * ) SI_UNIT ( $, .STERADIAN. ) SOLID_ANGLE_UNIT ( ) );
#4858 = MECHANICAL_DESIGN_GEOMETRIC_PRESENTATION_REPRESENTATION (  '', ( #5551 ), #5574 ) ;
#4859 = PRESENTATION_STYLE_ASSIGNMENT (( #8836 ) ) ;
#4860 =( LENGTH_UNIT ( ) NAMED_UNIT ( * ) SI_UNIT ( .MILLI., .METRE. ) );
#4861 = EDGE_CURVE ( 'NONE', #10762, #6288, #6649, .T. ) ;
#4862 = ADVANCED_FACE ( 'NONE', ( #4260 ), #9918, .F. ) ;
#4863 = CARTESIAN_POINT ( 'NONE',  ( -14.90026666726099869, 14.24042790316280005, 5.135000000010998988 ) ) ;
#4864 = DIRECTION ( 'NONE',  ( 0.000000000000000000, 0.000000000000000000, -1.000000000000000000 ) ) ;
#4865 = CARTESIAN_POINT ( 'NONE',  ( -41.53771170588249362, 16.83451869865799821, 3.145000000011000107 ) ) ;
#4866 = CARTESIAN_POINT ( 'NONE',  ( -39.74026666726099677, 3.194518698657949685, 3.945000000010995045 ) ) ;
#4867 = DIRECTION ( 'NONE',  ( 0.000000000000000000, -1.000000000000000000, 4.336808689942013792E-16 ) ) ;
#4868 = ORIENTED_EDGE ( 'NONE', *, *, #2927, .F. ) ;
#4869 = AXIS2_PLACEMENT_3D ( 'NONE', #2642, #6677, #4108 ) ;
#4870 = COLOUR_RGB ( '',1.000000000000000000, 0.9568627450980391469, 0.8862745098039215286 ) ;
#4871 = DIRECTION ( 'NONE',  ( 0.000000000000000000, 1.000000000000000000, -4.336808689942017736E-16 ) ) ;
#4872 = DIRECTION ( 'NONE',  ( 0.000000000000000000, 2.220446049250309876E-16, 1.000000000000000000 ) ) ;
#4873 = FACE_OUTER_BOUND ( 'NONE', #450, .T. ) ;
#4874 = EDGE_CURVE ( 'NONE', #6280, #10771, #4569, .T. ) ;
#4875 = CYLINDRICAL_SURFACE ( 'NONE', #8855, 0.4799999999999995381 ) ;
#4876 = COLOUR_RGB ( '',1.000000000000000000, 0.9568627450980391469, 0.8862745098039215286 ) ;
#4877 = DIRECTION ( 'NONE',  ( 0.000000000000000000, -1.000000000000000000, 2.220446049250309876E-16 ) ) ;
#4878 = LINE ( 'NONE', #5698, #8708 ) ;
#4879 = LINE ( 'NONE', #2382, #6078 ) ;
#4880 = ORIENTED_EDGE ( 'NONE', *, *, #6217, .F. ) ;
#4881 = DIRECTION ( 'NONE',  ( 1.000000000000000000, 0.000000000000000000, 0.000000000000000000 ) ) ;
#4882 = DIRECTION ( 'NONE',  ( 0.000000000000000000, -1.000000000000000000, 4.336808689942013792E-16 ) ) ;
#4883 = ORIENTED_EDGE ( 'NONE', *, *, #5917, .F. ) ;
#4884 = VERTEX_POINT ( 'NONE', #1680 ) ;
#4885 = FACE_OUTER_BOUND ( 'NONE', #4101, .T. ) ;
#4886 = STYLED_ITEM ( 'NONE', ( #2222 ), #6741 ) ;
#4887 = DIRECTION ( 'NONE',  ( 0.000000000000000000, -1.000000000000000000, 2.220446049250309876E-16 ) ) ;
#4888 = VECTOR ( 'NONE', #8251, 1000.000000000000000 ) ;
#4889 = EDGE_CURVE ( 'NONE', #2278, #2384, #5033, .T. ) ;
#4890 = CARTESIAN_POINT ( 'NONE',  ( -14.90026666726099869, 10.16042790316284972, 5.135000000010998988 ) ) ;
#4891 = VECTOR ( 'NONE', #4328, 1000.000000000000000 ) ;
#4892 = CARTESIAN_POINT ( 'NONE',  ( -0.9449999999999999512, 5.299999999999999822, -0.6250000000000000000 ) ) ;
#4893 = CARTESIAN_POINT ( 'NONE',  ( -27.20302962540589675, 5.314518698658000417, 1.285000000010999566 ) ) ;
#4894 = MECHANICAL_DESIGN_GEOMETRIC_PRESENTATION_REPRESENTATION (  '', ( #3700 ), #1047 ) ;
#4895 = LINE ( 'NONE', #6646, #6460 ) ;
#4896 = SURFACE_SIDE_STYLE ('',( #10716 ) ) ;
#4897 = CIRCLE ( 'NONE', #4733, 1.600000000000000089 ) ;
#4898 = EDGE_LOOP ( 'NONE', ( #1643, #9633, #9445, #7561 ) ) ;
#4899 = UNCERTAINTY_MEASURE_WITH_UNIT (LENGTH_MEASURE( 1.000000000000000082E-05 ), #3224, 'distance_accuracy_value', 'NONE');
#4900 = LINE ( 'NONE', #8263, #5096 ) ;
#4901 = DIRECTION ( 'NONE',  ( 0.000000000000000000, 1.000000000000000000, 0.000000000000000000 ) ) ;
#4902 = VECTOR ( 'NONE', #1796, 1000.000000000000000 ) ;
#4903 = EDGE_LOOP ( 'NONE', ( #7749, #10068 ) ) ;
#4904 = AXIS2_PLACEMENT_3D ( 'NONE', #4099, #6040, #9358 ) ;
#4905 = ADVANCED_FACE ( 'NONE', ( #856 ), #4212, .F. ) ;
#4906 =( LENGTH_UNIT ( ) NAMED_UNIT ( * ) SI_UNIT ( .MILLI., .METRE. ) );
#4907 = DIRECTION ( 'NONE',  ( 0.000000000000000000, 2.220446049250309876E-16, 1.000000000000000000 ) ) ;
#4908 = CARTESIAN_POINT ( 'NONE',  ( -39.74026666726099677, 0.7945186986579400035, 3.945000000010995045 ) ) ;
#4909 = MECHANICAL_DESIGN_GEOMETRIC_PRESENTATION_REPRESENTATION (  '', ( #1051 ), #1401 ) ;
#4910 = DIRECTION ( 'NONE',  ( 0.000000000000000000, 1.000000000000000000, -2.220446049250309876E-16 ) ) ;
#4911 = FACE_OUTER_BOUND ( 'NONE', #2532, .T. ) ;
#4912 = DIRECTION ( 'NONE',  ( 0.000000000000000000, 1.000000000000000000, -2.220446049250309876E-16 ) ) ;
#4913 = VECTOR ( 'NONE', #2259, 1000.000000000000000 ) ;
#4914 = VECTOR ( 'NONE', #2568, 1000.000000000000000 ) ;
#4915 = DIRECTION ( 'NONE',  ( 1.000000000000000000, 0.000000000000000000, 0.000000000000000000 ) ) ;
#4916 = DIRECTION ( 'NONE',  ( 0.000000000000000000, 1.000000000000000000, -2.220446049250309876E-16 ) ) ;
#4917 = ORIENTED_EDGE ( 'NONE', *, *, #562, .F. ) ;
#4918 = MECHANICAL_DESIGN_GEOMETRIC_PRESENTATION_REPRESENTATION (  '', ( #8922 ), #7868 ) ;
#4919 = ORIENTED_EDGE ( 'NONE', *, *, #360, .F. ) ;
#4920 = STYLED_ITEM ( 'NONE', ( #9102 ), #5069 ) ;
#4921 = ORIENTED_EDGE ( 'NONE', *, *, #10656, .T. ) ;
#4922 = DIRECTION ( 'NONE',  ( 0.000000000000000000, -1.000000000000000000, 2.220446049250309876E-16 ) ) ;
#4923 = STYLED_ITEM ( 'NONE', ( #2023 ), #8511 ) ;
#4924 =( GEOMETRIC_REPRESENTATION_CONTEXT ( 3 ) GLOBAL_UNCERTAINTY_ASSIGNED_CONTEXT ( ( #3768 ) ) GLOBAL_UNIT_ASSIGNED_CONTEXT ( ( #3817, #6480, #1377 ) ) REPRESENTATION_CONTEXT ( 'NONE', 'WORKASPACE' ) );
#4925 = LINE ( 'NONE', #5797, #6481 ) ;
#4926 = CARTESIAN_POINT ( 'NONE',  ( -39.54026666726100103, 9.294518698657999067, 5.135000000010998988 ) ) ;
#4927 = CARTESIAN_POINT ( 'NONE',  ( -46.24026666726099677, 21.53451869865799750, 3.945000000010995045 ) ) ;
#4928 = FACE_OUTER_BOUND ( 'NONE', #9781, .T. ) ;
#4929 = STYLED_ITEM ( 'NONE', ( #3480 ), #6079 ) ;
#4930 = DIRECTION ( 'NONE',  ( 0.000000000000000000, 0.000000000000000000, 1.000000000000000000 ) ) ;
#4931 = DIRECTION ( 'NONE',  ( 0.000000000000000000, -2.220446049250309876E-16, -1.000000000000000000 ) ) ;
#4932 =( GEOMETRIC_REPRESENTATION_CONTEXT ( 3 ) GLOBAL_UNCERTAINTY_ASSIGNED_CONTEXT ( ( #1224 ) ) GLOBAL_UNIT_ASSIGNED_CONTEXT ( ( #3987, #5470, #8776 ) ) REPRESENTATION_CONTEXT ( 'NONE', 'WORKASPACE' ) );
#4933 = PRESENTATION_STYLE_ASSIGNMENT (( #4058 ) ) ;
#4934 =( LENGTH_UNIT ( ) NAMED_UNIT ( * ) SI_UNIT ( .MILLI., .METRE. ) );
#4935 = CIRCLE ( 'NONE', #1767, 0.9999999999999991118 ) ;
#4936 = ORIENTED_EDGE ( 'NONE', *, *, #6404, .T. ) ;
#4937 = CARTESIAN_POINT ( 'NONE',  ( -29.27854998418980159, 1.214518698657939710, 2.345000000010998065 ) ) ;
#4938 = SURFACE_STYLE_FILL_AREA ( #1472 ) ;
#4939 = EDGE_CURVE ( 'NONE', #3018, #5835, #1009, .T. ) ;
#4940 = EDGE_CURVE ( 'NONE', #7375, #2200, #7526, .T. ) ;
#4941 = FILL_AREA_STYLE_COLOUR ( '', #325 ) ;
#4942 = DIRECTION ( 'NONE',  ( 0.000000000000000000, 1.000000000000000000, -2.220446049250309876E-16 ) ) ;
#4943 = AXIS2_PLACEMENT_3D ( 'NONE', #685, #6732, #4930 ) ;
#4944 = DIRECTION ( 'NONE',  ( 1.000000000000000000, 0.000000000000000000, 0.000000000000000000 ) ) ;
#4945 = PRESENTATION_STYLE_ASSIGNMENT (( #703 ) ) ;
#4946 =( NAMED_UNIT ( * ) SI_UNIT ( $, .STERADIAN. ) SOLID_ANGLE_UNIT ( ) );
#4947 = VERTEX_POINT ( 'NONE', #8548 ) ;
#4948 = COLOUR_RGB ( '',1.000000000000000000, 0.9568627450980391469, 0.8862745098039215286 ) ;
#4949 = CARTESIAN_POINT ( 'NONE',  ( 0.000000000000000000, 0.2000000000000000111, 0.000000000000000000 ) ) ;
#4950 = SURFACE_STYLE_USAGE ( .BOTH. , #7500 ) ;
#4951 = ORIENTED_EDGE ( 'NONE', *, *, #3280, .T. ) ;
#4952 = ADVANCED_FACE ( 'NONE', ( #4482, #6002 ), #2695, .T. ) ;
#4953 = ORIENTED_EDGE ( 'NONE', *, *, #7544, .T. ) ;
#4954 = SURFACE_STYLE_USAGE ( .BOTH. , #2506 ) ;
#4955 = PRESENTATION_STYLE_ASSIGNMENT (( #6702 ) ) ;
#4956 = DIRECTION ( 'NONE',  ( 0.000000000000000000, 1.000000000000000000, 0.000000000000000000 ) ) ;
#4957 = MECHANICAL_DESIGN_GEOMETRIC_PRESENTATION_REPRESENTATION (  '', ( #5477 ), #9990 ) ;
#4958 = SURFACE_STYLE_USAGE ( .BOTH. , #8145 ) ;
#4959 = LINE ( 'NONE', #4892, #10353 ) ;
#4960 = CARTESIAN_POINT ( 'NONE',  ( -19.70302962540589675, 7.914518698658000062, 3.545000000010997798 ) ) ;
#4961 = SURFACE_STYLE_USAGE ( .BOTH. , #3168 ) ;
#4962 = PRESENTATION_STYLE_ASSIGNMENT (( #7351 ) ) ;
#4963 = FILL_AREA_STYLE_COLOUR ( '', #6619 ) ;
#4964 = EDGE_CURVE ( 'NONE', #504, #7764, #5953, .T. ) ;
#4965 = PRESENTATION_LAYER_ASSIGNMENT (  '', '', ( #3928 ) ) ;
#4966 = VERTEX_POINT ( 'NONE', #3564 ) ;
#4967 = CARTESIAN_POINT ( 'NONE',  ( -48.84026666726100530, 26.27451869865799949, 3.345000000010998953 ) ) ;
#4968 = ORIENTED_EDGE ( 'NONE', *, *, #1216, .F. ) ;
#4969 =( GEOMETRIC_REPRESENTATION_CONTEXT ( 3 ) GLOBAL_UNCERTAINTY_ASSIGNED_CONTEXT ( ( #2517 ) ) GLOBAL_UNIT_ASSIGNED_CONTEXT ( ( #9625, #3703, #8800 ) ) REPRESENTATION_CONTEXT ( 'NONE', 'WORKASPACE' ) );
#4970 = SURFACE_STYLE_FILL_AREA ( #8212 ) ;
#4971 = DIRECTION ( 'NONE',  ( 0.000000000000000000, 2.220446049250309876E-16, 1.000000000000000000 ) ) ;
#4972 =( NAMED_UNIT ( * ) PLANE_ANGLE_UNIT ( ) SI_UNIT ( $, .RADIAN. ) );
#4973 = FILL_AREA_STYLE ('',( #4845 ) ) ;
#4974 = SURFACE_STYLE_USAGE ( .BOTH. , #5788 ) ;
#4975 = UNCERTAINTY_MEASURE_WITH_UNIT (LENGTH_MEASURE( 1.000000000000000082E-05 ), #945, 'distance_accuracy_value', 'NONE');
#4976 = ORIENTED_EDGE ( 'NONE', *, *, #4747, .T. ) ;
#4977 = DIRECTION ( 'NONE',  ( 1.000000000000000000, 0.000000000000000000, 0.000000000000000000 ) ) ;
#4978 = COLOUR_RGB ( '',1.000000000000000000, 0.9568627450980391469, 0.8862745098039215286 ) ;
#4979 = EDGE_LOOP ( 'NONE', ( #9545, #7464, #8192, #7619 ) ) ;
#4980 = VERTEX_POINT ( 'NONE', #10297 ) ;
#4981 = CARTESIAN_POINT ( 'NONE',  ( -40.28771170588249362, 15.83451869865799821, 3.545000000010997798 ) ) ;
#4982 = DIRECTION ( 'NONE',  ( 0.000000000000000000, 1.000000000000000000, -4.130293990420969883E-16 ) ) ;
#4983 = SURFACE_SIDE_STYLE ('',( #9272 ) ) ;
#4984 = DIRECTION ( 'NONE',  ( 1.000000000000000000, 0.000000000000000000, 0.000000000000000000 ) ) ;
#4985 = CARTESIAN_POINT ( 'NONE',  ( -19.70302962540589675, 9.114518698657999352, 3.145000000011000107 ) ) ;
#4986 = MECHANICAL_DESIGN_GEOMETRIC_PRESENTATION_REPRESENTATION (  '', ( #9841 ), #5853 ) ;
#4987 = FACE_BOUND ( 'NONE', #8767, .T. ) ;
#4988 = DIRECTION ( 'NONE',  ( 0.000000000000000000, -1.000000000000000000, 2.220446049250309876E-16 ) ) ;
#4989 = PRESENTATION_STYLE_ASSIGNMENT (( #2424 ) ) ;
#4990 = UNCERTAINTY_MEASURE_WITH_UNIT (LENGTH_MEASURE( 1.000000000000000082E-05 ), #5663, 'distance_accuracy_value', 'NONE');
#4991 = VERTEX_POINT ( 'NONE', #2860 ) ;
#4992 =( GEOMETRIC_REPRESENTATION_CONTEXT ( 3 ) GLOBAL_UNCERTAINTY_ASSIGNED_CONTEXT ( ( #6509 ) ) GLOBAL_UNIT_ASSIGNED_CONTEXT ( ( #3998, #7322, #4857 ) ) REPRESENTATION_CONTEXT ( 'NONE', 'WORKASPACE' ) );
#4993 = PRESENTATION_LAYER_ASSIGNMENT (  '', '', ( #9841 ) ) ;
#4994 = PLANE ( 'NONE',  #10088 ) ;
#4995 = CARTESIAN_POINT ( 'NONE',  ( -38.80302962540589817, 20.61451869865799935, 1.085000000011000720 ) ) ;
#4996 =( GEOMETRIC_REPRESENTATION_CONTEXT ( 3 ) GLOBAL_UNCERTAINTY_ASSIGNED_CONTEXT ( ( #5731 ) ) GLOBAL_UNIT_ASSIGNED_CONTEXT ( ( #5798, #5083, #10130 ) ) REPRESENTATION_CONTEXT ( 'NONE', 'WORKASPACE' ) );
#4997 = FILL_AREA_STYLE ('',( #4397 ) ) ;
#4998 = LINE ( 'NONE', #4780, #8015 ) ;
#4999 = CARTESIAN_POINT ( 'NONE',  ( -22.00302962540589746, 12.51451869865799971, 3.945000000010995045 ) ) ;
#5000 = EDGE_CURVE ( 'NONE', #7498, #2678, #10296, .T. ) ;
#5002 = ORIENTED_EDGE ( 'NONE', *, *, #10793, .T. ) ;
#5001 = FILL_AREA_STYLE_COLOUR ( '', #4179 ) ;
#5003 = STYLED_ITEM ( 'NONE', ( #5939 ), #696 ) ;
#5004 = EDGE_CURVE ( 'NONE', #6295, #7295, #159, .T. ) ;
#5005 = CARTESIAN_POINT ( 'NONE',  ( -48.84026666726100530, 26.27451869865799949, 3.545000000010997798 ) ) ;
#5006 = ORIENTED_EDGE ( 'NONE', *, *, #6911, .T. ) ;
#5007 = ORIENTED_EDGE ( 'NONE', *, *, #1807, .F. ) ;
#5008 = CARTESIAN_POINT ( 'NONE',  ( -19.70302962540589675, 7.914518698658000062, 3.745000000010996644 ) ) ;
#5009 = CARTESIAN_POINT ( 'NONE',  ( -21.74029191166209785, 5.073121729659039403, 2.345000000010998065 ) ) ;
#5010 = AXIS2_PLACEMENT_3D ( 'NONE', #9246, #5111, #8416 ) ;
#5011 = ADVANCED_FACE ( 'NONE', ( #5350 ), #8664, .F. ) ;
#5012 = DIRECTION ( 'NONE',  ( 0.000000000000000000, 0.000000000000000000, 1.000000000000000000 ) ) ;
#5013 = SURFACE_SIDE_STYLE ('',( #4025 ) ) ;
#5014 = EDGE_CURVE ( 'NONE', #1427, #7694, #10361, .T. ) ;
#5015 = CIRCLE ( 'NONE', #9523, 0.1999999999999987899 ) ;
#5016 = ORIENTED_EDGE ( 'NONE', *, *, #89, .T. ) ;
#5017 = EDGE_LOOP ( 'NONE', ( #9128, #8433 ) ) ;
#5018 = APPLICATION_CONTEXT ( 'automotive_design' ) ;
#5019 = LINE ( 'NONE', #9159, #3365 ) ;
#5020 = PRESENTATION_LAYER_ASSIGNMENT (  '', '', ( #9199 ) ) ;
#5021 = ADVANCED_FACE ( 'NONE', ( #2912 ), #5570, .F. ) ;
#5022 = CARTESIAN_POINT ( 'NONE',  ( 1.594999999999999973, 5.299999999999999822, -0.6250000000000000000 ) ) ;
#5023 = CARTESIAN_POINT ( 'NONE',  ( -41.94026666726099961, 1.594518698657940048, 3.945000000010995045 ) ) ;
#5024 = FILL_AREA_STYLE_COLOUR ( '', #9567 ) ;
#5025 =( LENGTH_UNIT ( ) NAMED_UNIT ( * ) SI_UNIT ( .MILLI., .METRE. ) );
#5026 = EDGE_LOOP ( 'NONE', ( #1510, #6336, #6042, #1876 ) ) ;
#5027 = CIRCLE ( 'NONE', #3981, 1.000000000000000888 ) ;
#5028 = AXIS2_PLACEMENT_3D ( 'NONE', #5502, #8933, #1440 ) ;
#5029 = ORIENTED_EDGE ( 'NONE', *, *, #6062, .F. ) ;
#5030 = ORIENTED_EDGE ( 'NONE', *, *, #946, .T. ) ;
#5031 = CARTESIAN_POINT ( 'NONE',  ( -46.09026666726099108, 18.88451869865788879, 2.745000000010979768 ) ) ;
#5032 = ADVANCED_FACE ( 'NONE', ( #565 ), #343, .F. ) ;
#5033 = LINE ( 'NONE', #8332, #1042 ) ;
#5034 = CYLINDRICAL_SURFACE ( 'NONE', #7602, 1.000000000000000888 ) ;
#5035 = PLANE ( 'NONE',  #10672 ) ;
#5036 = PRESENTATION_STYLE_ASSIGNMENT (( #5087 ) ) ;
#5037 = AXIS2_PLACEMENT_3D ( 'NONE', #9298, #3436, #5113 ) ;
#5038 = FILL_AREA_STYLE ('',( #1685 ) ) ;
#5039 = CARTESIAN_POINT ( 'NONE',  ( -38.80302962540589817, 5.114518698658000240, 1.285000000010999566 ) ) ;
#5040 = EDGE_LOOP ( 'NONE', ( #10019, #1287, #2765, #3405 ) ) ;
#5041 = DIRECTION ( 'NONE',  ( 0.000000000000000000, 2.220446049250309876E-16, 1.000000000000000000 ) ) ;
#5042 = FACE_OUTER_BOUND ( 'NONE', #6584, .T. ) ;
#5043 =( GEOMETRIC_REPRESENTATION_CONTEXT ( 3 ) GLOBAL_UNCERTAINTY_ASSIGNED_CONTEXT ( ( #6891 ) ) GLOBAL_UNIT_ASSIGNED_CONTEXT ( ( #10646, #3100, #8914 ) ) REPRESENTATION_CONTEXT ( 'NONE', 'WORKASPACE' ) );
#5044 = MECHANICAL_DESIGN_GEOMETRIC_PRESENTATION_REPRESENTATION (  '', ( #3822 ), #4692 ) ;
#5045 = UNCERTAINTY_MEASURE_WITH_UNIT (LENGTH_MEASURE( 1.000000000000000082E-05 ), #5142, 'distance_accuracy_value', 'NONE');
#5046 = LINE ( 'NONE', #7440, #9760 ) ;
#5047 = ADVANCED_FACE ( 'NONE', ( #10619 ), #3175, .F. ) ;
#5048 = SURFACE_STYLE_USAGE ( .BOTH. , #5966 ) ;
#5049 = SURFACE_STYLE_FILL_AREA ( #6693 ) ;
#5050 = CARTESIAN_POINT ( 'NONE',  ( -14.90026666726099869, 9.160427903162849717, 5.135000000010998988 ) ) ;
#5051 = CARTESIAN_POINT ( 'NONE',  ( 0.000000000000000000, 0.4500000000000000111, 0.000000000000000000 ) ) ;
#5052 =( GEOMETRIC_REPRESENTATION_CONTEXT ( 3 ) GLOBAL_UNCERTAINTY_ASSIGNED_CONTEXT ( ( #184 ) ) GLOBAL_UNIT_ASSIGNED_CONTEXT ( ( #2270, #4725, #3260 ) ) REPRESENTATION_CONTEXT ( 'NONE', 'WORKASPACE' ) );
#5053 = SURFACE_SIDE_STYLE ('',( #10819 ) ) ;
#5054 = PLANE ( 'NONE',  #635 ) ;
#5055 = EDGE_LOOP ( 'NONE', ( #9788, #3696 ) ) ;
#5056 = CARTESIAN_POINT ( 'NONE',  ( -26.77854998418979804, 4.514518698657940199, 3.945000000010995045 ) ) ;
#5057 = AXIS2_PLACEMENT_3D ( 'NONE', #4791, #2284, #8934 ) ;
#5058 = AXIS2_PLACEMENT_3D ( 'NONE', #9261, #5229, #949 ) ;
#5059 = PRESENTATION_STYLE_ASSIGNMENT (( #10764 ) ) ;
#5060 = CYLINDRICAL_SURFACE ( 'NONE', #10153, 1.600000000000000755 ) ;
#5061 = CARTESIAN_POINT ( 'NONE',  ( 0.000000000000000000, 11.29999999999999893, 0.000000000000000000 ) ) ;
#5062 = MECHANICAL_DESIGN_GEOMETRIC_PRESENTATION_REPRESENTATION (  '', ( #7325 ), #2094 ) ;
#5063 = AXIS2_PLACEMENT_3D ( 'NONE', #6487, #1441, #831 ) ;
#5064 = EDGE_LOOP ( 'NONE', ( #322, #7340, #4648, #4440, #8224 ) ) ;
#5065 = PRESENTATION_STYLE_ASSIGNMENT (( #8421 ) ) ;
#5066 = CARTESIAN_POINT ( 'NONE',  ( -26.07854998418979875, 1.214518698657939710, 2.345000000010998065 ) ) ;
#5067 = EDGE_LOOP ( 'NONE', ( #8685, #340, #4727, #3870 ) ) ;
#5068 = EDGE_CURVE ( 'NONE', #5176, #7798, #5019, .T. ) ;
#5069 = ADVANCED_FACE ( 'NONE', ( #6657 ), #731, .T. ) ;
#5070 = AXIS2_PLACEMENT_3D ( 'NONE', #3916, #7235, #3097 ) ;
#5071 = DIRECTION ( 'NONE',  ( 0.000000000000000000, 0.000000000000000000, 1.000000000000000000 ) ) ;
#5072 = DIRECTION ( 'NONE',  ( 0.000000000000000000, 1.000000000000000000, 0.000000000000000000 ) ) ;
#5073 = CARTESIAN_POINT ( 'NONE',  ( -36.17854998418980017, 4.257512981500140015, 2.945000000010994157 ) ) ;
#5074 = FACE_BOUND ( 'NONE', #1349, .T. ) ;
#5075 = STYLED_ITEM ( 'NONE', ( #10161 ), #4530 ) ;
#5076 = ORIENTED_EDGE ( 'NONE', *, *, #424, .F. ) ;
#5077 = FILL_AREA_STYLE ('',( #176 ) ) ;
#5078 = ORIENTED_EDGE ( 'NONE', *, *, #7119, .T. ) ;
#5079 = AXIS2_PLACEMENT_3D ( 'NONE', #7865, #2970, #5362 ) ;
#5080 = EDGE_CURVE ( 'NONE', #2782, #10806, #7311, .T. ) ;
#5081 = VERTEX_POINT ( 'NONE', #1553 ) ;
#5082 = EDGE_LOOP ( 'NONE', ( #10695, #6198, #3443, #3842 ) ) ;
#5083 =( NAMED_UNIT ( * ) PLANE_ANGLE_UNIT ( ) SI_UNIT ( $, .RADIAN. ) );
#5084 = VECTOR ( 'NONE', #7084, 1000.000000000000000 ) ;
#5085 = COLOUR_RGB ( '',0.8274509803921568096, 0.6666666666666666297, 0.1294117647058823373 ) ;
#5086 = FILL_AREA_STYLE ('',( #4215 ) ) ;
#5087 = SURFACE_STYLE_USAGE ( .BOTH. , #8172 ) ;
#5088 =( NAMED_UNIT ( * ) PLANE_ANGLE_UNIT ( ) SI_UNIT ( $, .RADIAN. ) );
#5089 = COLOUR_RGB ( '',1.000000000000000000, 0.9568627450980391469, 0.8862745098039215286 ) ;
#5090 = PLANE ( 'NONE',  #4048 ) ;
#5091 = VECTOR ( 'NONE', #2132, 1000.000000000000000 ) ;
#5092 = EDGE_LOOP ( 'NONE', ( #8066, #5217, #9384, #3395 ) ) ;
#5093 = EDGE_CURVE ( 'NONE', #2417, #372, #6717, .T. ) ;
#5094 = DIRECTION ( 'NONE',  ( 0.000000000000000000, 1.000000000000000000, -2.220446049250309876E-16 ) ) ;
#5095 = PRESENTATION_LAYER_ASSIGNMENT (  '', '', ( #6837 ) ) ;
#5096 = VECTOR ( 'NONE', #1768, 1000.000000000000000 ) ;
#5097 = FILL_AREA_STYLE ('',( #5192 ) ) ;
#5098 = MECHANICAL_DESIGN_GEOMETRIC_PRESENTATION_REPRESENTATION (  '', ( #2312 ), #7360 ) ;
#5099 = DIRECTION ( 'NONE',  ( 0.000000000000000000, 2.220446049250309876E-16, 1.000000000000000000 ) ) ;
#5100 = VECTOR ( 'NONE', #1191, 1000.000000000000000 ) ;
#5101 =( NAMED_UNIT ( * ) SI_UNIT ( $, .STERADIAN. ) SOLID_ANGLE_UNIT ( ) );
#5102 = AXIS2_PLACEMENT_3D ( 'NONE', #7890, #6381, #6431 ) ;
#5103 = DIRECTION ( 'NONE',  ( 0.000000000000000000, -1.000000000000000000, 0.000000000000000000 ) ) ;
#5105 = ORIENTED_EDGE ( 'NONE', *, *, #7206, .F. ) ;
#5104 =( NAMED_UNIT ( * ) PLANE_ANGLE_UNIT ( ) SI_UNIT ( $, .RADIAN. ) );
#5106 = SURFACE_STYLE_USAGE ( .BOTH. , #1749 ) ;
#5107 = PRESENTATION_STYLE_ASSIGNMENT (( #8453 ) ) ;
#5108 = EDGE_LOOP ( 'NONE', ( #6924, #10683 ) ) ;
#5109 = STYLED_ITEM ( 'NONE', ( #6201 ), #6168 ) ;
#5110 = LINE ( 'NONE', #9800, #1742 ) ;
#5111 = DIRECTION ( 'NONE',  ( 0.000000000000000000, -2.220446049250309876E-16, -1.000000000000000000 ) ) ;
#5112 = VECTOR ( 'NONE', #1016, 1000.000000000000000 ) ;
#5113 = DIRECTION ( 'NONE',  ( 1.000000000000000000, 0.000000000000000000, 0.000000000000000000 ) ) ;
#5114 = FILL_AREA_STYLE ('',( #6919 ) ) ;
#5115 = ORIENTED_EDGE ( 'NONE', *, *, #7608, .F. ) ;
#5116 = PRESENTATION_STYLE_ASSIGNMENT (( #1616 ) ) ;
#5117 = DIRECTION ( 'NONE',  ( 0.000000000000000000, 2.220446049250309876E-16, 1.000000000000000000 ) ) ;
#5118 = ORIENTED_EDGE ( 'NONE', *, *, #2340, .F. ) ;
#5119 =( NAMED_UNIT ( * ) PLANE_ANGLE_UNIT ( ) SI_UNIT ( $, .RADIAN. ) );
#5120 = PRESENTATION_STYLE_ASSIGNMENT (( #10283 ) ) ;
#5121 = DIRECTION ( 'NONE',  ( 0.000000000000000000, 2.220446049250309876E-16, 1.000000000000000000 ) ) ;
#5122 = LINE ( 'NONE', #10224, #303 ) ;
#5123 =( GEOMETRIC_REPRESENTATION_CONTEXT ( 3 ) GLOBAL_UNCERTAINTY_ASSIGNED_CONTEXT ( ( #9186 ) ) GLOBAL_UNIT_ASSIGNED_CONTEXT ( ( #9311, #1947, #8534 ) ) REPRESENTATION_CONTEXT ( 'NONE', 'WORKASPACE' ) );
#5124 = ORIENTED_EDGE ( 'NONE', *, *, #79, .F. ) ;
#5125 = ADVANCED_FACE ( 'NONE', ( #2572 ), #6496, .F. ) ;
#5126 = EDGE_CURVE ( 'NONE', #8576, #8982, #9267, .T. ) ;
#5127 = PRESENTATION_STYLE_ASSIGNMENT (( #6885 ) ) ;
#5128 = VERTEX_POINT ( 'NONE', #108 ) ;
#5129 = EDGE_LOOP ( 'NONE', ( #7396, #4807, #6374, #7928 ) ) ;
#5130 = ORIENTED_EDGE ( 'NONE', *, *, #8181, .T. ) ;
#5131 = COLOUR_RGB ( '',1.000000000000000000, 0.9568627450980391469, 0.8862745098039215286 ) ;
#5132 = PRESENTATION_STYLE_ASSIGNMENT (( #1786 ) ) ;
#5133 = CARTESIAN_POINT ( 'NONE',  ( -14.90026666726099869, 16.78042790316279920, 5.135000000010998988 ) ) ;
#5134 = UNCERTAINTY_MEASURE_WITH_UNIT (LENGTH_MEASURE( 1.000000000000000082E-05 ), #380, 'distance_accuracy_value', 'NONE');
#5135 = FACE_OUTER_BOUND ( 'NONE', #5591, .T. ) ;
#5136 = CYLINDRICAL_SURFACE ( 'NONE', #4308, 0.1999999999999987899 ) ;
#5137 = UNCERTAINTY_MEASURE_WITH_UNIT (LENGTH_MEASURE( 1.000000000000000082E-05 ), #1292, 'distance_accuracy_value', 'NONE');
#5138 = ADVANCED_FACE ( 'NONE', ( #7792 ), #6926, .F. ) ;
#5139 = FACE_OUTER_BOUND ( 'NONE', #3427, .T. ) ;
#5140 = MECHANICAL_DESIGN_GEOMETRIC_PRESENTATION_REPRESENTATION (  '', ( #2185 ), #5840 ) ;
#5141 = MECHANICAL_DESIGN_GEOMETRIC_PRESENTATION_REPRESENTATION (  '', ( #1111 ), #2715 ) ;
#5142 =( LENGTH_UNIT ( ) NAMED_UNIT ( * ) SI_UNIT ( .MILLI., .METRE. ) );
#5143 = ORIENTED_EDGE ( 'NONE', *, *, #30, .F. ) ;
#5144 = DIRECTION ( 'NONE',  ( 0.000000000000000000, 2.220446049250309876E-16, 1.000000000000000000 ) ) ;
#5145 = SURFACE_SIDE_STYLE ('',( #6903 ) ) ;
#5146 =( NAMED_UNIT ( * ) PLANE_ANGLE_UNIT ( ) SI_UNIT ( $, .RADIAN. ) );
#5147 = CARTESIAN_POINT ( 'NONE',  ( -19.90302962540589959, 10.21451869865800077, 3.745000000010996644 ) ) ;
#5148 = EDGE_CURVE ( 'NONE', #4658, #9116, #9308, .T. ) ;
#5149 = PRESENTATION_STYLE_ASSIGNMENT (( #4167 ) ) ;
#5151 = DIRECTION ( 'NONE',  ( -1.000000000000000000, 0.000000000000000000, 0.000000000000000000 ) ) ;
#5150 = SURFACE_SIDE_STYLE ('',( #8298 ) ) ;
#5152 =( NAMED_UNIT ( * ) SI_UNIT ( $, .STERADIAN. ) SOLID_ANGLE_UNIT ( ) );
#5153 = EDGE_LOOP ( 'NONE', ( #8492, #7425, #6493, #7919 ) ) ;
#5154 = APPLICATION_CONTEXT ( 'automotive_design' ) ;
#5155 = PLANE ( 'NONE',  #8531 ) ;
#5156 =( LENGTH_UNIT ( ) NAMED_UNIT ( * ) SI_UNIT ( .MILLI., .METRE. ) );
#5157 = DIRECTION ( 'NONE',  ( 0.000000000000000000, 1.000000000000000000, -2.220446049250309876E-16 ) ) ;
#5158 = PRESENTATION_STYLE_ASSIGNMENT (( #4182 ) ) ;
#5159 = SURFACE_SIDE_STYLE ('',( #52 ) ) ;
#5160 = AXIS2_PLACEMENT_3D ( 'NONE', #4145, #2409, #9166 ) ;
#5161 = EDGE_CURVE ( 'NONE', #2883, #1975, #5933, .T. ) ;
#5162 = DIRECTION ( 'NONE',  ( 1.000000000000000000, 0.000000000000000000, 0.000000000000000000 ) ) ;
#5163 = VERTEX_POINT ( 'NONE', #5226 ) ;
#5164 =( NAMED_UNIT ( * ) PLANE_ANGLE_UNIT ( ) SI_UNIT ( $, .RADIAN. ) );
#5165 = SURFACE_SIDE_STYLE ('',( #10272 ) ) ;
#5166 = ORIENTED_EDGE ( 'NONE', *, *, #9782, .T. ) ;
#5167 = DIRECTION ( 'NONE',  ( 1.000000000000000000, 7.900312364472152558E-62, -2.736911063134407855E-47 ) ) ;
#5168 = FACE_OUTER_BOUND ( 'NONE', #1056, .T. ) ;
#5169 = MECHANICAL_DESIGN_GEOMETRIC_PRESENTATION_REPRESENTATION (  '', ( #4822 ), #8290 ) ;
#5170 = FACE_OUTER_BOUND ( 'NONE', #9079, .T. ) ;
#5171 = ORIENTED_EDGE ( 'NONE', *, *, #4839, .T. ) ;
#5172 = DIRECTION ( 'NONE',  ( 0.000000000000000000, -2.220446049250309876E-16, -1.000000000000000000 ) ) ;
#5173 = ADVANCED_FACE ( 'NONE', ( #1057 ), #4422, .F. ) ;
#5174 = DIRECTION ( 'NONE',  ( 0.000000000000000000, -2.220446049250309876E-16, -1.000000000000000000 ) ) ;
#5175 = VECTOR ( 'NONE', #2829, 1000.000000000000000 ) ;
#5176 = VERTEX_POINT ( 'NONE', #7991 ) ;
#5177 = FACE_OUTER_BOUND ( 'NONE', #6555, .T. ) ;
#5178 = ORIENTED_EDGE ( 'NONE', *, *, #2070, .F. ) ;
#5179 = VERTEX_POINT ( 'NONE', #3820 ) ;
#5180 = ORIENTED_EDGE ( 'NONE', *, *, #7027, .T. ) ;
#5181 = CIRCLE ( 'NONE', #6057, 0.2500000000000002220 ) ;
#5182 = PRODUCT_DEFINITION_SHAPE ( 'NONE', 'NONE',  #10833 ) ;
#5183 =( NAMED_UNIT ( * ) SI_UNIT ( $, .STERADIAN. ) SOLID_ANGLE_UNIT ( ) );
#5184 = SURFACE_STYLE_FILL_AREA ( #6177 ) ;
#5185 = STYLED_ITEM ( 'NONE', ( #10744 ), #2286 ) ;
#5186 = SURFACE_SIDE_STYLE ('',( #5410 ) ) ;
#5187 = LINE ( 'NONE', #8491, #5112 ) ;
#5188 = ORIENTED_EDGE ( 'NONE', *, *, #10185, .T. ) ;
#5189 = FILL_AREA_STYLE_COLOUR ( '', #512 ) ;
#5190 = UNCERTAINTY_MEASURE_WITH_UNIT (LENGTH_MEASURE( 1.000000000000000082E-05 ), #3795, 'distance_accuracy_value', 'NONE');
#5191 = EDGE_LOOP ( 'NONE', ( #9518, #7517, #9068, #8250, #5016, #7908 ) ) ;
#5192 = FILL_AREA_STYLE_COLOUR ( '', #10279 ) ;
#5193 = PRESENTATION_LAYER_ASSIGNMENT (  '', '', ( #8140 ) ) ;
#5194 = ADVANCED_FACE ( 'NONE', ( #9478 ), #8866, .T. ) ;
#5195 = CARTESIAN_POINT ( 'NONE',  ( -21.60302962540589888, 17.01451869865799793, 3.945000000010995045 ) ) ;
#5196 =( NAMED_UNIT ( * ) PLANE_ANGLE_UNIT ( ) SI_UNIT ( $, .RADIAN. ) );
#5197 = VECTOR ( 'NONE', #5699, 1000.000000000000000 ) ;
#5198 = EDGE_CURVE ( 'NONE', #3117, #8890, #9525, .T. ) ;
#5199 = CARTESIAN_POINT ( 'NONE',  ( -46.24026666726099677, 2.794518698657940003, 5.145000000010998775 ) ) ;
#5200 = CARTESIAN_POINT ( 'NONE',  ( -21.70302962540590030, 9.114518698657999352, 3.745000000010996644 ) ) ;
#5201 = DIRECTION ( 'NONE',  ( 0.000000000000000000, 2.220446049250309876E-16, 1.000000000000000000 ) ) ;
#5202 =( LENGTH_UNIT ( ) NAMED_UNIT ( * ) SI_UNIT ( .MILLI., .METRE. ) );
#5203 = SURFACE_STYLE_USAGE ( .BOTH. , #1862 ) ;
#5204 = PLANE ( 'NONE',  #3423 ) ;
#5205 = FILL_AREA_STYLE ('',( #10259 ) ) ;
#5206 = ORIENTED_EDGE ( 'NONE', *, *, #2263, .F. ) ;
#5207 = STYLED_ITEM ( 'NONE', ( #5262 ), #2827 ) ;
#5208 =( GEOMETRIC_REPRESENTATION_CONTEXT ( 3 ) GLOBAL_UNCERTAINTY_ASSIGNED_CONTEXT ( ( #6323 ) ) GLOBAL_UNIT_ASSIGNED_CONTEXT ( ( #2167, #1474, #6314 ) ) REPRESENTATION_CONTEXT ( 'NONE', 'WORKASPACE' ) );
#5209 = CARTESIAN_POINT ( 'NONE',  ( -38.80302962540589817, 5.314518698658000417, 1.285000000010999566 ) ) ;
#5210 = LINE ( 'NONE', #9294, #6994 ) ;
#5211 = EDGE_CURVE ( 'NONE', #4966, #6281, #7196, .T. ) ;
#5212 = CARTESIAN_POINT ( 'NONE',  ( -14.90026666726099869, 9.160427903162849717, 3.945000000010995045 ) ) ;
#5213 =( NAMED_UNIT ( * ) SI_UNIT ( $, .STERADIAN. ) SOLID_ANGLE_UNIT ( ) );
#5214 = MECHANICAL_DESIGN_GEOMETRIC_PRESENTATION_REPRESENTATION (  '', ( #4172 ), #7142 ) ;
#5215 = AXIS2_PLACEMENT_3D ( 'NONE', #7253, #605, #7996 ) ;
#5216 = CARTESIAN_POINT ( 'NONE',  ( -46.04026666726100103, 16.29451869865799551, 5.145000000010998775 ) ) ;
#5217 = ORIENTED_EDGE ( 'NONE', *, *, #7597, .F. ) ;
#5218 = SURFACE_STYLE_USAGE ( .BOTH. , #1874 ) ;
#5219 =( NAMED_UNIT ( * ) SI_UNIT ( $, .STERADIAN. ) SOLID_ANGLE_UNIT ( ) );
#5220 = ORIENTED_EDGE ( 'NONE', *, *, #970, .T. ) ;
#5221 = CARTESIAN_POINT ( 'NONE',  ( 1.336306770599001936, 2.256187637074000829, 11.06368319029500036 ) ) ;
#5222 = DIRECTION ( 'NONE',  ( -1.000000000000000000, 0.000000000000000000, 0.000000000000000000 ) ) ;
#5223 = AXIS2_PLACEMENT_3D ( 'NONE', #5343, #6107, #8654 ) ;
#5224 = EDGE_CURVE ( 'NONE', #2232, #7395, #7893, .T. ) ;
#5225 = ORIENTED_EDGE ( 'NONE', *, *, #5093, .F. ) ;
#5226 = CARTESIAN_POINT ( 'NONE',  ( 0.5500000000000000444, 0.2000000000000000111, 0.1000000000000000056 ) ) ;
#5227 = FILL_AREA_STYLE ('',( #7042 ) ) ;
#5228 = MECHANICAL_DESIGN_GEOMETRIC_PRESENTATION_REPRESENTATION (  '', ( #852 ), #8514 ) ;
#5229 = DIRECTION ( 'NONE',  ( 0.000000000000000000, -2.220446049250309876E-16, -1.000000000000000000 ) ) ;
#5230 = ORIENTED_EDGE ( 'NONE', *, *, #4072, .F. ) ;
#5231 =( LENGTH_UNIT ( ) NAMED_UNIT ( * ) SI_UNIT ( .MILLI., .METRE. ) );
#5232 = ORIENTED_EDGE ( 'NONE', *, *, #1996, .T. ) ;
#5233 = ORIENTED_EDGE ( 'NONE', *, *, #8318, .T. ) ;
#5234 = AXIS2_PLACEMENT_3D ( 'NONE', #752, #10749, #9987 ) ;
#5235 = ORIENTED_EDGE ( 'NONE', *, *, #155, .T. ) ;
#5236 = COLOUR_RGB ( '',1.000000000000000000, 0.9568627450980391469, 0.8862745098039215286 ) ;
#5237 = DIRECTION ( 'NONE',  ( 0.000000000000000000, 2.220446049250309876E-16, 1.000000000000000000 ) ) ;
#5238 = PLANE ( 'NONE',  #430 ) ;
#5239 = UNCERTAINTY_MEASURE_WITH_UNIT (LENGTH_MEASURE( 1.000000000000000082E-05 ), #10233, 'distance_accuracy_value', 'NONE');
#5240 = SURFACE_SIDE_STYLE ('',( #6627 ) ) ;
#5241 = PRESENTATION_LAYER_ASSIGNMENT (  '', '', ( #5075 ) ) ;
#5242 = DIRECTION ( 'NONE',  ( 0.000000000000000000, 1.000000000000000000, -2.220446049250309876E-16 ) ) ;
#5243 = SURFACE_STYLE_USAGE ( .BOTH. , #8554 ) ;
#5244 = AXIS2_PLACEMENT_3D ( 'NONE', #1088, #5144, #10193 ) ;
#5245 = DIRECTION ( 'NONE',  ( 0.000000000000000000, 0.000000000000000000, -1.000000000000000000 ) ) ;
#5246 = CARTESIAN_POINT ( 'NONE',  ( 0.08787878787878819487, 11.26969696969696066, 0.08787878787878819487 ) ) ;
#5247 = AXIS2_PLACEMENT_3D ( 'NONE', #5972, #9997, #825 ) ;
#5248 =( NAMED_UNIT ( * ) PLANE_ANGLE_UNIT ( ) SI_UNIT ( $, .RADIAN. ) );
#5249 = EDGE_LOOP ( 'NONE', ( #7862, #2791, #3243, #10759 ) ) ;
#5250 = CARTESIAN_POINT ( 'NONE',  ( 1.344999999999999973, 5.299999999999999822, 1.525000000000000133 ) ) ;
#5251 = ORIENTED_EDGE ( 'NONE', *, *, #6463, .F. ) ;
#5252 = AXIS2_PLACEMENT_3D ( 'NONE', #6241, #8016, #4615 ) ;
#5253 = CARTESIAN_POINT ( 'NONE',  ( -39.74026666726099677, 2.394518698657940536, 3.745000000010996644 ) ) ;
#5254 = MECHANICAL_DESIGN_GEOMETRIC_PRESENTATION_REPRESENTATION (  '', ( #9427 ), #511 ) ;
#5255 = DIRECTION ( 'NONE',  ( 0.000000000000000000, -1.000000000000000000, 0.000000000000000000 ) ) ;
#5256 =( NAMED_UNIT ( * ) SI_UNIT ( $, .STERADIAN. ) SOLID_ANGLE_UNIT ( ) );
#5257 = LINE ( 'NONE', #8680, #4180 ) ;
#5258 =( NAMED_UNIT ( * ) SI_UNIT ( $, .STERADIAN. ) SOLID_ANGLE_UNIT ( ) );
#5259 =( NAMED_UNIT ( * ) PLANE_ANGLE_UNIT ( ) SI_UNIT ( $, .RADIAN. ) );
#5260 = CARTESIAN_POINT ( 'NONE',  ( -14.90026666726099869, 16.78042790316279920, 3.945000000010995045 ) ) ;
#5261 =( NAMED_UNIT ( * ) SI_UNIT ( $, .STERADIAN. ) SOLID_ANGLE_UNIT ( ) );
#5262 = PRESENTATION_STYLE_ASSIGNMENT (( #6749 ) ) ;
#5263 = EDGE_LOOP ( 'NONE', ( #4784, #5717 ) ) ;
#5264 = EDGE_CURVE ( 'NONE', #1137, #708, #5338, .T. ) ;
#5265 = ADVANCED_FACE ( 'NONE', ( #5499 ), #8811, .T. ) ;
#5266 = SURFACE_STYLE_USAGE ( .BOTH. , #10208 ) ;
#5267 = COLOUR_RGB ( '',1.000000000000000000, 0.9568627450980391469, 0.8862745098039215286 ) ;
#5268 = VECTOR ( 'NONE', #9361, 1000.000000000000000 ) ;
#5269 =( NAMED_UNIT ( * ) SI_UNIT ( $, .STERADIAN. ) SOLID_ANGLE_UNIT ( ) );
#5270 = PRESENTATION_LAYER_ASSIGNMENT (  '', '', ( #9956 ) ) ;
#5271 = PRESENTATION_STYLE_ASSIGNMENT (( #7883 ) ) ;
#5272 = LINE ( 'NONE', #8580, #9515 ) ;
#5273 = DIRECTION ( 'NONE',  ( 1.000000000000000000, 0.000000000000000000, 0.000000000000000000 ) ) ;
#5275 = VERTEX_POINT ( 'NONE', #4021 ) ;
#5274 = CARTESIAN_POINT ( 'NONE',  ( -21.70302962540590030, 8.714518698658000773, 3.945000000010995045 ) ) ;
#5276 = CARTESIAN_POINT ( 'NONE',  ( -39.94026666726099961, 1.594518698657940048, 3.745000000010996644 ) ) ;
#5277 = ADVANCED_FACE ( 'NONE', ( #81 ), #8093, .F. ) ;
#5278 = STYLED_ITEM ( 'NONE', ( #1512 ), #5539 ) ;
#5279 = VERTEX_POINT ( 'NONE', #717 ) ;
#5280 =( GEOMETRIC_REPRESENTATION_CONTEXT ( 3 ) GLOBAL_UNCERTAINTY_ASSIGNED_CONTEXT ( ( #1882 ) ) GLOBAL_UNIT_ASSIGNED_CONTEXT ( ( #9541, #7459, #3026 ) ) REPRESENTATION_CONTEXT ( 'NONE', 'WORKASPACE' ) );
#5281 = CARTESIAN_POINT ( 'NONE',  ( -39.54026666726100103, 16.29451869865799551, 5.135000000010998988 ) ) ;
#5282 = ORIENTED_EDGE ( 'NONE', *, *, #6807, .F. ) ;
#5283 = AXIS2_PLACEMENT_3D ( 'NONE', #236, #9229, #8339 ) ;
#5284 = STYLED_ITEM ( 'NONE', ( #4859 ), #5563 ) ;
#5285 = UNCERTAINTY_MEASURE_WITH_UNIT (LENGTH_MEASURE( 1.000000000000000082E-05 ), #4282, 'distance_accuracy_value', 'NONE');
#5286 =( LENGTH_UNIT ( ) NAMED_UNIT ( * ) SI_UNIT ( .MILLI., .METRE. ) );
#5287 = SURFACE_STYLE_USAGE ( .BOTH. , #1944 ) ;
#5288 =( GEOMETRIC_REPRESENTATION_CONTEXT ( 3 ) GLOBAL_UNCERTAINTY_ASSIGNED_CONTEXT ( ( #264 ) ) GLOBAL_UNIT_ASSIGNED_CONTEXT ( ( #1517, #5587, #8900 ) ) REPRESENTATION_CONTEXT ( 'NONE', 'WORKASPACE' ) );
#5289 = PRESENTATION_STYLE_ASSIGNMENT (( #9480 ) ) ;
#5290 = SURFACE_STYLE_USAGE ( .BOTH. , #7794 ) ;
#5291 = DIRECTION ( 'NONE',  ( 0.000000000000000000, -2.220446049250309876E-16, -1.000000000000000000 ) ) ;
#5292 = ORIENTED_EDGE ( 'NONE', *, *, #3233, .T. ) ;
#5293 = MECHANICAL_DESIGN_GEOMETRIC_PRESENTATION_REPRESENTATION (  '', ( #7732 ), #8582 ) ;
#5294 = CARTESIAN_POINT ( 'NONE',  ( -42.73771170588249646, 16.83451869865799821, 3.145000000011000107 ) ) ;
#5295 = VERTEX_POINT ( 'NONE', #4081 ) ;
#5296 = ORIENTED_EDGE ( 'NONE', *, *, #5014, .T. ) ;
#5297 = ORIENTED_EDGE ( 'NONE', *, *, #5340, .T. ) ;
#5298 =( NAMED_UNIT ( * ) SI_UNIT ( $, .STERADIAN. ) SOLID_ANGLE_UNIT ( ) );
#5299 = CARTESIAN_POINT ( 'NONE',  ( -45.59026666726099819, 18.63451869865799893, 2.745000000010995755 ) ) ;
#5300 = VECTOR ( 'NONE', #5072, 1000.000000000000000 ) ;
#5301 = DIRECTION ( 'NONE',  ( 0.000000000000000000, -2.220446049250309876E-16, -1.000000000000000000 ) ) ;
#5302 = FILL_AREA_STYLE_COLOUR ( '', #2930 ) ;
#5303 = FILL_AREA_STYLE ('',( #6234 ) ) ;
#5304 = CARTESIAN_POINT ( 'NONE',  ( -46.24026666726099677, 4.394518698657940092, 3.945000000010995045 ) ) ;
#5305 = CARTESIAN_POINT ( 'NONE',  ( -45.84026666726099819, 18.63451869865799893, 2.620000000010995311 ) ) ;
#5306 = EDGE_LOOP ( 'NONE', ( #6307, #3366 ) ) ;
#5307 = LINE ( 'NONE', #3843, #8206 ) ;
#5308 = VERTEX_POINT ( 'NONE', #5964 ) ;
#5309 = FILL_AREA_STYLE ('',( #1798 ) ) ;
#5310 = SURFACE_SIDE_STYLE ('',( #9608 ) ) ;
#5311 = CARTESIAN_POINT ( 'NONE',  ( 0.000000000000000000, 0.2000000000000000111, 0.000000000000000000 ) ) ;
#5312 = SURFACE_STYLE_FILL_AREA ( #2818 ) ;
#5313 = COLOUR_RGB ( '',0.07058823529411764608, 0.07058823529411764608, 0.07058823529411764608 ) ;
#5314 = COLOUR_RGB ( '',1.000000000000000000, 0.9568627450980391469, 0.8862745098039215286 ) ;
#5315 = CARTESIAN_POINT ( 'NONE',  ( -19.70302962540589675, 7.914518698658000062, 3.545000000010997798 ) ) ;
#5316 = SURFACE_STYLE_FILL_AREA ( #8734 ) ;
#5317 = FILL_AREA_STYLE ('',( #2041 ) ) ;
#5318 = PLANE ( 'NONE',  #8725 ) ;
#5319 = CARTESIAN_POINT ( 'NONE',  ( -46.24026666726099677, 24.73451869865800035, 5.135000000010998988 ) ) ;
#5320 = ORIENTED_EDGE ( 'NONE', *, *, #272, .T. ) ;
#5321 = CARTESIAN_POINT ( 'NONE',  ( -14.90026666726099869, 17.78042790316279920, 3.955000000010998384 ) ) ;
#5322 = FILL_AREA_STYLE ('',( #3588 ) ) ;
#5323 = CIRCLE ( 'NONE', #5500, 2.000000000000001776 ) ;
#5324 = EDGE_CURVE ( 'NONE', #10659, #2130, #3163, .T. ) ;
#5325 = DIRECTION ( 'NONE',  ( -1.000000000000000000, 0.000000000000000000, 0.000000000000000000 ) ) ;
#5326 = EDGE_CURVE ( 'NONE', #8383, #7289, #9739, .T. ) ;
#5327 = EDGE_LOOP ( 'NONE', ( #1716, #9209, #9098, #5331 ) ) ;
#5328 = DIRECTION ( 'NONE',  ( 1.000000000000000000, 0.000000000000000000, 0.000000000000000000 ) ) ;
#5329 =( GEOMETRIC_REPRESENTATION_CONTEXT ( 3 ) GLOBAL_UNCERTAINTY_ASSIGNED_CONTEXT ( ( #8613 ) ) GLOBAL_UNIT_ASSIGNED_CONTEXT ( ( #2313, #7071, #9557 ) ) REPRESENTATION_CONTEXT ( 'NONE', 'WORKASPACE' ) );
#5330 = CARTESIAN_POINT ( 'NONE',  ( -21.50302962540590102, 9.914518698658000062, 3.145000000011000107 ) ) ;
#5331 = ORIENTED_EDGE ( 'NONE', *, *, #2547, .T. ) ;
#5332 = DIRECTION ( 'NONE',  ( 0.000000000000000000, 0.000000000000000000, 1.000000000000000000 ) ) ;
#5333 = MECHANICAL_DESIGN_GEOMETRIC_PRESENTATION_REPRESENTATION (  '', ( #5504 ), #10014 ) ;
#5334 = CARTESIAN_POINT ( 'NONE',  ( 1.594999999999999973, 3.200000000000000178, -0.6250000000000000000 ) ) ;
#5335 = UNCERTAINTY_MEASURE_WITH_UNIT (LENGTH_MEASURE( 1.000000000000000082E-05 ), #9135, 'distance_accuracy_value', 'NONE');
#5336 = VERTEX_POINT ( 'NONE', #10663 ) ;
#5337 = VECTOR ( 'NONE', #8992, 1000.000000000000000 ) ;
#5338 = LINE ( 'NONE', #7041, #6851 ) ;
#5339 = ADVANCED_FACE ( 'NONE', ( #3221 ), #8929, .F. ) ;
#5340 = EDGE_CURVE ( 'NONE', #8383, #423, #7656, .T. ) ;
#5341 = FACE_OUTER_BOUND ( 'NONE', #9701, .T. ) ;
#5342 = SURFACE_STYLE_FILL_AREA ( #2686 ) ;
#5343 = CARTESIAN_POINT ( 'NONE',  ( -48.84026666726100530, 5.314518698658000417, 1.285000000010999566 ) ) ;
#5344 = EDGE_LOOP ( 'NONE', ( #5124, #6886, #5762, #10569 ) ) ;
#5345 = STYLED_ITEM ( 'NONE', ( #4292 ), #906 ) ;
#5346 = ORIENTED_EDGE ( 'NONE', *, *, #3099, .T. ) ;
#5347 = ORIENTED_EDGE ( 'NONE', *, *, #7667, .T. ) ;
#5348 = ORIENTED_EDGE ( 'NONE', *, *, #8017, .F. ) ;
#5349 = EDGE_CURVE ( 'NONE', #5, #1986, #3525, .T. ) ;
#5350 = FACE_OUTER_BOUND ( 'NONE', #7818, .T. ) ;
#5351 = DIRECTION ( 'NONE',  ( 0.000000000000000000, -2.220446049250309876E-16, -1.000000000000000000 ) ) ;
#5352 = UNCERTAINTY_MEASURE_WITH_UNIT (LENGTH_MEASURE( 1.000000000000000082E-05 ), #6862, 'distance_accuracy_value', 'NONE');
#5353 = VECTOR ( 'NONE', #1013, 1000.000000000000000 ) ;
#5354 = LINE ( 'NONE', #1790, #443 ) ;
#5355 = SURFACE_STYLE_FILL_AREA ( #1968 ) ;
#5356 = DIRECTION ( 'NONE',  ( -1.000000000000000000, 0.000000000000000000, 0.000000000000000000 ) ) ;
#5357 = CARTESIAN_POINT ( 'NONE',  ( -19.20302962540590030, 12.51451869865799971, 2.945000000010994157 ) ) ;
#5358 = VERTEX_POINT ( 'NONE', #2817 ) ;
#5359 = CYLINDRICAL_SURFACE ( 'NONE', #5621, 0.2500000000000002220 ) ;
#5360 = VECTOR ( 'NONE', #6764, 1000.000000000000000 ) ;
#5361 = ORIENTED_EDGE ( 'NONE', *, *, #3676, .F. ) ;
#5362 = DIRECTION ( 'NONE',  ( 0.000000000000000000, 1.000000000000000000, 0.000000000000000000 ) ) ;
#5363 = DIRECTION ( 'NONE',  ( 0.000000000000000000, -1.000000000000000000, 0.000000000000000000 ) ) ;
#5364 = SURFACE_SIDE_STYLE ('',( #7017 ) ) ;
#5365 =( NAMED_UNIT ( * ) PLANE_ANGLE_UNIT ( ) SI_UNIT ( $, .RADIAN. ) );
#5366 = DIRECTION ( 'NONE',  ( 0.000000000000000000, 2.220446049250309876E-16, 1.000000000000000000 ) ) ;
#5367 =( NAMED_UNIT ( * ) PLANE_ANGLE_UNIT ( ) SI_UNIT ( $, .RADIAN. ) );
#5368 =( NAMED_UNIT ( * ) SI_UNIT ( $, .STERADIAN. ) SOLID_ANGLE_UNIT ( ) );
#5369 = FILL_AREA_STYLE ('',( #2043 ) ) ;
#5370 = ORIENTED_EDGE ( 'NONE', *, *, #3758, .F. ) ;
#5371 = CIRCLE ( 'NONE', #6770, 0.4799999999999995381 ) ;
#5372 = VECTOR ( 'NONE', #2327, 1000.000000000000000 ) ;
#5373 = ADVANCED_FACE ( 'NONE', ( #7015 ), #6956, .F. ) ;
#5374 = CARTESIAN_POINT ( 'NONE',  ( -48.84026666726100530, 26.27451869865799949, 3.145000000011000107 ) ) ;
#5375 = DIRECTION ( 'NONE',  ( 0.000000000000000000, 1.000000000000000000, 0.000000000000000000 ) ) ;
#5376 = SURFACE_SIDE_STYLE ('',( #2048 ) ) ;
#5377 = PLANE ( 'NONE',  #868 ) ;
#5378 = CARTESIAN_POINT ( 'NONE',  ( -15.74029191166209962, 21.09527703930579889, 3.955000000010999273 ) ) ;
#5379 = COLOUR_RGB ( '',1.000000000000000000, 0.9568627450980391469, 0.8862745098039215286 ) ;
#5380 = VERTEX_POINT ( 'NONE', #10196 ) ;
#5381 = PRESENTATION_LAYER_ASSIGNMENT (  '', '', ( #1705 ) ) ;
#5382 = COLOUR_RGB ( '',1.000000000000000000, 0.8078431372549019773, 0.4980392156862745168 ) ;
#5383 = DIRECTION ( 'NONE',  ( 0.000000000000000000, -1.000000000000000000, 2.220446049250309876E-16 ) ) ;
#5384 =( NAMED_UNIT ( * ) PLANE_ANGLE_UNIT ( ) SI_UNIT ( $, .RADIAN. ) );
#5385 = VERTEX_POINT ( 'NONE', #7714 ) ;
#5386 =( LENGTH_UNIT ( ) NAMED_UNIT ( * ) SI_UNIT ( .MILLI., .METRE. ) );
#5387 = DIRECTION ( 'NONE',  ( 1.000000000000000000, 1.224646799147353207E-16, 0.000000000000000000 ) ) ;
#5388 = MECHANICAL_DESIGN_GEOMETRIC_PRESENTATION_REPRESENTATION (  '', ( #7650 ), #114 ) ;
#5389 = VECTOR ( 'NONE', #2037, 1000.000000000000000 ) ;
#5390 = AXIS2_PLACEMENT_3D ( 'NONE', #2287, #4643, #6275 ) ;
#5391 = SURFACE_STYLE_FILL_AREA ( #7143 ) ;
#5392 =( BOUNDED_SURFACE ( )  B_SPLINE_SURFACE ( 2, 2, ( 
 ( #9119, #798, #7481, #8611, #7051, #10298, #5299, #10362, #3735 ),
 ( #2133, #3780, #9433, #1129, #2913, #7903, #6228, #7756, #2799 ),
 ( #6940, #9538, #5464, #1960, #2074, #8714, #2740, #5404, #1236 ) ),
 .UNSPECIFIED., .F., .T., .T. ) 
 B_SPLINE_SURFACE_WITH_KNOTS ( ( 3, 3 ),
 ( 3, 2, 2, 2, 3 ),
 ( -3.539935536902450116E-14, 1.570796326794919873 ),
 ( -3.141592653589790007, -1.570796326794899889, 0.000000000000000000, 1.570796326794899889, 3.141592653589790007 ),
 .UNSPECIFIED. ) 
 GEOMETRIC_REPRESENTATION_ITEM ( )  RATIONAL_B_SPLINE_SURFACE ( (
 ( 1.000000000000000000, 0.7071067811865480168, 1.000000000000000000, 0.7071067811865480168, 1.000000000000000000, 0.7071067811865480168, 1.000000000000000000, 0.7071067811865480168, 1.000000000000000000),
 ( 0.7071067811865340280, 0.4999999999999909517, 0.7071067811865340280, 0.4999999999999909517, 0.7071067811865340280, 0.4999999999999909517, 0.7071067811865340280, 0.4999999999999909517, 0.7071067811865340280),
 ( 1.000000000000000000, 0.7071067811865480168, 1.000000000000000000, 0.7071067811865480168, 1.000000000000000000, 0.7071067811865480168, 1.000000000000000000, 0.7071067811865480168, 1.000000000000000000) ) ) 
 REPRESENTATION_ITEM ( '' )  SURFACE ( )  );
#5393 = UNCERTAINTY_MEASURE_WITH_UNIT (LENGTH_MEASURE( 1.000000000000000082E-05 ), #8670, 'distance_accuracy_value', 'NONE');
#5394 = SURFACE_SIDE_STYLE ('',( #8702 ) ) ;
#5395 = SURFACE_STYLE_USAGE ( .BOTH. , #10350 ) ;
#5396 = STYLED_ITEM ( 'NONE', ( #10158 ), #9058 ) ;
#5397 = ORIENTED_EDGE ( 'NONE', *, *, #9988, .T. ) ;
#5398 = EDGE_CURVE ( 'NONE', #7448, #1561, #8624, .T. ) ;
#5399 = EDGE_CURVE ( 'NONE', #8982, #2490, #1860, .T. ) ;
#5400 = ORIENTED_EDGE ( 'NONE', *, *, #1604, .F. ) ;
#5401 = VERTEX_POINT ( 'NONE', #6132 ) ;
#5402 = COLOUR_RGB ( '',1.000000000000000000, 0.9568627450980391469, 0.8862745098039215286 ) ;
#5403 = PRESENTATION_LAYER_ASSIGNMENT (  '', '', ( #663 ) ) ;
#5404 = CARTESIAN_POINT ( 'NONE',  ( -45.79026666726101524, 18.58451869865800532, 2.545000000010994246 ) ) ;
#5405 =( NAMED_UNIT ( * ) SI_UNIT ( $, .STERADIAN. ) SOLID_ANGLE_UNIT ( ) );
#5406 = DIRECTION ( 'NONE',  ( 0.000000000000000000, -1.000000000000000000, 0.000000000000000000 ) ) ;
#5407 = DIRECTION ( 'NONE',  ( 0.000000000000000000, 1.000000000000000000, -2.220446049250309876E-16 ) ) ;
#5408 = PLANE ( 'NONE',  #1660 ) ;
#5409 = EDGE_CURVE ( 'NONE', #1675, #5943, #3897, .T. ) ;
#5410 = SURFACE_STYLE_FILL_AREA ( #1850 ) ;
#5411 = DIRECTION ( 'NONE',  ( 0.000000000000000000, -1.000000000000000000, 2.220446049250309876E-16 ) ) ;
#5412 = ORIENTED_EDGE ( 'NONE', *, *, #2349, .F. ) ;
#5413 =( GEOMETRIC_REPRESENTATION_CONTEXT ( 3 ) GLOBAL_UNCERTAINTY_ASSIGNED_CONTEXT ( ( #6612 ) ) GLOBAL_UNIT_ASSIGNED_CONTEXT ( ( #3200, #6575, #6466 ) ) REPRESENTATION_CONTEXT ( 'NONE', 'WORKASPACE' ) );
#5414 = COLOUR_RGB ( '',1.000000000000000000, 0.7568627450980391913, 0.5647058823529411686 ) ;
#5415 = ORIENTED_EDGE ( 'NONE', *, *, #3147, .F. ) ;
#5416 = FACE_BOUND ( 'NONE', #4783, .T. ) ;
#5417 = MECHANICAL_DESIGN_GEOMETRIC_PRESENTATION_REPRESENTATION (  '', ( #6641 ), #9244 ) ;
#5418 = SURFACE_SIDE_STYLE ('',( #8894 ) ) ;
#5419 = SURFACE_STYLE_FILL_AREA ( #10374 ) ;
#5420 = COLOUR_RGB ( '',0.8274509803921568096, 0.6666666666666666297, 0.1294117647058823373 ) ;
#5421 = CARTESIAN_POINT ( 'NONE',  ( 1.594999999999999973, 3.000000000000000000, -0.6250000000000000000 ) ) ;
#5422 = CARTESIAN_POINT ( 'NONE',  ( -29.47854998418979733, 1.214518698657939710, 3.745000000010996644 ) ) ;
#5423 =( GEOMETRIC_REPRESENTATION_CONTEXT ( 3 ) GLOBAL_UNCERTAINTY_ASSIGNED_CONTEXT ( ( #6998 ) ) GLOBAL_UNIT_ASSIGNED_CONTEXT ( ( #3215, #8090, #9142 ) ) REPRESENTATION_CONTEXT ( 'NONE', 'WORKASPACE' ) );
#5424 = DIRECTION ( 'NONE',  ( 0.000000000000000000, 1.000000000000000000, 0.000000000000000000 ) ) ;
#5425 = SURFACE_STYLE_FILL_AREA ( #2095 ) ;
#5426 = FILL_AREA_STYLE_COLOUR ( '', #9028 ) ;
#5428 = LINE ( 'NONE', #8735, #8266 ) ;
#5427 = PRESENTATION_STYLE_ASSIGNMENT (( #10432 ) ) ;
#5429 = PRESENTATION_STYLE_ASSIGNMENT (( #10204 ) ) ;
#5430 = SURFACE_STYLE_USAGE ( .BOTH. , #3756 ) ;
#5431 = AXIS2_PLACEMENT_3D ( 'NONE', #7963, #2253, #2309 ) ;
#5432 = EDGE_LOOP ( 'NONE', ( #7475, #6922 ) ) ;
#5433 =( GEOMETRIC_REPRESENTATION_CONTEXT ( 3 ) GLOBAL_UNCERTAINTY_ASSIGNED_CONTEXT ( ( #2468 ) ) GLOBAL_UNIT_ASSIGNED_CONTEXT ( ( #3465, #7766, #5902 ) ) REPRESENTATION_CONTEXT ( 'NONE', 'WORKASPACE' ) );
#5434 =( NAMED_UNIT ( * ) PLANE_ANGLE_UNIT ( ) SI_UNIT ( $, .RADIAN. ) );
#5435 = MECHANICAL_DESIGN_GEOMETRIC_PRESENTATION_REPRESENTATION (  '', ( #7177 ), #7859 ) ;
#5436 = CARTESIAN_POINT ( 'NONE',  ( -36.17854998418980017, 1.257512981500239935, 2.945000000010994157 ) ) ;
#5437 = CYLINDRICAL_SURFACE ( 'NONE', #3830, 2.000000000000000000 ) ;
#5438 = AXIS2_PLACEMENT_3D ( 'NONE', #1151, #4501, #8508 ) ;
#5439 = SURFACE_STYLE_USAGE ( .BOTH. , #7978 ) ;
#5441 = ORIENTED_EDGE ( 'NONE', *, *, #2224, .T. ) ;
#5440 = CARTESIAN_POINT ( 'NONE',  ( -19.70302962540589675, 17.01451869865799793, 3.745000000010996644 ) ) ;
#5442 = PRESENTATION_STYLE_ASSIGNMENT (( #1159 ) ) ;
#5443 = LINE ( 'NONE', #9630, #4327 ) ;
#5444 = CIRCLE ( 'NONE', #7534, 0.4800000000000012590 ) ;
#5445 = MECHANICAL_DESIGN_GEOMETRIC_PRESENTATION_REPRESENTATION (  '', ( #8913 ), #3528 ) ;
#5446 = VERTEX_POINT ( 'NONE', #9391 ) ;
#5447 = DIRECTION ( 'NONE',  ( 1.000000000000000000, 0.000000000000000000, 0.000000000000000000 ) ) ;
#5448 = UNCERTAINTY_MEASURE_WITH_UNIT (LENGTH_MEASURE( 1.000000000000000082E-05 ), #7759, 'distance_accuracy_value', 'NONE');
#5449 = VECTOR ( 'NONE', #6814, 1000.000000000000000 ) ;
#5450 =( LENGTH_UNIT ( ) NAMED_UNIT ( * ) SI_UNIT ( .MILLI., .METRE. ) );
#5451 =( LENGTH_UNIT ( ) NAMED_UNIT ( * ) SI_UNIT ( .MILLI., .METRE. ) );
#5452 = CARTESIAN_POINT ( 'NONE',  ( 0.000000000000000000, 5.299999999999999822, 0.6500000000000000222 ) ) ;
#5453 = PLANE ( 'NONE',  #855 ) ;
#5454 = VECTOR ( 'NONE', #5686, 1000.000000000000000 ) ;
#5455 =( GEOMETRIC_REPRESENTATION_CONTEXT ( 3 ) GLOBAL_UNCERTAINTY_ASSIGNED_CONTEXT ( ( #6925 ) ) GLOBAL_UNIT_ASSIGNED_CONTEXT ( ( #6753, #5660, #7451 ) ) REPRESENTATION_CONTEXT ( 'NONE', 'WORKASPACE' ) );
#5456 = ORIENTED_EDGE ( 'NONE', *, *, #6207, .T. ) ;
#5458 = UNCERTAINTY_MEASURE_WITH_UNIT (LENGTH_MEASURE( 1.000000000000000082E-05 ), #7163, 'distance_accuracy_value', 'NONE');
#5457 =( GEOMETRIC_REPRESENTATION_CONTEXT ( 3 ) GLOBAL_UNCERTAINTY_ASSIGNED_CONTEXT ( ( #1645 ) ) GLOBAL_UNIT_ASSIGNED_CONTEXT ( ( #9181, #1737, #3462 ) ) REPRESENTATION_CONTEXT ( 'NONE', 'WORKASPACE' ) );
#5459 = ORIENTED_EDGE ( 'NONE', *, *, #991, .T. ) ;
#5460 =( GEOMETRIC_REPRESENTATION_CONTEXT ( 3 ) GLOBAL_UNCERTAINTY_ASSIGNED_CONTEXT ( ( #4221 ) ) GLOBAL_UNIT_ASSIGNED_CONTEXT ( ( #9708, #2256, #10583 ) ) REPRESENTATION_CONTEXT ( 'NONE', 'WORKASPACE' ) );
#5461 = VERTEX_POINT ( 'NONE', #5421 ) ;
#5462 = MECHANICAL_DESIGN_GEOMETRIC_PRESENTATION_REPRESENTATION (  '', ( #1971 ), #9115 ) ;
#5463 = DIRECTION ( 'NONE',  ( 1.000000000000000000, 0.000000000000000000, 0.000000000000000000 ) ) ;
#5464 = CARTESIAN_POINT ( 'NONE',  ( -45.89026666726099535, 18.63451869865799893, 2.545000000010996910 ) ) ;
#5465 = LINE ( 'NONE', #7313, #8414 ) ;
#5466 = CARTESIAN_POINT ( 'NONE',  ( 1.594999999999999973, 3.000000000000000000, -0.8750000000000000000 ) ) ;
#5467 = UNCERTAINTY_MEASURE_WITH_UNIT (LENGTH_MEASURE( 1.000000000000000082E-05 ), #3432, 'distance_accuracy_value', 'NONE');
#5468 = ADVANCED_FACE ( 'NONE', ( #1090 ), #6188, .F. ) ;
#5469 = ADVANCED_FACE ( 'NONE', ( #3634 ), #1199, .F. ) ;
#5470 =( NAMED_UNIT ( * ) PLANE_ANGLE_UNIT ( ) SI_UNIT ( $, .RADIAN. ) );
#5471 = FILL_AREA_STYLE ('',( #8671 ) ) ;
#5472 = ORIENTED_EDGE ( 'NONE', *, *, #4687, .T. ) ;
#5473 = ORIENTED_EDGE ( 'NONE', *, *, #6794, .T. ) ;
#5474 = VECTOR ( 'NONE', #902, 1000.000000000000000 ) ;
#5475 = VERTEX_POINT ( 'NONE', #8728 ) ;
#5476 = FACE_OUTER_BOUND ( 'NONE', #2870, .T. ) ;
#5477 = STYLED_ITEM ( 'NONE', ( #5120 ), #3943 ) ;
#5478 = DIRECTION ( 'NONE',  ( 0.000000000000000000, -1.000000000000000000, 2.220446049250309876E-16 ) ) ;
#5479 = EDGE_CURVE ( 'NONE', #2579, #1954, #4619, .T. ) ;
#5480 = PLANE ( 'NONE',  #1540 ) ;
#5481 = DIRECTION ( 'NONE',  ( 0.000000000000000000, 1.000000000000000000, 0.000000000000000000 ) ) ;
#5482 =( NAMED_UNIT ( * ) SI_UNIT ( $, .STERADIAN. ) SOLID_ANGLE_UNIT ( ) );
#5483 = FILL_AREA_STYLE_COLOUR ( '', #3078 ) ;
#5484 = ORIENTED_EDGE ( 'NONE', *, *, #5399, .T. ) ;
#5485 = CARTESIAN_POINT ( 'NONE',  ( -46.09026666726102661, 18.38451869865790655, 2.545000000011002239 ) ) ;
#5486 = UNCERTAINTY_MEASURE_WITH_UNIT (LENGTH_MEASURE( 1.000000000000000082E-05 ), #2523, 'distance_accuracy_value', 'NONE');
#5487 = FILL_AREA_STYLE ('',( #2166 ) ) ;
#5488 = MECHANICAL_DESIGN_GEOMETRIC_PRESENTATION_REPRESENTATION (  '', ( #931 ), #3863 ) ;
#5489 = EDGE_CURVE ( 'NONE', #2219, #660, #4554, .T. ) ;
#5490 = DIRECTION ( 'NONE',  ( 0.000000000000000000, 1.000000000000000000, -4.336808689942017736E-16 ) ) ;
#5491 = DIRECTION ( 'NONE',  ( 0.000000000000000000, -1.000000000000000000, 2.220446049250309876E-16 ) ) ;
#5492 = CARTESIAN_POINT ( 'NONE',  ( -36.17854998418980017, 4.257512981500140015, 2.945000000010994157 ) ) ;
#5494 = ORIENTED_EDGE ( 'NONE', *, *, #9456, .T. ) ;
#5493 = LINE ( 'NONE', #315, #8690 ) ;
#5495 = FACE_OUTER_BOUND ( 'NONE', #10708, .T. ) ;
#5496 = CARTESIAN_POINT ( 'NONE',  ( -21.40302962540589604, 17.01451869865799793, 3.345000000010998953 ) ) ;
#5497 = AXIS2_PLACEMENT_3D ( 'NONE', #749, #1521, #4867 ) ;
#5498 = VERTEX_POINT ( 'NONE', #10376 ) ;
#5499 = FACE_OUTER_BOUND ( 'NONE', #8648, .T. ) ;
#5500 = AXIS2_PLACEMENT_3D ( 'NONE', #3693, #6195, #6795 ) ;
#5501 = SURFACE_STYLE_FILL_AREA ( #6218 ) ;
#5502 = CARTESIAN_POINT ( 'NONE',  ( -14.90026666726099869, 9.160427903162849717, 5.135000000010998988 ) ) ;
#5503 = CARTESIAN_POINT ( 'NONE',  ( -31.67854998418980017, 4.257512981500140015, 3.945000000010995045 ) ) ;
#5504 = STYLED_ITEM ( 'NONE', ( #1405 ), #6371 ) ;
#5505 = VERTEX_POINT ( 'NONE', #2925 ) ;
#5506 = CIRCLE ( 'NONE', #10010, 0.2500000000000002220 ) ;
#5507 = ORIENTED_EDGE ( 'NONE', *, *, #1103, .F. ) ;
#5508 = ORIENTED_EDGE ( 'NONE', *, *, #2904, .F. ) ;
#5509 = EDGE_CURVE ( 'NONE', #5926, #1387, #2706, .T. ) ;
#5510 = MECHANICAL_DESIGN_GEOMETRIC_PRESENTATION_REPRESENTATION (  '', ( #9327 ), #7593 ) ;
#5511 = FILL_AREA_STYLE_COLOUR ( '', #10822 ) ;
#5512 =( NAMED_UNIT ( * ) PLANE_ANGLE_UNIT ( ) SI_UNIT ( $, .RADIAN. ) );
#5513 = CARTESIAN_POINT ( 'NONE',  ( -41.49026666726099677, 0.7945186986579400035, 3.545000000010997798 ) ) ;
#5514 = CARTESIAN_POINT ( 'NONE',  ( -26.07854998418979875, 3.014518698657940199, 3.745000000010996644 ) ) ;
#5515 = VECTOR ( 'NONE', #7630, 1000.000000000000000 ) ;
#5516 = PLANE ( 'NONE',  #7091 ) ;
#5517 = SURFACE_STYLE_USAGE ( .BOTH. , #2356 ) ;
#5518 = DIRECTION ( 'NONE',  ( -1.000000000000000000, 0.000000000000000000, 0.000000000000000000 ) ) ;
#5519 = PRESENTATION_LAYER_ASSIGNMENT (  '', '', ( #9333 ) ) ;
#5520 = ORIENTED_EDGE ( 'NONE', *, *, #2601, .T. ) ;
#5521 = STYLED_ITEM ( 'NONE', ( #3509 ), #6465 ) ;
#5522 = CARTESIAN_POINT ( 'NONE',  ( -21.40302962540589604, 10.21451869865800077, 3.345000000010998953 ) ) ;
#5523 = FILL_AREA_STYLE ('',( #517 ) ) ;
#5524 = VERTEX_POINT ( 'NONE', #6019 ) ;
#5525 = ORIENTED_EDGE ( 'NONE', *, *, #1040, .T. ) ;
#5526 = CARTESIAN_POINT ( 'NONE',  ( 0.6500000000000000222, 11.05000000000000071, 0.6500000000000000222 ) ) ;
#5527 = VECTOR ( 'NONE', #7564, 1000.000000000000000 ) ;
#5528 = AXIS2_PLACEMENT_3D ( 'NONE', #6525, #8080, #9074 ) ;
#5529 = FACE_BOUND ( 'NONE', #67, .T. ) ;
#5530 = SURFACE_STYLE_FILL_AREA ( #4508 ) ;
#5531 =( NAMED_UNIT ( * ) PLANE_ANGLE_UNIT ( ) SI_UNIT ( $, .RADIAN. ) );
#5533 = PRESENTATION_STYLE_ASSIGNMENT (( #3138 ) ) ;
#5532 = DIRECTION ( 'NONE',  ( 0.000000000000000000, -2.220446049250309876E-16, -1.000000000000000000 ) ) ;
#5534 = MECHANICAL_DESIGN_GEOMETRIC_PRESENTATION_REPRESENTATION (  '', ( #2576 ), #2395 ) ;
#5535 = FILL_AREA_STYLE_COLOUR ( '', #3012 ) ;
#5536 = DIRECTION ( 'NONE',  ( 0.000000000000000000, -1.000000000000000000, 2.220446049250309876E-16 ) ) ;
#5537 = ORIENTED_EDGE ( 'NONE', *, *, #2680, .F. ) ;
#5538 = CARTESIAN_POINT ( 'NONE',  ( -41.49026666726099677, 0.7945186986579400035, 3.295000000010997354 ) ) ;
#5539 = ADVANCED_FACE ( 'NONE', ( #10490 ), #7964, .T. ) ;
#5540 = EDGE_CURVE ( 'NONE', #9484, #2838, #6861, .T. ) ;
#5541 = CYLINDRICAL_SURFACE ( 'NONE', #5962, 1.600000000000000089 ) ;
#5542 = STYLED_ITEM ( 'NONE', ( #172 ), #1482 ) ;
#5543 = CARTESIAN_POINT ( 'NONE',  ( -48.84026666726100530, 26.27451869865799949, 3.345000000010998953 ) ) ;
#5544 = LINE ( 'NONE', #6581, #4347 ) ;
#5545 = DIRECTION ( 'NONE',  ( 0.000000000000000000, -1.000000000000000000, 4.336808689942013792E-16 ) ) ;
#5546 =( LENGTH_UNIT ( ) NAMED_UNIT ( * ) SI_UNIT ( .MILLI., .METRE. ) );
#5547 = VERTEX_POINT ( 'NONE', #3851 ) ;
#5548 = CARTESIAN_POINT ( 'NONE',  ( -15.74029191166209962, 0.7552770393057404164, 5.135000000010999877 ) ) ;
#5549 =( LENGTH_UNIT ( ) NAMED_UNIT ( * ) SI_UNIT ( .MILLI., .METRE. ) );
#5550 = ORIENTED_EDGE ( 'NONE', *, *, #10074, .T. ) ;
#5551 = STYLED_ITEM ( 'NONE', ( #2731 ), #2311 ) ;
#5552 = ADVANCED_FACE ( 'NONE', ( #9821 ), #8018, .F. ) ;
#5553 = ORIENTED_EDGE ( 'NONE', *, *, #3614, .T. ) ;
#5554 = APPLICATION_PROTOCOL_DEFINITION ( 'draft international standard', 'automotive_design', 1998, #10572 ) ;
#5555 = DIRECTION ( 'NONE',  ( -1.000000000000000000, 0.000000000000000000, 0.000000000000000000 ) ) ;
#5556 = CARTESIAN_POINT ( 'NONE',  ( -39.94026666726099961, 2.394518698657940536, 3.545000000010997798 ) ) ;
#5557 =( NAMED_UNIT ( * ) PLANE_ANGLE_UNIT ( ) SI_UNIT ( $, .RADIAN. ) );
#5558 = DIRECTION ( 'NONE',  ( 0.000000000000000000, -1.000000000000000000, 2.220446049250309876E-16 ) ) ;
#5559 = CIRCLE ( 'NONE', #7976, 0.4799999999999995381 ) ;
#5560 = DIRECTION ( 'NONE',  ( 0.000000000000000000, 2.220446049250309876E-16, 1.000000000000000000 ) ) ;
#5561 = LINE ( 'NONE', #8763, #3498 ) ;
#5562 =( LENGTH_UNIT ( ) NAMED_UNIT ( * ) SI_UNIT ( .MILLI., .METRE. ) );
#5563 = ADVANCED_FACE ( 'NONE', ( #5529, #7323 ), #2846, .T. ) ;
#5564 = ORIENTED_EDGE ( 'NONE', *, *, #7391, .T. ) ;
#5565 = AXIS2_PLACEMENT_3D ( 'NONE', #5543, #481, #2324 ) ;
#5566 = COLOUR_RGB ( '',1.000000000000000000, 0.9568627450980391469, 0.8862745098039215286 ) ;
#5567 = ORIENTED_EDGE ( 'NONE', *, *, #907, .F. ) ;
#5568 = ORIENTED_EDGE ( 'NONE', *, *, #5811, .T. ) ;
#5569 = FILL_AREA_STYLE ('',( #9064 ) ) ;
#5570 = PLANE ( 'NONE',  #7695 ) ;
#5571 = DIRECTION ( 'NONE',  ( 0.000000000000000000, -1.000000000000000000, 0.000000000000000000 ) ) ;
#5572 = DIRECTION ( 'NONE',  ( 0.000000000000000000, -2.220446049250309876E-16, -1.000000000000000000 ) ) ;
#5573 = VECTOR ( 'NONE', #6527, 1000.000000000000000 ) ;
#5574 =( GEOMETRIC_REPRESENTATION_CONTEXT ( 3 ) GLOBAL_UNCERTAINTY_ASSIGNED_CONTEXT ( ( #6847 ) ) GLOBAL_UNIT_ASSIGNED_CONTEXT ( ( #270, #3665, #10118 ) ) REPRESENTATION_CONTEXT ( 'NONE', 'WORKASPACE' ) );
#5575 = SURFACE_STYLE_USAGE ( .BOTH. , #9598 ) ;
#5576 = CARTESIAN_POINT ( 'NONE',  ( -16.38026666726099734, 6.294518698657999956, 5.135000000010998988 ) ) ;
#5577 = ORIENTED_EDGE ( 'NONE', *, *, #9563, .F. ) ;
#5578 = EDGE_LOOP ( 'NONE', ( #7623, #120, #8783, #1034 ) ) ;
#5579 = AXIS2_PLACEMENT_3D ( 'NONE', #7603, #2880, #8573 ) ;
#5580 = EDGE_LOOP ( 'NONE', ( #5230, #7958 ) ) ;
#5581 = DIRECTION ( 'NONE',  ( 0.000000000000000000, 2.220446049250309876E-16, 1.000000000000000000 ) ) ;
#5582 = AXIS2_PLACEMENT_3D ( 'NONE', #8215, #6550, #9967 ) ;
#5583 = CARTESIAN_POINT ( 'NONE',  ( -19.90302962540589959, 17.01451869865799793, 3.745000000010996644 ) ) ;
#5584 = PLANE ( 'NONE',  #1127 ) ;
#5585 = SURFACE_SIDE_STYLE ('',( #1991 ) ) ;
#5586 = AXIS2_PLACEMENT_3D ( 'NONE', #5556, #3878, #10610 ) ;
#5587 =( NAMED_UNIT ( * ) PLANE_ANGLE_UNIT ( ) SI_UNIT ( $, .RADIAN. ) );
#5588 = DIRECTION ( 'NONE',  ( 0.000000000000000000, -1.000000000000000000, 0.000000000000000000 ) ) ;
#5589 = VECTOR ( 'NONE', #3931, 1000.000000000000000 ) ;
#5590 = SURFACE_SIDE_STYLE ('',( #1580 ) ) ;
#5591 = EDGE_LOOP ( 'NONE', ( #9409, #7889, #2413, #6899 ) ) ;
#5592 = DIRECTION ( 'NONE',  ( 0.000000000000000000, 2.220446049250309876E-16, 1.000000000000000000 ) ) ;
#5593 = SURFACE_STYLE_USAGE ( .BOTH. , #10549 ) ;
#5594 = UNCERTAINTY_MEASURE_WITH_UNIT (LENGTH_MEASURE( 1.000000000000000082E-05 ), #6038, 'distance_accuracy_value', 'NONE');
#5595 = AXIS2_PLACEMENT_3D ( 'NONE', #1210, #428, #3049 ) ;
#5596 =( GEOMETRIC_REPRESENTATION_CONTEXT ( 3 ) GLOBAL_UNCERTAINTY_ASSIGNED_CONTEXT ( ( #9155 ) ) GLOBAL_UNIT_ASSIGNED_CONTEXT ( ( #1820, #7616, #10214 ) ) REPRESENTATION_CONTEXT ( 'NONE', 'WORKASPACE' ) );
#5597 = DIRECTION ( 'NONE',  ( 0.000000000000000000, -1.000000000000000000, 0.000000000000000000 ) ) ;
#5598 = DIRECTION ( 'NONE',  ( 0.000000000000000000, 1.000000000000000000, -2.220446049250309876E-16 ) ) ;
#5599 = EDGE_CURVE ( 'NONE', #5179, #4512, #10510, .T. ) ;
#5601 = ORIENTED_EDGE ( 'NONE', *, *, #9803, .T. ) ;
#5600 = PRESENTATION_STYLE_ASSIGNMENT (( #8242 ) ) ;
#5602 = EDGE_CURVE ( 'NONE', #10558, #5835, #4524, .T. ) ;
#5603 = LINE ( 'NONE', #4635, #10419 ) ;
#5604 = VECTOR ( 'NONE', #9331, 1000.000000000000000 ) ;
#5605 = EDGE_LOOP ( 'NONE', ( #4503, #10556, #8142, #2779 ) ) ;
#5606 = COLOUR_RGB ( '',1.000000000000000000, 0.7568627450980391913, 0.5647058823529411686 ) ;
#5607 = ORIENTED_EDGE ( 'NONE', *, *, #4531, .T. ) ;
#5608 = PRESENTATION_STYLE_ASSIGNMENT (( #4954 ) ) ;
#5609 = SURFACE_STYLE_FILL_AREA ( #4581 ) ;
#5610 =( GEOMETRIC_REPRESENTATION_CONTEXT ( 3 ) GLOBAL_UNCERTAINTY_ASSIGNED_CONTEXT ( ( #429 ) ) GLOBAL_UNIT_ASSIGNED_CONTEXT ( ( #9446, #357, #1799 ) ) REPRESENTATION_CONTEXT ( 'NONE', 'WORKASPACE' ) );
#5611 = PRESENTATION_LAYER_ASSIGNMENT (  '', '', ( #6683 ) ) ;
#5612 = MECHANICAL_DESIGN_GEOMETRIC_PRESENTATION_REPRESENTATION (  '', ( #673 ), #339 ) ;
#5613 = DIRECTION ( 'NONE',  ( 0.000000000000000000, 2.220446049250309876E-16, 1.000000000000000000 ) ) ;
#5614 = ADVANCED_FACE ( 'NONE', ( #6927 ), #8703, .F. ) ;
#5615 = SURFACE_SIDE_STYLE ('',( #5501 ) ) ;
#5616 = DIRECTION ( 'NONE',  ( 0.000000000000000000, 1.000000000000000000, -4.336808689942013792E-16 ) ) ;
#5617 = VECTOR ( 'NONE', #7715, 1000.000000000000000 ) ;
#5618 = PRESENTATION_LAYER_ASSIGNMENT (  '', '', ( #9937 ) ) ;
#5619 =( GEOMETRIC_REPRESENTATION_CONTEXT ( 3 ) GLOBAL_UNCERTAINTY_ASSIGNED_CONTEXT ( ( #5285 ) ) GLOBAL_UNIT_ASSIGNED_CONTEXT ( ( #4282, #5911, #2602 ) ) REPRESENTATION_CONTEXT ( 'NONE', 'WORKASPACE' ) );
#5620 = ORIENTED_EDGE ( 'NONE', *, *, #9322, .T. ) ;
#5621 = AXIS2_PLACEMENT_3D ( 'NONE', #7006, #6122, #2202 ) ;
#5622 = ORIENTED_EDGE ( 'NONE', *, *, #3169, .T. ) ;
#5623 =( GEOMETRIC_REPRESENTATION_CONTEXT ( 3 ) GLOBAL_UNCERTAINTY_ASSIGNED_CONTEXT ( ( #2077 ) ) GLOBAL_UNIT_ASSIGNED_CONTEXT ( ( #6906, #10144, #1915 ) ) REPRESENTATION_CONTEXT ( 'NONE', 'WORKASPACE' ) );
#5624 = EDGE_CURVE ( 'NONE', #10269, #7256, #6046, .T. ) ;
#5625 = FILL_AREA_STYLE ('',( #5511 ) ) ;
#5626 = FILL_AREA_STYLE ('',( #3891 ) ) ;
#5627 = SURFACE_STYLE_USAGE ( .BOTH. , #6720 ) ;
#5628 = FILL_AREA_STYLE_COLOUR ( '', #10346 ) ;
#5629 = FILL_AREA_STYLE_COLOUR ( '', #9702 ) ;
#5630 = CARTESIAN_POINT ( 'NONE',  ( 0.1000000000000000056, 11.29999999999999893, 0.6500000000000000222 ) ) ;
#5631 = PRESENTATION_STYLE_ASSIGNMENT (( #5517 ) ) ;
#5632 =( LENGTH_UNIT ( ) NAMED_UNIT ( * ) SI_UNIT ( .MILLI., .METRE. ) );
#5633 = UNCERTAINTY_MEASURE_WITH_UNIT (LENGTH_MEASURE( 1.000000000000000082E-05 ), #9817, 'distance_accuracy_value', 'NONE');
#5634 = VERTEX_POINT ( 'NONE', #8533 ) ;
#5635 = ORIENTED_EDGE ( 'NONE', *, *, #8730, .F. ) ;
#5636 = VERTEX_POINT ( 'NONE', #4587 ) ;
#5637 = DIRECTION ( 'NONE',  ( 1.000000000000000000, 0.000000000000000000, 0.000000000000000000 ) ) ;
#5638 = CARTESIAN_POINT ( 'NONE',  ( -16.38026666726099734, 10.29451869865800084, 5.145000000010998775 ) ) ;
#5639 = DIRECTION ( 'NONE',  ( 0.000000000000000000, -1.000000000000000000, 0.000000000000000000 ) ) ;
#5640 = VECTOR ( 'NONE', #3681, 1000.000000000000000 ) ;
#5641 = EDGE_CURVE ( 'NONE', #5128, #22, #1609, .T. ) ;
#5642 = AXIS2_PLACEMENT_3D ( 'NONE', #6272, #3604, #2726 ) ;
#5643 =( NAMED_UNIT ( * ) PLANE_ANGLE_UNIT ( ) SI_UNIT ( $, .RADIAN. ) );
#5644 =( NAMED_UNIT ( * ) SI_UNIT ( $, .STERADIAN. ) SOLID_ANGLE_UNIT ( ) );
#5645 = AXIS2_PLACEMENT_3D ( 'NONE', #2159, #7967, #4816 ) ;
#5646 =( LENGTH_UNIT ( ) NAMED_UNIT ( * ) SI_UNIT ( .MILLI., .METRE. ) );
#5647 = LINE ( 'NONE', #474, #1584 ) ;
#5648 = EDGE_LOOP ( 'NONE', ( #6352, #4830, #6711, #10484 ) ) ;
#5649 =( LENGTH_UNIT ( ) NAMED_UNIT ( * ) SI_UNIT ( .MILLI., .METRE. ) );
#5650 = SURFACE_STYLE_USAGE ( .BOTH. , #637 ) ;
#5651 = EDGE_CURVE ( 'NONE', #9082, #5547, #4420, .T. ) ;
#5652 = FILL_AREA_STYLE_COLOUR ( '', #5727 ) ;
#5653 = DIRECTION ( 'NONE',  ( 1.000000000000000000, 0.000000000000000000, 0.000000000000000000 ) ) ;
#5654 = CARTESIAN_POINT ( 'NONE',  ( -41.49026666726099677, 0.7945186986579400035, 3.545000000010997798 ) ) ;
#5655 = ORIENTED_EDGE ( 'NONE', *, *, #5973, .F. ) ;
#5656 = PRESENTATION_STYLE_ASSIGNMENT (( #8189 ) ) ;
#5657 = ORIENTED_EDGE ( 'NONE', *, *, #6809, .T. ) ;
#5658 = EDGE_LOOP ( 'NONE', ( #6110, #4113 ) ) ;
#5659 = PLANE ( 'NONE',  #7334 ) ;
#5660 =( NAMED_UNIT ( * ) PLANE_ANGLE_UNIT ( ) SI_UNIT ( $, .RADIAN. ) );
#5661 = CIRCLE ( 'NONE', #742, 2.099999999999999645 ) ;
#5662 = EDGE_CURVE ( 'NONE', #5636, #9443, #7682, .T. ) ;
#5663 =( LENGTH_UNIT ( ) NAMED_UNIT ( * ) SI_UNIT ( .MILLI., .METRE. ) );
#5664 = CARTESIAN_POINT ( 'NONE',  ( -27.20302962540589675, 20.81451869865799864, 1.285000000010999566 ) ) ;
#5665 = MECHANICAL_DESIGN_GEOMETRIC_PRESENTATION_REPRESENTATION (  '', ( #9830 ), #9310 ) ;
#5666 = LINE ( 'NONE', #5773, #6946 ) ;
#5667 = VERTEX_POINT ( 'NONE', #9420 ) ;
#5668 = ORIENTED_EDGE ( 'NONE', *, *, #5161, .F. ) ;
#5669 = ADVANCED_FACE ( 'NONE', ( #6878 ), #2005, .T. ) ;
#5670 = EDGE_CURVE ( 'NONE', #5809, #5336, #7301, .T. ) ;
#5671 = FILL_AREA_STYLE_COLOUR ( '', #10485 ) ;
#5672 = LINE ( 'NONE', #8989, #390 ) ;
#5673 = DIRECTION ( 'NONE',  ( 0.000000000000000000, 1.000000000000000000, 0.000000000000000000 ) ) ;
#5674 = CARTESIAN_POINT ( 'NONE',  ( -26.97854998418979733, 3.714518698657950146, 3.345000000010998953 ) ) ;
#5675 = SURFACE_SIDE_STYLE ('',( #3944 ) ) ;
#5676 = ORIENTED_EDGE ( 'NONE', *, *, #5742, .T. ) ;
#5677 = EDGE_CURVE ( 'NONE', #730, #5678, #2180, .T. ) ;
#5678 = VERTEX_POINT ( 'NONE', #6324 ) ;
#5679 = ORIENTED_EDGE ( 'NONE', *, *, #3015, .F. ) ;
#5680 = SURFACE_STYLE_USAGE ( .BOTH. , #6513 ) ;
#5681 = MECHANICAL_DESIGN_GEOMETRIC_PRESENTATION_REPRESENTATION (  '', ( #10382 ), #10189 ) ;
#5682 = DIRECTION ( 'NONE',  ( 0.000000000000000000, -2.220446049250309876E-16, -1.000000000000000000 ) ) ;
#5683 = FILL_AREA_STYLE_COLOUR ( '', #900 ) ;
#5684 = CARTESIAN_POINT ( 'NONE',  ( -21.40302962540589604, 16.21451869865800077, 3.345000000010998953 ) ) ;
#5685 = SURFACE_SIDE_STYLE ('',( #2157 ) ) ;
#5686 = DIRECTION ( 'NONE',  ( -1.451271927614580036E-16, -1.000000000000000000, 2.220446049250309876E-16 ) ) ;
#5687 =( GEOMETRIC_REPRESENTATION_CONTEXT ( 3 ) GLOBAL_UNCERTAINTY_ASSIGNED_CONTEXT ( ( #7266 ) ) GLOBAL_UNIT_ASSIGNED_CONTEXT ( ( #10415, #2861, #9490 ) ) REPRESENTATION_CONTEXT ( 'NONE', 'WORKASPACE' ) );
#5688 = CARTESIAN_POINT ( 'NONE',  ( -41.98771170588250357, 15.83451869865799821, 3.945000000010995045 ) ) ;
#5689 = ORIENTED_EDGE ( 'NONE', *, *, #4289, .F. ) ;
#5690 = ADVANCED_FACE ( 'NONE', ( #7201 ), #1331, .T. ) ;
#5691 = CARTESIAN_POINT ( 'NONE',  ( -41.53771170588249362, 16.83451869865799821, 3.145000000011000107 ) ) ;
#5692 = MECHANICAL_DESIGN_GEOMETRIC_PRESENTATION_REPRESENTATION (  '', ( #6403 ), #1674 ) ;
#5693 = CARTESIAN_POINT ( 'NONE',  ( -46.24026666726099677, 2.794518698657940003, 5.135000000010998988 ) ) ;
#5694 = CARTESIAN_POINT ( 'NONE',  ( -27.20302962540589675, 20.61451869865799935, 1.085000000011000720 ) ) ;
#5695 = DIRECTION ( 'NONE',  ( 0.000000000000000000, 2.220446049250309876E-16, 1.000000000000000000 ) ) ;
#5696 = STYLED_ITEM ( 'NONE', ( #9753 ), #1254 ) ;
#5697 =( LENGTH_UNIT ( ) NAMED_UNIT ( * ) SI_UNIT ( .MILLI., .METRE. ) );
#5698 = CARTESIAN_POINT ( 'NONE',  ( 0.4833333333333340032, 11.46666666666665968, 0.4833333333333340032 ) ) ;
#5699 = DIRECTION ( 'NONE',  ( 0.000000000000000000, 1.000000000000000000, 0.000000000000000000 ) ) ;
#5700 = ORIENTED_EDGE ( 'NONE', *, *, #5161, .T. ) ;
#5701 = CARTESIAN_POINT ( 'NONE',  ( -39.94026666726099961, 3.194518698657949685, 3.745000000010996644 ) ) ;
#5702 = EDGE_LOOP ( 'NONE', ( #7038, #2456, #4533, #9645, #547, #4209, #8013, #4976 ) ) ;
#5703 = ORIENTED_EDGE ( 'NONE', *, *, #117, .T. ) ;
#5704 = CARTESIAN_POINT ( 'NONE',  ( -28.67854998418979662, 3.714518698657950146, 3.945000000010995045 ) ) ;
#5705 = FILL_AREA_STYLE_COLOUR ( '', #174 ) ;
#5706 = CARTESIAN_POINT ( 'NONE',  ( -41.98771170588250357, 15.03451869865800106, 3.945000000010995045 ) ) ;
#5707 = DIRECTION ( 'NONE',  ( 0.000000000000000000, 2.220446049250309876E-16, 1.000000000000000000 ) ) ;
#5708 = LINE ( 'NONE', #4024, #208 ) ;
#5709 = LINE ( 'NONE', #4960, #6067 ) ;
#5710 = SURFACE_STYLE_FILL_AREA ( #6645 ) ;
#5711 = DIRECTION ( 'NONE',  ( 1.000000000000000000, 0.000000000000000000, 0.000000000000000000 ) ) ;
#5712 = STYLED_ITEM ( 'NONE', ( #1383 ), #1605 ) ;
#5713 = CARTESIAN_POINT ( 'NONE',  ( -21.74029191166209785, 2.773121729659039580, 2.145000000010999219 ) ) ;
#5714 = SURFACE_STYLE_FILL_AREA ( #9208 ) ;
#5715 = ORIENTED_EDGE ( 'NONE', *, *, #6985, .T. ) ;
#5716 = SURFACE_STYLE_FILL_AREA ( #4189 ) ;
#5717 = ORIENTED_EDGE ( 'NONE', *, *, #288, .T. ) ;
#5718 = COLOUR_RGB ( '',1.000000000000000000, 0.9568627450980391469, 0.8862745098039215286 ) ;
#5719 =( GEOMETRIC_REPRESENTATION_CONTEXT ( 3 ) GLOBAL_UNCERTAINTY_ASSIGNED_CONTEXT ( ( #9276 ) ) GLOBAL_UNIT_ASSIGNED_CONTEXT ( ( #6972, #7613, #1762 ) ) REPRESENTATION_CONTEXT ( 'NONE', 'WORKASPACE' ) );
#5720 = DIRECTION ( 'NONE',  ( 1.000000000000000000, 0.000000000000000000, 0.000000000000000000 ) ) ;
#5721 = FACE_OUTER_BOUND ( 'NONE', #10703, .T. ) ;
#5722 = SURFACE_STYLE_FILL_AREA ( #2573 ) ;
#5723 = DIRECTION ( 'NONE',  ( 0.000000000000000000, -1.000000000000000000, 0.000000000000000000 ) ) ;
#5724 = COLOUR_RGB ( '',0.07058823529411764608, 0.07058823529411764608, 0.07058823529411764608 ) ;
#5725 = DIRECTION ( 'NONE',  ( 0.000000000000000000, 1.000000000000000000, -4.130293990420969883E-16 ) ) ;
#5726 = ADVANCED_FACE ( 'NONE', ( #8867 ), #496, .F. ) ;
#5727 = COLOUR_RGB ( '',1.000000000000000000, 0.7568627450980391913, 0.5647058823529411686 ) ;
#5728 = EDGE_CURVE ( 'NONE', #3030, #2025, #8569, .T. ) ;
#5729 = SURFACE_STYLE_USAGE ( .BOTH. , #2411 ) ;
#5730 =( NAMED_UNIT ( * ) PLANE_ANGLE_UNIT ( ) SI_UNIT ( $, .RADIAN. ) );
#5731 = UNCERTAINTY_MEASURE_WITH_UNIT (LENGTH_MEASURE( 1.000000000000000082E-05 ), #5798, 'distance_accuracy_value', 'NONE');
#5732 = ORIENTED_EDGE ( 'NONE', *, *, #6345, .T. ) ;
#5733 = DIRECTION ( 'NONE',  ( 1.000000000000000000, 4.440892098500630106E-16, 1.446364879034132372E-61 ) ) ;
#5734 = EDGE_CURVE ( 'NONE', #2632, #3350, #199, .T. ) ;
#5735 = EDGE_LOOP ( 'NONE', ( #5370, #10165, #7943, #7900 ) ) ;
#5736 = ORIENTED_EDGE ( 'NONE', *, *, #129, .T. ) ;
#5737 = CARTESIAN_POINT ( 'NONE',  ( -22.88026666726100089, 6.294518698657999956, 5.135000000010998988 ) ) ;
#5738 = MECHANICAL_DESIGN_GEOMETRIC_PRESENTATION_REPRESENTATION (  '', ( #2609 ), #8691 ) ;
#5739 = VECTOR ( 'NONE', #9532, 1000.000000000000000 ) ;
#5740 =( NAMED_UNIT ( * ) SI_UNIT ( $, .STERADIAN. ) SOLID_ANGLE_UNIT ( ) );
#5741 = SURFACE_STYLE_FILL_AREA ( #2480 ) ;
#5742 = EDGE_CURVE ( 'NONE', #6784, #6634, #7016, .T. ) ;
#5743 = DIRECTION ( 'NONE',  ( 0.000000000000000000, 1.000000000000000000, 0.000000000000000000 ) ) ;
#5744 = CARTESIAN_POINT ( 'NONE',  ( -15.74029191166209962, 2.755277039305740416, 5.135000000010998988 ) ) ;
#5745 = LINE ( 'NONE', #6680, #7421 ) ;
#5746 = FACE_OUTER_BOUND ( 'NONE', #1220, .T. ) ;
#5747 = CARTESIAN_POINT ( 'NONE',  ( -15.74029191166209962, 23.09527703930579889, 3.955000000010998384 ) ) ;
#5748 = VERTEX_POINT ( 'NONE', #7601 ) ;
#5749 = MECHANICAL_DESIGN_GEOMETRIC_PRESENTATION_REPRESENTATION (  '', ( #9743 ), #10614 ) ;
#5750 = VECTOR ( 'NONE', #446, 1000.000000000000000 ) ;
#5751 = CARTESIAN_POINT ( 'NONE',  ( -14.90026666726099869, 9.160427903162849717, 5.145000000010998775 ) ) ;
#5752 = FILL_AREA_STYLE ('',( #2435 ) ) ;
#5753 = PRESENTATION_LAYER_ASSIGNMENT (  '', '', ( #8166 ) ) ;
#5754 = STYLED_ITEM ( 'NONE', ( #7737 ), #10249 ) ;
#5755 = EDGE_CURVE ( 'NONE', #7945, #5295, #8503, .T. ) ;
#5756 = CARTESIAN_POINT ( 'NONE',  ( -22.00302962540589746, 14.51451869865799971, 2.945000000010994157 ) ) ;
#5757 =( NAMED_UNIT ( * ) PLANE_ANGLE_UNIT ( ) SI_UNIT ( $, .RADIAN. ) );
#5758 = SURFACE_SIDE_STYLE ('',( #1421 ) ) ;
#5759 = ORIENTED_EDGE ( 'NONE', *, *, #7754, .F. ) ;
#5760 =( LENGTH_UNIT ( ) NAMED_UNIT ( * ) SI_UNIT ( .MILLI., .METRE. ) );
#5761 = PRESENTATION_STYLE_ASSIGNMENT (( #6633 ) ) ;
#5762 = ORIENTED_EDGE ( 'NONE', *, *, #9585, .T. ) ;
#5763 = VERTEX_POINT ( 'NONE', #5147 ) ;
#5764 = PRESENTATION_LAYER_ASSIGNMENT (  '', '', ( #863 ) ) ;
#5765 =( NAMED_UNIT ( * ) SI_UNIT ( $, .STERADIAN. ) SOLID_ANGLE_UNIT ( ) );
#5766 = EDGE_CURVE ( 'NONE', #1999, #2838, #9392, .T. ) ;
#5767 = AXIS2_PLACEMENT_3D ( 'NONE', #4854, #2363, #4922 ) ;
#5768 = CARTESIAN_POINT ( 'NONE',  ( -15.74029191166209962, 23.09527703930579889, 3.945000000010995045 ) ) ;
#5769 = SURFACE_SIDE_STYLE ('',( #9091 ) ) ;
#5770 =( LENGTH_UNIT ( ) NAMED_UNIT ( * ) SI_UNIT ( .MILLI., .METRE. ) );
#5771 =( NAMED_UNIT ( * ) SI_UNIT ( $, .STERADIAN. ) SOLID_ANGLE_UNIT ( ) );
#5772 = DIRECTION ( 'NONE',  ( 0.000000000000000000, 0.000000000000000000, 1.000000000000000000 ) ) ;
#5773 = CARTESIAN_POINT ( 'NONE',  ( -16.38026666726099734, 6.294518698657999956, 5.135000000010998988 ) ) ;
#5774 = ORIENTED_EDGE ( 'NONE', *, *, #6596, .T. ) ;
#5775 = UNCERTAINTY_MEASURE_WITH_UNIT (LENGTH_MEASURE( 1.000000000000000082E-05 ), #1475, 'distance_accuracy_value', 'NONE');
#5776 = DIRECTION ( 'NONE',  ( 1.000000000000000000, 0.000000000000000000, 0.000000000000000000 ) ) ;
#5777 = MECHANICAL_DESIGN_GEOMETRIC_PRESENTATION_REPRESENTATION (  '', ( #6683 ), #876 ) ;
#5778 = DIRECTION ( 'NONE',  ( 0.000000000000000000, 2.220446049250309876E-16, 1.000000000000000000 ) ) ;
#5779 = VECTOR ( 'NONE', #7594, 1000.000000000000000 ) ;
#5780 = ORIENTED_EDGE ( 'NONE', *, *, #7902, .T. ) ;
#5781 = STYLED_ITEM ( 'NONE', ( #4357 ), #1135 ) ;
#5782 = SURFACE_SIDE_STYLE ('',( #8103 ) ) ;
#5783 = FACE_OUTER_BOUND ( 'NONE', #2968, .T. ) ;
#5784 = SURFACE_STYLE_FILL_AREA ( #1499 ) ;
#5785 = CARTESIAN_POINT ( 'NONE',  ( -45.84026666726099819, 18.38451869865799893, 3.545000000010997798 ) ) ;
#5786 = DIRECTION ( 'NONE',  ( 1.000000000000000000, 0.000000000000000000, 0.000000000000000000 ) ) ;
#5787 = DIRECTION ( 'NONE',  ( 0.000000000000000000, 2.220446049250309876E-16, 1.000000000000000000 ) ) ;
#5788 = SURFACE_SIDE_STYLE ('',( #2467 ) ) ;
#5789 = VERTEX_POINT ( 'NONE', #7555 ) ;
#5790 = FILL_AREA_STYLE ('',( #3548 ) ) ;
#5791 = VERTEX_POINT ( 'NONE', #10082 ) ;
#5792 = VECTOR ( 'NONE', #10458, 1000.000000000000000 ) ;
#5793 = ORIENTED_EDGE ( 'NONE', *, *, #2599, .T. ) ;
#5794 = COLOUR_RGB ( '',1.000000000000000000, 0.9568627450980391469, 0.8862745098039215286 ) ;
#5795 = PRESENTATION_LAYER_ASSIGNMENT (  '', '', ( #8391 ) ) ;
#5796 = EDGE_CURVE ( 'NONE', #2631, #17, #9235, .T. ) ;
#5797 = CARTESIAN_POINT ( 'NONE',  ( -41.78771170588249362, 15.83451869865799821, 3.545000000010997798 ) ) ;
#5798 =( LENGTH_UNIT ( ) NAMED_UNIT ( * ) SI_UNIT ( .MILLI., .METRE. ) );
#5799 = EDGE_CURVE ( 'NONE', #6295, #6288, #4332, .T. ) ;
#5800 = DIRECTION ( 'NONE',  ( 0.000000000000000000, 2.220446049250309876E-16, 1.000000000000000000 ) ) ;
#5801 = LINE ( 'NONE', #1683, #7949 ) ;
#5802 = VECTOR ( 'NONE', #1703, 1000.000000000000000 ) ;
#5803 = DIRECTION ( 'NONE',  ( -1.000000000000000000, 0.000000000000000000, 0.000000000000000000 ) ) ;
#5804 = STYLED_ITEM ( 'NONE', ( #3469 ), #5277 ) ;
#5805 = SURFACE_SIDE_STYLE ('',( #861 ) ) ;
#5806 = DIRECTION ( 'NONE',  ( -1.000000000000000000, 0.000000000000000000, 0.000000000000000000 ) ) ;
#5807 = COLOUR_RGB ( '',1.000000000000000000, 0.9568627450980391469, 0.8862745098039215286 ) ;
#5808 = DIRECTION ( 'NONE',  ( 0.000000000000000000, 2.220446049250309876E-16, 1.000000000000000000 ) ) ;
#5809 = VERTEX_POINT ( 'NONE', #1802 ) ;
#5810 = CARTESIAN_POINT ( 'NONE',  ( -46.24026666726099677, 2.794518698657940003, 3.955000000010998384 ) ) ;
#5811 = EDGE_CURVE ( 'NONE', #4746, #882, #6957, .T. ) ;
#5812 = VECTOR ( 'NONE', #1627, 1000.000000000000000 ) ;
#5813 = VECTOR ( 'NONE', #4364, 1000.000000000000000 ) ;
#5814 = UNCERTAINTY_MEASURE_WITH_UNIT (LENGTH_MEASURE( 1.000000000000000082E-05 ), #10024, 'distance_accuracy_value', 'NONE');
#5815 = EDGE_CURVE ( 'NONE', #6529, #8822, #10197, .T. ) ;
#5816 = LINE ( 'NONE', #9132, #7508 ) ;
#5817 = DIRECTION ( 'NONE',  ( 0.000000000000000000, -1.000000000000000000, 0.000000000000000000 ) ) ;
#5818 = CARTESIAN_POINT ( 'NONE',  ( -42.73771170588249646, 19.03451869865800106, 3.745000000010996644 ) ) ;
#5819 = SURFACE_STYLE_USAGE ( .BOTH. , #5758 ) ;
#5820 = ORIENTED_EDGE ( 'NONE', *, *, #4670, .F. ) ;
#5821 = CIRCLE ( 'NONE', #728, 2.299999999999999822 ) ;
#5822 = FILL_AREA_STYLE ('',( #9290 ) ) ;
#5823 = DIRECTION ( 'NONE',  ( 0.000000000000000000, 2.220446049250309876E-16, 1.000000000000000000 ) ) ;
#5824 = ORIENTED_EDGE ( 'NONE', *, *, #8500, .F. ) ;
#5825 = ORIENTED_EDGE ( 'NONE', *, *, #2927, .T. ) ;
#5826 =( NAMED_UNIT ( * ) PLANE_ANGLE_UNIT ( ) SI_UNIT ( $, .RADIAN. ) );
#5827 = ADVANCED_FACE ( 'NONE', ( #3582 ), #7770, .F. ) ;
#5828 = ADVANCED_FACE ( 'NONE', ( #8450 ), #2597, .F. ) ;
#5829 = CARTESIAN_POINT ( 'NONE',  ( -46.24026666726099677, 0.7945186986579397814, 5.145000000010999663 ) ) ;
#5830 = VECTOR ( 'NONE', #1672, 1000.000000000000000 ) ;
#5831 = DIRECTION ( 'NONE',  ( 0.000000000000000000, -2.220446049250309876E-16, -1.000000000000000000 ) ) ;
#5832 = CARTESIAN_POINT ( 'NONE',  ( -38.80302962540589817, 20.61451869865799935, 1.285000000010999566 ) ) ;
#5833 = FACE_OUTER_BOUND ( 'NONE', #833, .T. ) ;
#5834 = FILL_AREA_STYLE_COLOUR ( '', #3819 ) ;
#5835 = VERTEX_POINT ( 'NONE', #363 ) ;
#5836 = PLANE ( 'NONE',  #10649 ) ;
#5837 = DIRECTION ( 'NONE',  ( 0.000000000000000000, 2.220446049250309876E-16, 1.000000000000000000 ) ) ;
#5838 = ORIENTED_EDGE ( 'NONE', *, *, #3089, .F. ) ;
#5839 =( NAMED_UNIT ( * ) PLANE_ANGLE_UNIT ( ) SI_UNIT ( $, .RADIAN. ) );
#5840 =( GEOMETRIC_REPRESENTATION_CONTEXT ( 3 ) GLOBAL_UNCERTAINTY_ASSIGNED_CONTEXT ( ( #3276 ) ) GLOBAL_UNIT_ASSIGNED_CONTEXT ( ( #2169, #1156, #6203 ) ) REPRESENTATION_CONTEXT ( 'NONE', 'WORKASPACE' ) );
#5841 = COLOUR_RGB ( '',0.8274509803921568096, 0.6666666666666666297, 0.1294117647058823373 ) ;
#5842 = SURFACE_SIDE_STYLE ('',( #9041 ) ) ;
#5843 = DIRECTION ( 'NONE',  ( 0.000000000000000000, -2.220446049250309876E-16, -1.000000000000000000 ) ) ;
#5844 = CARTESIAN_POINT ( 'NONE',  ( -19.70302962540589675, 10.21451869865800077, 3.745000000010996644 ) ) ;
#5845 = DIRECTION ( 'NONE',  ( 0.000000000000000000, -2.220446049250309876E-16, -1.000000000000000000 ) ) ;
#5846 = CARTESIAN_POINT ( 'NONE',  ( -27.20302962540589675, 20.81451869865799864, 3.945000000010995045 ) ) ;
#5847 = ORIENTED_EDGE ( 'NONE', *, *, #4819, .T. ) ;
#5848 = EDGE_CURVE ( 'NONE', #5385, #708, #8729, .T. ) ;
#5849 = ORIENTED_EDGE ( 'NONE', *, *, #9628, .T. ) ;
#5850 = ORIENTED_EDGE ( 'NONE', *, *, #4819, .F. ) ;
#5851 = CARTESIAN_POINT ( 'NONE',  ( -45.59026666726099819, 18.63451869865799893, 2.745000000010995755 ) ) ;
#5852 = DIRECTION ( 'NONE',  ( 0.000000000000000000, 2.220446049250309876E-16, 1.000000000000000000 ) ) ;
#5853 =( GEOMETRIC_REPRESENTATION_CONTEXT ( 3 ) GLOBAL_UNCERTAINTY_ASSIGNED_CONTEXT ( ( #1286 ) ) GLOBAL_UNIT_ASSIGNED_CONTEXT ( ( #8490, #287, #4267 ) ) REPRESENTATION_CONTEXT ( 'NONE', 'WORKASPACE' ) );
#5855 = CARTESIAN_POINT ( 'NONE',  ( -47.14026666726099535, 19.98451869865800035, 3.545000000010997798 ) ) ;
#5854 = DIRECTION ( 'NONE',  ( 0.000000000000000000, -1.000000000000000000, 4.336808689942013792E-16 ) ) ;
#5856 = UNCERTAINTY_MEASURE_WITH_UNIT (LENGTH_MEASURE( 1.000000000000000082E-05 ), #4736, 'distance_accuracy_value', 'NONE');
#5857 = FILL_AREA_STYLE ('',( #2541 ) ) ;
#5858 = DIRECTION ( 'NONE',  ( 0.000000000000000000, 1.000000000000000000, -2.220446049250309876E-16 ) ) ;
#5859 = EDGE_LOOP ( 'NONE', ( #4031, #515 ) ) ;
#5860 = STYLED_ITEM ( 'NONE', ( #6618 ), #6346 ) ;
#5861 = CARTESIAN_POINT ( 'NONE',  ( -46.24026666726099677, 1.194518698657939693, 3.945000000010995045 ) ) ;
#5862 = PLANE ( 'NONE',  #2105 ) ;
#5863 =( GEOMETRIC_REPRESENTATION_CONTEXT ( 3 ) GLOBAL_UNCERTAINTY_ASSIGNED_CONTEXT ( ( #3832 ) ) GLOBAL_UNIT_ASSIGNED_CONTEXT ( ( #5231, #6768, #1779 ) ) REPRESENTATION_CONTEXT ( 'NONE', 'WORKASPACE' ) );
#5864 = AXIS2_PLACEMENT_3D ( 'NONE', #2018, #5351, #4436 ) ;
#5865 = FILL_AREA_STYLE_COLOUR ( '', #6446 ) ;
#5866 = DIRECTION ( 'NONE',  ( -1.000000000000000000, 0.000000000000000000, 0.000000000000000000 ) ) ;
#5867 = CARTESIAN_POINT ( 'NONE',  ( 1.594999999999999973, 3.000000000000000000, 1.525000000000000133 ) ) ;
#5868 = COLOUR_RGB ( '',1.000000000000000000, 0.9568627450980391469, 0.8862745098039215286 ) ;
#5869 = DIRECTION ( 'NONE',  ( 0.000000000000000000, -1.000000000000000000, 0.000000000000000000 ) ) ;
#5870 = ORIENTED_EDGE ( 'NONE', *, *, #5848, .T. ) ;
#5871 = EDGE_CURVE ( 'NONE', #7706, #6159, #2875, .T. ) ;
#5872 = EDGE_CURVE ( 'NONE', #9443, #8444, #342, .T. ) ;
#5873 = FILL_AREA_STYLE_COLOUR ( '', #684 ) ;
#5874 = SHAPE_REPRESENTATION ( 'NEO6M_DOWN', ( #9774, #8001, #4217 ), #4393 ) ;
#5875 =( NAMED_UNIT ( * ) PLANE_ANGLE_UNIT ( ) SI_UNIT ( $, .RADIAN. ) );
#5876 = LINE ( 'NONE', #9200, #5802 ) ;
#5877 = COLOUR_RGB ( '',1.000000000000000000, 0.9568627450980391469, 0.8862745098039215286 ) ;
#5878 = LINE ( 'NONE', #6754, #3962 ) ;
#5879 = PRESENTATION_STYLE_ASSIGNMENT (( #4183 ) ) ;
#5880 = ADVANCED_FACE ( 'NONE', ( #6244 ), #4578, .T. ) ;
#5881 = EDGE_LOOP ( 'NONE', ( #9727, #10522 ) ) ;
#5882 = DIRECTION ( 'NONE',  ( 0.000000000000000000, 2.220446049250309876E-16, 1.000000000000000000 ) ) ;
#5883 = ORIENTED_EDGE ( 'NONE', *, *, #3538, .F. ) ;
#5884 = VECTOR ( 'NONE', #6394, 1000.000000000000000 ) ;
#5885 =( LENGTH_UNIT ( ) NAMED_UNIT ( * ) SI_UNIT ( .MILLI., .METRE. ) );
#5886 = EDGE_CURVE ( 'NONE', #4418, #5789, #1257, .T. ) ;
#5887 = ORIENTED_EDGE ( 'NONE', *, *, #9853, .F. ) ;
#5888 = DIRECTION ( 'NONE',  ( -1.000000000000000000, 0.000000000000000000, 0.000000000000000000 ) ) ;
#5889 = ORIENTED_EDGE ( 'NONE', *, *, #5871, .F. ) ;
#5890 =( GEOMETRIC_REPRESENTATION_CONTEXT ( 3 ) GLOBAL_UNCERTAINTY_ASSIGNED_CONTEXT ( ( #9723 ) ) GLOBAL_UNIT_ASSIGNED_CONTEXT ( ( #9845, #10770, #1613 ) ) REPRESENTATION_CONTEXT ( 'NONE', 'WORKASPACE' ) );
#5891 = STYLED_ITEM ( 'NONE', ( #95 ), #1741 ) ;
#5892 = ORIENTED_EDGE ( 'NONE', *, *, #7803, .F. ) ;
#5893 = ORIENTED_EDGE ( 'NONE', *, *, #1432, .T. ) ;
#5894 = DIRECTION ( 'NONE',  ( 0.000000000000000000, 1.000000000000000000, -4.336808689942013792E-16 ) ) ;
#5895 = LINE ( 'NONE', #4050, #8947 ) ;
#5896 = DIRECTION ( 'NONE',  ( 1.000000000000000000, 0.000000000000000000, 0.000000000000000000 ) ) ;
#5897 = CIRCLE ( 'NONE', #2776, 1.000000000000000888 ) ;
#5898 =( NAMED_UNIT ( * ) PLANE_ANGLE_UNIT ( ) SI_UNIT ( $, .RADIAN. ) );
#5899 = SURFACE_STYLE_USAGE ( .BOTH. , #10187 ) ;
#5900 = VERTEX_POINT ( 'NONE', #2448 ) ;
#5901 = LINE ( 'NONE', #7763, #5779 ) ;
#5902 =( NAMED_UNIT ( * ) SI_UNIT ( $, .STERADIAN. ) SOLID_ANGLE_UNIT ( ) );
#5903 = VECTOR ( 'NONE', #7387, 1000.000000000000000 ) ;
#5904 = CARTESIAN_POINT ( 'NONE',  ( 0.000000000000000000, 0.2000000000000000111, 0.000000000000000000 ) ) ;
#5905 = FILL_AREA_STYLE ('',( #5965 ) ) ;
#5906 = DIRECTION ( 'NONE',  ( 0.000000000000000000, 1.000000000000000000, 0.000000000000000000 ) ) ;
#5907 = COLOUR_RGB ( '',0.07058823529411764608, 0.07058823529411764608, 0.07058823529411764608 ) ;
#5908 = DIRECTION ( 'NONE',  ( 0.000000000000000000, 1.000000000000000000, -2.220446049250309876E-16 ) ) ;
#5909 = ORIENTED_EDGE ( 'NONE', *, *, #3746, .T. ) ;
#5910 = STYLED_ITEM ( 'NONE', ( #5149 ), #9661 ) ;
#5911 =( NAMED_UNIT ( * ) PLANE_ANGLE_UNIT ( ) SI_UNIT ( $, .RADIAN. ) );
#5912 = FACE_OUTER_BOUND ( 'NONE', #7338, .T. ) ;
#5913 = ORIENTED_EDGE ( 'NONE', *, *, #9351, .F. ) ;
#5914 = STYLED_ITEM ( 'NONE', ( #473 ), #9205 ) ;
#5915 = STYLED_ITEM ( 'NONE', ( #9423 ), #9977 ) ;
#5916 =( NAMED_UNIT ( * ) SI_UNIT ( $, .STERADIAN. ) SOLID_ANGLE_UNIT ( ) );
#5917 = EDGE_CURVE ( 'NONE', #5900, #10372, #8731, .T. ) ;
#5918 = DIRECTION ( 'NONE',  ( 0.000000000000000000, 1.000000000000000000, 0.000000000000000000 ) ) ;
#5919 = EDGE_CURVE ( 'NONE', #2844, #9050, #1, .T. ) ;
#5920 = LINE ( 'NONE', #4407, #4268 ) ;
#5921 = DIRECTION ( 'NONE',  ( 0.000000000000000000, -1.000000000000000000, 0.000000000000000000 ) ) ;
#5922 = SURFACE_STYLE_USAGE ( .BOTH. , #97 ) ;
#5923 = PRESENTATION_STYLE_ASSIGNMENT (( #985 ) ) ;
#5924 = CARTESIAN_POINT ( 'NONE',  ( -41.53771170588249362, 19.03451869865800106, 3.945000000010995045 ) ) ;
#5925 = VECTOR ( 'NONE', #9843, 1000.000000000000000 ) ;
#5926 = VERTEX_POINT ( 'NONE', #10292 ) ;
#5927 = LINE ( 'NONE', #776, #1942 ) ;
#5928 = CARTESIAN_POINT ( 'NONE',  ( -45.74026666726099677, 9.380138998901301761, 5.145000000010999663 ) ) ;
#5929 = ORIENTED_EDGE ( 'NONE', *, *, #1859, .T. ) ;
#5930 = EDGE_CURVE ( 'NONE', #7569, #8475, #9947, .T. ) ;
#5931 = CIRCLE ( 'NONE', #1733, 2.000000000000001776 ) ;
#5932 = PRESENTATION_LAYER_ASSIGNMENT (  '', '', ( #7168 ) ) ;
#5933 = LINE ( 'NONE', #1828, #7029 ) ;
#5934 = DIRECTION ( 'NONE',  ( 0.000000000000000000, -1.000000000000000000, 2.220446049250309876E-16 ) ) ;
#5935 = DIRECTION ( 'NONE',  ( 1.451271927614580036E-16, 1.000000000000000000, -2.220446049250309876E-16 ) ) ;
#5936 = CARTESIAN_POINT ( 'NONE',  ( -19.70302962540589675, 7.914518698658000062, 3.545000000010997798 ) ) ;
#5937 = COLOUR_RGB ( '',0.07058823529411764608, 0.07058823529411764608, 0.07058823529411764608 ) ;
#5938 = ORIENTED_EDGE ( 'NONE', *, *, #4270, .T. ) ;
#5939 = PRESENTATION_STYLE_ASSIGNMENT (( #6828 ) ) ;
#5940 = ORIENTED_EDGE ( 'NONE', *, *, #79, .T. ) ;
#5941 = CIRCLE ( 'NONE', #7339, 2.500000000000000444 ) ;
#5942 = CIRCLE ( 'NONE', #5247, 0.9999999999999991118 ) ;
#5943 = VERTEX_POINT ( 'NONE', #5829 ) ;
#5944 = EDGE_LOOP ( 'NONE', ( #6510, #8399, #10020, #10192, #2438, #5030 ) ) ;
#5945 = COLOUR_RGB ( '',1.000000000000000000, 0.9568627450980391469, 0.8862745098039215286 ) ;
#5946 = COLOUR_RGB ( '',1.000000000000000000, 0.9568627450980391469, 0.8862745098039215286 ) ;
#5947 = SURFACE_STYLE_USAGE ( .BOTH. , #5240 ) ;
#5948 = DIRECTION ( 'NONE',  ( 1.000000000000000000, 0.000000000000000000, 0.000000000000000000 ) ) ;
#5949 = FACE_BOUND ( 'NONE', #6262, .T. ) ;
#5950 =( NAMED_UNIT ( * ) SI_UNIT ( $, .STERADIAN. ) SOLID_ANGLE_UNIT ( ) );
#5951 = CARTESIAN_POINT ( 'NONE',  ( -15.74029191166209962, 25.09527703930580245, 5.135000000010998100 ) ) ;
#5952 = STYLED_ITEM ( 'NONE', ( #6704 ), #6009 ) ;
#5953 = CIRCLE ( 'NONE', #2489, 0.9999999999999991118 ) ;
#5954 = ORIENTED_EDGE ( 'NONE', *, *, #9528, .F. ) ;
#5955 = CARTESIAN_POINT ( 'NONE',  ( -29.27854998418980159, 1.214518698657939710, 2.345000000010998065 ) ) ;
#5956 = STYLED_ITEM ( 'NONE', ( #4933 ), #8384 ) ;
#5957 = AXIS2_PLACEMENT_3D ( 'NONE', #4967, #6712, #10006 ) ;
#5958 =( LENGTH_UNIT ( ) NAMED_UNIT ( * ) SI_UNIT ( .MILLI., .METRE. ) );
#5959 = EDGE_CURVE ( 'NONE', #2632, #9354, #3974, .T. ) ;
#5960 =( LENGTH_UNIT ( ) NAMED_UNIT ( * ) SI_UNIT ( .MILLI., .METRE. ) );
#5961 =( NAMED_UNIT ( * ) PLANE_ANGLE_UNIT ( ) SI_UNIT ( $, .RADIAN. ) );
#5962 = AXIS2_PLACEMENT_3D ( 'NONE', #1988, #4723, #2990 ) ;
#5963 = STYLED_ITEM ( 'NONE', ( #1379 ), #5194 ) ;
#5964 = CARTESIAN_POINT ( 'NONE',  ( -40.08771170588249788, 15.03451869865800106, 3.945000000010995045 ) ) ;
#5965 = FILL_AREA_STYLE_COLOUR ( '', #1945 ) ;
#5966 = SURFACE_SIDE_STYLE ('',( #2552 ) ) ;
#5967 = LINE ( 'NONE', #9992, #1187 ) ;
#5968 = CARTESIAN_POINT ( 'NONE',  ( -39.74026666726099677, 1.594518698657940048, 3.745000000010996644 ) ) ;
#5969 = CARTESIAN_POINT ( 'NONE',  ( -14.90026666726099869, 16.78042790316279920, 5.135000000010998988 ) ) ;
#5970 = ORIENTED_EDGE ( 'NONE', *, *, #9059, .T. ) ;
#5971 = VECTOR ( 'NONE', #7823, 1000.000000000000000 ) ;
#5972 = CARTESIAN_POINT ( 'NONE',  ( -14.90026666726099869, 11.70042790316279913, 5.145000000010998775 ) ) ;
#5973 = EDGE_CURVE ( 'NONE', #6365, #10070, #8196, .T. ) ;
#5974 = VECTOR ( 'NONE', #7381, 1000.000000000000000 ) ;
#5975 = SURFACE_SIDE_STYLE ('',( #884 ) ) ;
#5976 = DIRECTION ( 'NONE',  ( 0.000000000000000000, 1.000000000000000000, -2.220446049250309876E-16 ) ) ;
#5977 = MECHANICAL_DESIGN_GEOMETRIC_PRESENTATION_REPRESENTATION (  '', ( #4248 ), #3559 ) ;
#5978 = PRESENTATION_STYLE_ASSIGNMENT (( #6034 ) ) ;
#5979 = SURFACE_SIDE_STYLE ('',( #7735 ) ) ;
#5980 = EDGE_LOOP ( 'NONE', ( #1748, #5105, #1631, #1565 ) ) ;
#5981 = FILL_AREA_STYLE ('',( #3597 ) ) ;
#5982 = ORIENTED_EDGE ( 'NONE', *, *, #5651, .F. ) ;
#5983 = CARTESIAN_POINT ( 'NONE',  ( -26.28894985755599834, 12.58321192805894384, -0.3111876370629949040 ) ) ;
#5984 = DIRECTION ( 'NONE',  ( 0.000000000000000000, -1.000000000000000000, 2.220446049250309876E-16 ) ) ;
#5985 = AXIS2_PLACEMENT_3D ( 'NONE', #8320, #843, #4199 ) ;
#5986 = SURFACE_SIDE_STYLE ('',( #992 ) ) ;
#5987 = ORIENTED_EDGE ( 'NONE', *, *, #8439, .F. ) ;
#5988 = CARTESIAN_POINT ( 'NONE',  ( -14.90026666726099869, 11.70042790316279913, 3.945000000010995045 ) ) ;
#5989 = SURFACE_SIDE_STYLE ('',( #7523 ) ) ;
#5990 = DIRECTION ( 'NONE',  ( 0.000000000000000000, 2.220446049250309876E-16, 1.000000000000000000 ) ) ;
#5991 = FILL_AREA_STYLE ('',( #1885 ) ) ;
#5992 = PRESENTATION_LAYER_ASSIGNMENT (  '', '', ( #10521 ) ) ;
#5993 = DIRECTION ( 'NONE',  ( 0.000000000000000000, 2.220446049250309876E-16, 1.000000000000000000 ) ) ;
#5994 = ORIENTED_EDGE ( 'NONE', *, *, #9695, .T. ) ;
#5995 = DIRECTION ( 'NONE',  ( 1.000000000000000000, 0.000000000000000000, 0.000000000000000000 ) ) ;
#5996 = ORIENTED_EDGE ( 'NONE', *, *, #3899, .T. ) ;
#5997 = EDGE_CURVE ( 'NONE', #8886, #9158, #5444, .T. ) ;
#5998 = EDGE_CURVE ( 'NONE', #9050, #10423, #4403, .T. ) ;
#5999 = VERTEX_POINT ( 'NONE', #10609 ) ;
#6000 = ORIENTED_EDGE ( 'NONE', *, *, #4557, .T. ) ;
#6001 = VECTOR ( 'NONE', #770, 1000.000000000000000 ) ;
#6002 = FACE_OUTER_BOUND ( 'NONE', #5108, .T. ) ;
#6003 =( LENGTH_UNIT ( ) NAMED_UNIT ( * ) SI_UNIT ( .MILLI., .METRE. ) );
#6004 = UNCERTAINTY_MEASURE_WITH_UNIT (LENGTH_MEASURE( 1.000000000000000082E-05 ), #1746, 'distance_accuracy_value', 'NONE');
#6005 = LINE ( 'NONE', #701, #5903 ) ;
#6006 = UNCERTAINTY_MEASURE_WITH_UNIT (LENGTH_MEASURE( 1.000000000000000082E-05 ), #2065, 'distance_accuracy_value', 'NONE');
#6007 = PLANE ( 'NONE',  #4346 ) ;
#6008 = DIRECTION ( 'NONE',  ( 0.000000000000000000, -1.000000000000000000, 4.130293990420969883E-16 ) ) ;
#6009 = ADVANCED_FACE ( 'NONE', ( #7507 ), #3268, .F. ) ;
#6010 = STYLED_ITEM ( 'NONE', ( #4562 ), #2916 ) ;
#6011 = FILL_AREA_STYLE_COLOUR ( '', #8390 ) ;
#6012 = FACE_OUTER_BOUND ( 'NONE', #2852, .T. ) ;
#6013 = EDGE_LOOP ( 'NONE', ( #1125, #3926, #9412, #10447 ) ) ;
#6014 = CARTESIAN_POINT ( 'NONE',  ( -22.88026666726100089, 20.29451869865799551, 5.135000000010998988 ) ) ;
#6015 = ORIENTED_EDGE ( 'NONE', *, *, #7242, .F. ) ;
#6016 = FILL_AREA_STYLE ('',( #6953 ) ) ;
#6017 = FACE_OUTER_BOUND ( 'NONE', #292, .T. ) ;
#6018 = COLOUR_RGB ( '',1.000000000000000000, 0.9568627450980391469, 0.8862745098039215286 ) ;
#6019 = CARTESIAN_POINT ( 'NONE',  ( -13.24026666726099855, 26.27451869865799949, 3.945000000010995045 ) ) ;
#6020 = CARTESIAN_POINT ( 'NONE',  ( -15.74029191166209962, 1.155277039305740328, 3.945000000010995045 ) ) ;
#6021 =( NAMED_UNIT ( * ) PLANE_ANGLE_UNIT ( ) SI_UNIT ( $, .RADIAN. ) );
#6022 = FILL_AREA_STYLE ('',( #1031 ) ) ;
#6024 = CARTESIAN_POINT ( 'NONE',  ( -19.70302962540589675, 8.714518698658000773, 3.545000000010997798 ) ) ;
#6023 =( LENGTH_UNIT ( ) NAMED_UNIT ( * ) SI_UNIT ( .MILLI., .METRE. ) );
#6025 =( NAMED_UNIT ( * ) PLANE_ANGLE_UNIT ( ) SI_UNIT ( $, .RADIAN. ) );
#6026 = VERTEX_POINT ( 'NONE', #979 ) ;
#6027 = VECTOR ( 'NONE', #6947, 1000.000000000000000 ) ;
#6028 = CARTESIAN_POINT ( 'NONE',  ( -39.94026666726099961, 0.7945186986579400035, 3.545000000010997798 ) ) ;
#6029 = COLOUR_RGB ( '',0.07058823529411764608, 0.07058823529411764608, 0.07058823529411764608 ) ;
#6030 = CARTESIAN_POINT ( 'NONE',  ( -15.74029191166209962, 25.09527703930580245, 3.945000000010994601 ) ) ;
#6031 =( NAMED_UNIT ( * ) PLANE_ANGLE_UNIT ( ) SI_UNIT ( $, .RADIAN. ) );
#6032 = FILL_AREA_STYLE ('',( #2718 ) ) ;
#6033 = CIRCLE ( 'NONE', #426, 2.099999999999999645 ) ;
#6034 = SURFACE_STYLE_USAGE ( .BOTH. , #8361 ) ;
#6035 = ORIENTED_EDGE ( 'NONE', *, *, #10640, .T. ) ;
#6036 = DIRECTION ( 'NONE',  ( -1.000000000000000000, 0.000000000000000000, 0.000000000000000000 ) ) ;
#6037 = EDGE_CURVE ( 'NONE', #6151, #3628, #7609, .T. ) ;
#6038 =( LENGTH_UNIT ( ) NAMED_UNIT ( * ) SI_UNIT ( .MILLI., .METRE. ) );
#6039 = ORIENTED_EDGE ( 'NONE', *, *, #5959, .F. ) ;
#6040 = DIRECTION ( 'NONE',  ( 0.000000000000000000, 0.000000000000000000, 1.000000000000000000 ) ) ;
#6041 = CARTESIAN_POINT ( 'NONE',  ( -25.87854998418979946, 1.214518698657939710, 3.945000000010995045 ) ) ;
#6042 = ORIENTED_EDGE ( 'NONE', *, *, #5998, .F. ) ;
#6043 = VECTOR ( 'NONE', #4942, 1000.000000000000000 ) ;
#6044 = UNCERTAINTY_MEASURE_WITH_UNIT (LENGTH_MEASURE( 1.000000000000000082E-05 ), #324, 'distance_accuracy_value', 'NONE');
#6045 = CARTESIAN_POINT ( 'NONE',  ( -26.07854998418979875, 1.214518698657939710, 2.345000000010998065 ) ) ;
#6046 = LINE ( 'NONE', #2063, #5813 ) ;
#6047 = LINE ( 'NONE', #6879, #6183 ) ;
#6048 =( NAMED_UNIT ( * ) SI_UNIT ( $, .STERADIAN. ) SOLID_ANGLE_UNIT ( ) );
#6049 = CARTESIAN_POINT ( 'NONE',  ( -22.88026666726100089, 10.29451869865800084, 5.145000000010998775 ) ) ;
#6050 = MECHANICAL_DESIGN_GEOMETRIC_PRESENTATION_REPRESENTATION (  '', ( #4485 ), #6580 ) ;
#6051 = FILL_AREA_STYLE_COLOUR ( '', #9901 ) ;
#6052 = VERTEX_POINT ( 'NONE', #1100 ) ;
#6053 =( NAMED_UNIT ( * ) SI_UNIT ( $, .STERADIAN. ) SOLID_ANGLE_UNIT ( ) );
#6054 = ORIENTED_EDGE ( 'NONE', *, *, #2141, .F. ) ;
#6055 = ORIENTED_EDGE ( 'NONE', *, *, #3345, .F. ) ;
#6056 = VERTEX_POINT ( 'NONE', #6030 ) ;
#6057 = AXIS2_PLACEMENT_3D ( 'NONE', #7366, #3340, #3284 ) ;
#6058 = CARTESIAN_POINT ( 'NONE',  ( -45.74026666726099677, 11.48013899890130141, 3.945000000010995045 ) ) ;
#6059 = DIRECTION ( 'NONE',  ( 0.000000000000000000, -1.000000000000000000, 4.130293990420969883E-16 ) ) ;
#6060 = SURFACE_SIDE_STYLE ('',( #4317 ) ) ;
#6061 =( LENGTH_UNIT ( ) NAMED_UNIT ( * ) SI_UNIT ( .MILLI., .METRE. ) );
#6062 = EDGE_CURVE ( 'NONE', #9388, #4793, #3890, .T. ) ;
#6063 = FACE_BOUND ( 'NONE', #2188, .T. ) ;
#6064 = SURFACE_STYLE_FILL_AREA ( #5303 ) ;
#6065 = CIRCLE ( 'NONE', #2078, 0.1999999999999987899 ) ;
#6066 = DIRECTION ( 'NONE',  ( 0.000000000000000000, 2.220446049250309876E-16, 1.000000000000000000 ) ) ;
#6067 = VECTOR ( 'NONE', #10714, 1000.000000000000000 ) ;
#6068 = CARTESIAN_POINT ( 'NONE',  ( -19.20302962540590030, 12.51451869865799971, 2.945000000010994157 ) ) ;
#6069 = LINE ( 'NONE', #921, #9627 ) ;
#6070 = ORIENTED_EDGE ( 'NONE', *, *, #1035, .F. ) ;
#6071 = LINE ( 'NONE', #4441, #10291 ) ;
#6072 = UNCERTAINTY_MEASURE_WITH_UNIT (LENGTH_MEASURE( 1.000000000000000082E-05 ), #2994, 'distance_accuracy_value', 'NONE');
#6073 = ORIENTED_EDGE ( 'NONE', *, *, #8258, .F. ) ;
#6074 = PRESENTATION_STYLE_ASSIGNMENT (( #10031 ) ) ;
#6075 = AXIS2_PLACEMENT_3D ( 'NONE', #832, #3331, #9152 ) ;
#6076 = DIRECTION ( 'NONE',  ( 0.000000000000000000, 1.000000000000000000, 0.000000000000000000 ) ) ;
#6077 = PRESENTATION_STYLE_ASSIGNMENT (( #3524 ) ) ;
#6078 = VECTOR ( 'NONE', #3967, 1000.000000000000000 ) ;
#6079 = ADVANCED_FACE ( 'NONE', ( #9348 ), #932, .F. ) ;
#6080 = DIRECTION ( 'NONE',  ( 0.000000000000000000, 2.220446049250309876E-16, 1.000000000000000000 ) ) ;
#6081 = SURFACE_STYLE_USAGE ( .BOTH. , #3526 ) ;
#6082 = LINE ( 'NONE', #9394, #10615 ) ;
#6083 = CARTESIAN_POINT ( 'NONE',  ( -41.74026666726099677, 0.7945186986579400035, 3.545000000010997798 ) ) ;
#6084 = CARTESIAN_POINT ( 'NONE',  ( -21.74029191166209785, 5.273121729659040469, 2.345000000010997177 ) ) ;
#6085 = ORIENTED_EDGE ( 'NONE', *, *, #9849, .F. ) ;
#6086 = CIRCLE ( 'NONE', #4846, 2.000000000000001776 ) ;
#6087 = AXIS2_PLACEMENT_3D ( 'NONE', #6083, #5908, #1747 ) ;
#6088 = SURFACE_SIDE_STYLE ('',( #6801 ) ) ;
#6089 = PRESENTATION_LAYER_ASSIGNMENT (  '', '', ( #9387 ) ) ;
#6090 = AXIS2_PLACEMENT_3D ( 'NONE', #5756, #4877, #757 ) ;
#6091 = DIRECTION ( 'NONE',  ( 0.000000000000000000, -1.000000000000000000, 2.220446049250309876E-16 ) ) ;
#6092 = VERTEX_POINT ( 'NONE', #2607 ) ;
#6093 = CARTESIAN_POINT ( 'NONE',  ( -38.80302962540589817, 5.114518698658000240, 1.285000000010999566 ) ) ;
#6094 = DIRECTION ( 'NONE',  ( 0.000000000000000000, 2.220446049250309876E-16, 1.000000000000000000 ) ) ;
#6095 = CARTESIAN_POINT ( 'NONE',  ( -15.74029191166209962, 23.09527703930579889, 5.135000000010998988 ) ) ;
#6096 = EDGE_LOOP ( 'NONE', ( #866, #2145, #9222, #1752 ) ) ;
#6097 = CYLINDRICAL_SURFACE ( 'NONE', #2851, 0.1999999999999987899 ) ;
#6098 = AXIS2_PLACEMENT_3D ( 'NONE', #366, #8626, #5481 ) ;
#6099 = UNCERTAINTY_MEASURE_WITH_UNIT (LENGTH_MEASURE( 1.000000000000000082E-05 ), #9892, 'distance_accuracy_value', 'NONE');
#6100 = EDGE_LOOP ( 'NONE', ( #7104, #6462, #10140, #490 ) ) ;
#6101 = ADVANCED_FACE ( 'NONE', ( #10001 ), #1926, .F. ) ;
#6102 = FILL_AREA_STYLE_COLOUR ( '', #10452 ) ;
#6103 =( NAMED_UNIT ( * ) PLANE_ANGLE_UNIT ( ) SI_UNIT ( $, .RADIAN. ) );
#6104 =( GEOMETRIC_REPRESENTATION_CONTEXT ( 3 ) GLOBAL_UNCERTAINTY_ASSIGNED_CONTEXT ( ( #1941 ) ) GLOBAL_UNIT_ASSIGNED_CONTEXT ( ( #4507, #6202, #5213 ) ) REPRESENTATION_CONTEXT ( 'NONE', 'WORKASPACE' ) );
#6105 = SURFACE_STYLE_FILL_AREA ( #222 ) ;
#6106 = FILL_AREA_STYLE_COLOUR ( '', #1155 ) ;
#6107 = DIRECTION ( 'NONE',  ( 1.000000000000000000, 0.000000000000000000, 0.000000000000000000 ) ) ;
#6108 = ORIENTED_EDGE ( 'NONE', *, *, #7744, .F. ) ;
#6109 = CARTESIAN_POINT ( 'NONE',  ( -39.54026666726100103, 20.29451869865799551, 5.145000000010998775 ) ) ;
#6110 = ORIENTED_EDGE ( 'NONE', *, *, #3899, .F. ) ;
#6111 = ORIENTED_EDGE ( 'NONE', *, *, #6242, .F. ) ;
#6112 = ORIENTED_EDGE ( 'NONE', *, *, #737, .F. ) ;
#6113 = CIRCLE ( 'NONE', #4026, 0.1999999999999987899 ) ;
#6114 = CARTESIAN_POINT ( 'NONE',  ( -14.90026666726099869, 8.680427903162851067, 3.945000000010995045 ) ) ;
#6115 = UNCERTAINTY_MEASURE_WITH_UNIT (LENGTH_MEASURE( 1.000000000000000082E-05 ), #10727, 'distance_accuracy_value', 'NONE');
#6116 = CARTESIAN_POINT ( 'NONE',  ( -14.90026666726099869, 13.76042790316279962, 3.955000000010998384 ) ) ;
#6117 = LINE ( 'NONE', #8556, #10712 ) ;
#6118 =( GEOMETRIC_REPRESENTATION_CONTEXT ( 3 ) GLOBAL_UNCERTAINTY_ASSIGNED_CONTEXT ( ( #1842 ) ) GLOBAL_UNIT_ASSIGNED_CONTEXT ( ( #1551, #3442, #9157 ) ) REPRESENTATION_CONTEXT ( 'NONE', 'WORKASPACE' ) );
#6119 = FACE_OUTER_BOUND ( 'NONE', #6993, .T. ) ;
#6120 = FACE_OUTER_BOUND ( 'NONE', #10016, .T. ) ;
#6121 = ORIENTED_EDGE ( 'NONE', *, *, #6807, .T. ) ;
#6122 = DIRECTION ( 'NONE',  ( 0.000000000000000000, 2.220446049250309876E-16, 1.000000000000000000 ) ) ;
#6123 = EDGE_LOOP ( 'NONE', ( #3561, #9801, #3887, #353 ) ) ;
#6124 = FACE_OUTER_BOUND ( 'NONE', #8220, .T. ) ;
#6125 = EDGE_CURVE ( 'NONE', #4512, #2999, #5876, .T. ) ;
#6126 = EDGE_CURVE ( 'NONE', #3275, #6723, #899, .T. ) ;
#6127 = PRESENTATION_LAYER_ASSIGNMENT (  '', '', ( #9427 ) ) ;
#6128 = VECTOR ( 'NONE', #2376, 1000.000000000000000 ) ;
#6129 = CARTESIAN_POINT ( 'NONE',  ( -39.74026666726099677, 2.394518698657940536, 3.945000000010995045 ) ) ;
#6130 =( REPRESENTATION_RELATIONSHIP ('NONE','NONE', #5874, #910 ) REPRESENTATION_RELATIONSHIP_WITH_TRANSFORMATION ( #6265 )SHAPE_REPRESENTATION_RELATIONSHIP( ) );
#6131 = SURFACE_SIDE_STYLE ('',( #1089 ) ) ;
#6132 = CARTESIAN_POINT ( 'NONE',  ( -46.04026666726100103, 16.29451869865799551, 5.145000000010998775 ) ) ;
#6133 = DIRECTION ( 'NONE',  ( 0.000000000000000000, 2.220446049250309876E-16, 1.000000000000000000 ) ) ;
#6134 = PRESENTATION_LAYER_ASSIGNMENT (  '', '', ( #4763 ) ) ;
#6135 = FILL_AREA_STYLE ('',( #4447 ) ) ;
#6136 = DIRECTION ( 'NONE',  ( 0.000000000000000000, -1.000000000000000000, 2.220446049250309876E-16 ) ) ;
#6137 =( LENGTH_UNIT ( ) NAMED_UNIT ( * ) SI_UNIT ( .MILLI., .METRE. ) );
#6138 = CARTESIAN_POINT ( 'NONE',  ( -15.74029191166209962, 2.755277039305740416, 5.135000000010998988 ) ) ;
#6139 = PRESENTATION_STYLE_ASSIGNMENT (( #8629 ) ) ;
#6140 = CIRCLE ( 'NONE', #10642, 2.000000000000000000 ) ;
#6141 = DIRECTION ( 'NONE',  ( 0.000000000000000000, 1.000000000000000000, -4.336808689942013792E-16 ) ) ;
#6142 = ORIENTED_EDGE ( 'NONE', *, *, #627, .T. ) ;
#6143 = DIRECTION ( 'NONE',  ( 0.000000000000000000, 1.000000000000000000, -2.220446049250309876E-16 ) ) ;
#6144 = ADVANCED_FACE ( 'NONE', ( #7188 ), #5541, .F. ) ;
#6145 = VECTOR ( 'NONE', #7399, 1000.000000000000000 ) ;
#6146 = COLOUR_RGB ( '',1.000000000000000000, 0.7568627450980391913, 0.5647058823529411686 ) ;
#6147 = LINE ( 'NONE', #2768, #492 ) ;
#6148 = DIRECTION ( 'NONE',  ( 0.000000000000000000, -2.220446049250309876E-16, -1.000000000000000000 ) ) ;
#6149 = DIRECTION ( 'NONE',  ( 0.000000000000000000, 2.220446049250309876E-16, 1.000000000000000000 ) ) ;
#6150 = FACE_BOUND ( 'NONE', #5153, .T. ) ;
#6151 = VERTEX_POINT ( 'NONE', #5436 ) ;
#6152 = SURFACE_STYLE_USAGE ( .BOTH. , #5165 ) ;
#6153 = STYLED_ITEM ( 'NONE', ( #2449 ), #5339 ) ;
#6154 = EDGE_CURVE ( 'NONE', #8586, #6056, #2321, .T. ) ;
#6155 = MECHANICAL_DESIGN_GEOMETRIC_PRESENTATION_REPRESENTATION (  '', ( #2507 ), #2148 ) ;
#6156 = ORIENTED_EDGE ( 'NONE', *, *, #4531, .F. ) ;
#6157 = SHAPE_DEFINITION_REPRESENTATION ( #3816, #8424 ) ;
#6158 = DIRECTION ( 'NONE',  ( 0.000000000000000000, -1.000000000000000000, 2.220446049250309876E-16 ) ) ;
#6159 = VERTEX_POINT ( 'NONE', #7923 ) ;
#6160 = CIRCLE ( 'NONE', #7207, 0.1999999999999987899 ) ;
#6161 = MECHANICAL_DESIGN_GEOMETRIC_PRESENTATION_REPRESENTATION (  '', ( #4763 ), #2332 ) ;
#6162 = UNCERTAINTY_MEASURE_WITH_UNIT (LENGTH_MEASURE( 1.000000000000000082E-05 ), #7570, 'distance_accuracy_value', 'NONE');
#6163 = MECHANICAL_DESIGN_GEOMETRIC_PRESENTATION_REPRESENTATION (  '', ( #3556 ), #9632 ) ;
#6164 =( NAMED_UNIT ( * ) SI_UNIT ( $, .STERADIAN. ) SOLID_ANGLE_UNIT ( ) );
#6165 = LINE ( 'NONE', #6222, #5739 ) ;
#6166 = AXIS2_PLACEMENT_3D ( 'NONE', #7415, #10060, #5934 ) ;
#6167 = EDGE_LOOP ( 'NONE', ( #10472, #4273, #7243, #10559 ) ) ;
#6168 = ADVANCED_FACE ( 'NONE', ( #9622 ), #10388, .T. ) ;
#6169 = MECHANICAL_DESIGN_GEOMETRIC_PRESENTATION_REPRESENTATION (  '', ( #10517 ), #8227 ) ;
#6170 = DIRECTION ( 'NONE',  ( 0.000000000000000000, 1.000000000000000000, -2.220446049250309876E-16 ) ) ;
#6171 = EDGE_LOOP ( 'NONE', ( #2505, #5220 ) ) ;
#6172 = VERTEX_POINT ( 'NONE', #9512 ) ;
#6173 = VERTEX_POINT ( 'NONE', #8688 ) ;
#6174 = SURFACE_STYLE_USAGE ( .BOTH. , #4374 ) ;
#6175 = CARTESIAN_POINT ( 'NONE',  ( -45.84026666726099819, 18.63451869865799893, 3.545000000010997798 ) ) ;
#6176 = FACE_BOUND ( 'NONE', #8087, .T. ) ;
#6177 = FILL_AREA_STYLE ('',( #10366 ) ) ;
#6178 = ADVANCED_FACE ( 'NONE', ( #1213 ), #4568, .T. ) ;
#6179 = DIRECTION ( 'NONE',  ( 0.000000000000000000, 1.000000000000000000, 0.000000000000000000 ) ) ;
#6180 =( LENGTH_UNIT ( ) NAMED_UNIT ( * ) SI_UNIT ( .MILLI., .METRE. ) );
#6181 = ORIENTED_EDGE ( 'NONE', *, *, #4235, .T. ) ;
#6182 = LINE ( 'NONE', #10482, #1055 ) ;
#6183 = VECTOR ( 'NONE', #2788, 1000.000000000000000 ) ;
#6184 = ORIENTED_EDGE ( 'NONE', *, *, #10355, .F. ) ;
#6185 =( NAMED_UNIT ( * ) PLANE_ANGLE_UNIT ( ) SI_UNIT ( $, .RADIAN. ) );
#6186 = LINE ( 'NONE', #6129, #2654 ) ;
#6187 = FILL_AREA_STYLE_COLOUR ( '', #3259 ) ;
#6188 = CYLINDRICAL_SURFACE ( 'NONE', #4600, 0.8500000000000000888 ) ;
#6189 = CARTESIAN_POINT ( 'NONE',  ( -22.88026666726100089, 6.294518698657999956, 5.145000000010998775 ) ) ;
#6190 = PRESENTATION_LAYER_ASSIGNMENT (  '', '', ( #9144 ) ) ;
#6191 = VECTOR ( 'NONE', #8026, 1000.000000000000000 ) ;
#6192 = CARTESIAN_POINT ( 'NONE',  ( -28.67854998418979662, 4.514518698657940199, 3.945000000010995045 ) ) ;
#6193 =( LENGTH_UNIT ( ) NAMED_UNIT ( * ) SI_UNIT ( .MILLI., .METRE. ) );
#6194 = FILL_AREA_STYLE ('',( #9556 ) ) ;
#6195 = DIRECTION ( 'NONE',  ( 0.000000000000000000, 2.220446049250309876E-16, 1.000000000000000000 ) ) ;
#6196 =( NAMED_UNIT ( * ) PLANE_ANGLE_UNIT ( ) SI_UNIT ( $, .RADIAN. ) );
#6197 = CARTESIAN_POINT ( 'NONE',  ( -40.28771170588249362, 15.03451869865800106, 3.545000000010997798 ) ) ;
#6198 = ORIENTED_EDGE ( 'NONE', *, *, #3056, .F. ) ;
#6199 = SURFACE_SIDE_STYLE ('',( #6252 ) ) ;
#6200 = VECTOR ( 'NONE', #9194, 1000.000000000000000 ) ;
#6201 = PRESENTATION_STYLE_ASSIGNMENT (( #540 ) ) ;
#6202 =( NAMED_UNIT ( * ) PLANE_ANGLE_UNIT ( ) SI_UNIT ( $, .RADIAN. ) );
#6203 =( NAMED_UNIT ( * ) SI_UNIT ( $, .STERADIAN. ) SOLID_ANGLE_UNIT ( ) );
#6204 = EDGE_CURVE ( 'NONE', #6666, #4418, #1145, .T. ) ;
#6205 = ORIENTED_EDGE ( 'NONE', *, *, #5917, .T. ) ;
#6206 = VECTOR ( 'NONE', #6066, 1000.000000000000000 ) ;
#6207 = EDGE_CURVE ( 'NONE', #8522, #2678, #3917, .T. ) ;
#6208 = CARTESIAN_POINT ( 'NONE',  ( -19.70302962540589675, 8.714518698658000773, 3.545000000010997798 ) ) ;
#6209 = LINE ( 'NONE', #10449, #1691 ) ;
#6210 = EDGE_LOOP ( 'NONE', ( #618, #6773, #7580, #10500 ) ) ;
#6211 = CONTEXT_DEPENDENT_SHAPE_REPRESENTATION ( #7047, #3733 ) ;
#6212 = AXIS2_PLACEMENT_3D ( 'NONE', #3686, #10489, #2031 ) ;
#6213 = DIRECTION ( 'NONE',  ( 0.000000000000000000, -1.000000000000000000, 0.000000000000000000 ) ) ;
#6214 = UNCERTAINTY_MEASURE_WITH_UNIT (LENGTH_MEASURE( 1.000000000000000082E-05 ), #8023, 'distance_accuracy_value', 'NONE');
#6215 = PRESENTATION_LAYER_ASSIGNMENT (  '', '', ( #8633 ) ) ;
#6216 = CARTESIAN_POINT ( 'NONE',  ( -42.73771170588249646, 18.83451869865799821, 3.145000000011000107 ) ) ;
#6217 = EDGE_CURVE ( 'NONE', #953, #9083, #3203, .T. ) ;
#6218 = FILL_AREA_STYLE ('',( #10518 ) ) ;
#6219 = CARTESIAN_POINT ( 'NONE',  ( -42.73771170588249646, 18.83451869865799821, 3.745000000010996644 ) ) ;
#6220 = STYLED_ITEM ( 'NONE', ( #7105 ), #6478 ) ;
#6221 = CARTESIAN_POINT ( 'NONE',  ( -15.74029191166209962, 23.09527703930579889, 5.135000000010998988 ) ) ;
#6222 = CARTESIAN_POINT ( 'NONE',  ( 0.000000000000000000, 0.2000000000000000111, 0.6500000000000000222 ) ) ;
#6223 = PRESENTATION_LAYER_ASSIGNMENT (  '', '', ( #7942 ) ) ;
#6224 = ORIENTED_EDGE ( 'NONE', *, *, #4889, .T. ) ;
#6225 = EDGE_LOOP ( 'NONE', ( #1506, #5657, #4124, #74 ) ) ;
#6226 = ORIENTED_EDGE ( 'NONE', *, *, #51, .F. ) ;
#6227 = ADVANCED_FACE ( 'NONE', ( #10752 ), #1647, .F. ) ;
#6228 = CARTESIAN_POINT ( 'NONE',  ( -45.59026666726097687, 18.63451869865789590, 2.545000000010970709 ) ) ;
#6229 = VECTOR ( 'NONE', #6777, 1000.000000000000000 ) ;
#6230 = CARTESIAN_POINT ( 'NONE',  ( -14.90026666726099869, 16.30042790316279877, 3.955000000010998384 ) ) ;
#6231 = CARTESIAN_POINT ( 'NONE',  ( -19.70302962540589675, 16.21451869865800077, 3.745000000010996644 ) ) ;
#6232 = LINE ( 'NONE', #7215, #9356 ) ;
#6233 = UNCERTAINTY_MEASURE_WITH_UNIT (LENGTH_MEASURE( 1.000000000000000082E-05 ), #767, 'distance_accuracy_value', 'NONE');
#6234 = FILL_AREA_STYLE_COLOUR ( '', #3994 ) ;
#6235 = DIRECTION ( 'NONE',  ( 0.000000000000000000, 1.000000000000000000, 0.000000000000000000 ) ) ;
#6236 = DIRECTION ( 'NONE',  ( 0.000000000000000000, 2.220446049250309876E-16, 1.000000000000000000 ) ) ;
#6237 = ORIENTED_EDGE ( 'NONE', *, *, #6958, .T. ) ;
#6238 = DIRECTION ( 'NONE',  ( 0.000000000000000000, 2.220446049250309876E-16, 1.000000000000000000 ) ) ;
#6239 = AXIS2_PLACEMENT_3D ( 'NONE', #9044, #785, #5673 ) ;
#6240 = VERTEX_POINT ( 'NONE', #755 ) ;
#6241 = CARTESIAN_POINT ( 'NONE',  ( -39.74026666726099677, 0.7945186986579400035, 3.745000000010996644 ) ) ;
#6242 = EDGE_CURVE ( 'NONE', #7281, #449, #1589, .T. ) ;
#6243 = CARTESIAN_POINT ( 'NONE',  ( -46.04026666726100103, 20.29451869865799551, 5.135000000010998988 ) ) ;
#6244 = FACE_OUTER_BOUND ( 'NONE', #10652, .T. ) ;
#6245 = AXIS2_PLACEMENT_3D ( 'NONE', #7403, #3225, #2393 ) ;
#6246 =( NAMED_UNIT ( * ) SI_UNIT ( $, .STERADIAN. ) SOLID_ANGLE_UNIT ( ) );
#6247 = SURFACE_SIDE_STYLE ('',( #7826 ) ) ;
#6248 = CARTESIAN_POINT ( 'NONE',  ( -48.84026666726100530, 26.27451869865799949, 3.145000000011000107 ) ) ;
#6249 = CARTESIAN_POINT ( 'NONE',  ( -46.24026666726099677, 0.7945186986579397814, 5.135000000010999877 ) ) ;
#6250 = CARTESIAN_POINT ( 'NONE',  ( -38.80302962540589817, 20.81451869865799864, 1.285000000010999566 ) ) ;
#6251 = VERTEX_POINT ( 'NONE', #2494 ) ;
#6252 = SURFACE_STYLE_FILL_AREA ( #10327 ) ;
#6253 = FACE_OUTER_BOUND ( 'NONE', #4257, .T. ) ;
#6254 =( GEOMETRIC_REPRESENTATION_CONTEXT ( 3 ) GLOBAL_UNCERTAINTY_ASSIGNED_CONTEXT ( ( #5594 ) ) GLOBAL_UNIT_ASSIGNED_CONTEXT ( ( #6038, #6870, #5219 ) ) REPRESENTATION_CONTEXT ( 'NONE', 'WORKASPACE' ) );
#6255 = VECTOR ( 'NONE', #10555, 1000.000000000000000 ) ;
#6256 = UNCERTAINTY_MEASURE_WITH_UNIT (LENGTH_MEASURE( 1.000000000000000082E-05 ), #8835, 'distance_accuracy_value', 'NONE');
#6257 =( LENGTH_UNIT ( ) NAMED_UNIT ( * ) SI_UNIT ( .MILLI., .METRE. ) );
#6258 = DIRECTION ( 'NONE',  ( -1.000000000000000000, 0.000000000000000000, 0.000000000000000000 ) ) ;
#6259 = CARTESIAN_POINT ( 'NONE',  ( 1.594999999999999973, 5.299999999999999822, 1.525000000000000133 ) ) ;
#6260 = AXIS2_PLACEMENT_3D ( 'NONE', #7085, #10396, #1425 ) ;
#6262 = EDGE_LOOP ( 'NONE', ( #6874, #952 ) ) ;
#6261 = CARTESIAN_POINT ( 'NONE',  ( -38.80302962540589817, 5.314518698658000417, 1.085000000011000720 ) ) ;
#6263 = CARTESIAN_POINT ( 'NONE',  ( -21.74029191166209785, 2.773121729659039580, 2.345000000010998065 ) ) ;
#6264 = VERTEX_POINT ( 'NONE', #4995 ) ;
#6265 = ITEM_DEFINED_TRANSFORMATION ( 'NONE', 'NONE', #4217,  #4904 ) ;
#6266 = CARTESIAN_POINT ( 'NONE',  ( -39.74026666726099677, 1.594518698657940048, 3.945000000010995045 ) ) ;
#6267 = MECHANICAL_DESIGN_GEOMETRIC_PRESENTATION_REPRESENTATION (  '', ( #9387 ), #3666 ) ;
#6268 = ADVANCED_FACE ( 'NONE', ( #3313 ), #586, .F. ) ;
#6269 = AXIS2_PLACEMENT_3D ( 'NONE', #7966, #2820, #1260 ) ;
#6270 = ADVANCED_FACE ( 'NONE', ( #6017 ), #2550, .F. ) ;
#6271 = UNCERTAINTY_MEASURE_WITH_UNIT (LENGTH_MEASURE( 1.000000000000000082E-05 ), #1739, 'distance_accuracy_value', 'NONE');
#6272 = CARTESIAN_POINT ( 'NONE',  ( -27.20302962540589675, 20.61451869865799935, 1.285000000010999566 ) ) ;
#6273 = PRESENTATION_STYLE_ASSIGNMENT (( #498 ) ) ;
#6274 = CARTESIAN_POINT ( 'NONE',  ( -38.80302962540589817, 20.61451869865799935, 1.285000000010999566 ) ) ;
#6275 = DIRECTION ( 'NONE',  ( 0.000000000000000000, 1.000000000000000000, -4.336808689942017736E-16 ) ) ;
#6276 = COLOUR_RGB ( '',0.07058823529411764608, 0.07058823529411764608, 0.07058823529411764608 ) ;
#6277 = MECHANICAL_DESIGN_GEOMETRIC_PRESENTATION_REPRESENTATION (  '', ( #7842 ), #2971 ) ;
#6278 = VERTEX_POINT ( 'NONE', #3422 ) ;
#6279 = ADVANCED_FACE ( 'NONE', ( #8502 ), #9188, .F. ) ;
#6280 = VERTEX_POINT ( 'NONE', #1693 ) ;
#6281 = VERTEX_POINT ( 'NONE', #4229 ) ;
#6282 = COLOUR_RGB ( '',1.000000000000000000, 0.9568627450980391469, 0.8862745098039215286 ) ;
#6283 = CARTESIAN_POINT ( 'NONE',  ( -21.40302962540589604, 16.21451869865800077, 3.345000000010998953 ) ) ;
#6284 = DIRECTION ( 'NONE',  ( 0.000000000000000000, 2.220446049250309876E-16, 1.000000000000000000 ) ) ;
#6285 = CARTESIAN_POINT ( 'NONE',  ( -26.97854998418979733, 3.714518698657950146, 3.345000000010998953 ) ) ;
#6286 =( NAMED_UNIT ( * ) SI_UNIT ( $, .STERADIAN. ) SOLID_ANGLE_UNIT ( ) );
#6287 = DIRECTION ( 'NONE',  ( 0.000000000000000000, 0.3713906763541020561, -0.9284766908852600809 ) ) ;
#6288 = VERTEX_POINT ( 'NONE', #40 ) ;
#6289 = MECHANICAL_DESIGN_GEOMETRIC_PRESENTATION_REPRESENTATION (  '', ( #8712 ), #5413 ) ;
#6290 = PRESENTATION_LAYER_ASSIGNMENT (  '', '', ( #3690 ) ) ;
#6291 = ADVANCED_FACE ( 'NONE', ( #7553 ), #2595, .F. ) ;
#6292 = CARTESIAN_POINT ( 'NONE',  ( -48.84026666726100530, 26.27451869865799949, 5.145000000010998775 ) ) ;
#6293 = ADVANCED_FACE ( 'NONE', ( #3748 ), #1979, .F. ) ;
#6294 = EDGE_LOOP ( 'NONE', ( #4410, #6769, #10293, #1246 ) ) ;
#6295 = VERTEX_POINT ( 'NONE', #2091 ) ;
#6296 = FACE_BOUND ( 'NONE', #8434, .T. ) ;
#6297 = PRESENTATION_LAYER_ASSIGNMENT (  '', '', ( #8179 ) ) ;
#6298 = FILL_AREA_STYLE ('',( #2974 ) ) ;
#6299 = AXIS2_PLACEMENT_3D ( 'NONE', #9547, #5581, #2088 ) ;
#6300 = CARTESIAN_POINT ( 'NONE',  ( -27.20302962540589675, 5.314518698658000417, 1.285000000010999566 ) ) ;
#6301 = MECHANICAL_DESIGN_GEOMETRIC_PRESENTATION_REPRESENTATION (  '', ( #8363 ), #6118 ) ;
#6302 = FACE_OUTER_BOUND ( 'NONE', #5026, .T. ) ;
#6303 =( NAMED_UNIT ( * ) PLANE_ANGLE_UNIT ( ) SI_UNIT ( $, .RADIAN. ) );
#6304 = LINE ( 'NONE', #2216, #4803 ) ;
#6305 = DIRECTION ( 'NONE',  ( 0.000000000000000000, 1.000000000000000000, -2.220446049250309876E-16 ) ) ;
#6306 = DIRECTION ( 'NONE',  ( -1.000000000000000000, 0.000000000000000000, 0.000000000000000000 ) ) ;
#6307 = ORIENTED_EDGE ( 'NONE', *, *, #10413, .F. ) ;
#6308 = ADVANCED_FACE ( 'NONE', ( #9551 ), #10315, .F. ) ;
#6309 = DIRECTION ( 'NONE',  ( 0.3481553119113945938, 0.8703882797784902037, -0.3481553119113945938 ) ) ;
#6310 = PRESENTATION_LAYER_ASSIGNMENT (  '', '', ( #3034 ) ) ;
#6311 = PRESENTATION_LAYER_ASSIGNMENT (  '', '', ( #7011 ) ) ;
#6312 = DIRECTION ( 'NONE',  ( 0.000000000000000000, -2.220446049250309876E-16, -1.000000000000000000 ) ) ;
#6313 = VECTOR ( 'NONE', #5237, 1000.000000000000000 ) ;
#6314 =( NAMED_UNIT ( * ) SI_UNIT ( $, .STERADIAN. ) SOLID_ANGLE_UNIT ( ) );
#6315 = STYLED_ITEM ( 'NONE', ( #5429 ), #8271 ) ;
#6316 = PRESENTATION_LAYER_ASSIGNMENT (  '', '', ( #10488 ) ) ;
#6317 = ORIENTED_EDGE ( 'NONE', *, *, #2559, .F. ) ;
#6318 = CARTESIAN_POINT ( 'NONE',  ( -16.38026666726099734, 16.29451869865799551, 5.145000000010998775 ) ) ;
#6319 = DIRECTION ( 'NONE',  ( 0.000000000000000000, 2.220446049250309876E-16, 1.000000000000000000 ) ) ;
#6320 = EDGE_CURVE ( 'NONE', #1427, #1124, #10741, .T. ) ;
#6321 = PRESENTATION_LAYER_ASSIGNMENT (  '', '', ( #4920 ) ) ;
#6322 = ORIENTED_EDGE ( 'NONE', *, *, #1315, .T. ) ;
#6323 = UNCERTAINTY_MEASURE_WITH_UNIT (LENGTH_MEASURE( 1.000000000000000082E-05 ), #2167, 'distance_accuracy_value', 'NONE');
#6324 = CARTESIAN_POINT ( 'NONE',  ( -22.88026666726100089, 10.29451869865800084, 5.135000000010998988 ) ) ;
#6325 = MECHANICAL_DESIGN_GEOMETRIC_PRESENTATION_REPRESENTATION (  '', ( #361 ), #10 ) ;
#6326 = CARTESIAN_POINT ( 'NONE',  ( -36.17854998418980017, 1.257512981500239935, 3.945000000010995045 ) ) ;
#6327 = SURFACE_STYLE_USAGE ( .BOTH. , #7096 ) ;
#6328 = LINE ( 'NONE', #1226, #5750 ) ;
#6329 = DIRECTION ( 'NONE',  ( 0.7071067811865450192, 0.000000000000000000, 0.7071067811865500152 ) ) ;
#6330 = VECTOR ( 'NONE', #5383, 1000.000000000000000 ) ;
#6331 = ORIENTED_EDGE ( 'NONE', *, *, #7779, .T. ) ;
#6333 = UNCERTAINTY_MEASURE_WITH_UNIT (LENGTH_MEASURE( 1.000000000000000082E-05 ), #5025, 'distance_accuracy_value', 'NONE');
#6332 = AXIS2_PLACEMENT_3D ( 'NONE', #350, #3028, #7907 ) ;
#6334 = ORIENTED_EDGE ( 'NONE', *, *, #7393, .F. ) ;
#6335 = AXIS2_PLACEMENT_3D ( 'NONE', #1487, #6539, #5558 ) ;
#6336 = ORIENTED_EDGE ( 'NONE', *, *, #813, .T. ) ;
#6337 = COLOUR_RGB ( '',1.000000000000000000, 0.8078431372549019773, 0.4980392156862745168 ) ;
#6338 = PRODUCT ( 'NEO6M_UP', 'NEO6M_UP', '', ( #3000 ) ) ;
#6339 = PLANE ( 'NONE',  #8151 ) ;
#6340 = FILL_AREA_STYLE_COLOUR ( '', #9986 ) ;
#6341 = CARTESIAN_POINT ( 'NONE',  ( 1.594999999999999973, 5.299999999999999822, -0.8750000000000000000 ) ) ;
#6342 = EDGE_CURVE ( 'NONE', #7945, #6251, #9003, .T. ) ;
#6343 = PRESENTATION_STYLE_ASSIGNMENT (( #2394 ) ) ;
#6344 = PLANE ( 'NONE',  #8983 ) ;
#6345 = EDGE_CURVE ( 'NONE', #9472, #3305, #3134, .T. ) ;
#6346 = ADVANCED_FACE ( 'NONE', ( #8069 ), #680, .F. ) ;
#6347 =( NAMED_UNIT ( * ) PLANE_ANGLE_UNIT ( ) SI_UNIT ( $, .RADIAN. ) );
#6348 = DIRECTION ( 'NONE',  ( 0.000000000000000000, -2.220446049250309876E-16, -1.000000000000000000 ) ) ;
#6349 = ORIENTED_EDGE ( 'NONE', *, *, #9831, .T. ) ;
#6350 = DIRECTION ( 'NONE',  ( 0.000000000000000000, 2.220446049250309876E-16, 1.000000000000000000 ) ) ;
#6351 = ORIENTED_EDGE ( 'NONE', *, *, #6207, .F. ) ;
#6352 = ORIENTED_EDGE ( 'NONE', *, *, #2006, .T. ) ;
#6353 = FACE_BOUND ( 'NONE', #1006, .T. ) ;
#6354 = VECTOR ( 'NONE', #7259, 1000.000000000000000 ) ;
#6355 = SURFACE_SIDE_STYLE ('',( #4810 ) ) ;
#6356 = SURFACE_STYLE_USAGE ( .BOTH. , #5310 ) ;
#6357 = SURFACE_SIDE_STYLE ('',( #8896 ) ) ;
#6358 = EDGE_CURVE ( 'NONE', #8299, #1954, #6559, .T. ) ;
#6359 = CARTESIAN_POINT ( 'NONE',  ( -14.90026666726099869, 14.24042790316280005, 3.955000000010998384 ) ) ;
#6360 = SURFACE_SIDE_STYLE ('',( #4667 ) ) ;
#6361 = DIRECTION ( 'NONE',  ( 0.000000000000000000, 2.220446049250309876E-16, 1.000000000000000000 ) ) ;
#6362 =( GEOMETRIC_REPRESENTATION_CONTEXT ( 3 ) GLOBAL_UNCERTAINTY_ASSIGNED_CONTEXT ( ( #4136 ) ) GLOBAL_UNIT_ASSIGNED_CONTEXT ( ( #2182, #2902, #1281 ) ) REPRESENTATION_CONTEXT ( 'NONE', 'WORKASPACE' ) );
#6363 = CARTESIAN_POINT ( 'NONE',  ( -41.49026666726099677, 1.594518698657940048, 3.295000000010997354 ) ) ;
#6364 = CARTESIAN_POINT ( 'NONE',  ( -46.04026666726100103, 9.294518698657999067, 5.145000000010998775 ) ) ;
#6365 = VERTEX_POINT ( 'NONE', #6406 ) ;
#6366 = CARTESIAN_POINT ( 'NONE',  ( -45.84026666726099819, 18.68451869865799964, 2.545000000010996910 ) ) ;
#6367 =( LENGTH_UNIT ( ) NAMED_UNIT ( * ) SI_UNIT ( .MILLI., .METRE. ) );
#6368 = UNCERTAINTY_MEASURE_WITH_UNIT (LENGTH_MEASURE( 1.000000000000000082E-05 ), #3799, 'distance_accuracy_value', 'NONE');
#6369 = SURFACE_SIDE_STYLE ('',( #3803 ) ) ;
#6370 = PRESENTATION_LAYER_ASSIGNMENT (  '', '', ( #6010 ) ) ;
#6371 = ADVANCED_FACE ( 'NONE', ( #7378 ), #5584, .F. ) ;
#6372 =( NAMED_UNIT ( * ) SI_UNIT ( $, .STERADIAN. ) SOLID_ANGLE_UNIT ( ) );
#6373 = FILL_AREA_STYLE ('',( #3807 ) ) ;
#6374 = ORIENTED_EDGE ( 'NONE', *, *, #7803, .T. ) ;
#6375 = FILL_AREA_STYLE_COLOUR ( '', #337 ) ;
#6376 = SURFACE_STYLE_FILL_AREA ( #439 ) ;
#6377 = ORIENTED_EDGE ( 'NONE', *, *, #9259, .F. ) ;
#6378 =( GEOMETRIC_REPRESENTATION_CONTEXT ( 3 ) GLOBAL_UNCERTAINTY_ASSIGNED_CONTEXT ( ( #7000 ) ) GLOBAL_UNIT_ASSIGNED_CONTEXT ( ( #4623, #3958, #1262 ) ) REPRESENTATION_CONTEXT ( 'NONE', 'WORKASPACE' ) );
#6379 = ORIENTED_EDGE ( 'NONE', *, *, #10713, .F. ) ;
#6380 = ITEM_DEFINED_TRANSFORMATION ( 'NONE', 'NONE', #3005,  #1039 ) ;
#6381 = DIRECTION ( 'NONE',  ( 0.000000000000000000, 1.000000000000000000, -2.220446049250309876E-16 ) ) ;
#6382 = CARTESIAN_POINT ( 'NONE',  ( -16.38026666726099734, 10.29451869865800084, 5.135000000010998988 ) ) ;
#6383 = STYLED_ITEM ( 'NONE', ( #4989 ), #257 ) ;
#6384 = EDGE_CURVE ( 'NONE', #4746, #7448, #2560, .T. ) ;
#6385 = CARTESIAN_POINT ( 'NONE',  ( -46.24026666726099677, 2.794518698657940003, 5.145000000010998775 ) ) ;
#6386 = CARTESIAN_POINT ( 'NONE',  ( -16.38026666726099734, 10.29451869865800084, 5.135000000010998988 ) ) ;
#6387 = DIRECTION ( 'NONE',  ( 0.000000000000000000, -1.000000000000000000, 2.220446049250309876E-16 ) ) ;
#6388 = ORIENTED_EDGE ( 'NONE', *, *, #7286, .T. ) ;
#6389 = ORIENTED_EDGE ( 'NONE', *, *, #7391, .F. ) ;
#6390 = CARTESIAN_POINT ( 'NONE',  ( -46.24026666726099677, 0.7945186986579397814, 3.945000000010995933 ) ) ;
#6391 = ORIENTED_EDGE ( 'NONE', *, *, #8110, .T. ) ;
#6392 = COLOUR_RGB ( '',0.8274509803921568096, 0.6666666666666666297, 0.1294117647058823373 ) ;
#6393 = DIRECTION ( 'NONE',  ( 1.000000000000000000, 0.000000000000000000, 0.000000000000000000 ) ) ;
#6394 = DIRECTION ( 'NONE',  ( 0.000000000000000000, 1.000000000000000000, -2.220446049250309876E-16 ) ) ;
#6395 = MECHANICAL_DESIGN_GEOMETRIC_PRESENTATION_REPRESENTATION (  '', ( #5003 ), #5863 ) ;
#6396 = FILL_AREA_STYLE ('',( #3077 ) ) ;
#6397 = SURFACE_STYLE_FILL_AREA ( #7956 ) ;
#6398 = CARTESIAN_POINT ( 'NONE',  ( -21.74029191166209785, 5.273121729659040469, 3.945000000010994601 ) ) ;
#6399 = ORIENTED_EDGE ( 'NONE', *, *, #6441, .T. ) ;
#6400 = DIRECTION ( 'NONE',  ( 1.000000000000000000, 0.000000000000000000, 0.000000000000000000 ) ) ;
#6401 = VERTEX_POINT ( 'NONE', #9227 ) ;
#6402 = ORIENTED_EDGE ( 'NONE', *, *, #7600, .T. ) ;
#6403 = STYLED_ITEM ( 'NONE', ( #3726 ), #759 ) ;
#6404 = EDGE_CURVE ( 'NONE', #9883, #5505, #1681, .T. ) ;
#6405 = LINE ( 'NONE', #4664, #7008 ) ;
#6406 = CARTESIAN_POINT ( 'NONE',  ( -40.19026666726099961, 1.594518698657940048, 3.295000000010997354 ) ) ;
#6407 = EDGE_CURVE ( 'NONE', #2417, #3454, #588, .T. ) ;
#6408 = PRESENTATION_LAYER_ASSIGNMENT (  '', '', ( #2230 ) ) ;
#6409 = FILL_AREA_STYLE ('',( #3852 ) ) ;
#6410 = EDGE_CURVE ( 'NONE', #7407, #9402, #10797, .T. ) ;
#6411 = CARTESIAN_POINT ( 'NONE',  ( -39.00302962540590102, 5.314518698658000417, 1.285000000010999566 ) ) ;
#6412 = DIRECTION ( 'NONE',  ( 1.000000000000000000, 0.000000000000000000, 0.000000000000000000 ) ) ;
#6413 = SURFACE_STYLE_USAGE ( .BOTH. , #529 ) ;
#6414 = AXIS2_PLACEMENT_3D ( 'NONE', #283, #6893, #2915 ) ;
#6415 = CYLINDRICAL_SURFACE ( 'NONE', #4749, 0.1999999999999987899 ) ;
#6416 = CARTESIAN_POINT ( 'NONE',  ( -4.405000000000000249, 3.200000000000000178, -0.6250000000000000000 ) ) ;
#6417 = EDGE_LOOP ( 'NONE', ( #4520, #3971 ) ) ;
#6418 = FILL_AREA_STYLE_COLOUR ( '', #8371 ) ;
#6419 = ADVANCED_FACE ( 'NONE', ( #4213 ), #5034, .F. ) ;
#6420 =( NAMED_UNIT ( * ) SI_UNIT ( $, .STERADIAN. ) SOLID_ANGLE_UNIT ( ) );
#6421 = DIRECTION ( 'NONE',  ( 0.000000000000000000, -2.220446049250309876E-16, -1.000000000000000000 ) ) ;
#6422 = FILL_AREA_STYLE_COLOUR ( '', #10162 ) ;
#6423 = CYLINDRICAL_SURFACE ( 'NONE', #3661, 1.600000000000000089 ) ;
#6424 = EDGE_LOOP ( 'NONE', ( #7152, #4044 ) ) ;
#6425 =( NAMED_UNIT ( * ) PLANE_ANGLE_UNIT ( ) SI_UNIT ( $, .RADIAN. ) );
#6426 = CARTESIAN_POINT ( 'NONE',  ( -21.50302962540590102, 9.114518698657999352, 3.145000000011000107 ) ) ;
#6427 = EDGE_LOOP ( 'NONE', ( #8235, #8465 ) ) ;
#6428 = AXIS2_PLACEMENT_3D ( 'NONE', #3058, #7193, #7985 ) ;
#6429 = STYLED_ITEM ( 'NONE', ( #3009 ), #1617 ) ;
#6430 = EDGE_LOOP ( 'NONE', ( #5982, #6572 ) ) ;
#6431 = DIRECTION ( 'NONE',  ( 1.000000000000000000, 0.000000000000000000, 0.000000000000000000 ) ) ;
#6432 = MECHANICAL_DESIGN_GEOMETRIC_PRESENTATION_REPRESENTATION (  '', ( #3651 ), #8676 ) ;
#6433 = SURFACE_STYLE_USAGE ( .BOTH. , #8976 ) ;
#6434 =( LENGTH_UNIT ( ) NAMED_UNIT ( * ) SI_UNIT ( .MILLI., .METRE. ) );
#6435 = LINE ( 'NONE', #2234, #1803 ) ;
#6436 = FILL_AREA_STYLE_COLOUR ( '', #6593 ) ;
#6437 =( NAMED_UNIT ( * ) PLANE_ANGLE_UNIT ( ) SI_UNIT ( $, .RADIAN. ) );
#6438 = ORIENTED_EDGE ( 'NONE', *, *, #7532, .F. ) ;
#6439 = CIRCLE ( 'NONE', #9728, 2.000000000000000000 ) ;
#6440 = CIRCLE ( 'NONE', #8487, 2.000000000000000000 ) ;
#6441 = EDGE_CURVE ( 'NONE', #4991, #4188, #8278, .T. ) ;
#6442 = ORIENTED_EDGE ( 'NONE', *, *, #7992, .T. ) ;
#6443 =( NAMED_UNIT ( * ) PLANE_ANGLE_UNIT ( ) SI_UNIT ( $, .RADIAN. ) );
#6444 = CARTESIAN_POINT ( 'NONE',  ( -27.20302962540589675, 5.114518698658000240, 1.285000000010999566 ) ) ;
#6445 = LINE ( 'NONE', #8715, #1686 ) ;
#6446 = COLOUR_RGB ( '',0.07058823529411764608, 0.07058823529411764608, 0.07058823529411764608 ) ;
#6447 =( NAMED_UNIT ( * ) PLANE_ANGLE_UNIT ( ) SI_UNIT ( $, .RADIAN. ) );
#6448 = SURFACE_STYLE_FILL_AREA ( #1559 ) ;
#6449 = EDGE_LOOP ( 'NONE', ( #5225, #1338, #1855, #9281 ) ) ;
#6450 = DIRECTION ( 'NONE',  ( 1.000000000000000000, 0.000000000000000000, 0.000000000000000000 ) ) ;
#6451 = ORIENTED_EDGE ( 'NONE', *, *, #1769, .F. ) ;
#6452 = ORIENTED_EDGE ( 'NONE', *, *, #1036, .T. ) ;
#6453 = DIRECTION ( 'NONE',  ( 0.000000000000000000, -1.000000000000000000, 2.220446049250309876E-16 ) ) ;
#6454 = DIRECTION ( 'NONE',  ( 0.000000000000000000, -2.220446049250309876E-16, -1.000000000000000000 ) ) ;
#6455 = DIRECTION ( 'NONE',  ( 1.000000000000000000, 0.000000000000000000, 0.000000000000000000 ) ) ;
#6456 = SURFACE_STYLE_USAGE ( .BOTH. , #5585 ) ;
#6457 = VECTOR ( 'NONE', #5831, 1000.000000000000000 ) ;
#6458 = FACE_OUTER_BOUND ( 'NONE', #9369, .T. ) ;
#6459 = CARTESIAN_POINT ( 'NONE',  ( -45.84026666726099819, 18.63451869865799893, 2.745000000010995755 ) ) ;
#6460 = VECTOR ( 'NONE', #3392, 1000.000000000000000 ) ;
#6461 = CARTESIAN_POINT ( 'NONE',  ( -22.00302962540589746, 14.51451869865799971, 2.945000000010994157 ) ) ;
#6462 = ORIENTED_EDGE ( 'NONE', *, *, #7857, .F. ) ;
#6463 = EDGE_CURVE ( 'NONE', #8326, #10409, #1841, .T. ) ;
#6464 = CARTESIAN_POINT ( 'NONE',  ( -47.14026666726099535, 17.28451869865799750, 3.545000000010997798 ) ) ;
#6465 = ADVANCED_FACE ( 'NONE', ( #3456 ), #5392, .F. ) ;
#6466 =( NAMED_UNIT ( * ) SI_UNIT ( $, .STERADIAN. ) SOLID_ANGLE_UNIT ( ) );
#6467 = MECHANICAL_DESIGN_GEOMETRIC_PRESENTATION_REPRESENTATION (  '', ( #4373 ), #5423 ) ;
#6468 = PRESENTATION_STYLE_ASSIGNMENT (( #4066 ) ) ;
#6469 = CARTESIAN_POINT ( 'NONE',  ( -26.97854998418979733, 4.514518698657940199, 3.345000000010998953 ) ) ;
#6470 = DIRECTION ( 'NONE',  ( 0.000000000000000000, -2.220446049250309876E-16, -1.000000000000000000 ) ) ;
#6471 = AXIS2_PLACEMENT_3D ( 'NONE', #4168, #6869, #1875 ) ;
#6472 = CARTESIAN_POINT ( 'NONE',  ( -41.74026666726099677, 0.7945186986579400035, 3.745000000010996644 ) ) ;
#6473 = EDGE_LOOP ( 'NONE', ( #2616, #3082, #7635, #2335 ) ) ;
#6474 = PRODUCT_DEFINITION ( 'UNKNOWN', '', #8910, #2379 ) ;
#6475 = FILL_AREA_STYLE_COLOUR ( '', #7133 ) ;
#6476 = EDGE_LOOP ( 'NONE', ( #341, #2694, #4431, #7382 ) ) ;
#6477 = PRESENTATION_LAYER_ASSIGNMENT (  '', '', ( #3700 ) ) ;
#6478 = ADVANCED_FACE ( 'NONE', ( #4603 ), #5238, .F. ) ;
#6479 = ORIENTED_EDGE ( 'NONE', *, *, #8046, .T. ) ;
#6480 =( NAMED_UNIT ( * ) PLANE_ANGLE_UNIT ( ) SI_UNIT ( $, .RADIAN. ) );
#6481 = VECTOR ( 'NONE', #3246, 1000.000000000000000 ) ;
#6482 = SURFACE_STYLE_FILL_AREA ( #8144 ) ;
#6483 = VECTOR ( 'NONE', #3708, 1000.000000000000000 ) ;
#6484 = APPLICATION_CONTEXT ( 'automotive_design' ) ;
#6485 = CARTESIAN_POINT ( 'NONE',  ( -42.73771170588249646, 18.83451869865799821, 3.145000000011000107 ) ) ;
#6486 =( NAMED_UNIT ( * ) PLANE_ANGLE_UNIT ( ) SI_UNIT ( $, .RADIAN. ) );
#6487 = CARTESIAN_POINT ( 'NONE',  ( -38.80302962540589817, 5.314518698658000417, 3.945000000010995045 ) ) ;
#6488 = EDGE_CURVE ( 'NONE', #4730, #3030, #4650, .T. ) ;
#6489 =( NAMED_UNIT ( * ) SI_UNIT ( $, .STERADIAN. ) SOLID_ANGLE_UNIT ( ) );
#6490 = STYLED_ITEM ( 'NONE', ( #9537 ), #5021 ) ;
#6491 = EDGE_LOOP ( 'NONE', ( #6237, #1532, #6108 ) ) ;
#6492 = MECHANICAL_DESIGN_GEOMETRIC_PRESENTATION_REPRESENTATION (  '', ( #3717 ), #163 ) ;
#6493 = ORIENTED_EDGE ( 'NONE', *, *, #3476, .T. ) ;
#6494 = AXIS2_PLACEMENT_3D ( 'NONE', #872, #6791, #10033 ) ;
#6495 = COLOUR_RGB ( '',1.000000000000000000, 0.9490196078431372140, 0.8941176470588234615 ) ;
#6496 = CYLINDRICAL_SURFACE ( 'NONE', #10306, 1.600000000000000755 ) ;
#6497 = DIRECTION ( 'NONE',  ( 0.000000000000000000, 1.000000000000000000, 0.000000000000000000 ) ) ;
#6498 = VECTOR ( 'NONE', #6235, 1000.000000000000000 ) ;
#6499 =( NAMED_UNIT ( * ) PLANE_ANGLE_UNIT ( ) SI_UNIT ( $, .RADIAN. ) );
#6500 = VECTOR ( 'NONE', #9682, 1000.000000000000000 ) ;
#6501 =( NAMED_UNIT ( * ) PLANE_ANGLE_UNIT ( ) SI_UNIT ( $, .RADIAN. ) );
#6502 = LINE ( 'NONE', #9906, #10570 ) ;
#6503 = EDGE_CURVE ( 'NONE', #4947, #372, #2226, .T. ) ;
#6504 = DIRECTION ( 'NONE',  ( 0.000000000000000000, -2.220446049250309876E-16, -1.000000000000000000 ) ) ;
#6505 = CARTESIAN_POINT ( 'NONE',  ( -46.24026666726099677, 2.794518698657940003, 5.135000000010998988 ) ) ;
#6506 = AXIS2_PLACEMENT_3D ( 'NONE', #5212, #7728, #8516 ) ;
#6507 = CARTESIAN_POINT ( 'NONE',  ( -15.74029191166209962, 2.755277039305740416, 3.955000000010998384 ) ) ;
#6508 = MECHANICAL_DESIGN_GEOMETRIC_PRESENTATION_REPRESENTATION (  '', ( #5804 ), #3729 ) ;
#6509 = UNCERTAINTY_MEASURE_WITH_UNIT (LENGTH_MEASURE( 1.000000000000000082E-05 ), #3998, 'distance_accuracy_value', 'NONE');
#6510 = ORIENTED_EDGE ( 'NONE', *, *, #4571, .T. ) ;
#6511 = VERTEX_POINT ( 'NONE', #1075 ) ;
#6512 = ORIENTED_EDGE ( 'NONE', *, *, #3145, .T. ) ;
#6513 = SURFACE_SIDE_STYLE ('',( #3186 ) ) ;
#6514 = DIRECTION ( 'NONE',  ( 0.000000000000000000, -2.220446049250309876E-16, -1.000000000000000000 ) ) ;
#6515 = SURFACE_STYLE_FILL_AREA ( #10541 ) ;
#6516 = EDGE_CURVE ( 'NONE', #4884, #10229, #4298, .T. ) ;
#6517 = DIRECTION ( 'NONE',  ( 0.000000000000000000, -1.000000000000000000, 0.000000000000000000 ) ) ;
#6518 = FACE_OUTER_BOUND ( 'NONE', #5129, .T. ) ;
#6519 = CARTESIAN_POINT ( 'NONE',  ( 0.000000000000000000, 11.29999999999999893, 0.6500000000000000222 ) ) ;
#6520 = CARTESIAN_POINT ( 'NONE',  ( -21.40302962540589604, 11.01451869865799971, 3.345000000010998953 ) ) ;
#6521 = DIRECTION ( 'NONE',  ( 0.000000000000000000, -1.000000000000000000, 0.000000000000000000 ) ) ;
#6522 = CYLINDRICAL_SURFACE ( 'NONE', #573, 0.8500000000000000888 ) ;
#6523 = EDGE_LOOP ( 'NONE', ( #2306, #2543, #4012, #2691 ) ) ;
#6524 = DIRECTION ( 'NONE',  ( 0.000000000000000000, -1.000000000000000000, 0.000000000000000000 ) ) ;
#6525 = CARTESIAN_POINT ( 'NONE',  ( -19.70302962540589675, 10.21451869865800077, 3.745000000010996644 ) ) ;
#6526 = CIRCLE ( 'NONE', #7052, 0.9999999999999991118 ) ;
#6527 = DIRECTION ( 'NONE',  ( -1.000000000000000000, 0.000000000000000000, 0.000000000000000000 ) ) ;
#6528 = CARTESIAN_POINT ( 'NONE',  ( -45.84026666726099819, 18.58451869865799821, 2.545000000010996910 ) ) ;
#6529 = VERTEX_POINT ( 'NONE', #3618 ) ;
#6530 = FILL_AREA_STYLE ('',( #6375 ) ) ;
#6531 = VERTEX_POINT ( 'NONE', #10231 ) ;
#6532 = ORIENTED_EDGE ( 'NONE', *, *, #3411, .T. ) ;
#6533 = FILL_AREA_STYLE_COLOUR ( '', #5236 ) ;
#6534 = FILL_AREA_STYLE_COLOUR ( '', #7364 ) ;
#6535 = AXIS2_PLACEMENT_3D ( 'NONE', #8932, #8813, #1332 ) ;
#6536 =( LENGTH_UNIT ( ) NAMED_UNIT ( * ) SI_UNIT ( .MILLI., .METRE. ) );
#6537 = FILL_AREA_STYLE_COLOUR ( '', #3553 ) ;
#6538 = EDGE_CURVE ( 'NONE', #397, #1390, #1181, .T. ) ;
#6539 = DIRECTION ( 'NONE',  ( 0.000000000000000000, 2.220446049250309876E-16, 1.000000000000000000 ) ) ;
#6540 = ADVANCED_FACE ( 'NONE', ( #7855 ), #344, .F. ) ;
#6541 = LINE ( 'NONE', #8200, #9134 ) ;
#6542 = DIRECTION ( 'NONE',  ( 0.000000000000000000, -2.220446049250309876E-16, -1.000000000000000000 ) ) ;
#6543 = FILL_AREA_STYLE_COLOUR ( '', #8505 ) ;
#6544 = CARTESIAN_POINT ( 'NONE',  ( -41.53771170588249362, 16.63451869865799537, 3.745000000010996644 ) ) ;
#6545 = SURFACE_STYLE_USAGE ( .BOTH. , #892 ) ;
#6546 = ORIENTED_EDGE ( 'NONE', *, *, #2734, .F. ) ;
#6547 = ORIENTED_EDGE ( 'NONE', *, *, #7744, .T. ) ;
#6548 = ADVANCED_FACE ( 'NONE', ( #2194 ), #3122, .F. ) ;
#6549 = PRESENTATION_STYLE_ASSIGNMENT (( #6605 ) ) ;
#6550 = DIRECTION ( 'NONE',  ( 0.000000000000000000, 1.000000000000000000, -2.220446049250309876E-16 ) ) ;
#6551 = LINE ( 'NONE', #9860, #3086 ) ;
#6552 = CIRCLE ( 'NONE', #9323, 1.600000000000000755 ) ;
#6553 = CYLINDRICAL_SURFACE ( 'NONE', #1773, 0.1999999999999987899 ) ;
#6554 = CARTESIAN_POINT ( 'NONE',  ( -36.17854998418980017, 4.257512981500140015, 2.945000000010994157 ) ) ;
#6555 = EDGE_LOOP ( 'NONE', ( #1866, #8973, #5929, #9482 ) ) ;
#6556 = VERTEX_POINT ( 'NONE', #9805 ) ;
#6557 = VERTEX_POINT ( 'NONE', #8988 ) ;
#6558 =( NAMED_UNIT ( * ) SI_UNIT ( $, .STERADIAN. ) SOLID_ANGLE_UNIT ( ) );
#6559 = CIRCLE ( 'NONE', #1831, 0.1999999999999996503 ) ;
#6560 = EDGE_CURVE ( 'NONE', #3671, #9838, #3606, .T. ) ;
#6561 = SURFACE_SIDE_STYLE ('',( #10740 ) ) ;
#6562 =( NAMED_UNIT ( * ) PLANE_ANGLE_UNIT ( ) SI_UNIT ( $, .RADIAN. ) );
#6563 = CIRCLE ( 'NONE', #777, 0.4799999999999995381 ) ;
#6564 = SURFACE_STYLE_FILL_AREA ( #5086 ) ;
#6565 = FACE_BOUND ( 'NONE', #9317, .T. ) ;
#6566 = FILL_AREA_STYLE ('',( #6780 ) ) ;
#6567 = CARTESIAN_POINT ( 'NONE',  ( -0.9449999999999999512, 3.200000000000000178, -0.8750000000000000000 ) ) ;
#6568 = AXIS2_PLACEMENT_3D ( 'NONE', #6175, #3837, #10179 ) ;
#6569 = DIRECTION ( 'NONE',  ( 0.000000000000000000, -1.000000000000000000, 2.220446049250309876E-16 ) ) ;
#6570 = SURFACE_STYLE_FILL_AREA ( #4820 ) ;
#6571 = CARTESIAN_POINT ( 'NONE',  ( -47.14026666726099535, 17.28451869865799750, 3.545000000010997798 ) ) ;
#6572 = ORIENTED_EDGE ( 'NONE', *, *, #7779, .F. ) ;
#6573 = DIRECTION ( 'NONE',  ( 0.000000000000000000, 2.220446049250309876E-16, 1.000000000000000000 ) ) ;
#6574 = AXIS2_PLACEMENT_3D ( 'NONE', #3539, #9297, #150 ) ;
#6575 =( NAMED_UNIT ( * ) PLANE_ANGLE_UNIT ( ) SI_UNIT ( $, .RADIAN. ) );
#6576 = ADVANCED_FACE ( 'NONE', ( #4197 ), #2622, .T. ) ;
#6577 = LINE ( 'NONE', #1588, #4891 ) ;
#6578 = FILL_AREA_STYLE_COLOUR ( '', #2033 ) ;
#6579 = CARTESIAN_POINT ( 'NONE',  ( -41.94026666726099961, 2.394518698657940536, 3.945000000010995045 ) ) ;
#6580 =( GEOMETRIC_REPRESENTATION_CONTEXT ( 3 ) GLOBAL_UNCERTAINTY_ASSIGNED_CONTEXT ( ( #962 ) ) GLOBAL_UNIT_ASSIGNED_CONTEXT ( ( #6061, #125, #8667 ) ) REPRESENTATION_CONTEXT ( 'NONE', 'WORKASPACE' ) );
#6581 = CARTESIAN_POINT ( 'NONE',  ( -21.40302962540589604, 16.21451869865800077, 3.745000000010996644 ) ) ;
#6582 = CARTESIAN_POINT ( 'NONE',  ( -38.80302962540589817, 20.61451869865799935, 3.945000000010995045 ) ) ;
#6583 = DIRECTION ( 'NONE',  ( 0.000000000000000000, -1.000000000000000000, 1.734723475976807094E-16 ) ) ;
#6584 = EDGE_LOOP ( 'NONE', ( #4868, #9833, #954, #880 ) ) ;
#6585 =( NAMED_UNIT ( * ) PLANE_ANGLE_UNIT ( ) SI_UNIT ( $, .RADIAN. ) );
#6586 = ORIENTED_EDGE ( 'NONE', *, *, #5126, .F. ) ;
#6587 = ORIENTED_EDGE ( 'NONE', *, *, #3774, .F. ) ;
#6588 = MECHANICAL_DESIGN_GEOMETRIC_PRESENTATION_REPRESENTATION (  '', ( #9199 ), #10576 ) ;
#6589 = DIRECTION ( 'NONE',  ( 0.000000000000000000, 1.000000000000000000, 0.000000000000000000 ) ) ;
#6590 =( NAMED_UNIT ( * ) PLANE_ANGLE_UNIT ( ) SI_UNIT ( $, .RADIAN. ) );
#6591 = DIRECTION ( 'NONE',  ( 0.000000000000000000, -1.000000000000000000, 0.000000000000000000 ) ) ;
#6592 = DIRECTION ( 'NONE',  ( 2.055968564120659776E-16, 1.000000000000000000, -2.220446049250309876E-16 ) ) ;
#6593 = COLOUR_RGB ( '',1.000000000000000000, 0.9568627450980391469, 0.8862745098039215286 ) ;
#6594 = ORIENTED_EDGE ( 'NONE', *, *, #3995, .F. ) ;
#6595 =( LENGTH_UNIT ( ) NAMED_UNIT ( * ) SI_UNIT ( .MILLI., .METRE. ) );
#6596 = EDGE_CURVE ( 'NONE', #3685, #8526, #10726, .T. ) ;
#6597 = ADVANCED_FACE ( 'NONE', ( #8374 ), #1719, .F. ) ;
#6598 = CARTESIAN_POINT ( 'NONE',  ( -26.97854998418979733, 4.514518698657940199, 3.345000000010998953 ) ) ;
#6599 = VERTEX_POINT ( 'NONE', #7625 ) ;
#6600 =( GEOMETRIC_REPRESENTATION_CONTEXT ( 3 ) GLOBAL_UNCERTAINTY_ASSIGNED_CONTEXT ( ( #6072 ) ) GLOBAL_UNIT_ASSIGNED_CONTEXT ( ( #2994, #3864, #10446 ) ) REPRESENTATION_CONTEXT ( 'NONE', 'WORKASPACE' ) );
#6601 = FILL_AREA_STYLE ('',( #9855 ) ) ;
#6602 = DIRECTION ( 'NONE',  ( 0.000000000000000000, 1.000000000000000000, 0.000000000000000000 ) ) ;
#6603 = PLANE ( 'NONE',  #10091 ) ;
#6604 = CARTESIAN_POINT ( 'NONE',  ( -48.84026666726100530, 26.27451869865799949, 3.545000000010997798 ) ) ;
#6605 = SURFACE_STYLE_USAGE ( .BOTH. , #2574 ) ;
#6606 = SURFACE_STYLE_FILL_AREA ( #8990 ) ;
#6607 = LINE ( 'NONE', #8162, #9167 ) ;
#6608 = STYLED_ITEM ( 'NONE', ( #8551 ), #9469 ) ;
#6609 = VECTOR ( 'NONE', #4280, 1000.000000000000000 ) ;
#6610 = ADVANCED_FACE ( 'NONE', ( #6762 ), #10261, .F. ) ;
#6611 = DIRECTION ( 'NONE',  ( 0.000000000000000000, 1.000000000000000000, 0.000000000000000000 ) ) ;
#6612 = UNCERTAINTY_MEASURE_WITH_UNIT (LENGTH_MEASURE( 1.000000000000000082E-05 ), #3200, 'distance_accuracy_value', 'NONE');
#6613 = ORIENTED_EDGE ( 'NONE', *, *, #1050, .T. ) ;
#6614 = SHAPE_REPRESENTATION_RELATIONSHIP ( 'NONE' , 'NONE' ,  #8424, #1135 ) ;
#6615 = ORIENTED_EDGE ( 'NONE', *, *, #4687, .F. ) ;
#6616 = ORIENTED_EDGE ( 'NONE', *, *, #4207, .F. ) ;
#6617 = DIRECTION ( 'NONE',  ( 0.000000000000000000, 1.000000000000000000, -1.734723475976806848E-16 ) ) ;
#6618 = PRESENTATION_STYLE_ASSIGNMENT (( #622 ) ) ;
#6619 = COLOUR_RGB ( '',1.000000000000000000, 0.7568627450980391913, 0.5647058823529411686 ) ;
#6620 = CARTESIAN_POINT ( 'NONE',  ( -38.80302962540589817, 20.61451869865799935, 1.085000000011000720 ) ) ;
#6621 = ADVANCED_FACE ( 'NONE', ( #7607 ), #4505, .F. ) ;
#6622 = FACE_OUTER_BOUND ( 'NONE', #2261, .T. ) ;
#6623 = ORIENTED_EDGE ( 'NONE', *, *, #10126, .F. ) ;
#6624 = MECHANICAL_DESIGN_GEOMETRIC_PRESENTATION_REPRESENTATION (  '', ( #10784 ), #8158 ) ;
#6625 = CARTESIAN_POINT ( 'NONE',  ( -39.74026666726099677, 2.394518698657940536, 3.945000000010995045 ) ) ;
#6626 =( NAMED_UNIT ( * ) SI_UNIT ( $, .STERADIAN. ) SOLID_ANGLE_UNIT ( ) );
#6627 = SURFACE_STYLE_FILL_AREA ( #8239 ) ;
#6628 = STYLED_ITEM ( 'NONE', ( #5271 ), #9338 ) ;
#6629 = CIRCLE ( 'NONE', #7848, 0.1999999999999987899 ) ;
#6630 = CARTESIAN_POINT ( 'NONE',  ( 0.6500000000000000222, 0.2000000000000000111, 0.6500000000000000222 ) ) ;
#6631 = ORIENTED_EDGE ( 'NONE', *, *, #9403, .F. ) ;
#6632 = DIRECTION ( 'NONE',  ( 0.000000000000000000, 0.000000000000000000, -1.000000000000000000 ) ) ;
#6633 = SURFACE_STYLE_USAGE ( .BOTH. , #2331 ) ;
#6634 = VERTEX_POINT ( 'NONE', #90 ) ;
#6635 = ORIENTED_EDGE ( 'NONE', *, *, #3563, .T. ) ;
#6636 = DIRECTION ( 'NONE',  ( 0.000000000000000000, -2.220446049250309876E-16, -1.000000000000000000 ) ) ;
#6637 = VECTOR ( 'NONE', #1987, 1000.000000000000000 ) ;
#6638 = CARTESIAN_POINT ( 'NONE',  ( -15.74029191166209962, 21.09527703930579889, 3.955000000010999273 ) ) ;
#6639 = COLOUR_RGB ( '',1.000000000000000000, 0.9568627450980391469, 0.8862745098039215286 ) ;
#6640 = DIRECTION ( 'NONE',  ( -1.000000000000000000, 0.000000000000000000, 0.000000000000000000 ) ) ;
#6641 = STYLED_ITEM ( 'NONE', ( #811 ), #4544 ) ;
#6642 = MECHANICAL_DESIGN_GEOMETRIC_PRESENTATION_REPRESENTATION (  '', ( #3869 ), #8895 ) ;
#6643 = LINE ( 'NONE', #2513, #3232 ) ;
#6644 = VECTOR ( 'NONE', #104, 1000.000000000000000 ) ;
#6645 = FILL_AREA_STYLE ('',( #6543 ) ) ;
#6646 = CARTESIAN_POINT ( 'NONE',  ( -46.04026666726100103, 9.294518698657999067, 5.135000000010998988 ) ) ;
#6647 = EDGE_CURVE ( 'NONE', #2844, #3347, #5210, .T. ) ;
#6648 = SURFACE_STYLE_USAGE ( .BOTH. , #1711 ) ;
#6649 = CIRCLE ( 'NONE', #3002, 2.099999999999999645 ) ;
#6650 = ORIENTED_EDGE ( 'NONE', *, *, #8046, .F. ) ;
#6651 = UNCERTAINTY_MEASURE_WITH_UNIT (LENGTH_MEASURE( 1.000000000000000082E-05 ), #10210, 'distance_accuracy_value', 'NONE');
#6652 = DIRECTION ( 'NONE',  ( 0.000000000000000000, 0.000000000000000000, 1.000000000000000000 ) ) ;
#6653 = CARTESIAN_POINT ( 'NONE',  ( -14.90026666726099869, 14.72042790316279870, 5.135000000010998988 ) ) ;
#6654 =( GEOMETRIC_REPRESENTATION_CONTEXT ( 3 ) GLOBAL_UNCERTAINTY_ASSIGNED_CONTEXT ( ( #6271 ) ) GLOBAL_UNIT_ASSIGNED_CONTEXT ( ( #1739, #4226, #7551 ) ) REPRESENTATION_CONTEXT ( 'NONE', 'WORKASPACE' ) );
#6655 = ORIENTED_EDGE ( 'NONE', *, *, #4874, .F. ) ;
#6656 = PRODUCT_DEFINITION_FORMATION_WITH_SPECIFIED_SOURCE ( 'ANY', '', #6338, .NOT_KNOWN. ) ;
#6657 = FACE_OUTER_BOUND ( 'NONE', #3240, .T. ) ;
#6658 = PRESENTATION_LAYER_ASSIGNMENT (  '', '', ( #7189 ) ) ;
#6659 =( NAMED_UNIT ( * ) PLANE_ANGLE_UNIT ( ) SI_UNIT ( $, .RADIAN. ) );
#6660 = LINE ( 'NONE', #846, #3151 ) ;
#6661 = AXIS2_PLACEMENT_3D ( 'NONE', #9342, #2556, #6858 ) ;
#6662 = PRESENTATION_LAYER_ASSIGNMENT (  '', '', ( #3536 ) ) ;
#6663 = DIRECTION ( 'NONE',  ( 0.000000000000000000, 1.000000000000000000, -2.220446049250309876E-16 ) ) ;
#6664 = CARTESIAN_POINT ( 'NONE',  ( -19.90302962540589959, 11.01451869865799971, 3.745000000010996644 ) ) ;
#6665 = EDGE_LOOP ( 'NONE', ( #8820, #10278, #7533, #7046 ) ) ;
#6666 = VERTEX_POINT ( 'NONE', #9347 ) ;
#6667 = MECHANICAL_DESIGN_GEOMETRIC_PRESENTATION_REPRESENTATION (  '', ( #1591 ), #3545 ) ;
#6668 = ORIENTED_EDGE ( 'NONE', *, *, #8558, .F. ) ;
#6669 = FACE_OUTER_BOUND ( 'NONE', #2086, .T. ) ;
#6670 = AXIS2_PLACEMENT_3D ( 'NONE', #2057, #5387, #7620 ) ;
#6671 = CARTESIAN_POINT ( 'NONE',  ( -14.90026666726099869, 11.70042790316279913, 5.135000000010998988 ) ) ;
#6672 = CARTESIAN_POINT ( 'NONE',  ( -45.84026666726099819, 18.63451869865799893, 2.620000000010995311 ) ) ;
#6673 = DIRECTION ( 'NONE',  ( 0.000000000000000000, 2.220446049250309876E-16, 1.000000000000000000 ) ) ;
#6674 = DIRECTION ( 'NONE',  ( -1.000000000000000000, 0.000000000000000000, 0.000000000000000000 ) ) ;
#6675 = EDGE_CURVE ( 'NONE', #6556, #5636, #4553, .T. ) ;
#6676 = EDGE_CURVE ( 'NONE', #9703, #8040, #2766, .T. ) ;
#6677 = DIRECTION ( 'NONE',  ( 0.000000000000000000, 1.000000000000000000, -2.220446049250309876E-16 ) ) ;
#6678 = FACE_OUTER_BOUND ( 'NONE', #1007, .T. ) ;
#6680 = CARTESIAN_POINT ( 'NONE',  ( 0.000000000000000000, 11.29999999999999893, 0.1000000000000000056 ) ) ;
#6679 = DIRECTION ( 'NONE',  ( 0.000000000000000000, 2.220446049250309876E-16, 1.000000000000000000 ) ) ;
#6681 = COLOUR_RGB ( '',1.000000000000000000, 0.9490196078431372140, 0.8941176470588234615 ) ;
#6682 =( NAMED_UNIT ( * ) SI_UNIT ( $, .STERADIAN. ) SOLID_ANGLE_UNIT ( ) );
#6683 = STYLED_ITEM ( 'NONE', ( #5442 ), #7941 ) ;
#6684 = ORIENTED_EDGE ( 'NONE', *, *, #4107, .T. ) ;
#6685 = LINE ( 'NONE', #5691, #7186 ) ;
#6686 = CYLINDRICAL_SURFACE ( 'NONE', #3698, 0.1999999999999987899 ) ;
#6687 = VECTOR ( 'NONE', #3238, 1000.000000000000000 ) ;
#6688 = STYLED_ITEM ( 'NONE', ( #8597 ), #5614 ) ;
#6689 = UNCERTAINTY_MEASURE_WITH_UNIT (LENGTH_MEASURE( 1.000000000000000082E-05 ), #666, 'distance_accuracy_value', 'NONE');
#6690 = CARTESIAN_POINT ( 'NONE',  ( -14.90026666726099869, 12.18042790316279778, 3.955000000010998384 ) ) ;
#6691 = EDGE_CURVE ( 'NONE', #3213, #7765, #2714, .T. ) ;
#6692 =( LENGTH_UNIT ( ) NAMED_UNIT ( * ) SI_UNIT ( .MILLI., .METRE. ) );
#6693 = FILL_AREA_STYLE ('',( #8349 ) ) ;
#6694 = DIRECTION ( 'NONE',  ( 0.000000000000000000, 2.220446049250309876E-16, 1.000000000000000000 ) ) ;
#6696 = ORIENTED_EDGE ( 'NONE', *, *, #7867, .F. ) ;
#6695 =( NAMED_UNIT ( * ) SI_UNIT ( $, .STERADIAN. ) SOLID_ANGLE_UNIT ( ) );
#6697 = CIRCLE ( 'NONE', #197, 0.1999999999999987899 ) ;
#6698 = FACE_OUTER_BOUND ( 'NONE', #1677, .T. ) ;
#6699 = PRESENTATION_STYLE_ASSIGNMENT (( #4950 ) ) ;
#6700 = ORIENTED_EDGE ( 'NONE', *, *, #8585, .F. ) ;
#6701 = FACE_OUTER_BOUND ( 'NONE', #5648, .T. ) ;
#6702 = SURFACE_STYLE_USAGE ( .BOTH. , #3383 ) ;
#6703 = EDGE_CURVE ( 'NONE', #6264, #3900, #7778, .T. ) ;
#6704 = PRESENTATION_STYLE_ASSIGNMENT (( #9791 ) ) ;
#6705 = CIRCLE ( 'NONE', #5985, 0.07499999999999998335 ) ;
#6706 = DIRECTION ( 'NONE',  ( 1.000000000000000000, 0.000000000000000000, 0.000000000000000000 ) ) ;
#6707 = DIRECTION ( 'NONE',  ( 0.000000000000000000, 1.000000000000000000, 0.000000000000000000 ) ) ;
#6708 = FILL_AREA_STYLE_COLOUR ( '', #8839 ) ;
#6709 = PRESENTATION_STYLE_ASSIGNMENT (( #6648 ) ) ;
#6710 =( GEOMETRIC_REPRESENTATION_CONTEXT ( 3 ) GLOBAL_UNCERTAINTY_ASSIGNED_CONTEXT ( ( #4899 ) ) GLOBAL_UNIT_ASSIGNED_CONTEXT ( ( #3224, #2342, #8148 ) ) REPRESENTATION_CONTEXT ( 'NONE', 'WORKASPACE' ) );
#6711 = ORIENTED_EDGE ( 'NONE', *, *, #10062, .F. ) ;
#6712 = DIRECTION ( 'NONE',  ( 0.000000000000000000, -2.220446049250309876E-16, -1.000000000000000000 ) ) ;
#6713 = CARTESIAN_POINT ( 'NONE',  ( -14.90026666726099869, 16.78042790316279920, 5.135000000010998988 ) ) ;
#6714 = ORIENTED_EDGE ( 'NONE', *, *, #1105, .F. ) ;
#6715 = ADVANCED_FACE ( 'NONE', ( #6863, #8513 ), #206, .T. ) ;
#6716 = PRESENTATION_LAYER_ASSIGNMENT (  '', '', ( #8606 ) ) ;
#6717 = LINE ( 'NONE', #10011, #9787 ) ;
#6718 = STYLED_ITEM ( 'NONE', ( #5978 ), #4341 ) ;
#6719 = STYLED_ITEM ( 'NONE', ( #2591 ), #3076 ) ;
#6720 = SURFACE_SIDE_STYLE ('',( #4798 ) ) ;
#6721 = LINE ( 'NONE', #8377, #8955 ) ;
#6722 =( LENGTH_UNIT ( ) NAMED_UNIT ( * ) SI_UNIT ( .MILLI., .METRE. ) );
#6723 = VERTEX_POINT ( 'NONE', #4773 ) ;
#6724 = EDGE_LOOP ( 'NONE', ( #10397, #5759, #3630, #8277 ) ) ;
#6725 = ORIENTED_EDGE ( 'NONE', *, *, #7955, .T. ) ;
#6726 = EDGE_LOOP ( 'NONE', ( #8372, #6586, #9955, #1275 ) ) ;
#6727 = CARTESIAN_POINT ( 'NONE',  ( -46.09026666726099819, 18.63451869865799893, 2.745000000010995755 ) ) ;
#6728 = CARTESIAN_POINT ( 'NONE',  ( -14.90026666726099869, 11.70042790316279913, 3.955000000010998384 ) ) ;
#6729 = DIRECTION ( 'NONE',  ( 0.000000000000000000, 2.220446049250309876E-16, 1.000000000000000000 ) ) ;
#6730 = DIRECTION ( 'NONE',  ( 0.000000000000000000, 2.220446049250309876E-16, 1.000000000000000000 ) ) ;
#6731 = AXIS2_PLACEMENT_3D ( 'NONE', #1849, #9438, #10302 ) ;
#6732 = DIRECTION ( 'NONE',  ( -0.9284766908852600809, 0.3713906763541020561, 0.000000000000000000 ) ) ;
#6733 =( LENGTH_UNIT ( ) NAMED_UNIT ( * ) SI_UNIT ( .MILLI., .METRE. ) );
#6734 = UNCERTAINTY_MEASURE_WITH_UNIT (LENGTH_MEASURE( 1.000000000000000082E-05 ), #578, 'distance_accuracy_value', 'NONE');
#6735 = FILL_AREA_STYLE ('',( #8286 ) ) ;
#6736 =( NAMED_UNIT ( * ) PLANE_ANGLE_UNIT ( ) SI_UNIT ( $, .RADIAN. ) );
#6737 = ORIENTED_EDGE ( 'NONE', *, *, #4839, .F. ) ;
#6738 = LINE ( 'NONE', #3418, #4038 ) ;
#6739 = CARTESIAN_POINT ( 'NONE',  ( -14.90026666726099869, 10.70042790316279913, 5.135000000010998988 ) ) ;
#6740 = ADVANCED_FACE ( 'NONE', ( #2266 ), #8795, .F. ) ;
#6741 = ADVANCED_FACE ( 'NONE', ( #6253 ), #8031, .F. ) ;
#6742 =( NAMED_UNIT ( * ) PLANE_ANGLE_UNIT ( ) SI_UNIT ( $, .RADIAN. ) );
#6743 =( LENGTH_UNIT ( ) NAMED_UNIT ( * ) SI_UNIT ( .MILLI., .METRE. ) );
#6744 = DIRECTION ( 'NONE',  ( -1.000000000000000000, 0.000000000000000000, 0.000000000000000000 ) ) ;
#6745 = AXIS2_PLACEMENT_3D ( 'NONE', #1496, #4844, #8156 ) ;
#6746 = EDGE_LOOP ( 'NONE', ( #2959, #9034, #10671, #7423 ) ) ;
#6747 = COLOUR_RGB ( '',1.000000000000000000, 0.9568627450980391469, 0.8862745098039215286 ) ;
#6748 = SURFACE_SIDE_STYLE ('',( #10704 ) ) ;
#6749 = SURFACE_STYLE_USAGE ( .BOTH. , #8575 ) ;
#6750 = VERTEX_POINT ( 'NONE', #8909 ) ;
#6751 = ADVANCED_FACE ( 'NONE', ( #9510 ), #7438, .F. ) ;
#6752 = AXIS2_PLACEMENT_3D ( 'NONE', #8131, #10698, #2267 ) ;
#6753 =( LENGTH_UNIT ( ) NAMED_UNIT ( * ) SI_UNIT ( .MILLI., .METRE. ) );
#6754 = CARTESIAN_POINT ( 'NONE',  ( -36.17854998418980017, 1.257512981500239935, 2.945000000010994157 ) ) ;
#6755 = FILL_AREA_STYLE ('',( #1106 ) ) ;
#6756 = DIRECTION ( 'NONE',  ( 0.000000000000000000, 2.220446049250309876E-16, 1.000000000000000000 ) ) ;
#6757 = CARTESIAN_POINT ( 'NONE',  ( -47.14026666726099535, 19.98451869865800035, 3.545000000010997798 ) ) ;
#6758 = EDGE_CURVE ( 'NONE', #9769, #3081, #10800, .T. ) ;
#6759 = ORIENTED_EDGE ( 'NONE', *, *, #2610, .F. ) ;
#6760 = VERTEX_POINT ( 'NONE', #10643 ) ;
#6761 =( LENGTH_UNIT ( ) NAMED_UNIT ( * ) SI_UNIT ( .MILLI., .METRE. ) );
#6762 = FACE_OUTER_BOUND ( 'NONE', #10719, .T. ) ;
#6763 = AXIS2_PLACEMENT_3D ( 'NONE', #9149, #6542, #9842 ) ;
#6764 = DIRECTION ( 'NONE',  ( 0.000000000000000000, 0.000000000000000000, -1.000000000000000000 ) ) ;
#6765 =( NAMED_UNIT ( * ) PLANE_ANGLE_UNIT ( ) SI_UNIT ( $, .RADIAN. ) );
#6766 = ORIENTED_EDGE ( 'NONE', *, *, #1216, .T. ) ;
#6767 = EDGE_CURVE ( 'NONE', #10069, #10307, #5931, .T. ) ;
#6768 =( NAMED_UNIT ( * ) PLANE_ANGLE_UNIT ( ) SI_UNIT ( $, .RADIAN. ) );
#6769 = ORIENTED_EDGE ( 'NONE', *, *, #2960, .F. ) ;
#6770 = AXIS2_PLACEMENT_3D ( 'NONE', #2174, #6319, #1326 ) ;
#6771 = VECTOR ( 'NONE', #3704, 1000.000000000000000 ) ;
#6772 = VERTEX_POINT ( 'NONE', #4114 ) ;
#6773 = ORIENTED_EDGE ( 'NONE', *, *, #8954, .F. ) ;
#6774 = FILL_AREA_STYLE ('',( #70 ) ) ;
#6775 = DIRECTION ( 'NONE',  ( 0.000000000000000000, 1.000000000000000000, 0.000000000000000000 ) ) ;
#6776 = LINE ( 'NONE', #1575, #9809 ) ;
#6777 = DIRECTION ( 'NONE',  ( 0.000000000000000000, 2.220446049250309876E-16, 1.000000000000000000 ) ) ;
#6778 = UNCERTAINTY_MEASURE_WITH_UNIT (LENGTH_MEASURE( 1.000000000000000082E-05 ), #6722, 'distance_accuracy_value', 'NONE');
#6779 = CIRCLE ( 'NONE', #1357, 1.600000000000000755 ) ;
#6780 = FILL_AREA_STYLE_COLOUR ( '', #6337 ) ;
#6781 = EDGE_CURVE ( 'NONE', #8475, #17, #10460, .T. ) ;
#6782 = DIRECTION ( 'NONE',  ( 1.000000000000000000, 0.000000000000000000, 0.000000000000000000 ) ) ;
#6783 = DIRECTION ( 'NONE',  ( -1.000000000000000000, 0.000000000000000000, 0.000000000000000000 ) ) ;
#6784 = VERTEX_POINT ( 'NONE', #9013 ) ;
#6785 = DIRECTION ( 'NONE',  ( 1.000000000000000000, 0.000000000000000000, 0.000000000000000000 ) ) ;
#6786 = PLANE ( 'NONE',  #3172 ) ;
#6787 = COLOUR_RGB ( '',0.07058823529411764608, 0.07058823529411764608, 0.07058823529411764608 ) ;
#6788 = AXIS2_PLACEMENT_3D ( 'NONE', #8656, #224, #6989 ) ;
#6789 =( NAMED_UNIT ( * ) SI_UNIT ( $, .STERADIAN. ) SOLID_ANGLE_UNIT ( ) );
#6790 = CARTESIAN_POINT ( 'NONE',  ( -41.98771170588250357, 15.83451869865799821, 3.945000000010995045 ) ) ;
#6791 = DIRECTION ( 'NONE',  ( 0.9284766908852600809, 0.3713906763541020561, 0.000000000000000000 ) ) ;
#6792 =( LENGTH_UNIT ( ) NAMED_UNIT ( * ) SI_UNIT ( .MILLI., .METRE. ) );
#6793 = PRESENTATION_LAYER_ASSIGNMENT (  '', '', ( #1720 ) ) ;
#6794 = EDGE_CURVE ( 'NONE', #230, #7306, #7385, .T. ) ;
#6795 = DIRECTION ( 'NONE',  ( 0.000000000000000000, -1.000000000000000000, 4.336808689942013792E-16 ) ) ;
#6796 = STYLED_ITEM ( 'NONE', ( #8272 ), #9866 ) ;
#6797 = CARTESIAN_POINT ( 'NONE',  ( -27.20302962540589675, 20.61451869865799935, 1.285000000010999566 ) ) ;
#6798 = CARTESIAN_POINT ( 'NONE',  ( -31.67854998418980017, 1.257512981500239935, 2.945000000010994157 ) ) ;
#6799 = ORIENTED_EDGE ( 'NONE', *, *, #2712, .T. ) ;
#6800 = SURFACE_STYLE_USAGE ( .BOTH. , #3533 ) ;
#6801 = SURFACE_STYLE_FILL_AREA ( #252 ) ;
#6802 = AXIS2_PLACEMENT_3D ( 'NONE', #5988, #5172, #995 ) ;
#6803 = CARTESIAN_POINT ( 'NONE',  ( 0.000000000000000000, 0.2000000000000000111, 0.000000000000000000 ) ) ;
#6804 = SURFACE_STYLE_FILL_AREA ( #93 ) ;
#6805 = DIRECTION ( 'NONE',  ( 0.3481553119113945938, -0.8703882797784902037, -0.3481553119113945938 ) ) ;
#6806 = PRESENTATION_STYLE_ASSIGNMENT (( #6971 ) ) ;
#6807 = EDGE_CURVE ( 'NONE', #5163, #3550, #3308, .T. ) ;
#6808 =( NAMED_UNIT ( * ) SI_UNIT ( $, .STERADIAN. ) SOLID_ANGLE_UNIT ( ) );
#6809 = EDGE_CURVE ( 'NONE', #575, #1339, #809, .T. ) ;
#6810 = LINE ( 'NONE', #1934, #96 ) ;
#6811 = CIRCLE ( 'NONE', #3337, 0.4799999999999995381 ) ;
#6812 = VERTEX_POINT ( 'NONE', #6625 ) ;
#6813 = SURFACE_STYLE_USAGE ( .BOTH. , #8221 ) ;
#6814 = DIRECTION ( 'NONE',  ( 0.000000000000000000, -1.000000000000000000, 0.000000000000000000 ) ) ;
#6815 = FILL_AREA_STYLE_COLOUR ( '', #5606 ) ;
#6816 = VERTEX_POINT ( 'NONE', #3254 ) ;
#6817 = CIRCLE ( 'NONE', #7175, 1.000000000000000888 ) ;
#6818 = CARTESIAN_POINT ( 'NONE',  ( -22.88026666726100089, 20.29451869865799551, 5.145000000010998775 ) ) ;
#6819 = AXIS2_PLACEMENT_3D ( 'NONE', #8642, #1995, #5328 ) ;
#6820 = FILL_AREA_STYLE_COLOUR ( '', #6146 ) ;
#6821 = SURFACE_STYLE_FILL_AREA ( #10783 ) ;
#6822 = ADVANCED_FACE ( 'NONE', ( #9070 ), #5862, .T. ) ;
#6823 = DIRECTION ( 'NONE',  ( 0.000000000000000000, -2.220446049250309876E-16, -1.000000000000000000 ) ) ;
#6824 = CARTESIAN_POINT ( 'NONE',  ( -14.90026666726099869, 15.78042790316279742, 3.955000000010998384 ) ) ;
#6825 =( LENGTH_UNIT ( ) NAMED_UNIT ( * ) SI_UNIT ( .MILLI., .METRE. ) );
#6826 = COLOUR_RGB ( '',1.000000000000000000, 0.9568627450980391469, 0.8862745098039215286 ) ;
#6827 = VERTEX_POINT ( 'NONE', #7492 ) ;
#6828 = SURFACE_STYLE_USAGE ( .BOTH. , #2530 ) ;
#6829 = ORIENTED_EDGE ( 'NONE', *, *, #1909, .F. ) ;
#6830 = COLOUR_RGB ( '',0.000000000000000000, 0.000000000000000000, 0.2941176470588235392 ) ;
#6831 = VECTOR ( 'NONE', #9293, 1000.000000000000114 ) ;
#6832 = VERTEX_POINT ( 'NONE', #10809 ) ;
#6833 = VERTEX_POINT ( 'NONE', #3368 ) ;
#6834 = ADVANCED_FACE ( 'NONE', ( #5042 ), #6686, .F. ) ;
#6835 = DIRECTION ( 'NONE',  ( 0.000000000000000000, 2.220446049250309876E-16, 1.000000000000000000 ) ) ;
#6836 = DIRECTION ( 'NONE',  ( 0.000000000000000000, -2.220446049250309876E-16, -1.000000000000000000 ) ) ;
#6837 = STYLED_ITEM ( 'NONE', ( #7660 ), #8169 ) ;
#6838 = DIRECTION ( 'NONE',  ( 1.000000000000000000, 0.000000000000000000, 0.000000000000000000 ) ) ;
#6839 = VECTOR ( 'NONE', #5041, 1000.000000000000000 ) ;
#6840 = DIRECTION ( 'NONE',  ( 0.000000000000000000, 1.000000000000000000, -1.885568995626964287E-16 ) ) ;
#6841 = FACE_BOUND ( 'NONE', #5859, .T. ) ;
#6842 = CARTESIAN_POINT ( 'NONE',  ( -14.90026666726099869, 13.24042790316280005, 5.135000000010998988 ) ) ;
#6843 = VECTOR ( 'NONE', #6133, 1000.000000000000000 ) ;
#6844 = DIRECTION ( 'NONE',  ( 0.000000000000000000, 1.000000000000000000, -4.336808689942013792E-16 ) ) ;
#6845 = CYLINDRICAL_SURFACE ( 'NONE', #3387, 0.1999999999999987899 ) ;
#6846 = EDGE_LOOP ( 'NONE', ( #2958, #5954, #7986, #563 ) ) ;
#6847 = UNCERTAINTY_MEASURE_WITH_UNIT (LENGTH_MEASURE( 1.000000000000000082E-05 ), #270, 'distance_accuracy_value', 'NONE');
#6848 = ORIENTED_EDGE ( 'NONE', *, *, #10529, .F. ) ;
#6849 =( GEOMETRIC_REPRESENTATION_CONTEXT ( 3 ) GLOBAL_UNCERTAINTY_ASSIGNED_CONTEXT ( ( #10400 ) ) GLOBAL_UNIT_ASSIGNED_CONTEXT ( ( #10027, #7591, #3363 ) ) REPRESENTATION_CONTEXT ( 'NONE', 'WORKASPACE' ) );
#6850 = CARTESIAN_POINT ( 'NONE',  ( -41.74026666726099677, 1.594518698657940048, 3.545000000010997798 ) ) ;
#6851 = VECTOR ( 'NONE', #2179, 1000.000000000000000 ) ;
#6852 = CARTESIAN_POINT ( 'NONE',  ( -14.90026666726099869, 17.78042790316279920, 5.135000000010998988 ) ) ;
#6853 =( GEOMETRIC_REPRESENTATION_CONTEXT ( 3 ) GLOBAL_UNCERTAINTY_ASSIGNED_CONTEXT ( ( #9577 ) ) GLOBAL_UNIT_ASSIGNED_CONTEXT ( ( #3784, #10530, #6286 ) ) REPRESENTATION_CONTEXT ( 'NONE', 'WORKASPACE' ) );
#6854 = SURFACE_STYLE_USAGE ( .BOTH. , #2497 ) ;
#6855 = VECTOR ( 'NONE', #8143, 1000.000000000000000 ) ;
#6856 =( NAMED_UNIT ( * ) SI_UNIT ( $, .STERADIAN. ) SOLID_ANGLE_UNIT ( ) );
#6857 = CARTESIAN_POINT ( 'NONE',  ( -27.00302962540589746, 20.61451869865799935, 1.285000000010999566 ) ) ;
#6858 = DIRECTION ( 'NONE',  ( 0.000000000000000000, 0.000000000000000000, 1.000000000000000000 ) ) ;
#6859 = DIRECTION ( 'NONE',  ( 1.000000000000000000, 0.000000000000000000, 0.000000000000000000 ) ) ;
#6860 = ORIENTED_EDGE ( 'NONE', *, *, #5997, .T. ) ;
#6861 = CIRCLE ( 'NONE', #8048, 0.1999999999999987899 ) ;
#6862 =( LENGTH_UNIT ( ) NAMED_UNIT ( * ) SI_UNIT ( .MILLI., .METRE. ) );
#6863 = FACE_BOUND ( 'NONE', #6424, .T. ) ;
#6864 = SURFACE_STYLE_USAGE ( .BOTH. , #3537 ) ;
#6865 = LINE ( 'NONE', #10209, #5527 ) ;
#6866 = FILL_AREA_STYLE_COLOUR ( '', #3065 ) ;
#6867 = ORIENTED_EDGE ( 'NONE', *, *, #4679, .T. ) ;
#6868 = CARTESIAN_POINT ( 'NONE',  ( -19.90302962540589959, 10.21451869865800077, 3.345000000010998953 ) ) ;
#6869 = DIRECTION ( 'NONE',  ( 0.000000000000000000, 1.000000000000000000, -2.220446049250309876E-16 ) ) ;
#6870 =( NAMED_UNIT ( * ) PLANE_ANGLE_UNIT ( ) SI_UNIT ( $, .RADIAN. ) );
#6871 = ORIENTED_EDGE ( 'NONE', *, *, #10528, .F. ) ;
#6872 = SURFACE_STYLE_FILL_AREA ( #5790 ) ;
#6873 = LINE ( 'NONE', #6979, #3197 ) ;
#6874 = ORIENTED_EDGE ( 'NONE', *, *, #604, .F. ) ;
#6875 = EDGE_CURVE ( 'NONE', #4804, #6812, #10811, .T. ) ;
#6876 = ADVANCED_FACE ( 'NONE', ( #7710 ), #7595, .F. ) ;
#6877 = CARTESIAN_POINT ( 'NONE',  ( -29.47854998418979733, 1.214518698657939710, 3.945000000010995045 ) ) ;
#6878 = FACE_OUTER_BOUND ( 'NONE', #5249, .T. ) ;
#6879 = CARTESIAN_POINT ( 'NONE',  ( -21.50302962540590102, 8.714518698658000773, 3.545000000010997798 ) ) ;
#6880 =( NAMED_UNIT ( * ) PLANE_ANGLE_UNIT ( ) SI_UNIT ( $, .RADIAN. ) );
#6881 = SURFACE_STYLE_USAGE ( .BOTH. , #4473 ) ;
#6882 = PRESENTATION_LAYER_ASSIGNMENT (  '', '', ( #395 ) ) ;
#6883 = DIRECTION ( 'NONE',  ( 0.000000000000000000, 1.000000000000000000, 0.000000000000000000 ) ) ;
#6884 = ORIENTED_EDGE ( 'NONE', *, *, #8248, .T. ) ;
#6885 = SURFACE_STYLE_USAGE ( .BOTH. , #3450 ) ;
#6886 = ORIENTED_EDGE ( 'NONE', *, *, #399, .T. ) ;
#6887 = EDGE_CURVE ( 'NONE', #2995, #5791, #1740, .T. ) ;
#6888 = ORIENTED_EDGE ( 'NONE', *, *, #8368, .F. ) ;
#6889 = ORIENTED_EDGE ( 'NONE', *, *, #7098, .F. ) ;
#6890 = DIRECTION ( 'NONE',  ( 0.000000000000000000, -2.220446049250309876E-16, -1.000000000000000000 ) ) ;
#6891 = UNCERTAINTY_MEASURE_WITH_UNIT (LENGTH_MEASURE( 1.000000000000000082E-05 ), #10646, 'distance_accuracy_value', 'NONE');
#6892 =( NAMED_UNIT ( * ) PLANE_ANGLE_UNIT ( ) SI_UNIT ( $, .RADIAN. ) );
#6893 = DIRECTION ( 'NONE',  ( -0.000000000000000000, 0.3713906763541020561, 0.9284766908852600809 ) ) ;
#6894 = FACE_BOUND ( 'NONE', #3968, .T. ) ;
#6895 = CARTESIAN_POINT ( 'NONE',  ( -16.38026666726099734, 20.29451869865799551, 5.145000000010998775 ) ) ;
#6896 = CIRCLE ( 'NONE', #3933, 1.000000000000000888 ) ;
#6897 = CARTESIAN_POINT ( 'NONE',  ( -46.24026666726099677, 2.794518698657940003, 5.135000000010998988 ) ) ;
#6898 = DIRECTION ( 'NONE',  ( 0.000000000000000000, -2.220446049250309876E-16, -1.000000000000000000 ) ) ;
#6899 = ORIENTED_EDGE ( 'NONE', *, *, #6342, .T. ) ;
#6900 = ORIENTED_EDGE ( 'NONE', *, *, #7984, .F. ) ;
#6901 =( NAMED_UNIT ( * ) SI_UNIT ( $, .STERADIAN. ) SOLID_ANGLE_UNIT ( ) );
#6902 = FILL_AREA_STYLE ('',( #295 ) ) ;
#6903 = SURFACE_STYLE_FILL_AREA ( #924 ) ;
#6904 = MECHANICAL_DESIGN_GEOMETRIC_PRESENTATION_REPRESENTATION (  '', ( #7581 ), #6378 ) ;
#6905 = DIRECTION ( 'NONE',  ( 0.000000000000000000, 2.220446049250309876E-16, 1.000000000000000000 ) ) ;
#6906 =( LENGTH_UNIT ( ) NAMED_UNIT ( * ) SI_UNIT ( .MILLI., .METRE. ) );
#6907 =( NAMED_UNIT ( * ) SI_UNIT ( $, .STERADIAN. ) SOLID_ANGLE_UNIT ( ) );
#6908 = PRESENTATION_STYLE_ASSIGNMENT (( #4451 ) ) ;
#6909 = DIRECTION ( 'NONE',  ( 0.000000000000000000, 1.000000000000000000, 0.000000000000000000 ) ) ;
#6910 = ORIENTED_EDGE ( 'NONE', *, *, #9536, .T. ) ;
#6911 = EDGE_CURVE ( 'NONE', #3949, #1230, #38, .T. ) ;
#6912 = SURFACE_STYLE_FILL_AREA ( #5322 ) ;
#6913 = LINE ( 'NONE', #6966, #2808 ) ;
#6914 = DIRECTION ( 'NONE',  ( 1.000000000000000000, 0.000000000000000000, 0.000000000000000000 ) ) ;
#6915 = FILL_AREA_STYLE ('',( #7671 ) ) ;
#6917 = ORIENTED_EDGE ( 'NONE', *, *, #4303, .F. ) ;
#6916 = FILL_AREA_STYLE_COLOUR ( '', #301 ) ;
#6918 = FACE_OUTER_BOUND ( 'NONE', #5344, .T. ) ;
#6919 = FILL_AREA_STYLE_COLOUR ( '', #8310 ) ;
#6920 =( GEOMETRIC_REPRESENTATION_CONTEXT ( 3 ) GLOBAL_UNCERTAINTY_ASSIGNED_CONTEXT ( ( #4606 ) ) GLOBAL_UNIT_ASSIGNED_CONTEXT ( ( #10594, #10644, #6420 ) ) REPRESENTATION_CONTEXT ( 'NONE', 'WORKASPACE' ) );
#6921 = MECHANICAL_DESIGN_GEOMETRIC_PRESENTATION_REPRESENTATION (  '', ( #6220 ), #5687 ) ;
#6922 = ORIENTED_EDGE ( 'NONE', *, *, #1572, .T. ) ;
#6923 = CARTESIAN_POINT ( 'NONE',  ( -1.203693229400998765, 2.256187637073999497, 11.06368319029500036 ) ) ;
#6924 = ORIENTED_EDGE ( 'NONE', *, *, #6503, .F. ) ;
#6925 = UNCERTAINTY_MEASURE_WITH_UNIT (LENGTH_MEASURE( 1.000000000000000082E-05 ), #6753, 'distance_accuracy_value', 'NONE');
#6926 = PLANE ( 'NONE',  #170 ) ;
#6927 = FACE_OUTER_BOUND ( 'NONE', #5082, .T. ) ;
#6928 = DIRECTION ( 'NONE',  ( 0.000000000000000000, 2.220446049250309876E-16, 1.000000000000000000 ) ) ;
#6929 = SURFACE_SIDE_STYLE ('',( #9366 ) ) ;
#6930 = FACE_OUTER_BOUND ( 'NONE', #4703, .T. ) ;
#6931 = CIRCLE ( 'NONE', #3110, 0.4799999999999995381 ) ;
#6932 = PRESENTATION_STYLE_ASSIGNMENT (( #3607 ) ) ;
#6933 = VERTEX_POINT ( 'NONE', #8496 ) ;
#6934 = ADVANCED_FACE ( 'NONE', ( #3631, #6124 ), #6786, .T. ) ;
#6935 = EDGE_CURVE ( 'NONE', #712, #9785, #6817, .T. ) ;
#6936 = EDGE_LOOP ( 'NONE', ( #4151, #3198, #4689, #3872 ) ) ;
#6937 = ORIENTED_EDGE ( 'NONE', *, *, #424, .T. ) ;
#6938 = VECTOR ( 'NONE', #5121, 1000.000000000000000 ) ;
#6939 = CARTESIAN_POINT ( 'NONE',  ( -40.19026666726099961, 0.7945186986579400035, 3.295000000010997354 ) ) ;
#6940 = CARTESIAN_POINT ( 'NONE',  ( -45.84026666726099819, 18.58451869865799821, 2.545000000010996910 ) ) ;
#6941 = CARTESIAN_POINT ( 'NONE',  ( -39.54026666726100103, 5.294518698657999956, 5.135000000010998988 ) ) ;
#6942 = SURFACE_STYLE_USAGE ( .BOTH. , #8482 ) ;
#6943 = DIRECTION ( 'NONE',  ( -1.000000000000000000, 0.000000000000000000, 0.000000000000000000 ) ) ;
#6944 = EDGE_CURVE ( 'NONE', #7049, #6529, #10311, .T. ) ;
#6945 =( LENGTH_UNIT ( ) NAMED_UNIT ( * ) SI_UNIT ( .MILLI., .METRE. ) );
#6946 = VECTOR ( 'NONE', #9096, 1000.000000000000000 ) ;
#6947 = DIRECTION ( 'NONE',  ( 0.000000000000000000, 2.220446049250309876E-16, 1.000000000000000000 ) ) ;
#6948 = ADVANCED_FACE ( 'NONE', ( #8675, #5476 ), #8834, .T. ) ;
#6949 = LINE ( 'NONE', #2082, #894 ) ;
#6950 = DIRECTION ( 'NONE',  ( 0.000000000000000000, 2.220446049250309876E-16, 1.000000000000000000 ) ) ;
#6951 = ORIENTED_EDGE ( 'NONE', *, *, #399, .F. ) ;
#6952 = EDGE_LOOP ( 'NONE', ( #10056, #1957, #2794, #2303 ) ) ;
#6953 = FILL_AREA_STYLE_COLOUR ( '', #9069 ) ;
#6954 =( LENGTH_UNIT ( ) NAMED_UNIT ( * ) SI_UNIT ( .MILLI., .METRE. ) );
#6955 = PRESENTATION_LAYER_ASSIGNMENT (  '', '', ( #459 ) ) ;
#6956 = PLANE ( 'NONE',  #1418 ) ;
#6957 = LINE ( 'NONE', #6020, #1409 ) ;
#6958 = EDGE_CURVE ( 'NONE', #10287, #953, #7679, .T. ) ;
#6959 = CARTESIAN_POINT ( 'NONE',  ( 0.000000000000000000, 0.4500000000000000111, 0.6500000000000000222 ) ) ;
#6960 = FACE_OUTER_BOUND ( 'NONE', #3406, .T. ) ;
#6961 = CARTESIAN_POINT ( 'NONE',  ( -14.90026666726099869, 15.24042790316279827, 5.135000000010998988 ) ) ;
#6962 = DIRECTION ( 'NONE',  ( 0.000000000000000000, 2.220446049250309876E-16, 1.000000000000000000 ) ) ;
#6963 = ORIENTED_EDGE ( 'NONE', *, *, #561, .T. ) ;
#6964 = AXIS2_PLACEMENT_3D ( 'NONE', #9671, #6421, #2268 ) ;
#6965 = AXIS2_PLACEMENT_3D ( 'NONE', #6138, #4715, #9666 ) ;
#6966 = CARTESIAN_POINT ( 'NONE',  ( -31.67854998418980017, 1.257512981500239935, 2.945000000010994157 ) ) ;
#6967 = PRESENTATION_LAYER_ASSIGNMENT (  '', '', ( #4172 ) ) ;
#6968 = ADVANCED_FACE ( 'NONE', ( #8014, #7225, #1197, #6296, #3036, #355, #6353, #414, #7912, #8724, #7009, #5416, #3790, #1251 ), #9606, .T. ) ;
#6969 = CARTESIAN_POINT ( 'NONE',  ( -14.90026666726099869, 15.78042790316279742, 5.135000000010998988 ) ) ;
#6970 = PRESENTATION_LAYER_ASSIGNMENT (  '', '', ( #5551 ) ) ;
#6971 = SURFACE_STYLE_USAGE ( .BOTH. , #153 ) ;
#6972 =( LENGTH_UNIT ( ) NAMED_UNIT ( * ) SI_UNIT ( .MILLI., .METRE. ) );
#6973 = ORIENTED_EDGE ( 'NONE', *, *, #2692, .F. ) ;
#6974 = FILL_AREA_STYLE ('',( #8462 ) ) ;
#6975 = SURFACE_SIDE_STYLE ('',( #7930 ) ) ;
#6976 = CYLINDRICAL_SURFACE ( 'NONE', #6428, 0.9999999999999991118 ) ;
#6977 = ORIENTED_EDGE ( 'NONE', *, *, #2559, .T. ) ;
#6978 = AXIS2_PLACEMENT_3D ( 'NONE', #2171, #2051, #1157 ) ;
#6979 = CARTESIAN_POINT ( 'NONE',  ( -40.19026666726099961, 0.7945186986579400035, 3.295000000010997354 ) ) ;
#6980 = COLOUR_RGB ( '',1.000000000000000000, 0.9568627450980391469, 0.8862745098039215286 ) ;
#6981 = UNCERTAINTY_MEASURE_WITH_UNIT (LENGTH_MEASURE( 1.000000000000000082E-05 ), #2585, 'distance_accuracy_value', 'NONE');
#6982 = VERTEX_POINT ( 'NONE', #10579 ) ;
#6983 = CARTESIAN_POINT ( 'NONE',  ( -27.20302962540589675, 5.314518698658000417, 1.085000000011000720 ) ) ;
#6984 = DIRECTION ( 'NONE',  ( 0.000000000000000000, -2.220446049250309876E-16, -1.000000000000000000 ) ) ;
#6985 = EDGE_CURVE ( 'NONE', #1922, #619, #3950, .T. ) ;
#6986 = PRESENTATION_LAYER_ASSIGNMENT (  '', '', ( #852 ) ) ;
#6987 = AXIS2_PLACEMENT_3D ( 'NONE', #6923, #10218, #9305 ) ;
#6988 = AXIS2_PLACEMENT_3D ( 'NONE', #773, #721, #4133 ) ;
#6989 = DIRECTION ( 'NONE',  ( 0.000000000000000000, -1.000000000000000000, 2.220446049250309876E-16 ) ) ;
#6990 = VERTEX_POINT ( 'NONE', #4981 ) ;
#6991 = SURFACE_STYLE_FILL_AREA ( #3670 ) ;
#6992 = ORIENTED_EDGE ( 'NONE', *, *, #3306, .F. ) ;
#6993 = EDGE_LOOP ( 'NONE', ( #9694, #9255, #6181, #2907 ) ) ;
#6994 = VECTOR ( 'NONE', #977, 1000.000000000000000 ) ;
#6995 = ORIENTED_EDGE ( 'NONE', *, *, #4355, .T. ) ;
#6996 = DIRECTION ( 'NONE',  ( 0.000000000000000000, 2.220446049250309876E-16, 1.000000000000000000 ) ) ;
#6997 = CARTESIAN_POINT ( 'NONE',  ( 0.000000000000000000, 0.2000000000000000111, 0.5500000000000000444 ) ) ;
#6998 = UNCERTAINTY_MEASURE_WITH_UNIT (LENGTH_MEASURE( 1.000000000000000082E-05 ), #3215, 'distance_accuracy_value', 'NONE');
#6999 = COLOUR_RGB ( '',0.07058823529411764608, 0.07058823529411764608, 0.07058823529411764608 ) ;
#7000 = UNCERTAINTY_MEASURE_WITH_UNIT (LENGTH_MEASURE( 1.000000000000000082E-05 ), #4623, 'distance_accuracy_value', 'NONE');
#7001 = CARTESIAN_POINT ( 'NONE',  ( -21.50302962540590102, 7.914518698658000062, 3.745000000010996644 ) ) ;
#7002 = SURFACE_SIDE_STYLE ('',( #6064 ) ) ;
#7003 = LINE ( 'NONE', #2919, #10117 ) ;
#7004 = CARTESIAN_POINT ( 'NONE',  ( -14.90026666726099869, 14.24042790316280005, 3.945000000010995045 ) ) ;
#7005 = VERTEX_POINT ( 'NONE', #1567 ) ;
#7006 = CARTESIAN_POINT ( 'NONE',  ( -45.84026666726099819, 18.63451869865799893, 2.545000000010996910 ) ) ;
#7007 = ORIENTED_EDGE ( 'NONE', *, *, #7867, .T. ) ;
#7008 = VECTOR ( 'NONE', #6453, 1000.000000000000000 ) ;
#7009 = FACE_BOUND ( 'NONE', #1537, .T. ) ;
#7010 = CIRCLE ( 'NONE', #1606, 0.1999999999999987899 ) ;
#7011 = STYLED_ITEM ( 'NONE', ( #4504 ), #7109 ) ;
#7012 = EDGE_CURVE ( 'NONE', #1179, #2844, #5941, .T. ) ;
#7013 = CARTESIAN_POINT ( 'NONE',  ( -40.19026666726099961, 0.7945186986579400035, 3.295000000010997354 ) ) ;
#7014 = ADVANCED_FACE ( 'NONE', ( #10687 ), #2418, .F. ) ;
#7015 = FACE_OUTER_BOUND ( 'NONE', #905, .T. ) ;
#7016 = CIRCLE ( 'NONE', #8375, 0.1999999999999987899 ) ;
#7017 = SURFACE_STYLE_FILL_AREA ( #3691 ) ;
#7018 =( NAMED_UNIT ( * ) PLANE_ANGLE_UNIT ( ) SI_UNIT ( $, .RADIAN. ) );
#7019 = AXIS2_PLACEMENT_3D ( 'NONE', #8479, #10129, #1840 ) ;
#7020 = FACE_OUTER_BOUND ( 'NONE', #2646, .T. ) ;
#7021 = MECHANICAL_DESIGN_GEOMETRIC_PRESENTATION_REPRESENTATION (  '', ( #8197 ), #3883 ) ;
#7022 = CARTESIAN_POINT ( 'NONE',  ( -14.90026666726099869, 14.72042790316279870, 3.945000000010995045 ) ) ;
#7023 = CARTESIAN_POINT ( 'NONE',  ( -41.98771170588250357, 15.03451869865800106, 3.745000000010996644 ) ) ;
#7024 = EDGE_LOOP ( 'NONE', ( #8713, #9971, #5282, #9137 ) ) ;
#7025 = LINE ( 'NONE', #1264, #1930 ) ;
#7026 = DIRECTION ( 'NONE',  ( 0.000000000000000000, 2.220446049250309876E-16, 1.000000000000000000 ) ) ;
#7027 = EDGE_CURVE ( 'NONE', #10722, #239, #7321, .T. ) ;
#7028 = PRESENTATION_LAYER_ASSIGNMENT (  '', '', ( #10112 ) ) ;
#7029 = VECTOR ( 'NONE', #1883, 1000.000000000000000 ) ;
#7030 =( GEOMETRIC_REPRESENTATION_CONTEXT ( 3 ) GLOBAL_UNCERTAINTY_ASSIGNED_CONTEXT ( ( #329 ) ) GLOBAL_UNIT_ASSIGNED_CONTEXT ( ( #7345, #5875, #10710 ) ) REPRESENTATION_CONTEXT ( 'NONE', 'WORKASPACE' ) );
#7031 = CARTESIAN_POINT ( 'NONE',  ( -22.88026666726100089, 10.29451869865800084, 5.135000000010998988 ) ) ;
#7032 = LINE ( 'NONE', #6259, #8850 ) ;
#7033 = ORIENTED_EDGE ( 'NONE', *, *, #376, .T. ) ;
#7034 = PRESENTATION_LAYER_ASSIGNMENT (  '', '', ( #4411 ) ) ;
#7035 = CARTESIAN_POINT ( 'NONE',  ( -39.74026666726099677, 0.7945186986579400035, 3.945000000010995045 ) ) ;
#7036 = FACE_OUTER_BOUND ( 'NONE', #1069, .T. ) ;
#7037 = AXIS2_PLACEMENT_3D ( 'NONE', #2142, #8061, #1504 ) ;
#7038 = ORIENTED_EDGE ( 'NONE', *, *, #9059, .F. ) ;
#7039 = ADVANCED_FACE ( 'NONE', ( #6669 ), #9214, .F. ) ;
#7040 = UNCERTAINTY_MEASURE_WITH_UNIT (LENGTH_MEASURE( 1.000000000000000082E-05 ), #3911, 'distance_accuracy_value', 'NONE');
#7041 = CARTESIAN_POINT ( 'NONE',  ( -39.54026666726100103, 16.29451869865799551, 5.145000000010998775 ) ) ;
#7042 = FILL_AREA_STYLE_COLOUR ( '', #3389 ) ;
#7043 = LINE ( 'NONE', #771, #91 ) ;
#7044 = LINE ( 'NONE', #6386, #5589 ) ;
#7045 = COLOUR_RGB ( '',1.000000000000000000, 0.9568627450980391469, 0.8862745098039215286 ) ;
#7046 = ORIENTED_EDGE ( 'NONE', *, *, #9504, .F. ) ;
#7047 =( REPRESENTATION_RELATIONSHIP ('NONE','NONE', #910, #8424 ) REPRESENTATION_RELATIONSHIP_WITH_TRANSFORMATION ( #1221 )SHAPE_REPRESENTATION_RELATIONSHIP( ) );
#7048 = VERTEX_POINT ( 'NONE', #2885 ) ;
#7049 = VERTEX_POINT ( 'NONE', #8741 ) ;
#7050 = DIRECTION ( 'NONE',  ( 0.000000000000000000, -2.220446049250309876E-16, -1.000000000000000000 ) ) ;
#7051 = CARTESIAN_POINT ( 'NONE',  ( -45.84026666726099819, 18.88451869865799893, 2.745000000010995755 ) ) ;
#7052 = AXIS2_PLACEMENT_3D ( 'NONE', #947, #5990, #10222 ) ;
#7053 = CARTESIAN_POINT ( 'NONE',  ( -14.90026666726099869, 10.70042790316279913, 5.145000000010998775 ) ) ;
#7054 = FACE_BOUND ( 'NONE', #9903, .T. ) ;
#7055 =( NAMED_UNIT ( * ) SI_UNIT ( $, .STERADIAN. ) SOLID_ANGLE_UNIT ( ) );
#7056 = DIRECTION ( 'NONE',  ( 0.000000000000000000, -1.000000000000000000, 2.220446049250309876E-16 ) ) ;
#7057 = LINE ( 'NONE', #8062, #4241 ) ;
#7058 = ORIENTED_EDGE ( 'NONE', *, *, #3409, .F. ) ;
#7059 = SURFACE_STYLE_FILL_AREA ( #5523 ) ;
#7060 = CIRCLE ( 'NONE', #10525, 1.000000000000000888 ) ;
#7061 = EDGE_LOOP ( 'NONE', ( #7631, #1784, #3946, #4372 ) ) ;
#7062 = DIRECTION ( 'NONE',  ( 0.000000000000000000, 1.000000000000000000, -2.220446049250309876E-16 ) ) ;
#7063 = SURFACE_STYLE_USAGE ( .BOTH. , #6131 ) ;
#7064 = DIRECTION ( 'NONE',  ( -0.7071067811865450192, 0.000000000000000000, -0.7071067811865500152 ) ) ;
#7065 = CARTESIAN_POINT ( 'NONE',  ( -14.90026666726099869, 9.160427903162849717, 3.945000000010995045 ) ) ;
#7066 = VECTOR ( 'NONE', #6149, 1000.000000000000000 ) ;
#7067 = SURFACE_STYLE_USAGE ( .BOTH. , #5364 ) ;
#7068 = CARTESIAN_POINT ( 'NONE',  ( -21.70302962540590030, 7.914518698658000062, 3.945000000010995045 ) ) ;
#7069 = CARTESIAN_POINT ( 'NONE',  ( -45.84026666726099819, 19.63451869865799893, 2.545000000010996466 ) ) ;
#7070 = CARTESIAN_POINT ( 'NONE',  ( 0.5500000000000000444, 11.29999999999999893, 1.668003342285395064E-17 ) ) ;
#7071 =( NAMED_UNIT ( * ) PLANE_ANGLE_UNIT ( ) SI_UNIT ( $, .RADIAN. ) );
#7072 = PRESENTATION_STYLE_ASSIGNMENT (( #5430 ) ) ;
#7073 = ORIENTED_EDGE ( 'NONE', *, *, #6985, .F. ) ;
#7074 = EDGE_CURVE ( 'NONE', #5, #660, #7025, .T. ) ;
#7075 = CARTESIAN_POINT ( 'NONE',  ( -45.79026666726101524, 18.58451869865800532, 2.545000000010994246 ) ) ;
#7076 = ADVANCED_FACE ( 'NONE', ( #3095 ), #425, .F. ) ;
#7077 = AXIS2_PLACEMENT_3D ( 'NONE', #7917, #580, #4768 ) ;
#7078 = SURFACE_SIDE_STYLE ('',( #377 ) ) ;
#7079 = DIRECTION ( 'NONE',  ( 0.000000000000000000, 0.000000000000000000, -1.000000000000000000 ) ) ;
#7080 = SURFACE_SIDE_STYLE ('',( #9673 ) ) ;
#7081 = VERTEX_POINT ( 'NONE', #478 ) ;
#7082 = EDGE_CURVE ( 'NONE', #8822, #8118, #2984, .T. ) ;
#7083 = VECTOR ( 'NONE', #1735, 1000.000000000000000 ) ;
#7084 = DIRECTION ( 'NONE',  ( 0.000000000000000000, 1.000000000000000000, -2.220446049250309876E-16 ) ) ;
#7085 = CARTESIAN_POINT ( 'NONE',  ( -19.70302962540589675, 16.21451869865800077, 3.745000000010996644 ) ) ;
#7086 = ORIENTED_EDGE ( 'NONE', *, *, #3169, .F. ) ;
#7087 = ITEM_DEFINED_TRANSFORMATION ( 'NONE', 'NONE', #6987,  #1039 ) ;
#7088 = PRESENTATION_LAYER_ASSIGNMENT (  '', '', ( #9846 ) ) ;
#7089 = CARTESIAN_POINT ( 'NONE',  ( -14.90026666726099869, 13.24042790316280005, 5.145000000010998775 ) ) ;
#7090 = UNCERTAINTY_MEASURE_WITH_UNIT (LENGTH_MEASURE( 1.000000000000000082E-05 ), #7178, 'distance_accuracy_value', 'NONE');
#7091 = AXIS2_PLACEMENT_3D ( 'NONE', #5674, #8948, #8323 ) ;
#7092 = SURFACE_STYLE_USAGE ( .BOTH. , #2119 ) ;
#7093 =( NAMED_UNIT ( * ) SI_UNIT ( $, .STERADIAN. ) SOLID_ANGLE_UNIT ( ) );
#7094 =( NAMED_UNIT ( * ) PLANE_ANGLE_UNIT ( ) SI_UNIT ( $, .RADIAN. ) );
#7095 = DIRECTION ( 'NONE',  ( 0.000000000000000000, 1.000000000000000000, 0.000000000000000000 ) ) ;
#7096 = SURFACE_SIDE_STYLE ('',( #7896 ) ) ;
#7097 = VECTOR ( 'NONE', #4261, 1000.000000000000000 ) ;
#7098 = EDGE_CURVE ( 'NONE', #10229, #3608, #9619, .T. ) ;
#7099 = LINE ( 'NONE', #1227, #9038 ) ;
#7100 = MECHANICAL_DESIGN_GEOMETRIC_PRESENTATION_REPRESENTATION (  '', ( #7942 ), #8108 ) ;
#7101 = VERTEX_POINT ( 'NONE', #7972 ) ;
#7102 = UNCERTAINTY_MEASURE_WITH_UNIT (LENGTH_MEASURE( 1.000000000000000082E-05 ), #4860, 'distance_accuracy_value', 'NONE');
#7103 = ORIENTED_EDGE ( 'NONE', *, *, #9792, .T. ) ;
#7104 = ORIENTED_EDGE ( 'NONE', *, *, #6560, .F. ) ;
#7105 = PRESENTATION_STYLE_ASSIGNMENT (( #8665 ) ) ;
#7106 = DIRECTION ( 'NONE',  ( 1.000000000000000000, 0.000000000000000000, 0.000000000000000000 ) ) ;
#7107 = DIRECTION ( 'NONE',  ( -1.000000000000000000, 0.000000000000000000, 0.000000000000000000 ) ) ;
#7108 = UNCERTAINTY_MEASURE_WITH_UNIT (LENGTH_MEASURE( 1.000000000000000082E-05 ), #1527, 'distance_accuracy_value', 'NONE');
#7109 = ADVANCED_FACE ( 'NONE', ( #3859, #7184 ), #535, .T. ) ;
#7110 = PRESENTATION_STYLE_ASSIGNMENT (( #4961 ) ) ;
#7111 = CYLINDRICAL_SURFACE ( 'NONE', #1045, 2.500000000000000000 ) ;
#7112 = VERTEX_POINT ( 'NONE', #3961 ) ;
#7113 = AXIS2_PLACEMENT_3D ( 'NONE', #1884, #2728, #8535 ) ;
#7114 = VERTEX_POINT ( 'NONE', #634 ) ;
#7115 = ORIENTED_EDGE ( 'NONE', *, *, #1684, .T. ) ;
#7116 = CARTESIAN_POINT ( 'NONE',  ( -45.84026666726099819, 18.63451869865799893, 3.545000000010997798 ) ) ;
#7117 =( NAMED_UNIT ( * ) PLANE_ANGLE_UNIT ( ) SI_UNIT ( $, .RADIAN. ) );
#7118 =( LENGTH_UNIT ( ) NAMED_UNIT ( * ) SI_UNIT ( .MILLI., .METRE. ) );
#7119 = EDGE_CURVE ( 'NONE', #7281, #4793, #8963, .T. ) ;
#7120 = DIRECTION ( 'NONE',  ( 0.000000000000000000, -1.000000000000000000, 2.220446049250309876E-16 ) ) ;
#7121 = SURFACE_STYLE_USAGE ( .BOTH. , #8071 ) ;
#7122 = PRODUCT ( 'NEO6M_DOWN', 'NEO6M_DOWN', '', ( #4580 ) ) ;
#7123 = FACE_BOUND ( 'NONE', #5055, .T. ) ;
#7124 = SURFACE_SIDE_STYLE ('',( #7775 ) ) ;
#7125 = SURFACE_STYLE_FILL_AREA ( #7829 ) ;
#7126 = ORIENTED_EDGE ( 'NONE', *, *, #9087, .T. ) ;
#7127 = DIRECTION ( 'NONE',  ( 1.000000000000000000, 0.000000000000000000, 0.000000000000000000 ) ) ;
#7128 = MECHANICAL_DESIGN_GEOMETRIC_PRESENTATION_REPRESENTATION (  '', ( #1890 ), #626 ) ;
#7129 = UNCERTAINTY_MEASURE_WITH_UNIT (LENGTH_MEASURE( 1.000000000000000082E-05 ), #3836, 'distance_accuracy_value', 'NONE');
#7130 =( LENGTH_UNIT ( ) NAMED_UNIT ( * ) SI_UNIT ( .MILLI., .METRE. ) );
#7131 = SURFACE_STYLE_FILL_AREA ( #3805 ) ;
#7132 = FILL_AREA_STYLE_COLOUR ( '', #9998 ) ;
#7133 = COLOUR_RGB ( '',1.000000000000000000, 0.9568627450980391469, 0.8862745098039215286 ) ;
#7134 = ORIENTED_EDGE ( 'NONE', *, *, #3486, .T. ) ;
#7135 = COLOUR_RGB ( '',1.000000000000000000, 0.9568627450980391469, 0.8862745098039215286 ) ;
#7136 = COLOUR_RGB ( '',0.07058823529411764608, 0.07058823529411764608, 0.07058823529411764608 ) ;
#7137 = DIRECTION ( 'NONE',  ( 0.000000000000000000, 2.220446049250309876E-16, 1.000000000000000000 ) ) ;
#7138 = DIRECTION ( 'NONE',  ( 0.000000000000000000, 1.000000000000000000, 0.000000000000000000 ) ) ;
#7139 = ORIENTED_EDGE ( 'NONE', *, *, #1381, .F. ) ;
#7140 = SURFACE_SIDE_STYLE ('',( #10516 ) ) ;
#7141 =( GEOMETRIC_REPRESENTATION_CONTEXT ( 3 ) GLOBAL_UNCERTAINTY_ASSIGNED_CONTEXT ( ( #5335 ) ) GLOBAL_UNIT_ASSIGNED_CONTEXT ( ( #9135, #8348, #3585 ) ) REPRESENTATION_CONTEXT ( 'NONE', 'WORKASPACE' ) );
#7142 =( GEOMETRIC_REPRESENTATION_CONTEXT ( 3 ) GLOBAL_UNCERTAINTY_ASSIGNED_CONTEXT ( ( #7757 ) ) GLOBAL_UNIT_ASSIGNED_CONTEXT ( ( #5697, #8135, #1529 ) ) REPRESENTATION_CONTEXT ( 'NONE', 'WORKASPACE' ) );
#7143 = FILL_AREA_STYLE ('',( #6102 ) ) ;
#7144 = DIRECTION ( 'NONE',  ( 0.000000000000000000, 2.220446049250309876E-16, 1.000000000000000000 ) ) ;
#7145 = EDGE_CURVE ( 'NONE', #4755, #2632, #10820, .T. ) ;
#7146 = EDGE_CURVE ( 'NONE', #230, #9344, #6685, .T. ) ;
#7147 = SURFACE_STYLE_FILL_AREA ( #10351 ) ;
#7148 = LINE ( 'NONE', #2285, #132 ) ;
#7149 = DIRECTION ( 'NONE',  ( 1.000000000000000000, 0.000000000000000000, 0.000000000000000000 ) ) ;
#7150 = CIRCLE ( 'NONE', #2269, 1.600000000000000755 ) ;
#7151 = CIRCLE ( 'NONE', #5582, 0.1999999999999987899 ) ;
#7152 = ORIENTED_EDGE ( 'NONE', *, *, #1970, .F. ) ;
#7153 = EDGE_LOOP ( 'NONE', ( #3652, #4475, #8694, #1456, #3118, #4238 ) ) ;
#7154 = DIRECTION ( 'NONE',  ( -1.000000000000000000, 0.000000000000000000, 0.000000000000000000 ) ) ;
#7155 = ORIENTED_EDGE ( 'NONE', *, *, #4130, .T. ) ;
#7156 = ADVANCED_FACE ( 'NONE', ( #584 ), #808, .F. ) ;
#7157 = COLOUR_RGB ( '',1.000000000000000000, 0.9568627450980391469, 0.8862745098039215286 ) ;
#7158 = VECTOR ( 'NONE', #3826, 1000.000000000000000 ) ;
#7159 =( NAMED_UNIT ( * ) PLANE_ANGLE_UNIT ( ) SI_UNIT ( $, .RADIAN. ) );
#7160 = CARTESIAN_POINT ( 'NONE',  ( 0.6500000000000000222, 0.4500000000000000111, 0.000000000000000000 ) ) ;
#7161 = LINE ( 'NONE', #5513, #3051 ) ;
#7162 = CARTESIAN_POINT ( 'NONE',  ( -40.28771170588249362, 15.83451869865799821, 3.545000000010997798 ) ) ;
#7163 =( LENGTH_UNIT ( ) NAMED_UNIT ( * ) SI_UNIT ( .MILLI., .METRE. ) );
#7164 = CYLINDRICAL_SURFACE ( 'NONE', #4415, 2.000000000000000000 ) ;
#7165 =( NAMED_UNIT ( * ) SI_UNIT ( $, .STERADIAN. ) SOLID_ANGLE_UNIT ( ) );
#7166 = EDGE_LOOP ( 'NONE', ( #5115, #6884, #5507, #2592 ) ) ;
#7167 =( NAMED_UNIT ( * ) SI_UNIT ( $, .STERADIAN. ) SOLID_ANGLE_UNIT ( ) );
#7168 = STYLED_ITEM ( 'NONE', ( #1450 ), #10403 ) ;
#7169 =( NAMED_UNIT ( * ) SI_UNIT ( $, .STERADIAN. ) SOLID_ANGLE_UNIT ( ) );
#7170 = ORIENTED_EDGE ( 'NONE', *, *, #8719, .T. ) ;
#7171 = ORIENTED_EDGE ( 'NONE', *, *, #4874, .T. ) ;
#7172 = STYLED_ITEM ( 'NONE', ( #2326 ), #4516 ) ;
#7173 = FILL_AREA_STYLE_COLOUR ( '', #6826 ) ;
#7174 = PRESENTATION_STYLE_ASSIGNMENT (( #8677 ) ) ;
#7175 = AXIS2_PLACEMENT_3D ( 'NONE', #7116, #2205, #4613 ) ;
#7176 = FILL_AREA_STYLE ('',( #3190 ) ) ;
#7177 = STYLED_ITEM ( 'NONE', ( #162 ), #10804 ) ;
#7178 =( LENGTH_UNIT ( ) NAMED_UNIT ( * ) SI_UNIT ( .MILLI., .METRE. ) );
#7179 = LINE ( 'NONE', #6411, #5454 ) ;
#7180 = LINE ( 'NONE', #1467, #3892 ) ;
#7181 = LINE ( 'NONE', #6416, #2896 ) ;
#7182 = VECTOR ( 'NONE', #4761, 1000.000000000000000 ) ;
#7183 = EDGE_LOOP ( 'NONE', ( #4731, #8261, #1248, #7550 ) ) ;
#7184 = FACE_OUTER_BOUND ( 'NONE', #4249, .T. ) ;
#7185 = AXIS2_PLACEMENT_3D ( 'NONE', #6263, #6094, #2836 ) ;
#7186 = VECTOR ( 'NONE', #7282, 1000.000000000000000 ) ;
#7187 = PRESENTATION_LAYER_ASSIGNMENT (  '', '', ( #5781 ) ) ;
#7188 = FACE_OUTER_BOUND ( 'NONE', #10532, .T. ) ;
#7189 = STYLED_ITEM ( 'NONE', ( #8267 ), #5047 ) ;
#7190 = PRESENTATION_STYLE_ASSIGNMENT (( #7925 ) ) ;
#7191 = ORIENTED_EDGE ( 'NONE', *, *, #10413, .T. ) ;
#7192 = DIRECTION ( 'NONE',  ( 0.000000000000000000, 2.220446049250309876E-16, 1.000000000000000000 ) ) ;
#7193 = DIRECTION ( 'NONE',  ( 0.000000000000000000, -2.220446049250309876E-16, -1.000000000000000000 ) ) ;
#7194 = ORIENTED_EDGE ( 'NONE', *, *, #4191, .T. ) ;
#7195 = VECTOR ( 'NONE', #4278, 1000.000000000000000 ) ;
#7196 = CIRCLE ( 'NONE', #4053, 2.000000000000001776 ) ;
#7197 = VERTEX_POINT ( 'NONE', #10641 ) ;
#7198 = SURFACE_STYLE_USAGE ( .BOTH. , #7140 ) ;
#7199 = STYLED_ITEM ( 'NONE', ( #8233 ), #8386 ) ;
#7200 = COLOUR_RGB ( '',1.000000000000000000, 0.9568627450980391469, 0.8862745098039215286 ) ;
#7201 = FACE_OUTER_BOUND ( 'NONE', #8619, .T. ) ;
#7202 = COLOUR_RGB ( '',0.8274509803921568096, 0.6666666666666666297, 0.1294117647058823373 ) ;
#7203 = DIRECTION ( 'NONE',  ( 0.000000000000000000, -1.000000000000000000, 4.336808689942013792E-16 ) ) ;
#7204 = SURFACE_STYLE_FILL_AREA ( #4642 ) ;
#7205 = EDGE_LOOP ( 'NONE', ( #1873, #5251, #8468, #1628 ) ) ;
#7206 = EDGE_CURVE ( 'NONE', #9011, #2983, #2319, .T. ) ;
#7207 = AXIS2_PLACEMENT_3D ( 'NONE', #10369, #2806, #5518 ) ;
#7208 = ADVANCED_FACE ( 'NONE', ( #9012 ), #9827, .T. ) ;
#7209 = ORIENTED_EDGE ( 'NONE', *, *, #561, .F. ) ;
#7210 = VERTEX_POINT ( 'NONE', #10748 ) ;
#7211 = COLOUR_RGB ( '',0.1882352941176470562, 0.2313725490196078538, 0.5882352941176470784 ) ;
#7212 =( NAMED_UNIT ( * ) PLANE_ANGLE_UNIT ( ) SI_UNIT ( $, .RADIAN. ) );
#7213 = SURFACE_SIDE_STYLE ('',( #609 ) ) ;
#7214 = DIRECTION ( 'NONE',  ( 0.000000000000000000, 1.000000000000000000, -2.220446049250309876E-16 ) ) ;
#7215 = CARTESIAN_POINT ( 'NONE',  ( -27.20302962540589675, 5.114518698658000240, 1.285000000010999566 ) ) ;
#7216 = VECTOR ( 'NONE', #3457, 1000.000000000000000 ) ;
#7217 = DIRECTION ( 'NONE',  ( -1.000000000000000000, -1.084202172485499873E-16, 2.407412430484030037E-32 ) ) ;
#7218 = EDGE_CURVE ( 'NONE', #1285, #7498, #3307, .T. ) ;
#7219 = CARTESIAN_POINT ( 'NONE',  ( -15.74029191166209962, 21.09527703930579889, 5.135000000010999877 ) ) ;
#7220 = VERTEX_POINT ( 'NONE', #2491 ) ;
#7221 = SURFACE_SIDE_STYLE ('',( #4805 ) ) ;
#7222 =( NAMED_UNIT ( * ) PLANE_ANGLE_UNIT ( ) SI_UNIT ( $, .RADIAN. ) );
#7223 = EDGE_LOOP ( 'NONE', ( #2533, #4745, #5508, #7851 ) ) ;
#7224 = ORIENTED_EDGE ( 'NONE', *, *, #8111, .F. ) ;
#7225 = FACE_BOUND ( 'NONE', #9198, .T. ) ;
#7226 = VECTOR ( 'NONE', #8945, 1000.000000000000000 ) ;
#7227 = PRESENTATION_STYLE_ASSIGNMENT (( #9706 ) ) ;
#7228 = FILL_AREA_STYLE ('',( #5683 ) ) ;
#7229 = CARTESIAN_POINT ( 'NONE',  ( -31.67854998418980017, 1.257512981500239935, 3.945000000010995045 ) ) ;
#7230 = SURFACE_SIDE_STYLE ('',( #527 ) ) ;
#7231 = DIRECTION ( 'NONE',  ( 0.000000000000000000, -2.220446049250309876E-16, -1.000000000000000000 ) ) ;
#7232 = CIRCLE ( 'NONE', #4630, 0.1999999999999987899 ) ;
#7233 = SURFACE_SIDE_STYLE ('',( #7125 ) ) ;
#7234 = ORIENTED_EDGE ( 'NONE', *, *, #2210, .T. ) ;
#7235 = DIRECTION ( 'NONE',  ( 0.000000000000000000, -1.000000000000000000, 2.220446049250309876E-16 ) ) ;
#7236 = UNCERTAINTY_MEASURE_WITH_UNIT (LENGTH_MEASURE( 1.000000000000000082E-05 ), #7353, 'distance_accuracy_value', 'NONE');
#7237 = COLOUR_RGB ( '',1.000000000000000000, 0.7568627450980391913, 0.5647058823529411686 ) ;
#7238 = MECHANICAL_DESIGN_GEOMETRIC_PRESENTATION_REPRESENTATION (  '', ( #9144 ), #4969 ) ;
#7239 = PRESENTATION_STYLE_ASSIGNMENT (( #3919 ) ) ;
#7240 = CARTESIAN_POINT ( 'NONE',  ( -19.50302962540589746, 9.914518698658000062, 3.945000000010995045 ) ) ;
#7241 = EDGE_LOOP ( 'NONE', ( #4968, #4433, #2203, #3017 ) ) ;
#7242 = EDGE_CURVE ( 'NONE', #10506, #7777, #7348, .T. ) ;
#7243 = ORIENTED_EDGE ( 'NONE', *, *, #4861, .F. ) ;
#7244 = AXIS2_PLACEMENT_3D ( 'NONE', #5968, #3472, #5151 ) ;
#7245 = ORIENTED_EDGE ( 'NONE', *, *, #1190, .F. ) ;
#7246 = CYLINDRICAL_SURFACE ( 'NONE', #9579, 0.1999999999999987899 ) ;
#7247 = PRESENTATION_STYLE_ASSIGNMENT (( #2945 ) ) ;
#7248 = SURFACE_STYLE_FILL_AREA ( #3720 ) ;
#7249 =( NAMED_UNIT ( * ) PLANE_ANGLE_UNIT ( ) SI_UNIT ( $, .RADIAN. ) );
#7250 = AXIS2_PLACEMENT_3D ( 'NONE', #920, #10137, #6008 ) ;
#7251 = LINE ( 'NONE', #8762, #3408 ) ;
#7252 = LINE ( 'NONE', #5503, #4360 ) ;
#7253 = CARTESIAN_POINT ( 'NONE',  ( -14.90026666726099869, 14.24042790316280005, 3.955000000010998384 ) ) ;
#7254 = VECTOR ( 'NONE', #4811, 1000.000000000000000 ) ;
#7255 = EDGE_LOOP ( 'NONE', ( #7981, #4175, #1311, #1372 ) ) ;
#7256 = VERTEX_POINT ( 'NONE', #2702 ) ;
#7257 = PRESENTATION_LAYER_ASSIGNMENT (  '', '', ( #955 ) ) ;
#7258 = SURFACE_STYLE_USAGE ( .BOTH. , #453 ) ;
#7259 = DIRECTION ( 'NONE',  ( 0.000000000000000000, 2.220446049250309876E-16, 1.000000000000000000 ) ) ;
#7260 = FACE_OUTER_BOUND ( 'NONE', #131, .T. ) ;
#7261 = EDGE_CURVE ( 'NONE', #7501, #10142, #8493, .T. ) ;
#7262 = EDGE_CURVE ( 'NONE', #7318, #1652, #10080, .T. ) ;
#7263 = FILL_AREA_STYLE_COLOUR ( '', #9269 ) ;
#7264 = CARTESIAN_POINT ( 'NONE',  ( -15.74029191166209962, 0.7552770393057404164, 3.955000000010999273 ) ) ;
#7265 = MECHANICAL_DESIGN_GEOMETRIC_PRESENTATION_REPRESENTATION (  '', ( #3616 ), #8114 ) ;
#7266 = UNCERTAINTY_MEASURE_WITH_UNIT (LENGTH_MEASURE( 1.000000000000000082E-05 ), #10415, 'distance_accuracy_value', 'NONE');
#7267 = ORIENTED_EDGE ( 'NONE', *, *, #8809, .T. ) ;
#7268 = FACE_OUTER_BOUND ( 'NONE', #6665, .T. ) ;
#7269 = ORIENTED_EDGE ( 'NONE', *, *, #6126, .F. ) ;
#7270 = VERTEX_POINT ( 'NONE', #8400 ) ;
#7271 = CARTESIAN_POINT ( 'NONE',  ( 1.344999999999999973, 5.299999999999999822, -0.8750000000000000000 ) ) ;
#7272 = CARTESIAN_POINT ( 'NONE',  ( -41.78771170588249362, 15.03451869865800106, 3.545000000010997798 ) ) ;
#7273 = PRODUCT_DEFINITION ( 'UNKNOWN', '', #6656, #7495 ) ;
#7274 =( BOUNDED_CURVE ( )  B_SPLINE_CURVE ( 2, ( #4413, #9302, #2671 ),
 .UNSPECIFIED., .F., .T. ) 
 B_SPLINE_CURVE_WITH_KNOTS ( ( 3, 3 ),
 ( -3.539935536902450116E-14, 1.570796326794919873 ),
 .UNSPECIFIED. ) 
 CURVE ( )  GEOMETRIC_REPRESENTATION_ITEM ( )  RATIONAL_B_SPLINE_CURVE ( ( 1.000000000000000000, 0.7071067811865340280, 1.000000000000000000 ) ) 
 REPRESENTATION_ITEM ( '' )  );
#7275 =( NAMED_UNIT ( * ) SI_UNIT ( $, .STERADIAN. ) SOLID_ANGLE_UNIT ( ) );
#7276 = EDGE_CURVE ( 'NONE', #2231, #504, #6738, .T. ) ;
#7277 = EDGE_CURVE ( 'NONE', #115, #279, #1020, .T. ) ;
#7278 = PLANE ( 'NONE',  #5645 ) ;
#7279 =( GEOMETRIC_REPRESENTATION_CONTEXT ( 3 ) GLOBAL_UNCERTAINTY_ASSIGNED_CONTEXT ( ( #10135 ) ) GLOBAL_UNIT_ASSIGNED_CONTEXT ( ( #64, #6880, #6048 ) ) REPRESENTATION_CONTEXT ( 'NONE', 'WORKASPACE' ) );
#7280 = LINE ( 'NONE', #2217, #7347 ) ;
#7281 = VERTEX_POINT ( 'NONE', #5955 ) ;
#7282 = DIRECTION ( 'NONE',  ( 0.000000000000000000, 2.220446049250309876E-16, 1.000000000000000000 ) ) ;
#7283 = DIRECTION ( 'NONE',  ( 0.000000000000000000, -1.000000000000000000, 0.000000000000000000 ) ) ;
#7284 = SURFACE_STYLE_FILL_AREA ( #3963 ) ;
#7285 = VECTOR ( 'NONE', #499, 1000.000000000000000 ) ;
#7286 = EDGE_CURVE ( 'NONE', #5475, #7220, #967, .T. ) ;
#7287 = LINE ( 'NONE', #2991, #4521 ) ;
#7288 = CARTESIAN_POINT ( 'NONE',  ( -22.88026666726100089, 6.294518698657999956, 5.135000000010998988 ) ) ;
#7289 = VERTEX_POINT ( 'NONE', #8561 ) ;
#7290 = PRESENTATION_STYLE_ASSIGNMENT (( #9677 ) ) ;
#7291 = SURFACE_STYLE_FILL_AREA ( #4174 ) ;
#7292 = EDGE_LOOP ( 'NONE', ( #7267, #5825, #4466, #5679, #193, #9642 ) ) ;
#7293 = STYLED_ITEM ( 'NONE', ( #7460 ), #2546 ) ;
#7294 = COLOUR_RGB ( '',1.000000000000000000, 0.9568627450980391469, 0.8862745098039215286 ) ;
#7295 = VERTEX_POINT ( 'NONE', #10030 ) ;
#7296 = CARTESIAN_POINT ( 'NONE',  ( -14.90026666726099869, 9.160427903162849717, 5.135000000010998988 ) ) ;
#7297 = CARTESIAN_POINT ( 'NONE',  ( -19.90302962540589959, 17.01451869865799793, 3.745000000010996644 ) ) ;
#7298 = DIRECTION ( 'NONE',  ( 0.000000000000000000, -2.220446049250309876E-16, -1.000000000000000000 ) ) ;
#7299 = SURFACE_STYLE_FILL_AREA ( #1486 ) ;
#7300 = STYLED_ITEM ( 'NONE', ( #7239 ), #9457 ) ;
#7301 = LINE ( 'NONE', #4788, #1426 ) ;
#7302 = COLOUR_RGB ( '',1.000000000000000000, 0.9568627450980391469, 0.8862745098039215286 ) ;
#7303 = LINE ( 'NONE', #10611, #10694 ) ;
#7304 = SURFACE_STYLE_USAGE ( .BOTH. , #9092 ) ;
#7305 =( NAMED_UNIT ( * ) SI_UNIT ( $, .STERADIAN. ) SOLID_ANGLE_UNIT ( ) );
#7306 = VERTEX_POINT ( 'NONE', #4323 ) ;
#7307 = STYLED_ITEM ( 'NONE', ( #2975 ), #8993 ) ;
#7308 = PRESENTATION_LAYER_ASSIGNMENT (  '', '', ( #2252 ) ) ;
#7309 = ORIENTED_EDGE ( 'NONE', *, *, #3411, .F. ) ;
#7310 = EDGE_CURVE ( 'NONE', #2443, #9769, #2647, .T. ) ;
#7311 = LINE ( 'NONE', #7522, #711 ) ;
#7312 = FILL_AREA_STYLE ('',( #4198 ) ) ;
#7313 = CARTESIAN_POINT ( 'NONE',  ( -21.40302962540589604, 10.21451869865800077, 3.345000000010998953 ) ) ;
#7314 = PLANE ( 'NONE',  #4496 ) ;
#7315 = DIRECTION ( 'NONE',  ( 0.000000000000000000, 0.000000000000000000, 1.000000000000000000 ) ) ;
#7316 = FACE_OUTER_BOUND ( 'NONE', #8165, .T. ) ;
#7317 = ORIENTED_EDGE ( 'NONE', *, *, #5004, .T. ) ;
#7318 = VERTEX_POINT ( 'NONE', #8343 ) ;
#7319 = MECHANICAL_DESIGN_GEOMETRIC_PRESENTATION_REPRESENTATION (  '', ( #5914 ), #4548 ) ;
#7320 = VERTEX_POINT ( 'NONE', #2593 ) ;
#7321 = LINE ( 'NONE', #5737, #4729 ) ;
#7322 =( NAMED_UNIT ( * ) PLANE_ANGLE_UNIT ( ) SI_UNIT ( $, .RADIAN. ) );
#7323 = FACE_OUTER_BOUND ( 'NONE', #1891, .T. ) ;
#7324 = FACE_OUTER_BOUND ( 'NONE', #5191, .T. ) ;
#7325 = STYLED_ITEM ( 'NONE', ( #4843 ), #9207 ) ;
#7326 = SURFACE_STYLE_FILL_AREA ( #3137 ) ;
#7327 =( NAMED_UNIT ( * ) PLANE_ANGLE_UNIT ( ) SI_UNIT ( $, .RADIAN. ) );
#7328 = FACE_OUTER_BOUND ( 'NONE', #4898, .T. ) ;
#7329 = DIRECTION ( 'NONE',  ( -1.606225440719269818E-16, -1.000000000000000000, 0.000000000000000000 ) ) ;
#7330 = ORIENTED_EDGE ( 'NONE', *, *, #2951, .F. ) ;
#7331 = EDGE_CURVE ( 'NONE', #1552, #1817, #3464, .T. ) ;
#7332 = EDGE_CURVE ( 'NONE', #9912, #10269, #5901, .T. ) ;
#7333 = VECTOR ( 'NONE', #2430, 999.9999999999998863 ) ;
#7334 = AXIS2_PLACEMENT_3D ( 'NONE', #1603, #7344, #9734 ) ;
#7335 = DIRECTION ( 'NONE',  ( 0.000000000000000000, -2.220446049250309876E-16, -1.000000000000000000 ) ) ;
#7336 = DIRECTION ( 'NONE',  ( 0.000000000000000000, 1.000000000000000000, -2.220446049250309876E-16 ) ) ;
#7337 =( LENGTH_UNIT ( ) NAMED_UNIT ( * ) SI_UNIT ( .MILLI., .METRE. ) );
#7338 = EDGE_LOOP ( 'NONE', ( #8477, #3132, #4078, #9040 ) ) ;
#7339 = AXIS2_PLACEMENT_3D ( 'NONE', #4759, #4047, #6617 ) ;
#7340 = ORIENTED_EDGE ( 'NONE', *, *, #9140, .F. ) ;
#7341 = VECTOR ( 'NONE', #5117, 1000.000000000000000 ) ;
#7342 = EDGE_CURVE ( 'NONE', #6251, #9211, #7707, .T. ) ;
#7343 = ORIENTED_EDGE ( 'NONE', *, *, #9922, .T. ) ;
#7344 = DIRECTION ( 'NONE',  ( -1.000000000000000000, 0.000000000000000000, 0.000000000000000000 ) ) ;
#7345 =( LENGTH_UNIT ( ) NAMED_UNIT ( * ) SI_UNIT ( .MILLI., .METRE. ) );
#7346 = DIRECTION ( 'NONE',  ( 0.000000000000000000, 1.000000000000000000, -1.885568995626964287E-16 ) ) ;
#7347 = VECTOR ( 'NONE', #1412, 1000.000000000000000 ) ;
#7348 = CIRCLE ( 'NONE', #9596, 2.000000000000000000 ) ;
#7349 = SURFACE_STYLE_USAGE ( .BOTH. , #9685 ) ;
#7350 =( NAMED_UNIT ( * ) SI_UNIT ( $, .STERADIAN. ) SOLID_ANGLE_UNIT ( ) );
#7351 = SURFACE_STYLE_USAGE ( .BOTH. , #7514 ) ;
#7352 = AXIS2_PLACEMENT_3D ( 'NONE', #8928, #9146, #4956 ) ;
#7353 =( LENGTH_UNIT ( ) NAMED_UNIT ( * ) SI_UNIT ( .MILLI., .METRE. ) );
#7354 = PRESENTATION_LAYER_ASSIGNMENT (  '', '', ( #9432 ) ) ;
#7355 = ADVANCED_FACE ( 'NONE', ( #75 ), #194, .F. ) ;
#7356 = ORIENTED_EDGE ( 'NONE', *, *, #9615, .F. ) ;
#7357 = COLOUR_RGB ( '',1.000000000000000000, 0.9568627450980391469, 0.8862745098039215286 ) ;
#7358 = DIRECTION ( 'NONE',  ( 0.000000000000000000, 1.000000000000000000, -2.220446049250309876E-16 ) ) ;
#7359 = VERTEX_POINT ( 'NONE', #10141 ) ;
#7360 =( GEOMETRIC_REPRESENTATION_CONTEXT ( 3 ) GLOBAL_UNCERTAINTY_ASSIGNED_CONTEXT ( ( #1317 ) ) GLOBAL_UNIT_ASSIGNED_CONTEXT ( ( #5286, #5119, #996 ) ) REPRESENTATION_CONTEXT ( 'NONE', 'WORKASPACE' ) );
#7361 = CARTESIAN_POINT ( 'NONE',  ( -29.27854998418980159, 1.214518698657939710, 2.345000000010998065 ) ) ;
#7362 = AXIS2_PLACEMENT_3D ( 'NONE', #6359, #2371, #3090 ) ;
#7363 =( NAMED_UNIT ( * ) SI_UNIT ( $, .STERADIAN. ) SOLID_ANGLE_UNIT ( ) );
#7364 = COLOUR_RGB ( '',0.07058823529411764608, 0.07058823529411764608, 0.07058823529411764608 ) ;
#7365 = DIRECTION ( 'NONE',  ( 1.000000000000000000, 0.000000000000000000, 0.000000000000000000 ) ) ;
#7366 = CARTESIAN_POINT ( 'NONE',  ( -45.84026666726099819, 18.63451869865799893, 3.545000000010997798 ) ) ;
#7367 = DIRECTION ( 'NONE',  ( 0.000000000000000000, 2.220446049250309876E-16, 1.000000000000000000 ) ) ;
#7368 = FILL_AREA_STYLE ('',( #9861 ) ) ;
#7369 = LINE ( 'NONE', #7219, #6687 ) ;
#7370 = VECTOR ( 'NONE', #972, 1000.000000000000000 ) ;
#7371 = UNCERTAINTY_MEASURE_WITH_UNIT (LENGTH_MEASURE( 1.000000000000000082E-05 ), #4005, 'distance_accuracy_value', 'NONE');
#7372 = ORIENTED_EDGE ( 'NONE', *, *, #1444, .F. ) ;
#7373 = ORIENTED_EDGE ( 'NONE', *, *, #1819, .T. ) ;
#7374 = STYLED_ITEM ( 'NONE', ( #8489 ), #8868 ) ;
#7375 = VERTEX_POINT ( 'NONE', #1853 ) ;
#7376 = FILL_AREA_STYLE ('',( #8119 ) ) ;
#7377 = CARTESIAN_POINT ( 'NONE',  ( -39.94026666726099961, 2.394518698657940536, 3.745000000010996644 ) ) ;
#7378 = FACE_OUTER_BOUND ( 'NONE', #7292, .T. ) ;
#7379 =( NAMED_UNIT ( * ) PLANE_ANGLE_UNIT ( ) SI_UNIT ( $, .RADIAN. ) );
#7380 = FILL_AREA_STYLE_COLOUR ( '', #8459 ) ;
#7381 = DIRECTION ( 'NONE',  ( -1.000000000000000000, 0.000000000000000000, 0.000000000000000000 ) ) ;
#7382 = ORIENTED_EDGE ( 'NONE', *, *, #4618, .F. ) ;
#7383 = DIRECTION ( 'NONE',  ( 0.000000000000000000, 1.000000000000000000, 0.000000000000000000 ) ) ;
#7384 = AXIS2_PLACEMENT_3D ( 'NONE', #3445, #9806, #2353 ) ;
#7385 = LINE ( 'NONE', #2545, #7853 ) ;
#7386 = CARTESIAN_POINT ( 'NONE',  ( -41.78771170588249362, 15.03451869865800106, 3.745000000010996644 ) ) ;
#7387 = DIRECTION ( 'NONE',  ( 0.000000000000000000, -1.000000000000000000, 0.000000000000000000 ) ) ;
#7388 = COLOUR_RGB ( '',1.000000000000000000, 0.9568627450980391469, 0.8862745098039215286 ) ;
#7389 = FACE_OUTER_BOUND ( 'NONE', #1071, .T. ) ;
#7390 = DIRECTION ( 'NONE',  ( 0.000000000000000000, 2.220446049250309876E-16, 1.000000000000000000 ) ) ;
#7391 = EDGE_CURVE ( 'NONE', #1179, #8100, #6071, .T. ) ;
#7392 = ORIENTED_EDGE ( 'NONE', *, *, #8111, .T. ) ;
#7393 = EDGE_CURVE ( 'NONE', #5524, #5809, #9985, .T. ) ;
#7394 = FILL_AREA_STYLE ('',( #707 ) ) ;
#7395 = VERTEX_POINT ( 'NONE', #4549 ) ;
#7396 = ORIENTED_EDGE ( 'NONE', *, *, #1327, .T. ) ;
#7397 = DIRECTION ( 'NONE',  ( 0.000000000000000000, 1.000000000000000000, 0.000000000000000000 ) ) ;
#7398 = VECTOR ( 'NONE', #1931, 1000.000000000000000 ) ;
#7399 = DIRECTION ( 'NONE',  ( 0.000000000000000000, -1.000000000000000000, 2.220446049250309876E-16 ) ) ;
#7400 = SURFACE_STYLE_FILL_AREA ( #1801 ) ;
#7401 = ADVANCED_FACE ( 'NONE', ( #8673 ), #5359, .T. ) ;
#7402 = SURFACE_STYLE_FILL_AREA ( #9794 ) ;
#7403 = CARTESIAN_POINT ( 'NONE',  ( -40.08771170588249788, 15.83451869865799821, 3.745000000010996644 ) ) ;
#7404 = DIRECTION ( 'NONE',  ( 0.000000000000000000, 1.000000000000000000, 0.000000000000000000 ) ) ;
#7405 =( NAMED_UNIT ( * ) PLANE_ANGLE_UNIT ( ) SI_UNIT ( $, .RADIAN. ) );
#7406 = FACE_OUTER_BOUND ( 'NONE', #5944, .T. ) ;
#7407 = VERTEX_POINT ( 'NONE', #2967 ) ;
#7408 = UNCERTAINTY_MEASURE_WITH_UNIT (LENGTH_MEASURE( 1.000000000000000082E-05 ), #2594, 'distance_accuracy_value', 'NONE');
#7409 = SURFACE_STYLE_FILL_AREA ( #3277 ) ;
#7410 = LINE ( 'NONE', #6598, #1223 ) ;
#7411 = ORIENTED_EDGE ( 'NONE', *, *, #7466, .T. ) ;
#7412 = STYLED_ITEM ( 'NONE', ( #6908 ), #41 ) ;
#7413 = SURFACE_STYLE_USAGE ( .BOTH. , #9802 ) ;
#7414 = EDGE_CURVE ( 'NONE', #7197, #2825, #5307, .T. ) ;
#7415 = CARTESIAN_POINT ( 'NONE',  ( -48.84026666726100530, 26.27451869865799949, 3.545000000010997798 ) ) ;
#7416 = EDGE_CURVE ( 'NONE', #115, #1152, #6182, .T. ) ;
#7417 =( NAMED_UNIT ( * ) PLANE_ANGLE_UNIT ( ) SI_UNIT ( $, .RADIAN. ) );
#7418 = FILL_AREA_STYLE_COLOUR ( '', #2237 ) ;
#7419 = CARTESIAN_POINT ( 'NONE',  ( -14.90026666726099869, 16.78042790316279920, 3.945000000010995045 ) ) ;
#7420 = SURFACE_STYLE_FILL_AREA ( #4973 ) ;
#7421 = VECTOR ( 'NONE', #5806, 1000.000000000000000 ) ;
#7422 = FILL_AREA_STYLE ('',( #4096 ) ) ;
#7423 = ORIENTED_EDGE ( 'NONE', *, *, #4263, .T. ) ;
#7424 = ORIENTED_EDGE ( 'NONE', *, *, #8861, .F. ) ;
#7425 = ORIENTED_EDGE ( 'NONE', *, *, #1502, .T. ) ;
#7426 = VECTOR ( 'NONE', #524, 1000.000000000000000 ) ;
#7427 = EDGE_CURVE ( 'NONE', #2172, #5809, #412, .T. ) ;
#7428 = DIRECTION ( 'NONE',  ( 0.000000000000000000, -1.000000000000000000, 0.000000000000000000 ) ) ;
#7429 = PRESENTATION_LAYER_ASSIGNMENT (  '', '', ( #8446 ) ) ;
#7430 = DIRECTION ( 'NONE',  ( 0.000000000000000000, -2.220446049250309876E-16, -1.000000000000000000 ) ) ;
#7431 =( NAMED_UNIT ( * ) PLANE_ANGLE_UNIT ( ) SI_UNIT ( $, .RADIAN. ) );
#7432 = FILL_AREA_STYLE_COLOUR ( '', #836 ) ;
#7433 =( GEOMETRIC_REPRESENTATION_CONTEXT ( 3 ) GLOBAL_UNCERTAINTY_ASSIGNED_CONTEXT ( ( #3239 ) ) GLOBAL_UNIT_ASSIGNED_CONTEXT ( ( #1448, #5512, #3938 ) ) REPRESENTATION_CONTEXT ( 'NONE', 'WORKASPACE' ) );
#7434 = FACE_OUTER_BOUND ( 'NONE', #3013, .T. ) ;
#7435 =( NAMED_UNIT ( * ) SI_UNIT ( $, .STERADIAN. ) SOLID_ANGLE_UNIT ( ) );
#7436 = ORIENTED_EDGE ( 'NONE', *, *, #4470, .F. ) ;
#7437 = VECTOR ( 'NONE', #6706, 1000.000000000000000 ) ;
#7438 = PLANE ( 'NONE',  #5234 ) ;
#7439 = UNCERTAINTY_MEASURE_WITH_UNIT (LENGTH_MEASURE( 1.000000000000000082E-05 ), #2245, 'distance_accuracy_value', 'NONE');
#7440 = CARTESIAN_POINT ( 'NONE',  ( -14.90026666726099869, 12.18042790316279778, 3.945000000010995045 ) ) ;
#7441 = FILL_AREA_STYLE_COLOUR ( '', #9345 ) ;
#7442 = EDGE_CURVE ( 'NONE', #449, #6760, #3743, .T. ) ;
#7443 = VECTOR ( 'NONE', #4156, 1000.000000000000000 ) ;
#7444 = DIRECTION ( 'NONE',  ( 0.000000000000000000, -1.000000000000000000, 0.000000000000000000 ) ) ;
#7445 =( NAMED_UNIT ( * ) PLANE_ANGLE_UNIT ( ) SI_UNIT ( $, .RADIAN. ) );
#7446 = ORIENTED_EDGE ( 'NONE', *, *, #3208, .F. ) ;
#7447 = DIRECTION ( 'NONE',  ( 0.000000000000000000, -2.220446049250309876E-16, -1.000000000000000000 ) ) ;
#7448 = VERTEX_POINT ( 'NONE', #3787 ) ;
#7449 = ORIENTED_EDGE ( 'NONE', *, *, #1868, .F. ) ;
#7450 = SURFACE_SIDE_STYLE ('',( #3109 ) ) ;
#7451 =( NAMED_UNIT ( * ) SI_UNIT ( $, .STERADIAN. ) SOLID_ANGLE_UNIT ( ) );
#7452 = VECTOR ( 'NONE', #9540, 1000.000000000000000 ) ;
#7453 = CARTESIAN_POINT ( 'NONE',  ( -41.53771170588249362, 19.03451869865800106, 3.945000000010995045 ) ) ;
#7454 = CARTESIAN_POINT ( 'NONE',  ( -29.27854998418980159, 1.214518698657939710, 2.345000000010998065 ) ) ;
#7455 = DIRECTION ( 'NONE',  ( 0.000000000000000000, 1.000000000000000000, -4.336808689942013792E-16 ) ) ;
#7456 =( LENGTH_UNIT ( ) NAMED_UNIT ( * ) SI_UNIT ( .MILLI., .METRE. ) );
#7457 = VECTOR ( 'NONE', #3882, 1000.000000000000000 ) ;
#7458 = MECHANICAL_DESIGN_GEOMETRIC_PRESENTATION_REPRESENTATION (  '', ( #4149 ), #2415 ) ;
#7459 =( NAMED_UNIT ( * ) PLANE_ANGLE_UNIT ( ) SI_UNIT ( $, .RADIAN. ) );
#7460 = PRESENTATION_STYLE_ASSIGNMENT (( #6545 ) ) ;
#7461 = ORIENTED_EDGE ( 'NONE', *, *, #1653, .F. ) ;
#7462 = DIRECTION ( 'NONE',  ( 0.000000000000000000, -1.000000000000000000, 0.000000000000000000 ) ) ;
#7463 = LINE ( 'NONE', #8315, #2471 ) ;
#7464 = ORIENTED_EDGE ( 'NONE', *, *, #9514, .T. ) ;
#7465 = VECTOR ( 'NONE', #10717, 1000.000000000000000 ) ;
#7466 = EDGE_CURVE ( 'NONE', #8276, #2774, #2085, .T. ) ;
#7467 = ADVANCED_FACE ( 'NONE', ( #9497 ), #8011, .F. ) ;
#7468 = DIRECTION ( 'NONE',  ( 0.000000000000000000, -1.000000000000000000, 0.000000000000000000 ) ) ;
#7469 = CARTESIAN_POINT ( 'NONE',  ( -14.90026666726099869, 8.680427903162851067, 5.135000000010998988 ) ) ;
#7470 = SURFACE_SIDE_STYLE ('',( #10787 ) ) ;
#7471 = DIRECTION ( 'NONE',  ( 0.000000000000000000, 1.000000000000000000, -2.220446049250309876E-16 ) ) ;
#7472 = CIRCLE ( 'NONE', #6964, 0.9999999999999991118 ) ;
#7473 =( GEOMETRIC_REPRESENTATION_CONTEXT ( 3 ) GLOBAL_UNCERTAINTY_ASSIGNED_CONTEXT ( ( #5190 ) ) GLOBAL_UNIT_ASSIGNED_CONTEXT ( ( #3795, #3043, #368 ) ) REPRESENTATION_CONTEXT ( 'NONE', 'WORKASPACE' ) );
#7474 = CARTESIAN_POINT ( 'NONE',  ( -21.50302962540590102, 9.914518698658000062, 3.145000000011000107 ) ) ;
#7475 = ORIENTED_EDGE ( 'NONE', *, *, #9390, .T. ) ;
#7476 = ADVANCED_FACE ( 'NONE', ( #2457 ), #5836, .F. ) ;
#7477 = EDGE_LOOP ( 'NONE', ( #8832, #9996, #9984, #2516, #9372, #10674 ) ) ;
#7478 = ORIENTED_EDGE ( 'NONE', *, *, #4479, .F. ) ;
#7479 = COLOUR_RGB ( '',1.000000000000000000, 0.9568627450980391469, 0.8862745098039215286 ) ;
#7480 =( NAMED_UNIT ( * ) PLANE_ANGLE_UNIT ( ) SI_UNIT ( $, .RADIAN. ) );
#7481 = CARTESIAN_POINT ( 'NONE',  ( -46.09026666726099819, 18.63451869865799893, 2.745000000010995755 ) ) ;
#7482 = PRESENTATION_LAYER_ASSIGNMENT (  '', '', ( #5185 ) ) ;
#7483 = DIRECTION ( 'NONE',  ( 1.000000000000000000, 0.000000000000000000, 0.000000000000000000 ) ) ;
#7484 =( NAMED_UNIT ( * ) SI_UNIT ( $, .STERADIAN. ) SOLID_ANGLE_UNIT ( ) );
#7485 = LINE ( 'NONE', #8230, #8057 ) ;
#7486 = FILL_AREA_STYLE_COLOUR ( '', #7990 ) ;
#7487 = DIRECTION ( 'NONE',  ( 0.000000000000000000, -2.220446049250309876E-16, -1.000000000000000000 ) ) ;
#7488 = UNCERTAINTY_MEASURE_WITH_UNIT (LENGTH_MEASURE( 1.000000000000000082E-05 ), #3821, 'distance_accuracy_value', 'NONE');
#7489 = VERTEX_POINT ( 'NONE', #57 ) ;
#7490 = PRESENTATION_LAYER_ASSIGNMENT (  '', '', ( #4358 ) ) ;
#7491 = STYLED_ITEM ( 'NONE', ( #9908 ), #9910 ) ;
#7492 = CARTESIAN_POINT ( 'NONE',  ( -15.74029191166209962, 0.7552770393057404164, 3.945000000010995933 ) ) ;
#7493 = SURFACE_STYLE_USAGE ( .BOTH. , #8293 ) ;
#7494 =( NAMED_UNIT ( * ) SI_UNIT ( $, .STERADIAN. ) SOLID_ANGLE_UNIT ( ) );
#7495 = PRODUCT_DEFINITION_CONTEXT ( 'detailed design', #9467, 'design' ) ;
#7496 = AXIS2_PLACEMENT_3D ( 'NONE', #9689, #3724, #5616 ) ;
#7497 = LINE ( 'NONE', #4999, #9023 ) ;
#7498 = VERTEX_POINT ( 'NONE', #10054 ) ;
#7499 = CARTESIAN_POINT ( 'NONE',  ( 0.000000000000000000, 3.200000000000000178, 0.000000000000000000 ) ) ;
#7500 = SURFACE_SIDE_STYLE ('',( #7291 ) ) ;
#7501 = VERTEX_POINT ( 'NONE', #8207 ) ;
#7502 = ORIENTED_EDGE ( 'NONE', *, *, #3409, .T. ) ;
#7503 = DIRECTION ( 'NONE',  ( 0.000000000000000000, 1.000000000000000000, 0.000000000000000000 ) ) ;
#7504 = VECTOR ( 'NONE', #1690, 1000.000000000000000 ) ;
#7505 = FACE_OUTER_BOUND ( 'NONE', #7477, .T. ) ;
#7506 = COLOUR_RGB ( '',0.07058823529411764608, 0.07058823529411764608, 0.07058823529411764608 ) ;
#7507 = FACE_OUTER_BOUND ( 'NONE', #1068, .T. ) ;
#7508 = VECTOR ( 'NONE', #1646, 1000.000000000000000 ) ;
#7509 = LINE ( 'NONE', #3386, #7437 ) ;
#7510 = COLOUR_RGB ( '',0.1882352941176470562, 0.2313725490196078538, 0.5882352941176470784 ) ;
#7511 = LINE ( 'NONE', #3390, #8075 ) ;
#7512 = DIRECTION ( 'NONE',  ( 1.000000000000000000, 0.000000000000000000, 0.000000000000000000 ) ) ;
#7513 = AXIS2_PLACEMENT_3D ( 'NONE', #8422, #778, #4901 ) ;
#7514 = SURFACE_SIDE_STYLE ('',( #2066 ) ) ;
#7515 = PLANE ( 'NONE',  #2246 ) ;
#7516 = CIRCLE ( 'NONE', #2294, 0.1999999999999987899 ) ;
#7517 = ORIENTED_EDGE ( 'NONE', *, *, #538, .T. ) ;
#7518 = DIRECTION ( 'NONE',  ( 0.000000000000000000, 0.000000000000000000, -1.000000000000000000 ) ) ;
#7519 = AXIS2_PLACEMENT_3D ( 'NONE', #1479, #3212, #488 ) ;
#7520 = LINE ( 'NONE', #729, #7341 ) ;
#7521 = EDGE_LOOP ( 'NONE', ( #7557, #1263, #5970, #4459 ) ) ;
#7522 = CARTESIAN_POINT ( 'NONE',  ( -21.60302962540589888, 11.01451869865799971, 3.945000000010995045 ) ) ;
#7523 = SURFACE_STYLE_FILL_AREA ( #1829 ) ;
#7524 = VECTOR ( 'NONE', #3879, 1000.000000000000000 ) ;
#7525 = SURFACE_STYLE_USAGE ( .BOTH. , #9161 ) ;
#7526 = CIRCLE ( 'NONE', #4224, 2.000000000000000000 ) ;
#7527 = SURFACE_STYLE_USAGE ( .BOTH. , #8322 ) ;
#7528 = AXIS2_PLACEMENT_3D ( 'NONE', #5969, #877, #5869 ) ;
#7529 = COLOUR_RGB ( '',1.000000000000000000, 0.8078431372549019773, 0.4980392156862745168 ) ;
#7530 = CARTESIAN_POINT ( 'NONE',  ( -41.74026666726099677, 0.7945186986579400035, 3.545000000010997798 ) ) ;
#7531 = ADVANCED_FACE ( 'NONE', ( #7 ), #9036, .T. ) ;
#7532 = EDGE_CURVE ( 'NONE', #8657, #4015, #727, .T. ) ;
#7533 = ORIENTED_EDGE ( 'NONE', *, *, #4190, .T. ) ;
#7534 = AXIS2_PLACEMENT_3D ( 'NONE', #1433, #4181, #1542 ) ;
#7535 = EDGE_CURVE ( 'NONE', #9703, #6634, #4900, .T. ) ;
#7536 = ORIENTED_EDGE ( 'NONE', *, *, #2482, .F. ) ;
#7537 = EDGE_LOOP ( 'NONE', ( #1766, #3155, #1099, #6737, #1369, #9000 ) ) ;
#7538 = CARTESIAN_POINT ( 'NONE',  ( -46.09026666726099108, 18.38451869865790300, 2.745000000010979768 ) ) ;
#7539 = MECHANICAL_DESIGN_GEOMETRIC_PRESENTATION_REPRESENTATION (  '', ( #2664 ), #6849 ) ;
#7540 = VECTOR ( 'NONE', #493, 1000.000000000000000 ) ;
#7541 = LINE ( 'NONE', #10688, #1392 ) ;
#7542 = FILL_AREA_STYLE ('',( #956 ) ) ;
#7543 = SURFACE_SIDE_STYLE ('',( #6564 ) ) ;
#7544 = EDGE_CURVE ( 'NONE', #1288, #7101, #5927, .T. ) ;
#7545 = MECHANICAL_DESIGN_GEOMETRIC_PRESENTATION_REPRESENTATION (  '', ( #5278 ), #5460 ) ;
#7546 = DIRECTION ( 'NONE',  ( -1.000000000000000000, 0.000000000000000000, 0.000000000000000000 ) ) ;
#7547 = SURFACE_SIDE_STYLE ('',( #862 ) ) ;
#7548 = MECHANICAL_DESIGN_GEOMETRIC_PRESENTATION_REPRESENTATION (  '', ( #13 ), #6853 ) ;
#7549 = CARTESIAN_POINT ( 'NONE',  ( -19.50302962540589746, 9.114518698657999352, 3.745000000010996644 ) ) ;
#7550 = ORIENTED_EDGE ( 'NONE', *, *, #3925, .T. ) ;
#7551 =( NAMED_UNIT ( * ) SI_UNIT ( $, .STERADIAN. ) SOLID_ANGLE_UNIT ( ) );
#7552 = AXIS2_PLACEMENT_3D ( 'NONE', #7894, #9578, #2121 ) ;
#7553 = FACE_OUTER_BOUND ( 'NONE', #10524, .T. ) ;
#7554 = PRESENTATION_LAYER_ASSIGNMENT (  '', '', ( #3556 ) ) ;
#7555 = CARTESIAN_POINT ( 'NONE',  ( -39.74026666726099677, 3.194518698657949685, 3.945000000010995045 ) ) ;
#7556 = EDGE_CURVE ( 'NONE', #5748, #2854, #8314, .T. ) ;
#7557 = ORIENTED_EDGE ( 'NONE', *, *, #1241, .F. ) ;
#7558 = PRESENTATION_LAYER_ASSIGNMENT (  '', '', ( #4248 ) ) ;
#7559 = LINE ( 'NONE', #7499, #8035 ) ;
#7560 = DIRECTION ( 'NONE',  ( 0.000000000000000000, -1.000000000000000000, 0.000000000000000000 ) ) ;
#7561 = ORIENTED_EDGE ( 'NONE', *, *, #3850, .F. ) ;
#7562 = LINE ( 'NONE', #1037, #6831 ) ;
#7563 = AXIS2_PLACEMENT_3D ( 'NONE', #1393, #7106, #4799 ) ;
#7564 = DIRECTION ( 'NONE',  ( 0.000000000000000000, 1.000000000000000000, -2.220446049250309876E-16 ) ) ;
#7565 = ADVANCED_FACE ( 'NONE', ( #9957 ), #4089, .T. ) ;
#7566 = PLANE ( 'NONE',  #6978 ) ;
#7567 =( NAMED_UNIT ( * ) PLANE_ANGLE_UNIT ( ) SI_UNIT ( $, .RADIAN. ) );
#7568 = DIRECTION ( 'NONE',  ( 0.000000000000000000, 2.220446049250309876E-16, 1.000000000000000000 ) ) ;
#7569 = VERTEX_POINT ( 'NONE', #3489 ) ;
#7570 =( LENGTH_UNIT ( ) NAMED_UNIT ( * ) SI_UNIT ( .MILLI., .METRE. ) );
#7571 = DIRECTION ( 'NONE',  ( 0.000000000000000000, 0.000000000000000000, -1.000000000000000000 ) ) ;
#7572 = ORIENTED_EDGE ( 'NONE', *, *, #6410, .T. ) ;
#7573 = DIRECTION ( 'NONE',  ( 0.000000000000000000, -2.220446049250309876E-16, -1.000000000000000000 ) ) ;
#7574 = SURFACE_STYLE_FILL_AREA ( #10282 ) ;
#7575 = AXIS2_PLACEMENT_3D ( 'NONE', #9717, #3093, #2932 ) ;
#7576 = EDGE_CURVE ( 'NONE', #10590, #2375, #4400, .T. ) ;
#7577 =( NAMED_UNIT ( * ) SI_UNIT ( $, .STERADIAN. ) SOLID_ANGLE_UNIT ( ) );
#7578 = LINE ( 'NONE', #5936, #9045 ) ;
#7579 = ORIENTED_EDGE ( 'NONE', *, *, #3687, .T. ) ;
#7580 = ORIENTED_EDGE ( 'NONE', *, *, #5796, .T. ) ;
#7581 = STYLED_ITEM ( 'NONE', ( #3910 ), #101 ) ;
#7582 = ORIENTED_EDGE ( 'NONE', *, *, #8497, .F. ) ;
#7583 = ORIENTED_EDGE ( 'NONE', *, *, #593, .F. ) ;
#7584 = ADVANCED_FACE ( 'NONE', ( #5168 ), #7841, .T. ) ;
#7585 =( LENGTH_UNIT ( ) NAMED_UNIT ( * ) SI_UNIT ( .MILLI., .METRE. ) );
#7586 = SURFACE_STYLE_USAGE ( .BOTH. , #4983 ) ;
#7587 = STYLED_ITEM ( 'NONE', ( #3414 ), #273 ) ;
#7588 = DIRECTION ( 'NONE',  ( 0.000000000000000000, -1.000000000000000000, 2.220446049250309876E-16 ) ) ;
#7589 = SURFACE_STYLE_USAGE ( .BOTH. , #9062 ) ;
#7590 = LINE ( 'NONE', #9324, #1123 ) ;
#7591 =( NAMED_UNIT ( * ) PLANE_ANGLE_UNIT ( ) SI_UNIT ( $, .RADIAN. ) );
#7592 = VERTEX_POINT ( 'NONE', #5334 ) ;
#7593 =( GEOMETRIC_REPRESENTATION_CONTEXT ( 3 ) GLOBAL_UNCERTAINTY_ASSIGNED_CONTEXT ( ( #4754 ) ) GLOBAL_UNIT_ASSIGNED_CONTEXT ( ( #2873, #9660, #242 ) ) REPRESENTATION_CONTEXT ( 'NONE', 'WORKASPACE' ) );
#7594 = DIRECTION ( 'NONE',  ( 0.000000000000000000, 2.220446049250309876E-16, 1.000000000000000000 ) ) ;
#7595 = CYLINDRICAL_SURFACE ( 'NONE', #5244, 2.000000000000000000 ) ;
#7596 = COLOUR_RGB ( '',1.000000000000000000, 0.9568627450980391469, 0.8862745098039215286 ) ;
#7597 = EDGE_CURVE ( 'NONE', #8822, #4015, #4464, .T. ) ;
#7598 = DIRECTION ( 'NONE',  ( -1.000000000000000000, 0.000000000000000000, 0.000000000000000000 ) ) ;
#7599 =( NAMED_UNIT ( * ) SI_UNIT ( $, .STERADIAN. ) SOLID_ANGLE_UNIT ( ) );
#7600 = EDGE_CURVE ( 'NONE', #1986, #9864, #4300, .T. ) ;
#7601 = CARTESIAN_POINT ( 'NONE',  ( -26.07854998418979875, 3.014518698657940199, 2.345000000010998065 ) ) ;
#7602 = AXIS2_PLACEMENT_3D ( 'NONE', #5133, #7697, #3354 ) ;
#7603 = CARTESIAN_POINT ( 'NONE',  ( -44.54026666726100103, 17.28451869865799750, 3.545000000010997798 ) ) ;
#7604 = FILL_AREA_STYLE ('',( #4122 ) ) ;
#7605 = SURFACE_STYLE_FILL_AREA ( #5205 ) ;
#7606 = VERTEX_POINT ( 'NONE', #1939 ) ;
#7607 = FACE_OUTER_BOUND ( 'NONE', #10149, .T. ) ;
#7608 = EDGE_CURVE ( 'NONE', #2673, #9388, #1053, .T. ) ;
#7609 = LINE ( 'NONE', #253, #1059 ) ;
#7610 = VECTOR ( 'NONE', #3736, 1000.000000000000000 ) ;
#7611 = PLANE ( 'NONE',  #2227 ) ;
#7612 =( NAMED_UNIT ( * ) PLANE_ANGLE_UNIT ( ) SI_UNIT ( $, .RADIAN. ) );
#7613 =( NAMED_UNIT ( * ) PLANE_ANGLE_UNIT ( ) SI_UNIT ( $, .RADIAN. ) );
#7614 = CARTESIAN_POINT ( 'NONE',  ( -21.74029191166209785, 5.073121729659039403, 2.145000000010998775 ) ) ;
#7615 = CARTESIAN_POINT ( 'NONE',  ( -46.24026666726099677, 21.13451869865799893, 5.145000000010999663 ) ) ;
#7616 =( NAMED_UNIT ( * ) PLANE_ANGLE_UNIT ( ) SI_UNIT ( $, .RADIAN. ) );
#7617 = CARTESIAN_POINT ( 'NONE',  ( -47.14026666726099535, 19.98451869865800035, 3.545000000010997798 ) ) ;
#7618 = COLOUR_RGB ( '',1.000000000000000000, 0.7568627450980391913, 0.5647058823529411686 ) ;
#7619 = ORIENTED_EDGE ( 'NONE', *, *, #1910, .T. ) ;
#7620 = DIRECTION ( 'NONE',  ( 0.000000000000000000, 1.000000000000000000, 0.000000000000000000 ) ) ;
#7621 = ADVANCED_FACE ( 'NONE', ( #10105 ), #6097, .F. ) ;
#7622 = CARTESIAN_POINT ( 'NONE',  ( -21.60302962540589888, 17.01451869865799793, 3.945000000010995045 ) ) ;
#7623 = ORIENTED_EDGE ( 'NONE', *, *, #3452, .F. ) ;
#7624 = CARTESIAN_POINT ( 'NONE',  ( -14.90026666726099869, 16.78042790316279920, 5.135000000010998988 ) ) ;
#7625 = CARTESIAN_POINT ( 'NONE',  ( 1.344999999999999973, 5.299999999999999822, -0.8750000000000000000 ) ) ;
#7626 = COLOUR_RGB ( '',1.000000000000000000, 0.9568627450980391469, 0.8862745098039215286 ) ;
#7627 =( NAMED_UNIT ( * ) SI_UNIT ( $, .STERADIAN. ) SOLID_ANGLE_UNIT ( ) );
#7628 = SURFACE_STYLE_USAGE ( .BOTH. , #3500 ) ;
#7629 = ORIENTED_EDGE ( 'NONE', *, *, #5540, .F. ) ;
#7630 = DIRECTION ( 'NONE',  ( 1.807003620809174878E-16, 0.000000000000000000, -1.000000000000000000 ) ) ;
#7631 = ORIENTED_EDGE ( 'NONE', *, *, #8409, .F. ) ;
#7632 =( GEOMETRIC_REPRESENTATION_CONTEXT ( 3 ) GLOBAL_UNCERTAINTY_ASSIGNED_CONTEXT ( ( #537 ) ) GLOBAL_UNIT_ASSIGNED_CONTEXT ( ( #5549, #5384, #8696 ) ) REPRESENTATION_CONTEXT ( 'NONE', 'WORKASPACE' ) );
#7633 = VECTOR ( 'NONE', #2272, 1000.000000000000000 ) ;
#7634 = VERTEX_POINT ( 'NONE', #5281 ) ;
#7635 = ORIENTED_EDGE ( 'NONE', *, *, #5409, .T. ) ;
#7636 = FILL_AREA_STYLE_COLOUR ( '', #700 ) ;
#7637 = SURFACE_SIDE_STYLE ('',( #4316 ) ) ;
#7638 = UNCERTAINTY_MEASURE_WITH_UNIT (LENGTH_MEASURE( 1.000000000000000082E-05 ), #9273, 'distance_accuracy_value', 'NONE');
#7639 = DIRECTION ( 'NONE',  ( 0.000000000000000000, 2.220446049250309876E-16, 1.000000000000000000 ) ) ;
#7640 = DIRECTION ( 'NONE',  ( 0.000000000000000000, -1.000000000000000000, 3.469446951953614189E-16 ) ) ;
#7641 = SURFACE_STYLE_FILL_AREA ( #961 ) ;
#7642 = AXIS2_PLACEMENT_3D ( 'NONE', #2557, #9020, #4882 ) ;
#7643 = PRESENTATION_LAYER_ASSIGNMENT (  '', '', ( #6608 ) ) ;
#7644 = UNCERTAINTY_MEASURE_WITH_UNIT (LENGTH_MEASURE( 1.000000000000000082E-05 ), #10134, 'distance_accuracy_value', 'NONE');
#7645 = VECTOR ( 'NONE', #4622, 1000.000000000000000 ) ;
#7646 = FACE_BOUND ( 'NONE', #2724, .T. ) ;
#7647 = FACE_OUTER_BOUND ( 'NONE', #750, .T. ) ;
#7648 = DIRECTION ( 'NONE',  ( 0.000000000000000000, -2.220446049250309876E-16, -1.000000000000000000 ) ) ;
#7649 = VERTEX_POINT ( 'NONE', #263 ) ;
#7650 = STYLED_ITEM ( 'NONE', ( #3514 ), #8883 ) ;
#7651 = DIRECTION ( 'NONE',  ( 0.000000000000000000, 1.000000000000000000, -2.220446049250309876E-16 ) ) ;
#7652 = PRESENTATION_LAYER_ASSIGNMENT (  '', '', ( #5910 ) ) ;
#7653 = AXIS2_PLACEMENT_3D ( 'NONE', #10465, #7149, #3011 ) ;
#7654 = SURFACE_SIDE_STYLE ('',( #2814 ) ) ;
#7655 = SURFACE_STYLE_USAGE ( .BOTH. , #5145 ) ;
#7656 = LINE ( 'NONE', #5706, #1070 ) ;
#7657 = DIRECTION ( 'NONE',  ( 0.000000000000000000, 1.000000000000000000, -2.220446049250309876E-16 ) ) ;
#7658 =( NAMED_UNIT ( * ) PLANE_ANGLE_UNIT ( ) SI_UNIT ( $, .RADIAN. ) );
#7659 = CARTESIAN_POINT ( 'NONE',  ( -22.88026666726100089, 10.29451869865800084, 5.135000000010998988 ) ) ;
#7660 = PRESENTATION_STYLE_ASSIGNMENT (( #5106 ) ) ;
#7661 = PLANE ( 'NONE',  #9378 ) ;
#7662 = ORIENTED_EDGE ( 'NONE', *, *, #9075, .F. ) ;
#7663 = EDGE_CURVE ( 'NONE', #3018, #6982, #6873, .T. ) ;
#7664 = EDGE_CURVE ( 'NONE', #6052, #230, #2839, .T. ) ;
#7665 = PRESENTATION_STYLE_ASSIGNMENT (( #6800 ) ) ;
#7666 = CARTESIAN_POINT ( 'NONE',  ( -19.90302962540589959, 17.01451869865799793, 3.345000000010998953 ) ) ;
#7667 = EDGE_CURVE ( 'NONE', #3949, #2387, #3894, .T. ) ;
#7668 = PRESENTATION_LAYER_ASSIGNMENT (  '', '', ( #6628 ) ) ;
#7669 = CARTESIAN_POINT ( 'NONE',  ( -15.74029191166209962, 23.09527703930579889, 3.955000000010998384 ) ) ;
#7670 = CARTESIAN_POINT ( 'NONE',  ( -13.24026666726099855, 26.27451869865799949, 3.945000000010995045 ) ) ;
#7671 = FILL_AREA_STYLE_COLOUR ( '', #8132 ) ;
#7672 = ORIENTED_EDGE ( 'NONE', *, *, #2960, .T. ) ;
#7673 = EDGE_CURVE ( 'NONE', #6278, #3454, #3023, .T. ) ;
#7674 = SURFACE_SIDE_STYLE ('',( #261 ) ) ;
#7675 = MECHANICAL_DESIGN_GEOMETRIC_PRESENTATION_REPRESENTATION (  '', ( #8173 ), #3861 ) ;
#7676 = ORIENTED_EDGE ( 'NONE', *, *, #9563, .T. ) ;
#7677 =( NAMED_UNIT ( * ) PLANE_ANGLE_UNIT ( ) SI_UNIT ( $, .RADIAN. ) );
#7678 = ORIENTED_EDGE ( 'NONE', *, *, #1604, .T. ) ;
#7679 = CIRCLE ( 'NONE', #5079, 0.1999999999999996503 ) ;
#7680 = SHAPE_REPRESENTATION ( 'NEO6M_UP', ( #1039 ), #2291 ) ;
#7681 =( LENGTH_UNIT ( ) NAMED_UNIT ( * ) SI_UNIT ( .MILLI., .METRE. ) );
#7682 = LINE ( 'NONE', #167, #3710 ) ;
#7683 = CARTESIAN_POINT ( 'NONE',  ( -19.50302962540589746, 9.114518698657999352, 3.945000000010995045 ) ) ;
#7684 = EDGE_CURVE ( 'NONE', #10070, #5835, #103, .T. ) ;
#7685 = CARTESIAN_POINT ( 'NONE',  ( -47.14026666726099535, 19.98451869865800035, 3.945000000010995045 ) ) ;
#7686 = COLOUR_RGB ( '',1.000000000000000000, 0.9568627450980391469, 0.8862745098039215286 ) ;
#7687 = ORIENTED_EDGE ( 'NONE', *, *, #8345, .F. ) ;
#7688 = DIRECTION ( 'NONE',  ( 0.000000000000000000, 2.220446049250309876E-16, 1.000000000000000000 ) ) ;
#7689 =( GEOMETRIC_REPRESENTATION_CONTEXT ( 3 ) GLOBAL_UNCERTAINTY_ASSIGNED_CONTEXT ( ( #219 ) ) GLOBAL_UNIT_ASSIGNED_CONTEXT ( ( #657, #7405, #4085 ) ) REPRESENTATION_CONTEXT ( 'NONE', 'WORKASPACE' ) );
#7690 = ORIENTED_EDGE ( 'NONE', *, *, #5799, .F. ) ;
#7691 = VECTOR ( 'NONE', #6785, 1000.000000000000000 ) ;
#7692 = PRODUCT_DEFINITION_FORMATION_WITH_SPECIFIED_SOURCE ( 'ANY', '', #7122, .NOT_KNOWN. ) ;
#7693 = ORIENTED_EDGE ( 'NONE', *, *, #4794, .F. ) ;
#7694 = VERTEX_POINT ( 'NONE', #6266 ) ;
#7695 = AXIS2_PLACEMENT_3D ( 'NONE', #508, #402, #3779 ) ;
#7696 = CARTESIAN_POINT ( 'NONE',  ( -14.90026666726099869, 14.24042790316280005, 3.945000000010995045 ) ) ;
#7697 = DIRECTION ( 'NONE',  ( 0.000000000000000000, 2.220446049250309876E-16, 1.000000000000000000 ) ) ;
#7698 = CIRCLE ( 'NONE', #2841, 0.2000000000000000944 ) ;
#7699 = SURFACE_STYLE_USAGE ( .BOTH. , #4378 ) ;
#7700 = ADVANCED_FACE ( 'NONE', ( #4732 ), #9789, .F. ) ;
#7701 = DIRECTION ( 'NONE',  ( 0.000000000000000000, 1.000000000000000000, -4.336808689942013792E-16 ) ) ;
#7702 = COLOUR_RGB ( '',1.000000000000000000, 0.9568627450980391469, 0.8862745098039215286 ) ;
#7703 = CARTESIAN_POINT ( 'NONE',  ( 0.6500000000000000222, 0.2000000000000000111, 0.000000000000000000 ) ) ;
#7704 = CARTESIAN_POINT ( 'NONE',  ( -39.74026666726099677, 1.594518698657940048, 3.945000000010995045 ) ) ;
#7705 = MECHANICAL_DESIGN_GEOMETRIC_PRESENTATION_REPRESENTATION (  '', ( #4920 ), #893 ) ;
#7706 = VERTEX_POINT ( 'NONE', #8091 ) ;
#7707 = LINE ( 'NONE', #6014, #8908 ) ;
#7708 = UNCERTAINTY_MEASURE_WITH_UNIT (LENGTH_MEASURE( 1.000000000000000082E-05 ), #173, 'distance_accuracy_value', 'NONE');
#7709 = ORIENTED_EDGE ( 'NONE', *, *, #7206, .T. ) ;
#7710 = FACE_OUTER_BOUND ( 'NONE', #943, .T. ) ;
#7711 = CARTESIAN_POINT ( 'NONE',  ( -41.74026666726099677, 2.394518698657940536, 3.545000000010997798 ) ) ;
#7712 = DIRECTION ( 'NONE',  ( 0.000000000000000000, 2.220446049250309876E-16, 1.000000000000000000 ) ) ;
#7713 = AXIS2_PLACEMENT_3D ( 'NONE', #136, #2281, #1607 ) ;
#7714 = CARTESIAN_POINT ( 'NONE',  ( -39.54026666726100103, 20.29451869865799551, 5.135000000010998988 ) ) ;
#7715 = DIRECTION ( 'NONE',  ( 1.000000000000000000, 0.000000000000000000, 0.000000000000000000 ) ) ;
#7716 =( LENGTH_UNIT ( ) NAMED_UNIT ( * ) SI_UNIT ( .MILLI., .METRE. ) );
#7717 = MECHANICAL_DESIGN_GEOMETRIC_PRESENTATION_REPRESENTATION (  '', ( #8369 ), #5619 ) ;
#7718 = DIRECTION ( 'NONE',  ( 0.000000000000000000, 2.220446049250309876E-16, 1.000000000000000000 ) ) ;
#7719 = CARTESIAN_POINT ( 'NONE',  ( -19.70302962540589675, 17.01451869865799793, 3.945000000010995045 ) ) ;
#7720 = SURFACE_SIDE_STYLE ('',( #7774 ) ) ;
#7721 = FILL_AREA_STYLE ('',( #10434 ) ) ;
#7722 =( LENGTH_UNIT ( ) NAMED_UNIT ( * ) SI_UNIT ( .MILLI., .METRE. ) );
#7723 = ORIENTED_EDGE ( 'NONE', *, *, #699, .F. ) ;
#7724 = VECTOR ( 'NONE', #8950, 1000.000000000000000 ) ;
#7725 = PRESENTATION_LAYER_ASSIGNMENT (  '', '', ( #6688 ) ) ;
#7726 = DIRECTION ( 'NONE',  ( -1.807003620809174878E-16, 0.000000000000000000, 1.000000000000000000 ) ) ;
#7727 = DIRECTION ( 'NONE',  ( 0.000000000000000000, -2.220446049250309876E-16, -1.000000000000000000 ) ) ;
#7728 = DIRECTION ( 'NONE',  ( 0.000000000000000000, 2.220446049250309876E-16, 1.000000000000000000 ) ) ;
#7729 = FILL_AREA_STYLE ('',( #2108 ) ) ;
#7730 = ADVANCED_FACE ( 'NONE', ( #3927 ), #8808, .F. ) ;
#7731 = DIRECTION ( 'NONE',  ( 0.000000000000000000, -1.000000000000000000, 2.220446049250309876E-16 ) ) ;
#7732 = STYLED_ITEM ( 'NONE', ( #9274 ), #3613 ) ;
#7733 = EDGE_CURVE ( 'NONE', #3562, #5308, #4750, .T. ) ;
#7734 = CARTESIAN_POINT ( 'NONE',  ( -15.74029191166209962, 4.755277039305740416, 3.955000000010997496 ) ) ;
#7735 = SURFACE_STYLE_FILL_AREA ( #10099 ) ;
#7736 = EDGE_LOOP ( 'NONE', ( #3404, #5620, #3293, #265 ) ) ;
#7737 = PRESENTATION_STYLE_ASSIGNMENT (( #3485 ) ) ;
#7738 = SURFACE_STYLE_USAGE ( .BOTH. , #938 ) ;
#7739 = ORIENTED_EDGE ( 'NONE', *, *, #1154, .F. ) ;
#7740 = VECTOR ( 'NONE', #7365, 1000.000000000000000 ) ;
#7741 = ORIENTED_EDGE ( 'NONE', *, *, #6345, .F. ) ;
#7742 = EDGE_CURVE ( 'NONE', #9211, #10706, #1276, .T. ) ;
#7743 = CARTESIAN_POINT ( 'NONE',  ( -46.24026666726099677, 23.13451869865799893, 3.945000000010995045 ) ) ;
#7744 = EDGE_CURVE ( 'NONE', #10287, #9116, #2498, .T. ) ;
#7745 = DIRECTION ( 'NONE',  ( 0.000000000000000000, -2.220446049250309876E-16, -1.000000000000000000 ) ) ;
#7746 = SURFACE_STYLE_FILL_AREA ( #1776 ) ;
#7747 =( GEOMETRIC_REPRESENTATION_CONTEXT ( 3 ) GLOBAL_UNCERTAINTY_ASSIGNED_CONTEXT ( ( #8262 ) ) GLOBAL_UNIT_ASSIGNED_CONTEXT ( ( #4685, #557, #2122 ) ) REPRESENTATION_CONTEXT ( 'NONE', 'WORKASPACE' ) );
#7748 = SURFACE_STYLE_FILL_AREA ( #9368 ) ;
#7749 = ORIENTED_EDGE ( 'NONE', *, *, #9456, .F. ) ;
#7750 = ORIENTED_EDGE ( 'NONE', *, *, #9936, .T. ) ;
#7751 = AXIS2_PLACEMENT_3D ( 'NONE', #1867, #4287, #1754 ) ;
#7752 = ORIENTED_EDGE ( 'NONE', *, *, #6441, .F. ) ;
#7753 = AXIS2_PLACEMENT_3D ( 'NONE', #1321, #313, #10390 ) ;
#7754 = EDGE_CURVE ( 'NONE', #7112, #2189, #4682, .T. ) ;
#7755 = CARTESIAN_POINT ( 'NONE',  ( -46.24026666726099677, 2.794518698657940003, 5.135000000010998988 ) ) ;
#7756 = CARTESIAN_POINT ( 'NONE',  ( -45.59026666726101951, 18.38451869865790655, 2.545000000011002239 ) ) ;
#7757 = UNCERTAINTY_MEASURE_WITH_UNIT (LENGTH_MEASURE( 1.000000000000000082E-05 ), #5697, 'distance_accuracy_value', 'NONE');
#7758 = CARTESIAN_POINT ( 'NONE',  ( -19.50302962540589746, 9.114518698657999352, 3.945000000010995045 ) ) ;
#7759 =( LENGTH_UNIT ( ) NAMED_UNIT ( * ) SI_UNIT ( .MILLI., .METRE. ) );
#7760 = CARTESIAN_POINT ( 'NONE',  ( -14.90026666726099869, 13.76042790316279962, 5.135000000010998988 ) ) ;
#7761 = LINE ( 'NONE', #7816, #6498 ) ;
#7762 = VERTEX_POINT ( 'NONE', #4785 ) ;
#7763 = CARTESIAN_POINT ( 'NONE',  ( -39.94026666726099961, 1.594518698657940048, 3.545000000010997798 ) ) ;
#7764 = VERTEX_POINT ( 'NONE', #7089 ) ;
#7765 = VERTEX_POINT ( 'NONE', #7297 ) ;
#7766 =( NAMED_UNIT ( * ) PLANE_ANGLE_UNIT ( ) SI_UNIT ( $, .RADIAN. ) );
#7767 = CARTESIAN_POINT ( 'NONE',  ( -42.73771170588249646, 16.63451869865799537, 3.745000000010996644 ) ) ;
#7768 =( NAMED_UNIT ( * ) SI_UNIT ( $, .STERADIAN. ) SOLID_ANGLE_UNIT ( ) );
#7769 = DIRECTION ( 'NONE',  ( 0.000000000000000000, -1.000000000000000000, 0.000000000000000000 ) ) ;
#7770 = PLANE ( 'NONE',  #6494 ) ;
#7771 = PRESENTATION_STYLE_ASSIGNMENT (( #2761 ) ) ;
#7772 = SURFACE_STYLE_FILL_AREA ( #9555 ) ;
#7774 = SURFACE_STYLE_FILL_AREA ( #5317 ) ;
#7773 = LINE ( 'NONE', #6250, #842 ) ;
#7775 = SURFACE_STYLE_FILL_AREA ( #4624 ) ;
#7776 = FILL_AREA_STYLE_COLOUR ( '', #4690 ) ;
#7777 = VERTEX_POINT ( 'NONE', #8759 ) ;
#7778 = LINE ( 'NONE', #3645, #6637 ) ;
#7779 = EDGE_CURVE ( 'NONE', #5547, #9082, #1250, .T. ) ;
#7780 = PRESENTATION_LAYER_ASSIGNMENT (  '', '', ( #433 ) ) ;
#7781 = ORIENTED_EDGE ( 'NONE', *, *, #5489, .T. ) ;
#7782 = SURFACE_STYLE_FILL_AREA ( #6974 ) ;
#7783 = FILL_AREA_STYLE_COLOUR ( '', #8029 ) ;
#7784 =( LENGTH_UNIT ( ) NAMED_UNIT ( * ) SI_UNIT ( .MILLI., .METRE. ) );
#7785 = ORIENTED_EDGE ( 'NONE', *, *, #9233, .F. ) ;
#7786 = CARTESIAN_POINT ( 'NONE',  ( 0.000000000000000000, 3.200000000000000178, 0.000000000000000000 ) ) ;
#7787 = PRESENTATION_LAYER_ASSIGNMENT (  '', '', ( #4822 ) ) ;
#7788 = ORIENTED_EDGE ( 'NONE', *, *, #6538, .T. ) ;
#7789 = COLOUR_RGB ( '',1.000000000000000000, 0.7568627450980391913, 0.5647058823529411686 ) ;
#7790 = DIRECTION ( 'NONE',  ( 0.000000000000000000, 2.220446049250309876E-16, 1.000000000000000000 ) ) ;
#7791 = UNCERTAINTY_MEASURE_WITH_UNIT (LENGTH_MEASURE( 1.000000000000000082E-05 ), #8574, 'distance_accuracy_value', 'NONE');
#7792 = FACE_OUTER_BOUND ( 'NONE', #4850, .T. ) ;
#7793 =( NAMED_UNIT ( * ) SI_UNIT ( $, .STERADIAN. ) SOLID_ANGLE_UNIT ( ) );
#7794 = SURFACE_SIDE_STYLE ('',( #5342 ) ) ;
#7795 =( LENGTH_UNIT ( ) NAMED_UNIT ( * ) SI_UNIT ( .MILLI., .METRE. ) );
#7796 = AXIS2_PLACEMENT_3D ( 'NONE', #5684, #9663, #3088 ) ;
#7797 = SURFACE_STYLE_FILL_AREA ( #1065 ) ;
#7798 = VERTEX_POINT ( 'NONE', #5008 ) ;
#7799 = EDGE_CURVE ( 'NONE', #8444, #9443, #4935, .T. ) ;
#7800 = CARTESIAN_POINT ( 'NONE',  ( -41.94026666726099961, 1.594518698657940048, 3.745000000010996644 ) ) ;
#7801 = ORIENTED_EDGE ( 'NONE', *, *, #6037, .F. ) ;
#7802 = ADVANCED_FACE ( 'NONE', ( #8304, #1539 ), #50, .T. ) ;
#7803 = EDGE_CURVE ( 'NONE', #8299, #2191, #3267, .T. ) ;
#7804 = ORIENTED_EDGE ( 'NONE', *, *, #7799, .F. ) ;
#7805 = EDGE_LOOP ( 'NONE', ( #5118, #596, #68, #1208 ) ) ;
#7806 = MECHANICAL_DESIGN_GEOMETRIC_PRESENTATION_REPRESENTATION (  '', ( #9873 ), #9007 ) ;
#7807 = PRODUCT_DEFINITION_SHAPE ( 'NONE', 'NONE',  #10832 ) ;
#7808 = FILL_AREA_STYLE ('',( #403 ) ) ;
#7809 = CARTESIAN_POINT ( 'NONE',  ( -26.77854998418979804, 4.514518698657940199, 3.945000000010995045 ) ) ;
#7810 = FILL_AREA_STYLE ('',( #5302 ) ) ;
#7811 = FACE_BOUND ( 'NONE', #10486, .T. ) ;
#7812 = VECTOR ( 'NONE', #9897, 1000.000000000000000 ) ;
#7813 = CARTESIAN_POINT ( 'NONE',  ( -41.98771170588250357, 15.03451869865800106, 3.945000000010995045 ) ) ;
#7814 = STYLED_ITEM ( 'NONE', ( #8979 ), #1704 ) ;
#7815 = ADVANCED_FACE ( 'NONE', ( #7505 ), #9839, .F. ) ;
#7816 = CARTESIAN_POINT ( 'NONE',  ( -0.6949999999999999512, 5.299999999999999822, -0.8750000000000000000 ) ) ;
#7817 = LINE ( 'NONE', #9495, #5640 ) ;
#7818 = EDGE_LOOP ( 'NONE', ( #4936, #3598, #8605, #8662 ) ) ;
#7819 = VERTEX_POINT ( 'NONE', #6638 ) ;
#7820 = MECHANICAL_DESIGN_GEOMETRIC_PRESENTATION_REPRESENTATION (  '', ( #2956 ), #276 ) ;
#7821 = FACE_OUTER_BOUND ( 'NONE', #4693, .T. ) ;
#7822 = VECTOR ( 'NONE', #4726, 1000.000000000000000 ) ;
#7823 = DIRECTION ( 'NONE',  ( 0.000000000000000000, -1.000000000000000000, 2.220446049250309876E-16 ) ) ;
#7824 = SURFACE_STYLE_USAGE ( .BOTH. , #4495 ) ;
#7825 = CARTESIAN_POINT ( 'NONE',  ( -48.84026666726100530, 26.27451869865799949, 3.945000000010995045 ) ) ;
#7826 = SURFACE_STYLE_FILL_AREA ( #2976 ) ;
#7827 = FILL_AREA_STYLE_COLOUR ( '', #4978 ) ;
#7828 = LINE ( 'NONE', #421, #1940 ) ;
#7829 = FILL_AREA_STYLE ('',( #1310 ) ) ;
#7830 = ORIENTED_EDGE ( 'NONE', *, *, #7082, .F. ) ;
#7831 = MECHANICAL_DESIGN_GEOMETRIC_PRESENTATION_REPRESENTATION (  '', ( #1705 ), #1186 ) ;
#7832 = SURFACE_STYLE_USAGE ( .BOTH. , #9719 ) ;
#7833 = DIRECTION ( 'NONE',  ( 0.000000000000000000, -2.220446049250309876E-16, -1.000000000000000000 ) ) ;
#7834 = PRESENTATION_LAYER_ASSIGNMENT (  '', '', ( #2609 ) ) ;
#7835 = DIRECTION ( 'NONE',  ( 0.000000000000000000, 2.220446049250309876E-16, 1.000000000000000000 ) ) ;
#7836 = SURFACE_STYLE_FILL_AREA ( #6373 ) ;
#7837 = EDGE_LOOP ( 'NONE', ( #215, #10176 ) ) ;
#7838 = CARTESIAN_POINT ( 'NONE',  ( -14.90026666726099869, 12.70042790316279913, 3.945000000010995045 ) ) ;
#7839 = DIRECTION ( 'NONE',  ( 0.000000000000000000, 1.000000000000000000, 0.000000000000000000 ) ) ;
#7840 = ORIENTED_EDGE ( 'NONE', *, *, #1663, .F. ) ;
#7841 = PLANE ( 'NONE',  #3885 ) ;
#7842 = STYLED_ITEM ( 'NONE', ( #8471 ), #9974 ) ;
#7843 = UNCERTAINTY_MEASURE_WITH_UNIT (LENGTH_MEASURE( 1.000000000000000082E-05 ), #472, 'distance_accuracy_value', 'NONE');
#7844 = ORIENTED_EDGE ( 'NONE', *, *, #2059, .T. ) ;
#7845 = DIRECTION ( 'NONE',  ( 1.000000000000000000, 0.000000000000000000, 0.000000000000000000 ) ) ;
#7846 = CARTESIAN_POINT ( 'NONE',  ( -46.24026666726099677, 23.13451869865799893, 3.955000000010998384 ) ) ;
#7847 = DIRECTION ( 'NONE',  ( 0.000000000000000000, -2.220446049250309876E-16, -1.000000000000000000 ) ) ;
#7848 = AXIS2_PLACEMENT_3D ( 'NONE', #8980, #2564, #8935 ) ;
#7849 = SURFACE_SIDE_STYLE ('',( #7204 ) ) ;
#7850 = ORIENTED_EDGE ( 'NONE', *, *, #9131, .F. ) ;
#7851 = ORIENTED_EDGE ( 'NONE', *, *, #183, .F. ) ;
#7852 = ORIENTED_EDGE ( 'NONE', *, *, #7742, .F. ) ;
#7853 = VECTOR ( 'NONE', #9773, 1000.000000000000000 ) ;
#7854 = EDGE_LOOP ( 'NONE', ( #8546, #3349, #4401, #1712 ) ) ;
#7855 = FACE_OUTER_BOUND ( 'NONE', #338, .T. ) ;
#7856 = CARTESIAN_POINT ( 'NONE',  ( -48.84026666726100530, 26.27451869865799949, 3.945000000010995045 ) ) ;
#7857 = EDGE_CURVE ( 'NONE', #10817, #3671, #9026, .T. ) ;
#7858 = ADVANCED_FACE ( 'NONE', ( #4017 ), #7111, .T. ) ;
#7859 =( GEOMETRIC_REPRESENTATION_CONTEXT ( 3 ) GLOBAL_UNCERTAINTY_ASSIGNED_CONTEXT ( ( #1182 ) ) GLOBAL_UNIT_ASSIGNED_CONTEXT ( ( #10107, #2201, #7167 ) ) REPRESENTATION_CONTEXT ( 'NONE', 'WORKASPACE' ) );
#7860 = LINE ( 'NONE', #10186, #5100 ) ;
#7861 =( NAMED_UNIT ( * ) PLANE_ANGLE_UNIT ( ) SI_UNIT ( $, .RADIAN. ) );
#7862 = ORIENTED_EDGE ( 'NONE', *, *, #6242, .T. ) ;
#7863 = ORIENTED_EDGE ( 'NONE', *, *, #8003, .T. ) ;
#7864 =( GEOMETRIC_REPRESENTATION_CONTEXT ( 3 ) GLOBAL_UNCERTAINTY_ASSIGNED_CONTEXT ( ( #2988 ) ) GLOBAL_UNIT_ASSIGNED_CONTEXT ( ( #7585, #7480, #2536 ) ) REPRESENTATION_CONTEXT ( 'NONE', 'WORKASPACE' ) );
#7865 = CARTESIAN_POINT ( 'NONE',  ( -38.80302962540589817, 5.314518698658000417, 1.285000000010999566 ) ) ;
#7866 = AXIS2_PLACEMENT_3D ( 'NONE', #3253, #6573, #3367 ) ;
#7867 = EDGE_CURVE ( 'NONE', #993, #3809, #10670, .T. ) ;
#7868 =( GEOMETRIC_REPRESENTATION_CONTEXT ( 3 ) GLOBAL_UNCERTAINTY_ASSIGNED_CONTEXT ( ( #6233 ) ) GLOBAL_UNIT_ASSIGNED_CONTEXT ( ( #767, #4786, #5765 ) ) REPRESENTATION_CONTEXT ( 'NONE', 'WORKASPACE' ) );
#7869 = CARTESIAN_POINT ( 'NONE',  ( -46.24026666726099677, 1.194518698657939693, 5.135000000010998988 ) ) ;
#7870 = MECHANICAL_DESIGN_GEOMETRIC_PRESENTATION_REPRESENTATION (  '', ( #9937 ), #9604 ) ;
#7871 = CARTESIAN_POINT ( 'NONE',  ( -19.90302962540589959, 10.21451869865800077, 3.345000000010998953 ) ) ;
#7873 = FILL_AREA_STYLE_COLOUR ( '', #6018 ) ;
#7872 = FILL_AREA_STYLE ('',( #2040 ) ) ;
#7874 = PRESENTATION_LAYER_ASSIGNMENT (  '', '', ( #6315 ) ) ;
#7875 = CARTESIAN_POINT ( 'NONE',  ( -15.74029191166209962, 23.09527703930579889, 3.955000000010998384 ) ) ;
#7876 = DIRECTION ( 'NONE',  ( 1.000000000000000000, 0.000000000000000000, 0.000000000000000000 ) ) ;
#7877 =( GEOMETRIC_REPRESENTATION_CONTEXT ( 3 ) GLOBAL_UNCERTAINTY_ASSIGNED_CONTEXT ( ( #4421 ) ) GLOBAL_UNIT_ASSIGNED_CONTEXT ( ( #6595, #7222, #10533 ) ) REPRESENTATION_CONTEXT ( 'NONE', 'WORKASPACE' ) );
#7878 = ORIENTED_EDGE ( 'NONE', *, *, #4094, .F. ) ;
#7879 = CARTESIAN_POINT ( 'NONE',  ( -45.79026666726101524, 18.68451869865790371, 2.545000000010994246 ) ) ;
#7880 = FILL_AREA_STYLE ('',( #3760 ) ) ;
#7881 = AXIS2_PLACEMENT_3D ( 'NONE', #4489, #191, #6179 ) ;
#7882 = AXIS2_PLACEMENT_3D ( 'NONE', #1702, #3216, #4887 ) ;
#7883 = SURFACE_STYLE_USAGE ( .BOTH. , #2937 ) ;
#7884 = SURFACE_STYLE_FILL_AREA ( #10445 ) ;
#7885 = VERTEX_POINT ( 'NONE', #2964 ) ;
#7886 = MECHANICAL_DESIGN_GEOMETRIC_PRESENTATION_REPRESENTATION (  '', ( #5109 ), #1838 ) ;
#7887 = CARTESIAN_POINT ( 'NONE',  ( 0.000000000000000000, 11.05000000000000071, 0.000000000000000000 ) ) ;
#7888 = MECHANICAL_DESIGN_GEOMETRIC_PRESENTATION_REPRESENTATION (  '', ( #6153 ), #2681 ) ;
#7889 = ORIENTED_EDGE ( 'NONE', *, *, #772, .T. ) ;
#7890 = CARTESIAN_POINT ( 'NONE',  ( -40.08771170588249788, 15.03451869865800106, 3.745000000010996644 ) ) ;
#7891 = VECTOR ( 'NONE', #4916, 1000.000000000000000 ) ;
#7892 = UNCERTAINTY_MEASURE_WITH_UNIT (LENGTH_MEASURE( 1.000000000000000082E-05 ), #7909, 'distance_accuracy_value', 'NONE');
#7893 = LINE ( 'NONE', #2004, #2496 ) ;
#7894 = CARTESIAN_POINT ( 'NONE',  ( -15.74029191166209962, 23.09527703930579889, 3.955000000010998384 ) ) ;
#7895 = DIRECTION ( 'NONE',  ( -1.104919411450199855E-16, -1.000000000000000000, 2.220446049250309876E-16 ) ) ;
#7896 = SURFACE_STYLE_FILL_AREA ( #3114 ) ;
#7897 = COLOUR_RGB ( '',1.000000000000000000, 0.9568627450980391469, 0.8862745098039215286 ) ;
#7898 = AXIS2_PLACEMENT_3D ( 'NONE', #6231, #5242, #2801 ) ;
#7899 = ORIENTED_EDGE ( 'NONE', *, *, #10236, .T. ) ;
#7900 = ORIENTED_EDGE ( 'NONE', *, *, #376, .F. ) ;
#7901 = ORIENTED_EDGE ( 'NONE', *, *, #2240, .F. ) ;
#7902 = EDGE_CURVE ( 'NONE', #9813, #22, #9597, .T. ) ;
#7903 = CARTESIAN_POINT ( 'NONE',  ( -45.59026666726101951, 18.88451869865799182, 2.545000000011002239 ) ) ;
#7904 = SURFACE_STYLE_USAGE ( .BOTH. , #4751 ) ;
#7905 = SURFACE_STYLE_FILL_AREA ( #6396 ) ;
#7906 = DIRECTION ( 'NONE',  ( 0.000000000000000000, -2.220446049250309876E-16, -1.000000000000000000 ) ) ;
#7907 = DIRECTION ( 'NONE',  ( 0.000000000000000000, -1.000000000000000000, 0.000000000000000000 ) ) ;
#7908 = ORIENTED_EDGE ( 'NONE', *, *, #6204, .T. ) ;
#7909 =( LENGTH_UNIT ( ) NAMED_UNIT ( * ) SI_UNIT ( .MILLI., .METRE. ) );
#7910 = CIRCLE ( 'NONE', #1101, 2.000000000000001776 ) ;
#7911 = EDGE_LOOP ( 'NONE', ( #2009, #5166, #7788, #7191 ) ) ;
#7912 = FACE_BOUND ( 'NONE', #3788, .T. ) ;
#7913 = FILL_AREA_STYLE ('',( #2973 ) ) ;
#7914 = AXIS2_PLACEMENT_3D ( 'NONE', #1808, #4237, #7560 ) ;
#7915 = DIRECTION ( 'NONE',  ( 0.000000000000000000, 0.000000000000000000, -1.000000000000000000 ) ) ;
#7916 = PRESENTATION_STYLE_ASSIGNMENT (( #8627 ) ) ;
#7917 = CARTESIAN_POINT ( 'NONE',  ( -29.47854998418979733, 3.014518698657940199, 3.745000000010996644 ) ) ;
#7918 =( NAMED_UNIT ( * ) SI_UNIT ( $, .STERADIAN. ) SOLID_ANGLE_UNIT ( ) );
#7919 = ORIENTED_EDGE ( 'NONE', *, *, #1935, .T. ) ;
#7920 = CARTESIAN_POINT ( 'NONE',  ( -45.84026666726099108, 18.38451869865788879, 2.545000000010970709 ) ) ;
#7921 = ADVANCED_FACE ( 'NONE', ( #8774 ), #9896, .F. ) ;
#7922 = EDGE_CURVE ( 'NONE', #4284, #7407, #9095, .T. ) ;
#7923 = CARTESIAN_POINT ( 'NONE',  ( -16.38026666726099734, 6.294518698657999956, 5.145000000010998775 ) ) ;
#7924 = PRODUCT_DEFINITION_CONTEXT ( 'detailed design', #4801, 'design' ) ;
#7925 = SURFACE_STYLE_USAGE ( .BOTH. , #7080 ) ;
#7926 = CARTESIAN_POINT ( 'NONE',  ( -14.90026666726099869, 11.70042790316279913, 3.955000000010998384 ) ) ;
#7928 = ORIENTED_EDGE ( 'NONE', *, *, #3089, .T. ) ;
#7927 = SURFACE_SIDE_STYLE ('',( #1271 ) ) ;
#7929 = CIRCLE ( 'NONE', #9676, 2.000000000000001776 ) ;
#7930 = SURFACE_STYLE_FILL_AREA ( #1325 ) ;
#7931 = LINE ( 'NONE', #2113, #2948 ) ;
#7932 = EDGE_CURVE ( 'NONE', #10370, #1124, #8643, .T. ) ;
#7933 = ORIENTED_EDGE ( 'NONE', *, *, #3540, .T. ) ;
#7934 = UNCERTAINTY_MEASURE_WITH_UNIT (LENGTH_MEASURE( 1.000000000000000082E-05 ), #6023, 'distance_accuracy_value', 'NONE');
#7935 = CARTESIAN_POINT ( 'NONE',  ( -48.84026666726100530, 26.27451869865799949, 2.345000000010998065 ) ) ;
#7936 = AXIS2_PLACEMENT_3D ( 'NONE', #5374, #10335, #311 ) ;
#7937 = CARTESIAN_POINT ( 'NONE',  ( -38.80302962540589817, 26.27451869865799949, 1.285000000010999566 ) ) ;
#7938 = FACE_OUTER_BOUND ( 'NONE', #6210, .T. ) ;
#7939 = LINE ( 'NONE', #7995, #2447 ) ;
#7940 = DIRECTION ( 'NONE',  ( 0.000000000000000000, 1.000000000000000000, -2.220446049250309876E-16 ) ) ;
#7941 = ADVANCED_FACE ( 'NONE', ( #6918 ), #8804, .F. ) ;
#7942 = STYLED_ITEM ( 'NONE', ( #5127 ), #697 ) ;
#7943 = ORIENTED_EDGE ( 'NONE', *, *, #4964, .T. ) ;
#7944 = UNCERTAINTY_MEASURE_WITH_UNIT (LENGTH_MEASURE( 1.000000000000000082E-05 ), #4655, 'distance_accuracy_value', 'NONE');
#7945 = VERTEX_POINT ( 'NONE', #260 ) ;
#7946 = ORIENTED_EDGE ( 'NONE', *, *, #9256, .T. ) ;
#7947 = PRESENTATION_STYLE_ASSIGNMENT (( #7258 ) ) ;
#7948 = CARTESIAN_POINT ( 'NONE',  ( -46.04026666726100103, 5.294518698657999956, 5.135000000010998988 ) ) ;
#7949 = VECTOR ( 'NONE', #7483, 1000.000000000000000 ) ;
#7950 = DIRECTION ( 'NONE',  ( 0.000000000000000000, 2.220446049250309876E-16, 1.000000000000000000 ) ) ;
#7951 = LINE ( 'NONE', #510, #5884 ) ;
#7952 = UNCERTAINTY_MEASURE_WITH_UNIT (LENGTH_MEASURE( 1.000000000000000082E-05 ), #4835, 'distance_accuracy_value', 'NONE');
#7953 = PRESENTATION_STYLE_ASSIGNMENT (( #4654 ) ) ;
#7954 = FILL_AREA_STYLE ('',( #8884 ) ) ;
#7955 = EDGE_CURVE ( 'NONE', #1954, #9813, #3655, .T. ) ;
#7956 = FILL_AREA_STYLE ('',( #4656 ) ) ;
#7957 = CARTESIAN_POINT ( 'NONE',  ( -22.88026666726100089, 10.29451869865800084, 5.135000000010998988 ) ) ;
#7958 = ORIENTED_EDGE ( 'NONE', *, *, #9887, .F. ) ;
#7959 = PRESENTATION_LAYER_ASSIGNMENT (  '', '', ( #5542 ) ) ;
#7960 = VERTEX_POINT ( 'NONE', #7838 ) ;
#7961 = EDGE_LOOP ( 'NONE', ( #10121, #7804 ) ) ;
#7962 = FILL_AREA_STYLE ('',( #8784 ) ) ;
#7963 = CARTESIAN_POINT ( 'NONE',  ( -45.84026666726099819, 18.63451869865799893, 2.620000000010995311 ) ) ;
#7964 = SPHERICAL_SURFACE ( 'NONE', #1956, 0.2000000000000000111 ) ;
#7965 = MECHANICAL_DESIGN_GEOMETRIC_PRESENTATION_REPRESENTATION (  '', ( #10440 ), #1534 ) ;
#7966 = CARTESIAN_POINT ( 'NONE',  ( -48.84026666726100530, 26.27451869865799949, 3.545000000010997798 ) ) ;
#7967 = DIRECTION ( 'NONE',  ( 0.000000000000000000, 1.000000000000000000, -2.220446049250309876E-16 ) ) ;
#7968 = CARTESIAN_POINT ( 'NONE',  ( -39.94026666726099961, 1.594518698657940048, 3.545000000010997798 ) ) ;
#7969 = PRODUCT_DEFINITION_SHAPE ( 'NONE', 'NONE',  #6474 ) ;
#7970 = DIRECTION ( 'NONE',  ( 1.000000000000000000, 0.000000000000000000, 0.000000000000000000 ) ) ;
#7971 = VERTEX_POINT ( 'NONE', #6318 ) ;
#7972 = CARTESIAN_POINT ( 'NONE',  ( -39.94026666726099961, 3.194518698657949685, 3.545000000010997798 ) ) ;
#7973 =( NAMED_UNIT ( * ) SI_UNIT ( $, .STERADIAN. ) SOLID_ANGLE_UNIT ( ) );
#7974 = CIRCLE ( 'NONE', #2772, 0.1999999999999996503 ) ;
#7975 = UNCERTAINTY_MEASURE_WITH_UNIT (LENGTH_MEASURE( 1.000000000000000082E-05 ), #9784, 'distance_accuracy_value', 'NONE');
#7976 = AXIS2_PLACEMENT_3D ( 'NONE', #2050, #486, #8801 ) ;
#7977 = UNCERTAINTY_MEASURE_WITH_UNIT (LENGTH_MEASURE( 1.000000000000000082E-05 ), #231, 'distance_accuracy_value', 'NONE');
#7978 = SURFACE_SIDE_STYLE ('',( #7884 ) ) ;
#7979 = DIRECTION ( 'NONE',  ( 0.000000000000000000, -2.220446049250309876E-16, -1.000000000000000000 ) ) ;
#7980 = MECHANICAL_DESIGN_GEOMETRIC_PRESENTATION_REPRESENTATION (  '', ( #5207 ), #3475 ) ;
#7981 = ORIENTED_EDGE ( 'NONE', *, *, #2759, .T. ) ;
#7982 = STYLED_ITEM ( 'NONE', ( #2717 ), #9364 ) ;
#7983 = MECHANICAL_DESIGN_GEOMETRIC_PRESENTATION_REPRESENTATION (  '', ( #636 ), #2432 ) ;
#7984 = EDGE_CURVE ( 'NONE', #6159, #4796, #2777, .T. ) ;
#7985 = DIRECTION ( 'NONE',  ( 0.000000000000000000, 1.000000000000000000, 0.000000000000000000 ) ) ;
#7986 = ORIENTED_EDGE ( 'NONE', *, *, #4325, .F. ) ;
#7987 = CARTESIAN_POINT ( 'NONE',  ( -21.50302962540590102, 9.914518698658000062, 3.145000000011000107 ) ) ;
#7988 =( GEOMETRIC_REPRESENTATION_CONTEXT ( 3 ) GLOBAL_UNCERTAINTY_ASSIGNED_CONTEXT ( ( #2842 ) ) GLOBAL_UNIT_ASSIGNED_CONTEXT ( ( #10319, #10378, #6246 ) ) REPRESENTATION_CONTEXT ( 'NONE', 'WORKASPACE' ) );
#7989 = MECHANICAL_DESIGN_GEOMETRIC_PRESENTATION_REPRESENTATION (  '', ( #5910 ), #8864 ) ;
#7990 = COLOUR_RGB ( '',1.000000000000000000, 0.9568627450980391469, 0.8862745098039215286 ) ;
#7991 = CARTESIAN_POINT ( 'NONE',  ( -19.70302962540589675, 8.714518698658000773, 3.745000000010996644 ) ) ;
#7992 = EDGE_CURVE ( 'NONE', #2844, #1179, #1959, .T. ) ;
#7993 = DIRECTION ( 'NONE',  ( 0.000000000000000000, -2.220446049250309876E-16, -1.000000000000000000 ) ) ;
#7994 = SURFACE_SIDE_STYLE ('',( #7147 ) ) ;
#7995 = CARTESIAN_POINT ( 'NONE',  ( 1.594999999999999973, 5.299999999999999822, 1.275000000000000133 ) ) ;
#7996 = DIRECTION ( 'NONE',  ( 0.000000000000000000, 1.000000000000000000, 0.000000000000000000 ) ) ;
#7997 = VECTOR ( 'NONE', #10199, 1000.000000000000000 ) ;
#7998 = EDGE_LOOP ( 'NONE', ( #3587, #8905, #6594, #4150 ) ) ;
#7999 = EDGE_LOOP ( 'NONE', ( #2127, #3902, #5849, #6389 ) ) ;
#8000 = EDGE_LOOP ( 'NONE', ( #1836, #6635, #5348, #7073, #6917, #9668, #9313, #8187, #1494, #10226 ) ) ;
#8001 = AXIS2_PLACEMENT_3D ( 'NONE', #792, #1823, #10792 ) ;
#8002 = MECHANICAL_DESIGN_GEOMETRIC_PRESENTATION_REPRESENTATION (  '', ( #663 ), #9053 ) ;
#8003 = EDGE_CURVE ( 'NONE', #5748, #1352, #438, .T. ) ;
#8004 = DIRECTION ( 'NONE',  ( 0.000000000000000000, 1.000000000000000000, -2.220446049250309876E-16 ) ) ;
#8005 = CARTESIAN_POINT ( 'NONE',  ( -14.90026666726099869, 11.70042790316279913, 5.145000000010998775 ) ) ;
#8006 = CARTESIAN_POINT ( 'NONE',  ( -41.74026666726099677, 3.194518698657949685, 3.545000000010997798 ) ) ;
#8007 = FILL_AREA_STYLE_COLOUR ( '', #9450 ) ;
#8008 = ORIENTED_EDGE ( 'NONE', *, *, #10775, .T. ) ;
#8009 = PRESENTATION_LAYER_ASSIGNMENT (  '', '', ( #1913 ) ) ;
#8010 =( GEOMETRIC_REPRESENTATION_CONTEXT ( 3 ) GLOBAL_UNCERTAINTY_ASSIGNED_CONTEXT ( ( #9491 ) ) GLOBAL_UNIT_ASSIGNED_CONTEXT ( ( #4831, #5826, #4016 ) ) REPRESENTATION_CONTEXT ( 'NONE', 'WORKASPACE' ) );
#8011 = PLANE ( 'NONE',  #4049 ) ;
#8012 = ORIENTED_EDGE ( 'NONE', *, *, #7799, .T. ) ;
#8013 = ORIENTED_EDGE ( 'NONE', *, *, #5224, .F. ) ;
#8014 = FACE_BOUND ( 'NONE', #9139, .T. ) ;
#8015 = VECTOR ( 'NONE', #8969, 1000.000000000000000 ) ;
#8016 = DIRECTION ( 'NONE',  ( 0.000000000000000000, 1.000000000000000000, -2.220446049250309876E-16 ) ) ;
#8017 = EDGE_CURVE ( 'NONE', #619, #1973, #4514, .T. ) ;
#8018 = PLANE ( 'NONE',  #8402 ) ;
#8019 = PRESENTATION_STYLE_ASSIGNMENT (( #6456 ) ) ;
#8020 = VECTOR ( 'NONE', #5882, 1000.000000000000000 ) ;
#8021 = CARTESIAN_POINT ( 'NONE',  ( -48.84026666726100530, 26.27451869865799949, 3.945000000010995045 ) ) ;
#8022 = CARTESIAN_POINT ( 'NONE',  ( -46.24026666726099677, 23.13451869865799893, 3.955000000010998384 ) ) ;
#8024 = CARTESIAN_POINT ( 'NONE',  ( -46.04026666726100103, 9.294518698657999067, 5.135000000010998988 ) ) ;
#8023 =( LENGTH_UNIT ( ) NAMED_UNIT ( * ) SI_UNIT ( .MILLI., .METRE. ) );
#8025 = DIRECTION ( 'NONE',  ( -1.000000000000000000, 0.000000000000000000, 0.000000000000000000 ) ) ;
#8026 = DIRECTION ( 'NONE',  ( 0.000000000000000000, 2.220446049250309876E-16, 1.000000000000000000 ) ) ;
#8027 = VERTEX_POINT ( 'NONE', #9411 ) ;
#8028 = DIRECTION ( 'NONE',  ( 0.000000000000000000, -2.220446049250309876E-16, -1.000000000000000000 ) ) ;
#8029 = COLOUR_RGB ( '',1.000000000000000000, 0.9568627450980391469, 0.8862745098039215286 ) ;
#8030 = MECHANICAL_DESIGN_GEOMETRIC_PRESENTATION_REPRESENTATION (  '', ( #1395 ), #9429 ) ;
#8031 = CYLINDRICAL_SURFACE ( 'NONE', #5070, 0.1999999999999987899 ) ;
#8032 = COLOUR_RGB ( '',1.000000000000000000, 0.7568627450980391913, 0.5647058823529411686 ) ;
#8033 = DIRECTION ( 'NONE',  ( 0.000000000000000000, 1.000000000000000000, -4.336808689942013792E-16 ) ) ;
#8034 = FACE_OUTER_BOUND ( 'NONE', #2910, .T. ) ;
#8035 = VECTOR ( 'NONE', #6632, 1000.000000000000000 ) ;
#8036 = FACE_OUTER_BOUND ( 'NONE', #4771, .T. ) ;
#8037 = MECHANICAL_DESIGN_GEOMETRIC_PRESENTATION_REPRESENTATION (  '', ( #3536 ), #8198 ) ;
#8038 = PRESENTATION_STYLE_ASSIGNMENT (( #1270 ) ) ;
#8040 = VERTEX_POINT ( 'NONE', #5330 ) ;
#8039 = CARTESIAN_POINT ( 'NONE',  ( 1.594999999999999973, 5.299999999999999822, -0.6250000000000000000 ) ) ;
#8041 = CARTESIAN_POINT ( 'NONE',  ( -25.87854998418979946, 1.214518698657939710, 3.945000000010995045 ) ) ;
#8042 = ORIENTED_EDGE ( 'NONE', *, *, #10202, .T. ) ;
#8043 = PRESENTATION_LAYER_ASSIGNMENT (  '', '', ( #2312 ) ) ;
#8044 = ORIENTED_EDGE ( 'NONE', *, *, #10778, .T. ) ;
#8045 = EDGE_CURVE ( 'NONE', #7049, #8999, #2112, .T. ) ;
#8046 = EDGE_CURVE ( 'NONE', #6750, #2231, #1573, .T. ) ;
#8047 = DIRECTION ( 'NONE',  ( 0.000000000000000000, -1.000000000000000000, 2.220446049250309876E-16 ) ) ;
#8048 = AXIS2_PLACEMENT_3D ( 'NONE', #3040, #1305, #6455 ) ;
#8049 =( NAMED_UNIT ( * ) PLANE_ANGLE_UNIT ( ) SI_UNIT ( $, .RADIAN. ) );
#8050 = CARTESIAN_POINT ( 'NONE',  ( -41.53771170588249362, 18.83451869865799821, 3.145000000011000107 ) ) ;
#8051 = PRESENTATION_LAYER_ASSIGNMENT (  '', '', ( #1958 ) ) ;
#8052 = FILL_AREA_STYLE_COLOUR ( '', #479 ) ;
#8053 = EDGE_LOOP ( 'NONE', ( #2944, #2754, #386, #9430, #8044, #5188 ) ) ;
#8054 = PRODUCT_RELATED_PRODUCT_CATEGORY ( 'part', '', ( #369 ) ) ;
#8055 = ORIENTED_EDGE ( 'NONE', *, *, #4713, .F. ) ;
#8056 = EDGE_CURVE ( 'NONE', #56, #849, #2996, .T. ) ;
#8057 = VECTOR ( 'NONE', #2421, 1000.000000000000000 ) ;
#8058 = SURFACE_SIDE_STYLE ('',( #10620 ) ) ;
#8059 = DIRECTION ( 'NONE',  ( 0.000000000000000000, 2.220446049250309876E-16, 1.000000000000000000 ) ) ;
#8060 = PRESENTATION_LAYER_ASSIGNMENT (  '', '', ( #27 ) ) ;
#8061 = DIRECTION ( 'NONE',  ( 0.000000000000000000, 2.220446049250309876E-16, 1.000000000000000000 ) ) ;
#8062 = CARTESIAN_POINT ( 'NONE',  ( -39.94026666726099961, 0.7945186986579400035, 3.545000000010997798 ) ) ;
#8063 = VERTEX_POINT ( 'NONE', #8695 ) ;
#8064 = EDGE_CURVE ( 'NONE', #1724, #7606, #1273, .T. ) ;
#8065 = VERTEX_POINT ( 'NONE', #1217 ) ;
#8066 = ORIENTED_EDGE ( 'NONE', *, *, #1502, .F. ) ;
#8067 = AXIS2_PLACEMENT_3D ( 'NONE', #3123, #10526, #3073 ) ;
#8068 = DIRECTION ( 'NONE',  ( -0.7071067811865450192, 0.000000000000000000, -0.7071067811865500152 ) ) ;
#8069 = FACE_OUTER_BOUND ( 'NONE', #6726, .T. ) ;
#8070 = PLANE ( 'NONE',  #248 ) ;
#8071 = SURFACE_SIDE_STYLE ('',( #10431 ) ) ;
#8072 = PLANE ( 'NONE',  #3310 ) ;
#8074 = DIRECTION ( 'NONE',  ( 0.000000000000000000, 1.000000000000000000, 0.000000000000000000 ) ) ;
#8073 = SURFACE_SIDE_STYLE ('',( #9714 ) ) ;
#8075 = VECTOR ( 'NONE', #6707, 1000.000000000000000 ) ;
#8076 = DIRECTION ( 'NONE',  ( 0.000000000000000000, -2.220446049250309876E-16, -1.000000000000000000 ) ) ;
#8077 = ORIENTED_EDGE ( 'NONE', *, *, #7342, .T. ) ;
#8078 = EDGE_CURVE ( 'NONE', #7101, #8117, #4576, .T. ) ;
#8079 = PRESENTATION_STYLE_ASSIGNMENT (( #5593 ) ) ;
#8080 = DIRECTION ( 'NONE',  ( 0.000000000000000000, 1.000000000000000000, -2.220446049250309876E-16 ) ) ;
#8081 = AXIS2_PLACEMENT_3D ( 'NONE', #485, #1214, #5545 ) ;
#8082 = DIRECTION ( 'NONE',  ( 0.000000000000000000, 1.000000000000000000, -2.220446049250309876E-16 ) ) ;
#8083 = CARTESIAN_POINT ( 'NONE',  ( -21.40302962540589604, 10.21451869865800077, 3.345000000010998953 ) ) ;
#8084 = CARTESIAN_POINT ( 'NONE',  ( 0.6500000000000000222, 5.299999999999999822, 0.000000000000000000 ) ) ;
#8085 = EDGE_LOOP ( 'NONE', ( #7583, #9223, #3789, #7356 ) ) ;
#8086 = DIRECTION ( 'NONE',  ( 0.000000000000000000, -1.000000000000000000, 2.220446049250309876E-16 ) ) ;
#8087 = EDGE_LOOP ( 'NONE', ( #7739, #574, #250, #4827 ) ) ;
#8088 = ADVANCED_FACE ( 'NONE', ( #5495 ), #8919, .F. ) ;
#8089 = ORIENTED_EDGE ( 'NONE', *, *, #5742, .F. ) ;
#8090 =( NAMED_UNIT ( * ) PLANE_ANGLE_UNIT ( ) SI_UNIT ( $, .RADIAN. ) );
#8091 = CARTESIAN_POINT ( 'NONE',  ( -22.88026666726100089, 6.294518698657999956, 5.145000000010998775 ) ) ;
#8092 = DIRECTION ( 'NONE',  ( 0.000000000000000000, 2.220446049250309876E-16, 1.000000000000000000 ) ) ;
#8093 = PLANE ( 'NONE',  #7713 ) ;
#8094 = VECTOR ( 'NONE', #2644, 1000.000000000000000 ) ;
#8095 = CARTESIAN_POINT ( 'NONE',  ( -46.24026666726099677, 4.794518698657939559, 5.145000000010997887 ) ) ;
#8096 = DIRECTION ( 'NONE',  ( -1.000000000000000000, 0.000000000000000000, 1.668003342285389825E-16 ) ) ;
#8097 = MECHANICAL_DESIGN_GEOMETRIC_PRESENTATION_REPRESENTATION (  '', ( #1307 ), #4115 ) ;
#8098 = VERTEX_POINT ( 'NONE', #5548 ) ;
#8099 = AXIS2_PLACEMENT_3D ( 'NONE', #4203, #7471, #4095 ) ;
#8100 = VERTEX_POINT ( 'NONE', #1599 ) ;
#8101 = SURFACE_STYLE_FILL_AREA ( #5569 ) ;
#8102 = STYLED_ITEM ( 'NONE', ( #3398 ), #6576 ) ;
#8103 = SURFACE_STYLE_FILL_AREA ( #6601 ) ;
#8104 = FILL_AREA_STYLE_COLOUR ( '', #10387 ) ;
#8105 = FILL_AREA_STYLE_COLOUR ( '', #7506 ) ;
#8106 = FACE_OUTER_BOUND ( 'NONE', #1598, .T. ) ;
#8107 = CARTESIAN_POINT ( 'NONE',  ( 0.000000000000000000, 11.29999999999999893, 0.000000000000000000 ) ) ;
#8108 =( GEOMETRIC_REPRESENTATION_CONTEXT ( 3 ) GLOBAL_UNCERTAINTY_ASSIGNED_CONTEXT ( ( #10469 ) ) GLOBAL_UNIT_ASSIGNED_CONTEXT ( ( #2690, #4310, #6053 ) ) REPRESENTATION_CONTEXT ( 'NONE', 'WORKASPACE' ) );
#8109 = SURFACE_STYLE_USAGE ( .BOTH. , #4800 ) ;
#8110 = EDGE_CURVE ( 'NONE', #2983, #8430, #1371, .T. ) ;
#8111 = EDGE_CURVE ( 'NONE', #275, #10771, #2441, .T. ) ;
#8112 =( LENGTH_UNIT ( ) NAMED_UNIT ( * ) SI_UNIT ( .MILLI., .METRE. ) );
#8113 = LINE ( 'NONE', #8163, #3738 ) ;
#8114 =( GEOMETRIC_REPRESENTATION_CONTEXT ( 3 ) GLOBAL_UNCERTAINTY_ASSIGNED_CONTEXT ( ( #7108 ) ) GLOBAL_UNIT_ASSIGNED_CONTEXT ( ( #1527, #9935, #6626 ) ) REPRESENTATION_CONTEXT ( 'NONE', 'WORKASPACE' ) );
#8115 = UNCERTAINTY_MEASURE_WITH_UNIT (LENGTH_MEASURE( 1.000000000000000082E-05 ), #6367, 'distance_accuracy_value', 'NONE');
#8116 = ORIENTED_EDGE ( 'NONE', *, *, #3641, .F. ) ;
#8117 = VERTEX_POINT ( 'NONE', #5701 ) ;
#8118 = VERTEX_POINT ( 'NONE', #549 ) ;
#8119 = FILL_AREA_STYLE_COLOUR ( '', #2649 ) ;
#8120 = SURFACE_STYLE_USAGE ( .BOTH. , #6355 ) ;
#8121 = FILL_AREA_STYLE ('',( #4712 ) ) ;
#8122 = DIRECTION ( 'NONE',  ( 0.000000000000000000, 2.220446049250309876E-16, 1.000000000000000000 ) ) ;
#8123 = ADVANCED_FACE ( 'NONE', ( #10508, #8858 ), #594, .T. ) ;
#8124 =( NAMED_UNIT ( * ) PLANE_ANGLE_UNIT ( ) SI_UNIT ( $, .RADIAN. ) );
#8125 =( NAMED_UNIT ( * ) SI_UNIT ( $, .STERADIAN. ) SOLID_ANGLE_UNIT ( ) );
#8126 = MECHANICAL_DESIGN_GEOMETRIC_PRESENTATION_REPRESENTATION (  '', ( #5542 ), #7279 ) ;
#8127 = CARTESIAN_POINT ( 'NONE',  ( -27.20302962540589675, 5.114518698658000240, 3.945000000010995045 ) ) ;
#8128 = EDGE_LOOP ( 'NONE', ( #9330, #9051 ) ) ;
#8129 =( NAMED_UNIT ( * ) SI_UNIT ( $, .STERADIAN. ) SOLID_ANGLE_UNIT ( ) );
#8130 = DIRECTION ( 'NONE',  ( 0.000000000000000000, -1.000000000000000000, 4.336808689942013792E-16 ) ) ;
#8131 = CARTESIAN_POINT ( 'NONE',  ( -41.94026666726099961, 3.194518698657949685, 3.745000000010996644 ) ) ;
#8132 = COLOUR_RGB ( '',1.000000000000000000, 0.8078431372549019773, 0.4980392156862745168 ) ;
#8133 = SURFACE_STYLE_FILL_AREA ( #8967 ) ;
#8134 = EDGE_CURVE ( 'NONE', #4658, #9813, #7010, .T. ) ;
#8135 =( NAMED_UNIT ( * ) PLANE_ANGLE_UNIT ( ) SI_UNIT ( $, .RADIAN. ) );
#8136 = PRESENTATION_STYLE_ASSIGNMENT (( #5439 ) ) ;
#8137 = LINE ( 'NONE', #8186, #5372 ) ;
#8138 = ORIENTED_EDGE ( 'NONE', *, *, #628, .F. ) ;
#8139 = ORIENTED_EDGE ( 'NONE', *, *, #4445, .T. ) ;
#8140 = STYLED_ITEM ( 'NONE', ( #2778 ), #2614 ) ;
#8141 = PRESENTATION_LAYER_ASSIGNMENT (  '', '', ( #2596 ) ) ;
#8142 = ORIENTED_EDGE ( 'NONE', *, *, #6407, .F. ) ;
#8143 = DIRECTION ( 'NONE',  ( 0.000000000000000000, 1.000000000000000000, -2.220446049250309876E-16 ) ) ;
#8144 = FILL_AREA_STYLE ('',( #3162 ) ) ;
#8145 = SURFACE_SIDE_STYLE ('',( #7400 ) ) ;
#8146 = MECHANICAL_DESIGN_GEOMETRIC_PRESENTATION_REPRESENTATION (  '', ( #9219 ), #7473 ) ;
#8147 = ADVANCED_FACE ( 'NONE', ( #1535 ), #8188, .F. ) ;
#8148 =( NAMED_UNIT ( * ) SI_UNIT ( $, .STERADIAN. ) SOLID_ANGLE_UNIT ( ) );
#8149 = PLANE ( 'NONE',  #1904 ) ;
#8150 = ORIENTED_EDGE ( 'NONE', *, *, #9322, .F. ) ;
#8151 = AXIS2_PLACEMENT_3D ( 'NONE', #1147, #2760, #9393 ) ;
#8152 = PRESENTATION_LAYER_ASSIGNMENT (  '', '', ( #3668 ) ) ;
#8153 = PRESENTATION_LAYER_ASSIGNMENT (  '', '', ( #2767 ) ) ;
#8154 = EDGE_LOOP ( 'NONE', ( #3449, #216 ) ) ;
#8155 = SURFACE_STYLE_FILL_AREA ( #10782 ) ;
#8156 = DIRECTION ( 'NONE',  ( -1.000000000000000000, 0.000000000000000000, 0.000000000000000000 ) ) ;
#8157 = PRESENTATION_STYLE_ASSIGNMENT (( #2352 ) ) ;
#8158 =( GEOMETRIC_REPRESENTATION_CONTEXT ( 3 ) GLOBAL_UNCERTAINTY_ASSIGNED_CONTEXT ( ( #7934 ) ) GLOBAL_UNIT_ASSIGNED_CONTEXT ( ( #6023, #5104, #6695 ) ) REPRESENTATION_CONTEXT ( 'NONE', 'WORKASPACE' ) );
#8159 = SURFACE_STYLE_USAGE ( .BOTH. , #9966 ) ;
#8160 = VECTOR ( 'NONE', #4201, 1000.000000000000000 ) ;
#8161 = LINE ( 'NONE', #2527, #8342 ) ;
#8162 = CARTESIAN_POINT ( 'NONE',  ( -31.67854998418980017, 1.257512981500239935, 2.945000000010994157 ) ) ;
#8163 = CARTESIAN_POINT ( 'NONE',  ( -48.84026666726100530, 26.27451869865799949, 3.945000000010995045 ) ) ;
#8164 = ORIENTED_EDGE ( 'NONE', *, *, #3731, .F. ) ;
#8165 = EDGE_LOOP ( 'NONE', ( #1738, #4529, #3068, #5400 ) ) ;
#8166 = STYLED_ITEM ( 'NONE', ( #3662 ), #9257 ) ;
#8167 = ORIENTED_EDGE ( 'NONE', *, *, #8195, .T. ) ;
#8168 = STYLED_ITEM ( 'NONE', ( #10565 ), #10095 ) ;
#8169 = ADVANCED_FACE ( 'NONE', ( #6698 ), #8245, .T. ) ;
#8170 = EDGE_CURVE ( 'NONE', #3517, #5380, #2492, .T. ) ;
#8171 = CARTESIAN_POINT ( 'NONE',  ( -14.90026666726099869, 17.26042790316279962, 5.135000000010998988 ) ) ;
#8172 = SURFACE_SIDE_STYLE ('',( #3297 ) ) ;
#8173 = STYLED_ITEM ( 'NONE', ( #869 ), #6834 ) ;
#8174 = CARTESIAN_POINT ( 'NONE',  ( 0.000000000000000000, 0.4500000000000000111, 0.6500000000000000222 ) ) ;
#8175 =( NAMED_UNIT ( * ) PLANE_ANGLE_UNIT ( ) SI_UNIT ( $, .RADIAN. ) );
#8176 = PRESENTATION_LAYER_ASSIGNMENT (  '', '', ( #8524 ) ) ;
#8177 = SURFACE_SIDE_STYLE ('',( #1520 ) ) ;
#8178 = ORIENTED_EDGE ( 'NONE', *, *, #5014, .F. ) ;
#8179 = STYLED_ITEM ( 'NONE', ( #2756 ), #4639 ) ;
#8180 = SURFACE_STYLE_FILL_AREA ( #9930 ) ;
#8181 = EDGE_CURVE ( 'NONE', #2375, #10590, #6140, .T. ) ;
#8182 = COLOUR_RGB ( '',1.000000000000000000, 0.9568627450980391469, 0.8862745098039215286 ) ;
#8183 = SURFACE_STYLE_FILL_AREA ( #4275 ) ;
#8184 = CARTESIAN_POINT ( 'NONE',  ( -14.90026666726099869, 13.76042790316279962, 3.945000000010995045 ) ) ;
#8185 = COLOUR_RGB ( '',1.000000000000000000, 0.9568627450980391469, 0.8862745098039215286 ) ;
#8186 = CARTESIAN_POINT ( 'NONE',  ( -27.00302962540589746, 20.61451869865799935, 1.285000000010999566 ) ) ;
#8187 = ORIENTED_EDGE ( 'NONE', *, *, #5602, .F. ) ;
#8188 = PLANE ( 'NONE',  #6661 ) ;
#8189 = SURFACE_STYLE_USAGE ( .BOTH. , #4828 ) ;
#8190 = EDGE_LOOP ( 'NONE', ( #1727, #1795, #9304, #2834 ) ) ;
#8191 =( GEOMETRIC_REPRESENTATION_CONTEXT ( 3 ) GLOBAL_UNCERTAINTY_ASSIGNED_CONTEXT ( ( #5352 ) ) GLOBAL_UNIT_ASSIGNED_CONTEXT ( ( #6862, #9346, #10150 ) ) REPRESENTATION_CONTEXT ( 'NONE', 'WORKASPACE' ) );
#8192 = ORIENTED_EDGE ( 'NONE', *, *, #9724, .T. ) ;
#8193 = SURFACE_STYLE_FILL_AREA ( #9946 ) ;
#8194 = EDGE_CURVE ( 'NONE', #3900, #22, #7698, .T. ) ;
#8195 = EDGE_CURVE ( 'NONE', #10409, #1986, #7559, .T. ) ;
#8196 = LINE ( 'NONE', #10763, #8385 ) ;
#8197 = STYLED_ITEM ( 'NONE', ( #3694 ), #8244 ) ;
#8198 =( GEOMETRIC_REPRESENTATION_CONTEXT ( 3 ) GLOBAL_UNCERTAINTY_ASSIGNED_CONTEXT ( ( #6044 ) ) GLOBAL_UNIT_ASSIGNED_CONTEXT ( ( #324, #7677, #4519 ) ) REPRESENTATION_CONTEXT ( 'NONE', 'WORKASPACE' ) );
#8199 = DIRECTION ( 'NONE',  ( 0.000000000000000000, -4.170008355713500324E-16, -1.000000000000000000 ) ) ;
#8200 = CARTESIAN_POINT ( 'NONE',  ( -14.90026666726099869, 9.640427903162850143, 3.945000000010995045 ) ) ;
#8201 = CARTESIAN_POINT ( 'NONE',  ( -45.84026666726099819, 18.38451869865799893, 2.745000000010995755 ) ) ;
#8202 = PRESENTATION_LAYER_ASSIGNMENT (  '', '', ( #5952 ) ) ;
#8203 = PLANE ( 'NONE',  #6075 ) ;
#8204 = PRESENTATION_LAYER_ASSIGNMENT (  '', '', ( #1591 ) ) ;
#8205 = ORIENTED_EDGE ( 'NONE', *, *, #10355, .T. ) ;
#8206 = VECTOR ( 'NONE', #10424, 1000.000000000000000 ) ;
#8207 = CARTESIAN_POINT ( 'NONE',  ( -22.00302962540589746, 14.51451869865799971, 3.945000000010995045 ) ) ;
#8208 = EDGE_CURVE ( 'NONE', #2854, #7281, #47, .T. ) ;
#8209 = PRESENTATION_STYLE_ASSIGNMENT (( #58 ) ) ;
#8210 = ORIENTED_EDGE ( 'NONE', *, *, #7276, .F. ) ;
#8211 = COLOUR_RGB ( '',1.000000000000000000, 0.8078431372549019773, 0.4980392156862745168 ) ;
#8212 = FILL_AREA_STYLE ('',( #8105 ) ) ;
#8213 = PRESENTATION_LAYER_ASSIGNMENT (  '', '', ( #2149 ) ) ;
#8214 = CYLINDRICAL_SURFACE ( 'NONE', #7113, 0.1999999999999987899 ) ;
#8215 = CARTESIAN_POINT ( 'NONE',  ( -21.70302962540590030, 7.914518698658000062, 3.745000000010996644 ) ) ;
#8216 = CARTESIAN_POINT ( 'NONE',  ( -39.74026666726099677, 3.194518698657949685, 3.745000000010996644 ) ) ;
#8217 = DIRECTION ( 'NONE',  ( 0.000000000000000000, 2.220446049250309876E-16, 1.000000000000000000 ) ) ;
#8218 = COLOUR_RGB ( '',1.000000000000000000, 0.9490196078431372140, 0.8941176470588234615 ) ;
#8219 = UNCERTAINTY_MEASURE_WITH_UNIT (LENGTH_MEASURE( 1.000000000000000082E-05 ), #2046, 'distance_accuracy_value', 'NONE');
#8220 = EDGE_LOOP ( 'NONE', ( #4637, #1398 ) ) ;
#8221 = SURFACE_SIDE_STYLE ('',( #6872 ) ) ;
#8222 = ADVANCED_FACE ( 'NONE', ( #2657 ), #9196, .F. ) ;
#8223 = ORIENTED_EDGE ( 'NONE', *, *, #4084, .F. ) ;
#8224 = ORIENTED_EDGE ( 'NONE', *, *, #1205, .F. ) ;
#8225 = SURFACE_STYLE_FILL_AREA ( #7376 ) ;
#8226 = DIRECTION ( 'NONE',  ( 0.000000000000000000, 2.220446049250309876E-16, 1.000000000000000000 ) ) ;
#8227 =( GEOMETRIC_REPRESENTATION_CONTEXT ( 3 ) GLOBAL_UNCERTAINTY_ASSIGNED_CONTEXT ( ( #5814 ) ) GLOBAL_UNIT_ASSIGNED_CONTEXT ( ( #10024, #9056, #5740 ) ) REPRESENTATION_CONTEXT ( 'NONE', 'WORKASPACE' ) );
#8228 = LINE ( 'NONE', #682, #379 ) ;
#8229 = CYLINDRICAL_SURFACE ( 'NONE', #1679, 2.000000000000001776 ) ;
#8230 = CARTESIAN_POINT ( 'NONE',  ( -40.08771170588249788, 15.03451869865800106, 3.945000000010995045 ) ) ;
#8231 = FILL_AREA_STYLE_COLOUR ( '', #5382 ) ;
#8232 = FILL_AREA_STYLE_COLOUR ( '', #3602 ) ;
#8233 = PRESENTATION_STYLE_ASSIGNMENT (( #8442 ) ) ;
#8234 = SURFACE_STYLE_USAGE ( .BOTH. , #3251 ) ;
#8235 = ORIENTED_EDGE ( 'NONE', *, *, #10109, .F. ) ;
#8236 = CARTESIAN_POINT ( 'NONE',  ( -0.6949999999999999512, 5.299999999999999822, 1.525000000000000133 ) ) ;
#8237 = SURFACE_SIDE_STYLE ('',( #4938 ) ) ;
#8238 = CARTESIAN_POINT ( 'NONE',  ( -14.90026666726099869, 13.24042790316280005, 3.955000000010998384 ) ) ;
#8239 = FILL_AREA_STYLE ('',( #959 ) ) ;
#8240 = UNCERTAINTY_MEASURE_WITH_UNIT (LENGTH_MEASURE( 1.000000000000000082E-05 ), #1457, 'distance_accuracy_value', 'NONE');
#8241 = SURFACE_STYLE_FILL_AREA ( #3153 ) ;
#8243 = ORIENTED_EDGE ( 'NONE', *, *, #10582, .T. ) ;
#8242 = SURFACE_STYLE_USAGE ( .BOTH. , #7927 ) ;
#8244 = ADVANCED_FACE ( 'NONE', ( #4452 ), #5318, .F. ) ;
#8245 = PLANE ( 'NONE',  #10487 ) ;
#8246 = EDGE_LOOP ( 'NONE', ( #2721, #1114, #3672, #10009 ) ) ;
#8247 = EDGE_CURVE ( 'NONE', #3900, #5128, #2307, .T. ) ;
#8248 = EDGE_CURVE ( 'NONE', #2673, #5634, #7828, .T. ) ;
#8249 =( GEOMETRIC_REPRESENTATION_CONTEXT ( 3 ) GLOBAL_UNCERTAINTY_ASSIGNED_CONTEXT ( ( #4097 ) ) GLOBAL_UNIT_ASSIGNED_CONTEXT ( ( #4092, #9242, #148 ) ) REPRESENTATION_CONTEXT ( 'NONE', 'WORKASPACE' ) );
#8250 = ORIENTED_EDGE ( 'NONE', *, *, #7544, .F. ) ;
#8251 = DIRECTION ( 'NONE',  ( 0.000000000000000000, -1.000000000000000000, 2.220446049250309876E-16 ) ) ;
#8252 = COLOUR_RGB ( '',1.000000000000000000, 0.9568627450980391469, 0.8862745098039215286 ) ;
#8253 = AXIS2_PLACEMENT_3D ( 'NONE', #249, #1865, #2764 ) ;
#8254 = CARTESIAN_POINT ( 'NONE',  ( -45.84026666726099819, 18.63451869865799893, 2.545000000010996910 ) ) ;
#8255 = DIRECTION ( 'NONE',  ( 1.000000000000000000, 0.000000000000000000, 0.000000000000000000 ) ) ;
#8256 = CARTESIAN_POINT ( 'NONE',  ( 1.344999999999999973, 5.299999999999999822, 1.525000000000000133 ) ) ;
#8257 = CARTESIAN_POINT ( 'NONE',  ( -25.87854998418979946, 1.214518698657939710, 3.745000000010996644 ) ) ;
#8258 = EDGE_CURVE ( 'NONE', #7320, #10736, #304, .T. ) ;
#8259 = PRESENTATION_LAYER_ASSIGNMENT (  '', '', ( #2192 ) ) ;
#8260 = CARTESIAN_POINT ( 'NONE',  ( -28.47854998418979733, 3.714518698657950146, 3.345000000010998953 ) ) ;
#8261 = ORIENTED_EDGE ( 'NONE', *, *, #3850, .T. ) ;
#8262 = UNCERTAINTY_MEASURE_WITH_UNIT (LENGTH_MEASURE( 1.000000000000000082E-05 ), #4685, 'distance_accuracy_value', 'NONE');
#8263 = CARTESIAN_POINT ( 'NONE',  ( -21.50302962540590102, 9.114518698657999352, 3.145000000011000107 ) ) ;
#8264 = SPHERICAL_SURFACE ( 'NONE', #2120, 0.2000000000000000111 ) ;
#8265 = ORIENTED_EDGE ( 'NONE', *, *, #10062, .T. ) ;
#8266 = VECTOR ( 'NONE', #370, 1000.000000000000000 ) ;
#8267 = PRESENTATION_STYLE_ASSIGNMENT (( #3282 ) ) ;
#8268 = FILL_AREA_STYLE_COLOUR ( '', #2026 ) ;
#8269 = DIRECTION ( 'NONE',  ( 0.000000000000000000, 1.000000000000000000, -2.220446049250309876E-16 ) ) ;
#8270 = CARTESIAN_POINT ( 'NONE',  ( -41.74026666726099677, 2.394518698657940536, 3.545000000010997798 ) ) ;
#8271 = ADVANCED_FACE ( 'NONE', ( #3798 ), #2882, .F. ) ;
#8272 = PRESENTATION_STYLE_ASSIGNMENT (( #1556 ) ) ;
#8273 = VECTOR ( 'NONE', #7648, 1000.000000000000000 ) ;
#8274 = LINE ( 'NONE', #4040, #3038 ) ;
#8275 = ORIENTED_EDGE ( 'NONE', *, *, #709, .T. ) ;
#8276 = VERTEX_POINT ( 'NONE', #6363 ) ;
#8277 = ORIENTED_EDGE ( 'NONE', *, *, #5068, .F. ) ;
#8278 = LINE ( 'NONE', #71, #2389 ) ;
#8279 = VECTOR ( 'NONE', #7315, 1000.000000000000000 ) ;
#8280 = CARTESIAN_POINT ( 'NONE',  ( -14.90026666726099869, 16.78042790316279920, 5.145000000010998775 ) ) ;
#8281 = EDGE_CURVE ( 'NONE', #2387, #3949, #1229, .T. ) ;
#8282 = AXIS2_PLACEMENT_3D ( 'NONE', #5694, #8294, #5817 ) ;
#8283 = FILL_AREA_STYLE_COLOUR ( '', #2792 ) ;
#8285 = CARTESIAN_POINT ( 'NONE',  ( -46.24026666726099677, 2.794518698657940003, 5.135000000010998988 ) ) ;
#8284 =( NAMED_UNIT ( * ) SI_UNIT ( $, .STERADIAN. ) SOLID_ANGLE_UNIT ( ) );
#8286 = FILL_AREA_STYLE_COLOUR ( '', #702 ) ;
#8287 =( NAMED_UNIT ( * ) PLANE_ANGLE_UNIT ( ) SI_UNIT ( $, .RADIAN. ) );
#8288 = EDGE_LOOP ( 'NONE', ( #9466, #6331, #7946, #4302 ) ) ;
#8289 = CARTESIAN_POINT ( 'NONE',  ( -41.53771170588249362, 19.03451869865800106, 3.745000000010996644 ) ) ;
#8290 =( GEOMETRIC_REPRESENTATION_CONTEXT ( 3 ) GLOBAL_UNCERTAINTY_ASSIGNED_CONTEXT ( ( #4598 ) ) GLOBAL_UNIT_ASSIGNED_CONTEXT ( ( #2212, #1408, #7275 ) ) REPRESENTATION_CONTEXT ( 'NONE', 'WORKASPACE' ) );
#8291 = UNCERTAINTY_MEASURE_WITH_UNIT (LENGTH_MEASURE( 1.000000000000000082E-05 ), #916, 'distance_accuracy_value', 'NONE');
#8292 = STYLED_ITEM ( 'NONE', ( #3370 ), #6270 ) ;
#8293 = SURFACE_SIDE_STYLE ('',( #8183 ) ) ;
#8294 = DIRECTION ( 'NONE',  ( 0.000000000000000000, 2.220446049250309876E-16, 1.000000000000000000 ) ) ;
#8295 = FILL_AREA_STYLE_COLOUR ( '', #10772 ) ;
#8296 = DIRECTION ( 'NONE',  ( 0.000000000000000000, 1.000000000000000000, -2.220446049250309876E-16 ) ) ;
#8297 = DIRECTION ( 'NONE',  ( 0.000000000000000000, 1.000000000000000000, -2.220446049250309876E-16 ) ) ;
#8299 = VERTEX_POINT ( 'NONE', #8127 ) ;
#8298 = SURFACE_STYLE_FILL_AREA ( #3320 ) ;
#8300 = FILL_AREA_STYLE ('',( #6475 ) ) ;
#8301 = ORIENTED_EDGE ( 'NONE', *, *, #6944, .T. ) ;
#8302 = ORIENTED_EDGE ( 'NONE', *, *, #30, .T. ) ;
#8303 = DIRECTION ( 'NONE',  ( 1.000000000000000000, 0.000000000000000000, 0.000000000000000000 ) ) ;
#8304 = FACE_BOUND ( 'NONE', #3474, .T. ) ;
#8305 = STYLED_ITEM ( 'NONE', ( #1500 ), #1370 ) ;
#8306 = EDGE_CURVE ( 'NONE', #8098, #10780, #7280, .T. ) ;
#8307 = EDGE_CURVE ( 'NONE', #5336, #1052, #5647, .T. ) ;
#8308 = DIRECTION ( 'NONE',  ( 0.000000000000000000, -1.000000000000000000, 2.220446049250309876E-16 ) ) ;
#8309 = CARTESIAN_POINT ( 'NONE',  ( -27.00302962540589746, 5.114518698658000240, 1.085000000011000720 ) ) ;
#8310 = COLOUR_RGB ( '',1.000000000000000000, 1.000000000000000000, 1.000000000000000000 ) ;
#8311 = AXIS2_PLACEMENT_3D ( 'NONE', #4893, #5162, #1107 ) ;
#8312 = EDGE_CURVE ( 'NONE', #7971, #5295, #531, .T. ) ;
#8313 = EDGE_LOOP ( 'NONE', ( #3209, #6992, #4176, #8077 ) ) ;
#8314 = LINE ( 'NONE', #835, #8552 ) ;
#8315 = CARTESIAN_POINT ( 'NONE',  ( -22.00302962540589746, 12.51451869865799971, 2.945000000010994157 ) ) ;
#8316 = EDGE_LOOP ( 'NONE', ( #7139, #5987 ) ) ;
#8317 =( GEOMETRIC_REPRESENTATION_CONTEXT ( 3 ) GLOBAL_UNCERTAINTY_ASSIGNED_CONTEXT ( ( #187 ) ) GLOBAL_UNIT_ASSIGNED_CONTEXT ( ( #4458, #53, #3650 ) ) REPRESENTATION_CONTEXT ( 'NONE', 'WORKASPACE' ) );
#8318 = EDGE_CURVE ( 'NONE', #6812, #5789, #9667, .T. ) ;
#8319 = FILL_AREA_STYLE_COLOUR ( '', #4195 ) ;
#8320 = CARTESIAN_POINT ( 'NONE',  ( -45.84026666726099819, 19.55951869865799608, 2.620000000010995311 ) ) ;
#8321 = DIRECTION ( 'NONE',  ( 1.000000000000000000, 0.000000000000000000, 0.000000000000000000 ) ) ;
#8322 = SURFACE_SIDE_STYLE ('',( #6606 ) ) ;
#8323 = DIRECTION ( 'NONE',  ( 0.000000000000000000, 0.000000000000000000, 1.000000000000000000 ) ) ;
#8324 = MECHANICAL_DESIGN_GEOMETRIC_PRESENTATION_REPRESENTATION (  '', ( #3831 ), #468 ) ;
#8325 = FILL_AREA_STYLE_COLOUR ( '', #5868 ) ;
#8326 = VERTEX_POINT ( 'NONE', #10497 ) ;
#8327 = ORIENTED_EDGE ( 'NONE', *, *, #332, .T. ) ;
#8328 = ORIENTED_EDGE ( 'NONE', *, *, #8003, .F. ) ;
#8329 = CARTESIAN_POINT ( 'NONE',  ( -45.59026666726102661, 18.38451869865790300, 2.745000000010979768 ) ) ;
#8330 = MECHANICAL_DESIGN_GEOMETRIC_PRESENTATION_REPRESENTATION (  '', ( #2075 ), #7988 ) ;
#8331 = CIRCLE ( 'NONE', #644, 2.500000000000000000 ) ;
#8332 = CARTESIAN_POINT ( 'NONE',  ( -41.78771170588249362, 15.03451869865800106, 3.545000000010997798 ) ) ;
#8333 = DIRECTION ( 'NONE',  ( 0.000000000000000000, 2.220446049250309876E-16, 1.000000000000000000 ) ) ;
#8334 = CIRCLE ( 'NONE', #451, 0.4800000000000012590 ) ;
#8335 = CARTESIAN_POINT ( 'NONE',  ( 0.6500000000000000222, 0.4500000000000000111, 0.000000000000000000 ) ) ;
#8336 = FILL_AREA_STYLE ('',( #8232 ) ) ;
#8337 = UNCERTAINTY_MEASURE_WITH_UNIT (LENGTH_MEASURE( 1.000000000000000082E-05 ), #7681, 'distance_accuracy_value', 'NONE');
#8338 =( NAMED_UNIT ( * ) PLANE_ANGLE_UNIT ( ) SI_UNIT ( $, .RADIAN. ) );
#8339 = DIRECTION ( 'NONE',  ( -1.000000000000000000, 0.000000000000000000, 0.000000000000000000 ) ) ;
#8340 = EDGE_LOOP ( 'NONE', ( #2869, #7424, #2811, #9973 ) ) ;
#8341 =( GEOMETRIC_REPRESENTATION_CONTEXT ( 3 ) GLOBAL_UNCERTAINTY_ASSIGNED_CONTEXT ( ( #2946 ) ) GLOBAL_UNIT_ASSIGNED_CONTEXT ( ( #4070, #642, #10600 ) ) REPRESENTATION_CONTEXT ( 'NONE', 'WORKASPACE' ) );
#8342 = VECTOR ( 'NONE', #9107, 1000.000000000000000 ) ;
#8343 = CARTESIAN_POINT ( 'NONE',  ( 1.344999999999999973, 3.000000000000000000, 1.525000000000000133 ) ) ;
#8344 = FILL_AREA_STYLE_COLOUR ( '', #662 ) ;
#8345 = EDGE_CURVE ( 'NONE', #2995, #2774, #1358, .T. ) ;
#8346 = SURFACE_STYLE_FILL_AREA ( #10813 ) ;
#8347 = AXIS2_PLACEMENT_3D ( 'NONE', #3241, #1629, #2780 ) ;
#8348 =( NAMED_UNIT ( * ) PLANE_ANGLE_UNIT ( ) SI_UNIT ( $, .RADIAN. ) );
#8349 = FILL_AREA_STYLE_COLOUR ( '', #1362 ) ;
#8350 = ORIENTED_EDGE ( 'NONE', *, *, #3975, .T. ) ;
#8351 = SURFACE_STYLE_USAGE ( .BOTH. , #5053 ) ;
#8352 = DIRECTION ( 'NONE',  ( 0.000000000000000000, -1.000000000000000000, 0.000000000000000000 ) ) ;
#8353 = ORIENTED_EDGE ( 'NONE', *, *, #8581, .F. ) ;
#8354 = SURFACE_STYLE_FILL_AREA ( #146 ) ;
#8355 =( GEOMETRIC_REPRESENTATION_CONTEXT ( 3 ) GLOBAL_UNCERTAINTY_ASSIGNED_CONTEXT ( ( #8115 ) ) GLOBAL_UNIT_ASSIGNED_CONTEXT ( ( #6367, #5434, #2985 ) ) REPRESENTATION_CONTEXT ( 'NONE', 'WORKASPACE' ) );
#8356 = FILL_AREA_STYLE_COLOUR ( '', #2317 ) ;
#8357 = AXIS2_PLACEMENT_3D ( 'NONE', #7296, #3265, #9889 ) ;
#8358 = AXIS2_PLACEMENT_3D ( 'NONE', #10081, #10032, #8403 ) ;
#8359 = DIRECTION ( 'NONE',  ( 0.000000000000000000, 1.000000000000000000, -2.220446049250309876E-16 ) ) ;
#8360 = STYLED_ITEM ( 'NONE', ( #3745 ), #6948 ) ;
#8361 = SURFACE_SIDE_STYLE ('',( #2719 ) ) ;
#8362 = FACE_OUTER_BOUND ( 'NONE', #6724, .T. ) ;
#8363 = STYLED_ITEM ( 'NONE', ( #8209 ), #10627 ) ;
#8364 = LINE ( 'NONE', #1664, #7812 ) ;
#8365 = ORIENTED_EDGE ( 'NONE', *, *, #2156, .F. ) ;
#8366 = SURFACE_SIDE_STYLE ('',( #5716 ) ) ;
#8367 = ADVANCED_FACE ( 'NONE', ( #9766 ), #6415, .F. ) ;
#8368 = EDGE_CURVE ( 'NONE', #9320, #3685, #3139, .T. ) ;
#8369 = STYLED_ITEM ( 'NONE', ( #4173 ), #8147 ) ;
#8370 = CARTESIAN_POINT ( 'NONE',  ( -14.90026666726099869, 12.70042790316279913, 5.135000000010998988 ) ) ;
#8371 = COLOUR_RGB ( '',1.000000000000000000, 0.9568627450980391469, 0.8862745098039215286 ) ;
#8372 = ORIENTED_EDGE ( 'NONE', *, *, #5399, .F. ) ;
#8373 = FILL_AREA_STYLE_COLOUR ( '', #6495 ) ;
#8374 = FACE_OUTER_BOUND ( 'NONE', #10756, .T. ) ;
#8375 = AXIS2_PLACEMENT_3D ( 'NONE', #5200, #7657, #2707 ) ;
#8376 = AXIS2_PLACEMENT_3D ( 'NONE', #1180, #122, #8610 ) ;
#8377 = CARTESIAN_POINT ( 'NONE',  ( -26.97854998418979733, 4.514518698657940199, 3.745000000010996644 ) ) ;
#8378 =( NAMED_UNIT ( * ) PLANE_ANGLE_UNIT ( ) SI_UNIT ( $, .RADIAN. ) );
#8379 = VECTOR ( 'NONE', #6350, 1000.000000000000000 ) ;
#8380 = ORIENTED_EDGE ( 'NONE', *, *, #8281, .T. ) ;
#8381 = EDGE_CURVE ( 'NONE', #1052, #2172, #7180, .T. ) ;
#8382 = LINE ( 'NONE', #908, #3096 ) ;
#8383 = VERTEX_POINT ( 'NONE', #5688 ) ;
#8384 = ADVANCED_FACE ( 'NONE', ( #7328 ), #10636, .T. ) ;
#8385 = VECTOR ( 'NONE', #9891, 1000.000000000000000 ) ;
#8386 = ADVANCED_FACE ( 'NONE', ( #5746 ), #5090, .T. ) ;
#8387 = ORIENTED_EDGE ( 'NONE', *, *, #2156, .T. ) ;
#8388 = COLOUR_RGB ( '',1.000000000000000000, 0.8078431372549019773, 0.4980392156862745168 ) ;
#8389 = VERTEX_POINT ( 'NONE', #4271 ) ;
#8390 = COLOUR_RGB ( '',1.000000000000000000, 0.8078431372549019773, 0.4980392156862745168 ) ;
#8391 = STYLED_ITEM ( 'NONE', ( #9085 ), #7802 ) ;
#8392 = PRESENTATION_LAYER_ASSIGNMENT (  '', '', ( #5109 ) ) ;
#8393 = CYLINDRICAL_SURFACE ( 'NONE', #2334, 0.9999999999999991118 ) ;
#8394 = CYLINDRICAL_SURFACE ( 'NONE', #7250, 2.099999999999999645 ) ;
#8395 = ADVANCED_FACE ( 'NONE', ( #6622 ), #4222, .F. ) ;
#8396 = VECTOR ( 'NONE', #10322, 1000.000000000000000 ) ;
#8397 =( LENGTH_UNIT ( ) NAMED_UNIT ( * ) SI_UNIT ( .MILLI., .METRE. ) );
#8398 = FILL_AREA_STYLE ('',( #4321 ) ) ;
#8399 = ORIENTED_EDGE ( 'NONE', *, *, #9852, .T. ) ;
#8400 = CARTESIAN_POINT ( 'NONE',  ( -36.17854998418980017, 4.257512981500140015, 3.945000000010995045 ) ) ;
#8401 =( GEOMETRIC_REPRESENTATION_CONTEXT ( 3 ) GLOBAL_UNCERTAINTY_ASSIGNED_CONTEXT ( ( #5045 ) ) GLOBAL_UNIT_ASSIGNED_CONTEXT ( ( #5142, #6736, #3516 ) ) REPRESENTATION_CONTEXT ( 'NONE', 'WORKASPACE' ) );
#8402 = AXIS2_PLACEMENT_3D ( 'NONE', #4813, #469, #624 ) ;
#8403 = DIRECTION ( 'NONE',  ( 0.000000000000000000, 1.000000000000000000, 0.000000000000000000 ) ) ;
#8404 = SURFACE_STYLE_FILL_AREA ( #5905 ) ;
#8405 =( NAMED_UNIT ( * ) PLANE_ANGLE_UNIT ( ) SI_UNIT ( $, .RADIAN. ) );
#8406 = PRESENTATION_STYLE_ASSIGNMENT (( #2598 ) ) ;
#8407 = LINE ( 'NONE', #926, #6609 ) ;
#8408 = ORIENTED_EDGE ( 'NONE', *, *, #298, .T. ) ;
#8409 = EDGE_CURVE ( 'NONE', #8620, #10734, #10077, .T. ) ;
#8410 = AXIS2_PLACEMENT_3D ( 'NONE', #8280, #5852, #9175 ) ;
#8411 = FACE_OUTER_BOUND ( 'NONE', #929, .T. ) ;
#8412 = ORIENTED_EDGE ( 'NONE', *, *, #1241, .T. ) ;
#8413 = DIRECTION ( 'NONE',  ( 0.000000000000000000, 2.220446049250309876E-16, 1.000000000000000000 ) ) ;
#8414 = VECTOR ( 'NONE', #7950, 1000.000000000000000 ) ;
#8415 = FACE_OUTER_BOUND ( 'NONE', #3980, .T. ) ;
#8416 = DIRECTION ( 'NONE',  ( 0.000000000000000000, 1.000000000000000000, 0.000000000000000000 ) ) ;
#8417 =( NAMED_UNIT ( * ) SI_UNIT ( $, .STERADIAN. ) SOLID_ANGLE_UNIT ( ) );
#8418 = CYLINDRICAL_SURFACE ( 'NONE', #6819, 0.1999999999999987899 ) ;
#8419 = COLOUR_RGB ( '',1.000000000000000000, 0.9568627450980391469, 0.8862745098039215286 ) ;
#8420 = ORIENTED_EDGE ( 'NONE', *, *, #7310, .T. ) ;
#8421 = SURFACE_STYLE_USAGE ( .BOTH. , #9156 ) ;
#8422 = CARTESIAN_POINT ( 'NONE',  ( -14.90026666726099869, 14.24042790316280005, 3.955000000010998384 ) ) ;
#8423 = ORIENTED_EDGE ( 'NONE', *, *, #1177, .F. ) ;
#8424 = SHAPE_REPRESENTATION ( '1_Male_Pin_2.54_mm.STEP', ( #1039 ), #1577 ) ;
#8425 = SURFACE_SIDE_STYLE ('',( #109 ) ) ;
#8426 =( GEOMETRIC_REPRESENTATION_CONTEXT ( 3 ) GLOBAL_UNCERTAINTY_ASSIGNED_CONTEXT ( ( #9899 ) ) GLOBAL_UNIT_ASSIGNED_CONTEXT ( ( #9247, #7612, #8417 ) ) REPRESENTATION_CONTEXT ( 'NONE', 'WORKASPACE' ) );
#8427 = DIRECTION ( 'NONE',  ( 0.000000000000000000, -1.000000000000000000, 0.000000000000000000 ) ) ;
#8428 = FILL_AREA_STYLE ('',( #7418 ) ) ;
#8429 = CARTESIAN_POINT ( 'NONE',  ( -14.90026666726099869, 16.78042790316279920, 3.955000000010998384 ) ) ;
#8430 = VERTEX_POINT ( 'NONE', #10138 ) ;
#8431 = ORIENTED_EDGE ( 'NONE', *, *, #2115, .T. ) ;
#8432 = PRESENTATION_LAYER_ASSIGNMENT (  '', '', ( #1465 ) ) ;
#8433 = ORIENTED_EDGE ( 'NONE', *, *, #6781, .F. ) ;
#8434 = EDGE_LOOP ( 'NONE', ( #3667, #3617 ) ) ;
#8435 =( NAMED_UNIT ( * ) PLANE_ANGLE_UNIT ( ) SI_UNIT ( $, .RADIAN. ) );
#8436 = SURFACE_STYLE_FILL_AREA ( #3674 ) ;
#8437 = FILL_AREA_STYLE_COLOUR ( '', #5877 ) ;
#8438 = VECTOR ( 'NONE', #190, 999.9999999999998863 ) ;
#8439 = EDGE_CURVE ( 'NONE', #1339, #1373, #2850, .T. ) ;
#8440 = FACE_BOUND ( 'NONE', #8340, .T. ) ;
#8441 = CARTESIAN_POINT ( 'NONE',  ( -14.90026666726099869, 8.680427903162851067, 3.955000000010998384 ) ) ;
#8442 = SURFACE_STYLE_USAGE ( .BOTH. , #1579 ) ;
#8443 = SURFACE_STYLE_FILL_AREA ( #8398 ) ;
#8444 = VERTEX_POINT ( 'NONE', #289 ) ;
#8445 = CARTESIAN_POINT ( 'NONE',  ( -22.00302962540589746, 14.51451869865799971, 3.945000000010995045 ) ) ;
#8446 = STYLED_ITEM ( 'NONE', ( #4608 ), #470 ) ;
#8447 = SURFACE_SIDE_STYLE ('',( #1024 ) ) ;
#8448 = EDGE_CURVE ( 'NONE', #6172, #6278, #9616, .T. ) ;
#8449 = DIRECTION ( 'NONE',  ( 0.000000000000000000, 1.000000000000000000, -2.220446049250309876E-16 ) ) ;
#8450 = FACE_OUTER_BOUND ( 'NONE', #1937, .T. ) ;
#8451 = CYLINDRICAL_SURFACE ( 'NONE', #294, 0.1999999999999987899 ) ;
#8452 = SURFACE_STYLE_USAGE ( .BOTH. , #6748 ) ;
#8453 = SURFACE_STYLE_USAGE ( .BOTH. , #1098 ) ;
#8454 = ORIENTED_EDGE ( 'NONE', *, *, #9720, .T. ) ;
#8455 = DIRECTION ( 'NONE',  ( 1.000000000000000000, 0.000000000000000000, 0.000000000000000000 ) ) ;
#8456 = DIRECTION ( 'NONE',  ( -1.000000000000000000, 0.000000000000000000, 0.000000000000000000 ) ) ;
#8457 = EDGE_CURVE ( 'NONE', #9402, #993, #6949, .T. ) ;
#8458 = FILL_AREA_STYLE_COLOUR ( '', #8211 ) ;
#8459 = COLOUR_RGB ( '',1.000000000000000000, 0.8078431372549019773, 0.4980392156862745168 ) ;
#8460 =( NAMED_UNIT ( * ) PLANE_ANGLE_UNIT ( ) SI_UNIT ( $, .RADIAN. ) );
#8461 = ORIENTED_EDGE ( 'NONE', *, *, #3431, .F. ) ;
#8462 = FILL_AREA_STYLE_COLOUR ( '', #5414 ) ;
#8463 = CARTESIAN_POINT ( 'NONE',  ( -46.24026666726099677, 21.53451869865799750, 5.135000000010998988 ) ) ;
#8464 = VECTOR ( 'NONE', #8059, 1000.000000000000000 ) ;
#8465 = ORIENTED_EDGE ( 'NONE', *, *, #6154, .F. ) ;
#8466 = FILL_AREA_STYLE_COLOUR ( '', #7357 ) ;
#8467 = FILL_AREA_STYLE ('',( #6815 ) ) ;
#8468 = ORIENTED_EDGE ( 'NONE', *, *, #507, .F. ) ;
#8469 = SURFACE_SIDE_STYLE ('',( #8599 ) ) ;
#8470 =( LENGTH_UNIT ( ) NAMED_UNIT ( * ) SI_UNIT ( .MILLI., .METRE. ) );
#8471 = PRESENTATION_STYLE_ASSIGNMENT (( #7628 ) ) ;
#8472 = PLANE ( 'NONE',  #8499 ) ;
#8473 = EDGE_LOOP ( 'NONE', ( #2052, #3800, #4075, #411 ) ) ;
#8474 = DIRECTION ( 'NONE',  ( 0.000000000000000000, 1.000000000000000000, 0.000000000000000000 ) ) ;
#8475 = VERTEX_POINT ( 'NONE', #1244 ) ;
#8476 = STYLED_ITEM ( 'NONE', ( #8853 ), #1881 ) ;
#8477 = ORIENTED_EDGE ( 'NONE', *, *, #10456, .T. ) ;
#8478 = ORIENTED_EDGE ( 'NONE', *, *, #2141, .T. ) ;
#8479 = CARTESIAN_POINT ( 'NONE',  ( -31.67854998418980017, 1.257512981500239935, 2.945000000010994157 ) ) ;
#8480 = FILL_AREA_STYLE_COLOUR ( '', #8986 ) ;
#8481 = UNCERTAINTY_MEASURE_WITH_UNIT (LENGTH_MEASURE( 1.000000000000000082E-05 ), #3115, 'distance_accuracy_value', 'NONE');
#8482 = SURFACE_SIDE_STYLE ('',( #8436 ) ) ;
#8483 = LINE ( 'NONE', #7758, #9190 ) ;
#8484 =( GEOMETRIC_REPRESENTATION_CONTEXT ( 3 ) GLOBAL_UNCERTAINTY_ASSIGNED_CONTEXT ( ( #3098 ) ) GLOBAL_UNIT_ASSIGNED_CONTEXT ( ( #10705, #6585, #1600 ) ) REPRESENTATION_CONTEXT ( 'NONE', 'WORKASPACE' ) );
#8485 =( GEOMETRIC_REPRESENTATION_CONTEXT ( 3 ) GLOBAL_UNCERTAINTY_ASSIGNED_CONTEXT ( ( #5239 ) ) GLOBAL_UNIT_ASSIGNED_CONTEXT ( ( #10233, #6892, #10180 ) ) REPRESENTATION_CONTEXT ( 'NONE', 'WORKASPACE' ) );
#8486 = UNCERTAINTY_MEASURE_WITH_UNIT (LENGTH_MEASURE( 1.000000000000000082E-05 ), #8470, 'distance_accuracy_value', 'NONE');
#8487 = AXIS2_PLACEMENT_3D ( 'NONE', #4450, #84, #3376 ) ;
#8488 = FACE_BOUND ( 'NONE', #2388, .T. ) ;
#8489 = PRESENTATION_STYLE_ASSIGNMENT (( #3678 ) ) ;
#8490 =( LENGTH_UNIT ( ) NAMED_UNIT ( * ) SI_UNIT ( .MILLI., .METRE. ) );
#8491 = CARTESIAN_POINT ( 'NONE',  ( -21.60302962540589888, 16.21451869865800077, 3.945000000010995045 ) ) ;
#8492 = ORIENTED_EDGE ( 'NONE', *, *, #7532, .T. ) ;
#8493 = LINE ( 'NONE', #8445, #7691 ) ;
#8494 = ORIENTED_EDGE ( 'NONE', *, *, #7992, .F. ) ;
#8495 = MECHANICAL_DESIGN_GEOMETRIC_PRESENTATION_REPRESENTATION (  '', ( #9736 ), #1183 ) ;
#8496 = CARTESIAN_POINT ( 'NONE',  ( -41.78771170588249362, 15.83451869865799821, 3.745000000010996644 ) ) ;
#8497 = EDGE_CURVE ( 'NONE', #8118, #6531, #10304, .T. ) ;
#8498 = MECHANICAL_DESIGN_GEOMETRIC_PRESENTATION_REPRESENTATION (  '', ( #3668 ), #5052 ) ;
#8499 = AXIS2_PLACEMENT_3D ( 'NONE', #558, #8096, #8817 ) ;
#8500 = EDGE_CURVE ( 'NONE', #1162, #5275, #7003, .T. ) ;
#8501 = CARTESIAN_POINT ( 'NONE',  ( -19.70302962540589675, 10.21451869865800077, 3.945000000010995045 ) ) ;
#8502 = FACE_OUTER_BOUND ( 'NONE', #1943, .T. ) ;
#8503 = LINE ( 'NONE', #973, #9775 ) ;
#8504 = FACE_OUTER_BOUND ( 'NONE', #8473, .T. ) ;
#8505 = COLOUR_RGB ( '',0.1882352941176470562, 0.2313725490196078538, 0.5882352941176470784 ) ;
#8506 = CARTESIAN_POINT ( 'NONE',  ( 0.6500000000000000222, 5.299999999999999822, 0.6500000000000000222 ) ) ;
#8507 = DIRECTION ( 'NONE',  ( 0.000000000000000000, 2.220446049250309876E-16, 1.000000000000000000 ) ) ;
#8508 = DIRECTION ( 'NONE',  ( 0.000000000000000000, -1.000000000000000000, 0.000000000000000000 ) ) ;
#8509 =( NAMED_UNIT ( * ) SI_UNIT ( $, .STERADIAN. ) SOLID_ANGLE_UNIT ( ) );
#8510 = ORIENTED_EDGE ( 'NONE', *, *, #7664, .F. ) ;
#8511 = ADVANCED_FACE ( 'NONE', ( #6119 ), #9440, .F. ) ;
#8512 = CARTESIAN_POINT ( 'NONE',  ( -0.9449999999999999512, 5.299999999999999822, -0.8750000000000000000 ) ) ;
#8513 = FACE_OUTER_BOUND ( 'NONE', #10536, .T. ) ;
#8514 =( GEOMETRIC_REPRESENTATION_CONTEXT ( 3 ) GLOBAL_UNCERTAINTY_ASSIGNED_CONTEXT ( ( #3818 ) ) GLOBAL_UNIT_ASSIGNED_CONTEXT ( ( #10044, #1813, #5916 ) ) REPRESENTATION_CONTEXT ( 'NONE', 'WORKASPACE' ) );
#8515 = COLOUR_RGB ( '',1.000000000000000000, 0.9568627450980391469, 0.8862745098039215286 ) ;
#8516 = DIRECTION ( 'NONE',  ( 0.000000000000000000, -1.000000000000000000, 0.000000000000000000 ) ) ;
#8517 = FILL_AREA_STYLE_COLOUR ( '', #466 ) ;
#8518 = LINE ( 'NONE', #4240, #4129 ) ;
#8519 = PLANE ( 'NONE',  #3583 ) ;
#8520 = CARTESIAN_POINT ( 'NONE',  ( -22.00302962540589746, 12.51451869865799971, 3.945000000010995045 ) ) ;
#8522 = VERTEX_POINT ( 'NONE', #1084 ) ;
#8521 =( NAMED_UNIT ( * ) PLANE_ANGLE_UNIT ( ) SI_UNIT ( $, .RADIAN. ) );
#8523 =( NAMED_UNIT ( * ) SI_UNIT ( $, .STERADIAN. ) SOLID_ANGLE_UNIT ( ) );
#8524 = STYLED_ITEM ( 'NONE', ( #2775 ), #10332 ) ;
#8525 = EDGE_CURVE ( 'NONE', #6827, #592, #3021, .T. ) ;
#8526 = VERTEX_POINT ( 'NONE', #6068 ) ;
#8527 = CARTESIAN_POINT ( 'NONE',  ( 0.000000000000000000, 11.29999999999999893, 0.6500000000000000222 ) ) ;
#8528 = AXIS2_PLACEMENT_3D ( 'NONE', #7711, #2872, #6076 ) ;
#8529 = EDGE_LOOP ( 'NONE', ( #6951, #9319, #10064, #6995 ) ) ;
#8530 = VECTOR ( 'NONE', #8892, 1000.000000000000000 ) ;
#8532 = UNCERTAINTY_MEASURE_WITH_UNIT (LENGTH_MEASURE( 1.000000000000000082E-05 ), #4492, 'distance_accuracy_value', 'NONE');
#8531 = AXIS2_PLACEMENT_3D ( 'NONE', #8512, #4402, #7726 ) ;
#8533 = CARTESIAN_POINT ( 'NONE',  ( -25.87854998418979946, 3.014518698657940199, 3.945000000010995045 ) ) ;
#8534 =( NAMED_UNIT ( * ) SI_UNIT ( $, .STERADIAN. ) SOLID_ANGLE_UNIT ( ) );
#8535 = DIRECTION ( 'NONE',  ( -1.000000000000000000, 0.000000000000000000, 0.000000000000000000 ) ) ;
#8536 = SURFACE_STYLE_FILL_AREA ( #5991 ) ;
#8537 = DIRECTION ( 'NONE',  ( 0.000000000000000000, -2.220446049250309876E-16, -1.000000000000000000 ) ) ;
#8538 = STYLED_ITEM ( 'NONE', ( #743 ), #4862 ) ;
#8539 = VERTEX_POINT ( 'NONE', #4545 ) ;
#8540 = EDGE_CURVE ( 'NONE', #2200, #7375, #10496, .T. ) ;
#8541 =( NAMED_UNIT ( * ) PLANE_ANGLE_UNIT ( ) SI_UNIT ( $, .RADIAN. ) );
#8542 = ORIENTED_EDGE ( 'NONE', *, *, #4627, .T. ) ;
#8543 = MECHANICAL_DESIGN_GEOMETRIC_PRESENTATION_REPRESENTATION (  '', ( #10477 ), #6654 ) ;
#8544 = AXIS2_PLACEMENT_3D ( 'NONE', #2414, #3289, #4977 ) ;
#8545 = EDGE_LOOP ( 'NONE', ( #7690, #7317, #3439, #4612 ) ) ;
#8546 = ORIENTED_EDGE ( 'NONE', *, *, #5599, .T. ) ;
#8547 = MECHANICAL_DESIGN_GEOMETRIC_PRESENTATION_REPRESENTATION (  '', ( #7189 ), #519 ) ;
#8548 = CARTESIAN_POINT ( 'NONE',  ( -45.84026666726099819, 17.78451869865799750, 3.545000000010997798 ) ) ;
#8549 = DIRECTION ( 'NONE',  ( 0.000000000000000000, 0.3713906763541020561, -0.9284766908852600809 ) ) ;
#8550 = MECHANICAL_DESIGN_GEOMETRIC_PRESENTATION_REPRESENTATION (  '', ( #693 ), #2126 ) ;
#8551 = PRESENTATION_STYLE_ASSIGNMENT (( #1788 ) ) ;
#8552 = VECTOR ( 'NONE', #9253, 1000.000000000000000 ) ;
#8553 =( NAMED_UNIT ( * ) SI_UNIT ( $, .STERADIAN. ) SOLID_ANGLE_UNIT ( ) );
#8554 = SURFACE_SIDE_STYLE ('',( #8615 ) ) ;
#8555 = FACE_BOUND ( 'NONE', #5881, .T. ) ;
#8556 = CARTESIAN_POINT ( 'NONE',  ( -0.9449999999999999512, 5.299999999999999822, -0.6250000000000000000 ) ) ;
#8557 = AXIS2_PLACEMENT_3D ( 'NONE', #2663, #8413, #10043 ) ;
#8558 = EDGE_CURVE ( 'NONE', #7081, #8985, #7860, .T. ) ;
#8559 = SURFACE_STYLE_USAGE ( .BOTH. , #4272 ) ;
#8560 = ORIENTED_EDGE ( 'NONE', *, *, #10640, .F. ) ;
#8561 = CARTESIAN_POINT ( 'NONE',  ( -40.08771170588249788, 15.83451869865799821, 3.945000000010995045 ) ) ;
#8562 = UNCERTAINTY_MEASURE_WITH_UNIT (LENGTH_MEASURE( 1.000000000000000082E-05 ), #2979, 'distance_accuracy_value', 'NONE');
#8563 = ORIENTED_EDGE ( 'NONE', *, *, #8064, .T. ) ;
#8564 = AXIS2_PLACEMENT_3D ( 'NONE', #6897, #9494, #3626 ) ;
#8565 = AXIS2_PLACEMENT_3D ( 'NONE', #2898, #9474, #6213 ) ;
#8566 = EDGE_LOOP ( 'NONE', ( #8604, #818, #175, #3615 ) ) ;
#8567 = PRESENTATION_LAYER_ASSIGNMENT (  '', '', ( #5804 ) ) ;
#8568 = SURFACE_STYLE_FILL_AREA ( #10317 ) ;
#8569 = LINE ( 'NONE', #4395, #5617 ) ;
#8570 = DIRECTION ( 'NONE',  ( 0.000000000000000000, -2.220446049250309876E-16, -1.000000000000000000 ) ) ;
#8571 = COLOUR_RGB ( '',1.000000000000000000, 0.9568627450980391469, 0.8862745098039215286 ) ;
#8572 =( LENGTH_UNIT ( ) NAMED_UNIT ( * ) SI_UNIT ( .MILLI., .METRE. ) );
#8573 = DIRECTION ( 'NONE',  ( 0.000000000000000000, 0.000000000000000000, 1.000000000000000000 ) ) ;
#8574 =( LENGTH_UNIT ( ) NAMED_UNIT ( * ) SI_UNIT ( .MILLI., .METRE. ) );
#8575 = SURFACE_SIDE_STYLE ('',( #7605 ) ) ;
#8576 = VERTEX_POINT ( 'NONE', #9382 ) ;
#8577 = CIRCLE ( 'NONE', #8939, 0.9999999999999991118 ) ;
#8578 =( NAMED_UNIT ( * ) PLANE_ANGLE_UNIT ( ) SI_UNIT ( $, .RADIAN. ) );
#8579 = DIRECTION ( 'NONE',  ( 0.000000000000000000, 1.000000000000000000, 0.000000000000000000 ) ) ;
#8580 = CARTESIAN_POINT ( 'NONE',  ( -21.60302962540589888, 10.21451869865800077, 3.945000000010995045 ) ) ;
#8581 = EDGE_CURVE ( 'NONE', #7101, #10747, #4438, .T. ) ;
#8582 =( GEOMETRIC_REPRESENTATION_CONTEXT ( 3 ) GLOBAL_UNCERTAINTY_ASSIGNED_CONTEXT ( ( #8291 ) ) GLOBAL_UNIT_ASSIGNED_CONTEXT ( ( #916, #7379, #8553 ) ) REPRESENTATION_CONTEXT ( 'NONE', 'WORKASPACE' ) );
#8583 = LINE ( 'NONE', #4294, #7066 ) ;
#8584 = FACE_OUTER_BOUND ( 'NONE', #5702, .T. ) ;
#8585 = EDGE_CURVE ( 'NONE', #5275, #1461, #7761, .T. ) ;
#8586 = VERTEX_POINT ( 'NONE', #10368 ) ;
#8587 = DIRECTION ( 'NONE',  ( -1.000000000000000000, 0.000000000000000000, 0.000000000000000000 ) ) ;
#8588 = ADVANCED_FACE ( 'NONE', ( #409 ), #4701, .F. ) ;
#8589 = CARTESIAN_POINT ( 'NONE',  ( 1.594999999999999973, 3.000000000000000000, 1.275000000000000133 ) ) ;
#8590 = CARTESIAN_POINT ( 'NONE',  ( -27.20302962540589675, 5.314518698658000417, 1.285000000010999566 ) ) ;
#8591 = ORIENTED_EDGE ( 'NONE', *, *, #5349, .F. ) ;
#8592 = DIRECTION ( 'NONE',  ( 0.000000000000000000, 2.220446049250309876E-16, 1.000000000000000000 ) ) ;
#8593 = STYLED_ITEM ( 'NONE', ( #4252 ), #3835 ) ;
#8594 = UNCERTAINTY_MEASURE_WITH_UNIT (LENGTH_MEASURE( 1.000000000000000082E-05 ), #5770, 'distance_accuracy_value', 'NONE');
#8595 = ORIENTED_EDGE ( 'NONE', *, *, #5796, .F. ) ;
#8596 = DIRECTION ( 'NONE',  ( 0.000000000000000000, -1.000000000000000000, 0.000000000000000000 ) ) ;
#8597 = PRESENTATION_STYLE_ASSIGNMENT (( #5395 ) ) ;
#8598 = ADVANCED_FACE ( 'NONE', ( #2301 ), #7164, .F. ) ;
#8599 = SURFACE_STYLE_FILL_AREA ( #4525 ) ;
#8600 = VECTOR ( 'NONE', #8308, 1000.000000000000000 ) ;
#8601 = FILL_AREA_STYLE ('',( #8283 ) ) ;
#8602 = EDGE_LOOP ( 'NONE', ( #1445, #9264, #2796, #7672 ) ) ;
#8603 = DIRECTION ( 'NONE',  ( 0.000000000000000000, -1.000000000000000000, 2.220446049250309876E-16 ) ) ;
#8604 = ORIENTED_EDGE ( 'NONE', *, *, #4076, .T. ) ;
#8605 = ORIENTED_EDGE ( 'NONE', *, *, #2679, .F. ) ;
#8606 = STYLED_ITEM ( 'NONE', ( #10090 ), #6621 ) ;
#8607 = ORIENTED_EDGE ( 'NONE', *, *, #9803, .F. ) ;
#8608 = VECTOR ( 'NONE', #6306, 1000.000000000000000 ) ;
#8609 = ADVANCED_FACE ( 'NONE', ( #1347 ), #614, .F. ) ;
#8610 = DIRECTION ( 'NONE',  ( 0.000000000000000000, -1.000000000000000000, 2.220446049250309876E-16 ) ) ;
#8611 = CARTESIAN_POINT ( 'NONE',  ( -46.09026666726099108, 18.88451869865788879, 2.745000000010979768 ) ) ;
#8612 = UNCERTAINTY_MEASURE_WITH_UNIT (LENGTH_MEASURE( 1.000000000000000082E-05 ), #9046, 'distance_accuracy_value', 'NONE');
#8613 = UNCERTAINTY_MEASURE_WITH_UNIT (LENGTH_MEASURE( 1.000000000000000082E-05 ), #2313, 'distance_accuracy_value', 'NONE');
#8614 = CARTESIAN_POINT ( 'NONE',  ( -48.84026666726100530, 26.27451869865799949, 3.945000000010995045 ) ) ;
#8615 = SURFACE_STYLE_FILL_AREA ( #7810 ) ;
#8616 = FACE_BOUND ( 'NONE', #7166, .T. ) ;
#8617 = FILL_AREA_STYLE ('',( #9381 ) ) ;
#8618 = DIRECTION ( 'NONE',  ( 0.000000000000000000, -1.000000000000000000, 2.220446049250309876E-16 ) ) ;
#8619 = EDGE_LOOP ( 'NONE', ( #3948, #5180, #6532, #3846 ) ) ;
#8620 = VERTEX_POINT ( 'NONE', #669 ) ;
#8621 = CARTESIAN_POINT ( 'NONE',  ( -46.24026666726099677, 2.794518698657940003, 5.135000000010998988 ) ) ;
#8622 = COLOUR_RGB ( '',1.000000000000000000, 0.9568627450980391469, 0.8862745098039215286 ) ;
#8623 = ADVANCED_FACE ( 'NONE', ( #4039 ), #6553, .F. ) ;
#8624 = LINE ( 'NONE', #9334, #10503 ) ;
#8625 =( NAMED_UNIT ( * ) PLANE_ANGLE_UNIT ( ) SI_UNIT ( $, .RADIAN. ) );
#8626 = DIRECTION ( 'NONE',  ( 1.000000000000000000, 0.000000000000000000, 0.000000000000000000 ) ) ;
#8627 = SURFACE_STYLE_USAGE ( .BOTH. , #417 ) ;
#8628 = AXIS2_PLACEMENT_3D ( 'NONE', #1463, #2637, #6775 ) ;
#8629 = SURFACE_STYLE_USAGE ( .BOTH. , #8682 ) ;
#8630 = CARTESIAN_POINT ( 'NONE',  ( -36.17854998418980017, 1.257512981500239935, 2.945000000010994157 ) ) ;
#8631 = ORIENTED_EDGE ( 'NONE', *, *, #9389, .F. ) ;
#8632 = FILL_AREA_STYLE ('',( #6418 ) ) ;
#8633 = STYLED_ITEM ( 'NONE', ( #4542 ), #495 ) ;
#8634 = MECHANICAL_DESIGN_GEOMETRIC_PRESENTATION_REPRESENTATION (  '', ( #2566 ), #7433 ) ;
#8635 =( NAMED_UNIT ( * ) SI_UNIT ( $, .STERADIAN. ) SOLID_ANGLE_UNIT ( ) );
#8636 = FILL_AREA_STYLE ('',( #8517 ) ) ;
#8637 = AXIS2_PLACEMENT_3D ( 'NONE', #7800, #9483, #1121 ) ;
#8638 = CARTESIAN_POINT ( 'NONE',  ( -14.90026666726099869, 16.78042790316279920, 5.135000000010998988 ) ) ;
#8639 =( NAMED_UNIT ( * ) PLANE_ANGLE_UNIT ( ) SI_UNIT ( $, .RADIAN. ) );
#8641 = ORIENTED_EDGE ( 'NONE', *, *, #1105, .T. ) ;
#8640 = DIRECTION ( 'NONE',  ( 1.000000000000000000, 0.000000000000000000, 0.000000000000000000 ) ) ;
#8642 = CARTESIAN_POINT ( 'NONE',  ( -25.87854998418979946, 1.214518698657939710, 3.745000000010996644 ) ) ;
#8643 = LINE ( 'NONE', #7035, #3385 ) ;
#8644 = ORIENTED_EDGE ( 'NONE', *, *, #9008, .T. ) ;
#8645 = APPLICATION_PROTOCOL_DEFINITION ( 'draft international standard', 'automotive_design', 1998, #654 ) ;
#8646 = SURFACE_SIDE_STYLE ('',( #9522 ) ) ;
#8647 = PRESENTATION_LAYER_ASSIGNMENT (  '', '', ( #1854 ) ) ;
#8648 = EDGE_LOOP ( 'NONE', ( #643, #9876, #2204, #551 ) ) ;
#8649 = EDGE_CURVE ( 'NONE', #4534, #6933, #1918, .T. ) ;
#8650 = ADVANCED_FACE ( 'NONE', ( #1983 ), #4559, .F. ) ;
#8651 = CARTESIAN_POINT ( 'NONE',  ( -29.47854998418979733, 3.014518698657940199, 3.945000000010995045 ) ) ;
#8652 = UNCERTAINTY_MEASURE_WITH_UNIT (LENGTH_MEASURE( 1.000000000000000082E-05 ), #9400, 'distance_accuracy_value', 'NONE');
#8653 = FILL_AREA_STYLE_COLOUR ( '', #2131 ) ;
#8654 = DIRECTION ( 'NONE',  ( 0.000000000000000000, -1.000000000000000000, 0.000000000000000000 ) ) ;
#8655 = MECHANICAL_DESIGN_GEOMETRIC_PRESENTATION_REPRESENTATION (  '', ( #5696 ), #3283 ) ;
#8656 = CARTESIAN_POINT ( 'NONE',  ( -46.24026666726099677, 23.13451869865799893, 3.955000000010998384 ) ) ;
#8657 = VERTEX_POINT ( 'NONE', #8506 ) ;
#8658 = CARTESIAN_POINT ( 'NONE',  ( -40.28771170588249362, 15.83451869865799821, 3.745000000010996644 ) ) ;
#8659 = ORIENTED_EDGE ( 'NONE', *, *, #4077, .T. ) ;
#8660 = ADVANCED_FACE ( 'NONE', ( #6960 ), #2038, .F. ) ;
#8661 = EDGE_LOOP ( 'NONE', ( #3936, #9868, #9197, #7155 ) ) ;
#8662 = ORIENTED_EDGE ( 'NONE', *, *, #10593, .F. ) ;
#8663 = CIRCLE ( 'NONE', #1161, 2.000000000000001776 ) ;
#8664 = PLANE ( 'NONE',  #2662 ) ;
#8665 = SURFACE_STYLE_USAGE ( .BOTH. , #280 ) ;
#8666 = CARTESIAN_POINT ( 'NONE',  ( -21.74029191166209785, 2.773121729659039580, 3.945000000010995045 ) ) ;
#8667 =( NAMED_UNIT ( * ) SI_UNIT ( $, .STERADIAN. ) SOLID_ANGLE_UNIT ( ) );
#8668 = FILL_AREA_STYLE_COLOUR ( '', #3781 ) ;
#8669 = CIRCLE ( 'NONE', #3468, 0.4799999999999995381 ) ;
#8670 =( LENGTH_UNIT ( ) NAMED_UNIT ( * ) SI_UNIT ( .MILLI., .METRE. ) );
#8671 = FILL_AREA_STYLE_COLOUR ( '', #2511 ) ;
#8672 = ORIENTED_EDGE ( 'NONE', *, *, #6794, .F. ) ;
#8673 = FACE_OUTER_BOUND ( 'NONE', #7736, .T. ) ;
#8674 = ORIENTED_EDGE ( 'NONE', *, *, #8788, .T. ) ;
#8675 = FACE_BOUND ( 'NONE', #2891, .T. ) ;
#8676 =( GEOMETRIC_REPRESENTATION_CONTEXT ( 3 ) GLOBAL_UNCERTAINTY_ASSIGNED_CONTEXT ( ( #10502 ) ) GLOBAL_UNIT_ASSIGNED_CONTEXT ( ( #9343, #6025, #8509 ) ) REPRESENTATION_CONTEXT ( 'NONE', 'WORKASPACE' ) );
#8677 = SURFACE_STYLE_USAGE ( .BOTH. , #358 ) ;
#8678 = AXIS2_PLACEMENT_3D ( 'NONE', #10391, #1531, #6583 ) ;
#8679 = CARTESIAN_POINT ( 'NONE',  ( -45.84026666726099819, 18.63451869865799893, 2.545000000010996910 ) ) ;
#8680 = CARTESIAN_POINT ( 'NONE',  ( -22.00302962540589746, 14.51451869865799971, 2.945000000010994157 ) ) ;
#8681 = PRESENTATION_STYLE_ASSIGNMENT (( #4499 ) ) ;
#8682 = SURFACE_SIDE_STYLE ('',( #2823 ) ) ;
#8683 = FILL_AREA_STYLE_COLOUR ( '', #10263 ) ;
#8684 = SURFACE_STYLE_FILL_AREA ( #5369 ) ;
#8685 = ORIENTED_EDGE ( 'NONE', *, *, #4795, .T. ) ;
#8686 = AXIS2_PLACEMENT_3D ( 'NONE', #5744, #9764, #631 ) ;
#8687 =( NAMED_UNIT ( * ) PLANE_ANGLE_UNIT ( ) SI_UNIT ( $, .RADIAN. ) );
#8688 = CARTESIAN_POINT ( 'NONE',  ( -36.17854998418980017, 4.257512981500140015, 2.945000000010994157 ) ) ;
#8689 = CARTESIAN_POINT ( 'NONE',  ( -45.84026666726099819, 18.63451869865799893, 2.745000000010995755 ) ) ;
#8690 = VECTOR ( 'NONE', #8640, 1000.000000000000000 ) ;
#8691 =( GEOMETRIC_REPRESENTATION_CONTEXT ( 3 ) GLOBAL_UNCERTAINTY_ASSIGNED_CONTEXT ( ( #9374 ) ) GLOBAL_UNIT_ASSIGNED_CONTEXT ( ( #7716, #7658, #3586 ) ) REPRESENTATION_CONTEXT ( 'NONE', 'WORKASPACE' ) );
#8692 = CARTESIAN_POINT ( 'NONE',  ( -45.84026666726099819, 18.63451869865799893, 2.545000000010996910 ) ) ;
#8693 = SURFACE_SIDE_STYLE ('',( #9465 ) ) ;
#8694 = ORIENTED_EDGE ( 'NONE', *, *, #10669, .F. ) ;
#8695 = CARTESIAN_POINT ( 'NONE',  ( -0.6949999999999999512, 3.000000000000000000, 1.525000000000000133 ) ) ;
#8696 =( NAMED_UNIT ( * ) SI_UNIT ( $, .STERADIAN. ) SOLID_ANGLE_UNIT ( ) );
#8697 = EDGE_CURVE ( 'NONE', #6172, #712, #1261, .T. ) ;
#8698 = EDGE_LOOP ( 'NONE', ( #5909, #4322, #520, #3094 ) ) ;
#8699 = FILL_AREA_STYLE ('',( #3160 ) ) ;
#8700 = CIRCLE ( 'NONE', #10258, 0.4799999999999995381 ) ;
#8701 = UNCERTAINTY_MEASURE_WITH_UNIT (LENGTH_MEASURE( 1.000000000000000082E-05 ), #10147, 'distance_accuracy_value', 'NONE');
#8702 = SURFACE_STYLE_FILL_AREA ( #10561 ) ;
#8703 = CYLINDRICAL_SURFACE ( 'NONE', #3739, 1.000000000000000888 ) ;
#8704 = VECTOR ( 'NONE', #312, 1000.000000000000000 ) ;
#8705 = MECHANICAL_DESIGN_GEOMETRIC_PRESENTATION_REPRESENTATION (  '', ( #8168 ), #9576 ) ;
#8706 = DIRECTION ( 'NONE',  ( 0.000000000000000000, -1.000000000000000000, 2.220446049250309876E-16 ) ) ;
#8707 = ADVANCED_FACE ( 'NONE', ( #3529 ), #10380, .F. ) ;
#8708 = VECTOR ( 'NONE', #8917, 999.9999999999998863 ) ;
#8709 = ORIENTED_EDGE ( 'NONE', *, *, #10239, .T. ) ;
#8710 = UNCERTAINTY_MEASURE_WITH_UNIT (LENGTH_MEASURE( 1.000000000000000082E-05 ), #1067, 'distance_accuracy_value', 'NONE');
#8711 = ORIENTED_EDGE ( 'NONE', *, *, #9877, .T. ) ;
#8712 = STYLED_ITEM ( 'NONE', ( #1585 ), #6822 ) ;
#8713 = ORIENTED_EDGE ( 'NONE', *, *, #7074, .F. ) ;
#8714 = CARTESIAN_POINT ( 'NONE',  ( -45.79026666726101524, 18.68451869865790371, 2.545000000010994246 ) ) ;
#8715 = CARTESIAN_POINT ( 'NONE',  ( -39.54026666726100103, 16.29451869865799551, 5.135000000010998988 ) ) ;
#8716 = UNCERTAINTY_MEASURE_WITH_UNIT (LENGTH_MEASURE( 1.000000000000000082E-05 ), #6536, 'distance_accuracy_value', 'NONE');
#8717 = AXIS2_PLACEMENT_3D ( 'NONE', #4808, #795, #1511 ) ;
#8718 = SURFACE_SIDE_STYLE ('',( #8827 ) ) ;
#8719 = EDGE_CURVE ( 'NONE', #1561, #882, #1249, .T. ) ;
#8720 = CARTESIAN_POINT ( 'NONE',  ( -42.73771170588249646, 18.83451869865799821, 3.145000000011000107 ) ) ;
#8721 = ORIENTED_EDGE ( 'NONE', *, *, #4276, .F. ) ;
#8722 = SURFACE_STYLE_FILL_AREA ( #9656 ) ;
#8723 = ORIENTED_EDGE ( 'NONE', *, *, #613, .F. ) ;
#8724 = FACE_BOUND ( 'NONE', #1297, .T. ) ;
#8725 = AXIS2_PLACEMENT_3D ( 'NONE', #8630, #2100, #6909 ) ;
#8726 = VECTOR ( 'NONE', #1689, 1000.000000000000000 ) ;
#8727 =( NAMED_UNIT ( * ) PLANE_ANGLE_UNIT ( ) SI_UNIT ( $, .RADIAN. ) );
#8728 = CARTESIAN_POINT ( 'NONE',  ( -38.80302962540589817, 20.81451869865799864, 1.285000000010999566 ) ) ;
#8729 = LINE ( 'NONE', #2926, #6843 ) ;
#8730 = EDGE_CURVE ( 'NONE', #3488, #953, #7179, .T. ) ;
#8731 = CIRCLE ( 'NONE', #10645, 0.05000000000000143219 ) ;
#8732 = FILL_AREA_STYLE_COLOUR ( '', #3143 ) ;
#8733 = SURFACE_SIDE_STYLE ('',( #5425 ) ) ;
#8734 = FILL_AREA_STYLE ('',( #5426 ) ) ;
#8735 = CARTESIAN_POINT ( 'NONE',  ( -46.24026666726099677, 21.13451869865799893, 3.955000000010999273 ) ) ;
#8736 = AXIS2_PLACEMENT_3D ( 'NONE', #1736, #10745, #2487 ) ;
#8737 =( LENGTH_UNIT ( ) NAMED_UNIT ( * ) SI_UNIT ( .MILLI., .METRE. ) );
#8738 = DIRECTION ( 'NONE',  ( 0.3481553119113945938, -0.8703882797784902037, -0.3481553119113945938 ) ) ;
#8739 = STYLED_ITEM ( 'NONE', ( #5065 ), #7565 ) ;
#8740 = ORIENTED_EDGE ( 'NONE', *, *, #1177, .T. ) ;
#8741 = CARTESIAN_POINT ( 'NONE',  ( 0.6500000000000000222, 11.05000000000000071, 0.000000000000000000 ) ) ;
#8742 = STYLED_ITEM ( 'NONE', ( #8851 ), #6144 ) ;
#8743 =( GEOMETRIC_REPRESENTATION_CONTEXT ( 3 ) GLOBAL_UNCERTAINTY_ASSIGNED_CONTEXT ( ( #5856 ) ) GLOBAL_UNIT_ASSIGNED_CONTEXT ( ( #4736, #9684, #7093 ) ) REPRESENTATION_CONTEXT ( 'NONE', 'WORKASPACE' ) );
#8744 = UNCERTAINTY_MEASURE_WITH_UNIT (LENGTH_MEASURE( 1.000000000000000082E-05 ), #10414, 'distance_accuracy_value', 'NONE');
#8745 =( NAMED_UNIT ( * ) PLANE_ANGLE_UNIT ( ) SI_UNIT ( $, .RADIAN. ) );
#8746 = AXIS2_PLACEMENT_3D ( 'NONE', #4449, #302, #245 ) ;
#8747 = PRESENTATION_LAYER_ASSIGNMENT (  '', '', ( #2674 ) ) ;
#8748 = SURFACE_STYLE_FILL_AREA ( #8636 ) ;
#8749 = PLANE ( 'NONE',  #8781 ) ;
#8750 = DIRECTION ( 'NONE',  ( 0.000000000000000000, 1.000000000000000000, 0.000000000000000000 ) ) ;
#8752 = ORIENTED_EDGE ( 'NONE', *, *, #5409, .F. ) ;
#8751 = FILL_AREA_STYLE_COLOUR ( '', #2087 ) ;
#8753 = VECTOR ( 'NONE', #6898, 1000.000000000000000 ) ;
#8754 = DIRECTION ( 'NONE',  ( 0.000000000000000000, 2.220446049250309876E-16, 1.000000000000000000 ) ) ;
#8755 = VECTOR ( 'NONE', #362, 1000.000000000000000 ) ;
#8756 = ORIENTED_EDGE ( 'NONE', *, *, #5224, .T. ) ;
#8757 = ITEM_DEFINED_TRANSFORMATION ( 'NONE', 'NONE', #8347,  #1039 ) ;
#8758 = PRODUCT ( '1_Male_Pin_2.54_mm.STEP', '1_Male_Pin_2.54_mm.STEP', '', ( #10451 ) ) ;
#8759 = CARTESIAN_POINT ( 'NONE',  ( -46.24026666726099677, 0.7945186986579397814, 3.955000000010999273 ) ) ;
#8760 = COLOUR_RGB ( '',0.1882352941176470562, 0.2313725490196078538, 0.5882352941176470784 ) ;
#8761 =( NAMED_UNIT ( * ) SI_UNIT ( $, .STERADIAN. ) SOLID_ANGLE_UNIT ( ) );
#8762 = CARTESIAN_POINT ( 'NONE',  ( -45.74026666726099677, 9.380138998901301761, 3.945000000010995933 ) ) ;
#8763 = CARTESIAN_POINT ( 'NONE',  ( -22.00302962540589746, 12.51451869865799971, 2.945000000010994157 ) ) ;
#8764 =( NAMED_UNIT ( * ) PLANE_ANGLE_UNIT ( ) SI_UNIT ( $, .RADIAN. ) );
#8765 = AXIS2_PLACEMENT_3D ( 'NONE', #4305, #4141, #6602 ) ;
#8766 = ORIENTED_EDGE ( 'NONE', *, *, #5479, .T. ) ;
#8767 = EDGE_LOOP ( 'NONE', ( #5820, #5233, #3335, #3131 ) ) ;
#8768 = EDGE_LOOP ( 'NONE', ( #3070, #2111, #9836, #10578 ) ) ;
#8769 =( LENGTH_UNIT ( ) NAMED_UNIT ( * ) SI_UNIT ( .MILLI., .METRE. ) );
#8770 = AXIS2_PLACEMENT_3D ( 'NONE', #1774, #2727, #110 ) ;
#8771 = CARTESIAN_POINT ( 'NONE',  ( -14.90026666726099869, 9.160427903162849717, 3.955000000010998384 ) ) ;
#8772 = PLANE ( 'NONE',  #3566 ) ;
#8773 = PLANE ( 'NONE',  #3636 ) ;
#8774 = FACE_OUTER_BOUND ( 'NONE', #1400, .T. ) ;
#8775 = DIRECTION ( 'NONE',  ( -1.084202172485499873E-16, 1.000000000000000000, 0.000000000000000000 ) ) ;
#8776 =( NAMED_UNIT ( * ) SI_UNIT ( $, .STERADIAN. ) SOLID_ANGLE_UNIT ( ) );
#8777 = DIRECTION ( 'NONE',  ( 0.000000000000000000, -1.000000000000000000, 4.336808689942013792E-16 ) ) ;
#8778 = ORIENTED_EDGE ( 'NONE', *, *, #2734, .T. ) ;
#8779 = CARTESIAN_POINT ( 'NONE',  ( 0.000000000000000000, 0.000000000000000000, 0.000000000000000000 ) ) ;
#8780 = SURFACE_STYLE_USAGE ( .BOTH. , #10371 ) ;
#8781 = AXIS2_PLACEMENT_3D ( 'NONE', #8638, #7835, #5491 ) ;
#8782 = ORIENTED_EDGE ( 'NONE', *, *, #6691, .F. ) ;
#8783 = ORIENTED_EDGE ( 'NONE', *, *, #5662, .T. ) ;
#8784 = FILL_AREA_STYLE_COLOUR ( '', #2289 ) ;
#8785 = ADVANCED_FACE ( 'NONE', ( #6518 ), #7278, .F. ) ;
#8786 = LINE ( 'NONE', #1303, #1228 ) ;
#8787 = PRESENTATION_STYLE_ASSIGNMENT (( #6356 ) ) ;
#8788 = EDGE_CURVE ( 'NONE', #2328, #3519, #9665, .T. ) ;
#8789 = SURFACE_SIDE_STYLE ('',( #6515 ) ) ;
#8790 = AXIS2_PLACEMENT_3D ( 'NONE', #6571, #3304, #7329 ) ;
#8791 = ADVANCED_FACE ( 'NONE', ( #3908 ), #4714, .F. ) ;
#8792 = CARTESIAN_POINT ( 'NONE',  ( -48.84026666726100530, 26.27451869865799949, 5.145000000010998775 ) ) ;
#8793 = SURFACE_STYLE_FILL_AREA ( #3754 ) ;
#8794 = ORIENTED_EDGE ( 'NONE', *, *, #8697, .F. ) ;
#8795 = PLANE ( 'NONE',  #3688 ) ;
#8796 = ADVANCED_FACE ( 'NONE', ( #6678 ), #10026, .F. ) ;
#8797 = SURFACE_STYLE_FILL_AREA ( #5487 ) ;
#8798 = DIRECTION ( 'NONE',  ( -1.000000000000000000, 0.000000000000000000, 0.000000000000000000 ) ) ;
#8799 = SURFACE_STYLE_USAGE ( .BOTH. , #5376 ) ;
#8800 =( NAMED_UNIT ( * ) SI_UNIT ( $, .STERADIAN. ) SOLID_ANGLE_UNIT ( ) );
#8801 = DIRECTION ( 'NONE',  ( 0.000000000000000000, -1.000000000000000000, 0.000000000000000000 ) ) ;
#8802 = ORIENTED_EDGE ( 'NONE', *, *, #9459, .T. ) ;
#8803 = MECHANICAL_DESIGN_GEOMETRIC_PRESENTATION_REPRESENTATION (  '', ( #8977 ), #5329 ) ;
#8804 = CYLINDRICAL_SURFACE ( 'NONE', #8907, 2.000000000000001776 ) ;
#8805 = EDGE_LOOP ( 'NONE', ( #2276, #7678, #9357, #4633 ) ) ;
#8806 = CONTEXT_DEPENDENT_SHAPE_REPRESENTATION ( #6130, #10515 ) ;
#8807 = COLOUR_RGB ( '',1.000000000000000000, 0.8078431372549019773, 0.4980392156862745168 ) ;
#8808 = PLANE ( 'NONE',  #10662 ) ;
#8809 = EDGE_CURVE ( 'NONE', #5308, #423, #7485, .T. ) ;
#8810 =( GEOMETRIC_REPRESENTATION_CONTEXT ( 3 ) GLOBAL_UNCERTAINTY_ASSIGNED_CONTEXT ( ( #9584 ) ) GLOBAL_UNIT_ASSIGNED_CONTEXT ( ( #3783, #4700, #10420 ) ) REPRESENTATION_CONTEXT ( 'NONE', 'WORKASPACE' ) );
#8811 = PLANE ( 'NONE',  #2857 ) ;
#8812 = FILL_AREA_STYLE_COLOUR ( '', #5089 ) ;
#8813 = DIRECTION ( 'NONE',  ( 0.000000000000000000, 2.220446049250309876E-16, 1.000000000000000000 ) ) ;
#8814 = DIRECTION ( 'NONE',  ( 0.000000000000000000, 2.220446049250309876E-16, 1.000000000000000000 ) ) ;
#8815 = STYLED_ITEM ( 'NONE', ( #4695 ), #6548 ) ;
#8816 = DIRECTION ( 'NONE',  ( -1.000000000000000000, 0.000000000000000000, 0.000000000000000000 ) ) ;
#8817 = DIRECTION ( 'NONE',  ( 0.000000000000000000, 1.000000000000000000, 0.000000000000000000 ) ) ;
#8818 = AXIS2_PLACEMENT_3D ( 'NONE', #7669, #4348, #7731 ) ;
#8819 = VERTEX_POINT ( 'NONE', #8174 ) ;
#8820 = ORIENTED_EDGE ( 'NONE', *, *, #2265, .T. ) ;
#8821 = FILL_AREA_STYLE ('',( #2190 ) ) ;
#8822 = VERTEX_POINT ( 'NONE', #10691 ) ;
#8823 = CARTESIAN_POINT ( 'NONE',  ( -21.70302962540590030, 9.114518698657999352, 3.745000000010996644 ) ) ;
#8824 = AXIS2_PLACEMENT_3D ( 'NONE', #9377, #10235, #3675 ) ;
#8825 = DIRECTION ( 'NONE',  ( 1.000000000000000000, 0.000000000000000000, 0.000000000000000000 ) ) ;
#8826 = CARTESIAN_POINT ( 'NONE',  ( -13.24026666726099855, 26.27451869865799949, 3.945000000010995045 ) ) ;
#8827 = SURFACE_STYLE_FILL_AREA ( #2081 ) ;
#8828 =( NAMED_UNIT ( * ) SI_UNIT ( $, .STERADIAN. ) SOLID_ANGLE_UNIT ( ) );
#8829 = EDGE_LOOP ( 'NONE', ( #9939, #6442, #5564, #3644 ) ) ;
#8830 = CARTESIAN_POINT ( 'NONE',  ( -26.77854998418979804, 3.714518698657950146, 3.945000000010995045 ) ) ;
#8831 = VECTOR ( 'NONE', #2526, 1000.000000000000000 ) ;
#8832 = ORIENTED_EDGE ( 'NONE', *, *, #4670, .T. ) ;
#8833 = ORIENTED_EDGE ( 'NONE', *, *, #9415, .T. ) ;
#8834 = PLANE ( 'NONE',  #6299 ) ;
#8835 =( LENGTH_UNIT ( ) NAMED_UNIT ( * ) SI_UNIT ( .MILLI., .METRE. ) );
#8836 = SURFACE_STYLE_USAGE ( .BOTH. , #2211 ) ;
#8837 = CARTESIAN_POINT ( 'NONE',  ( -15.74029191166209962, 2.755277039305740416, 3.955000000010998384 ) ) ;
#8838 = PRESENTATION_LAYER_ASSIGNMENT (  '', '', ( #10440 ) ) ;
#8839 = COLOUR_RGB ( '',1.000000000000000000, 0.9568627450980391469, 0.8862745098039215286 ) ;
#8841 = DIRECTION ( 'NONE',  ( 0.000000000000000000, 2.220446049250309876E-16, 1.000000000000000000 ) ) ;
#8840 = CYLINDRICAL_SURFACE ( 'NONE', #2624, 2.000000000000001776 ) ;
#8842 = SURFACE_STYLE_USAGE ( .BOTH. , #8903 ) ;
#8843 = CARTESIAN_POINT ( 'NONE',  ( 0.1666666666666664909, 0.03333333333333389492, 0.4833333333333340032 ) ) ;
#8844 = ORIENTED_EDGE ( 'NONE', *, *, #5068, .T. ) ;
#8845 = EDGE_CURVE ( 'NONE', #6772, #8962, #10334, .T. ) ;
#8846 = ADVANCED_FACE ( 'NONE', ( #10075 ), #8393, .F. ) ;
#8847 =( LENGTH_UNIT ( ) NAMED_UNIT ( * ) SI_UNIT ( .MILLI., .METRE. ) );
#8848 = MECHANICAL_DESIGN_GEOMETRIC_PRESENTATION_REPRESENTATION (  '', ( #8140 ), #4157 ) ;
#8849 = UNCERTAINTY_MEASURE_WITH_UNIT (LENGTH_MEASURE( 1.000000000000000082E-05 ), #10637, 'distance_accuracy_value', 'NONE');
#8850 = VECTOR ( 'NONE', #435, 1000.000000000000000 ) ;
#8851 = PRESENTATION_STYLE_ASSIGNMENT (( #2888 ) ) ;
#8852 = SURFACE_SIDE_STYLE ('',( #9016 ) ) ;
#8853 = PRESENTATION_STYLE_ASSIGNMENT (( #10505 ) ) ;
#8854 = ORIENTED_EDGE ( 'NONE', *, *, #8056, .F. ) ;
#8855 = AXIS2_PLACEMENT_3D ( 'NONE', #1896, #1077, #1011 ) ;
#8856 = CIRCLE ( 'NONE', #2069, 0.9999999999999991118 ) ;
#8857 = EDGE_CURVE ( 'NONE', #6933, #8383, #2866, .T. ) ;
#8858 = FACE_OUTER_BOUND ( 'NONE', #5432, .T. ) ;
#8859 = PLANE ( 'NONE',  #1167 ) ;
#8860 = EDGE_LOOP ( 'NONE', ( #10159, #1632, #8412, #9428 ) ) ;
#8861 = EDGE_CURVE ( 'NONE', #2130, #2983, #4266, .T. ) ;
#8862 = EDGE_LOOP ( 'NONE', ( #5893, #4953, #762, #66 ) ) ;
#8863 = STYLED_ITEM ( 'NONE', ( #10198 ), #8984 ) ;
#8864 =( GEOMETRIC_REPRESENTATION_CONTEXT ( 3 ) GLOBAL_UNCERTAINTY_ASSIGNED_CONTEXT ( ( #6004 ) ) GLOBAL_UNIT_ASSIGNED_CONTEXT ( ( #1746, #6021, #5101 ) ) REPRESENTATION_CONTEXT ( 'NONE', 'WORKASPACE' ) );
#8865 =( GEOMETRIC_REPRESENTATION_CONTEXT ( 3 ) GLOBAL_UNCERTAINTY_ASSIGNED_CONTEXT ( ( #1021 ) ) GLOBAL_UNIT_ASSIGNED_CONTEXT ( ( #5646, #8175, #8959 ) ) REPRESENTATION_CONTEXT ( 'NONE', 'WORKASPACE' ) );
#8866 = CYLINDRICAL_SURFACE ( 'NONE', #1060, 0.1999999999999996503 ) ;
#8867 = FACE_OUTER_BOUND ( 'NONE', #9826, .T. ) ;
#8868 = ADVANCED_FACE ( 'NONE', ( #3248 ), #4855, .T. ) ;
#8869 = FILL_AREA_STYLE_COLOUR ( '', #8515 ) ;
#8870 = ADVANCED_FACE ( 'NONE', ( #7647 ), #6007, .T. ) ;
#8871 = CARTESIAN_POINT ( 'NONE',  ( -46.24026666726099677, 4.794518698657939559, 3.945000000010994601 ) ) ;
#8872 = PRESENTATION_LAYER_ASSIGNMENT (  '', '', ( #9743 ) ) ;
#8873 = CIRCLE ( 'NONE', #3328, 1.000000000000000888 ) ;
#8874 = EDGE_LOOP ( 'NONE', ( #7373, #8205, #2044, #105, #1994, #10655 ) ) ;
#8875 = ORIENTED_EDGE ( 'NONE', *, *, #1935, .F. ) ;
#8876 = ORIENTED_EDGE ( 'NONE', *, *, #7277, .T. ) ;
#8877 = PRESENTATION_LAYER_ASSIGNMENT (  '', '', ( #7325 ) ) ;
#8878 = MECHANICAL_DESIGN_GEOMETRIC_PRESENTATION_REPRESENTATION (  '', ( #4018 ), #10264 ) ;
#8879 = FILL_AREA_STYLE ('',( #2244 ) ) ;
#8880 =( NAMED_UNIT ( * ) SI_UNIT ( $, .STERADIAN. ) SOLID_ANGLE_UNIT ( ) );
#8881 =( NAMED_UNIT ( * ) PLANE_ANGLE_UNIT ( ) SI_UNIT ( $, .RADIAN. ) );
#8882 = SURFACE_STYLE_FILL_AREA ( #612 ) ;
#8883 = ADVANCED_FACE ( 'NONE', ( #4382 ), #4604, .F. ) ;
#8884 = FILL_AREA_STYLE_COLOUR ( '', #8622 ) ;
#8885 = CARTESIAN_POINT ( 'NONE',  ( 0.000000000000000000, 5.299999999999999822, 0.000000000000000000 ) ) ;
#8886 = VERTEX_POINT ( 'NONE', #6230 ) ;
#8887 = VECTOR ( 'NONE', #6143, 1000.000000000000000 ) ;
#8888 = FILL_AREA_STYLE_COLOUR ( '', #9589 ) ;
#8889 = STYLED_ITEM ( 'NONE', ( #2293 ), #10394 ) ;
#8890 = VERTEX_POINT ( 'NONE', #3022 ) ;
#8891 = ORIENTED_EDGE ( 'NONE', *, *, #7932, .F. ) ;
#8892 = DIRECTION ( 'NONE',  ( -1.000000000000000000, 0.000000000000000000, 0.000000000000000000 ) ) ;
#8893 = PRESENTATION_LAYER_ASSIGNMENT (  '', '', ( #7172 ) ) ;
#8894 = SURFACE_STYLE_FILL_AREA ( #7913 ) ;
#8895 =( GEOMETRIC_REPRESENTATION_CONTEXT ( 3 ) GLOBAL_UNCERTAINTY_ASSIGNED_CONTEXT ( ( #9756 ) ) GLOBAL_UNIT_ASSIGNED_CONTEXT ( ( #620, #3245, #6558 ) ) REPRESENTATION_CONTEXT ( 'NONE', 'WORKASPACE' ) );
#8896 = SURFACE_STYLE_FILL_AREA ( #7228 ) ;
#8897 =( LENGTH_UNIT ( ) NAMED_UNIT ( * ) SI_UNIT ( .MILLI., .METRE. ) );
#8898 = MECHANICAL_DESIGN_GEOMETRIC_PRESENTATION_REPRESENTATION (  '', ( #3174 ), #8191 ) ;
#8899 = EDGE_CURVE ( 'NONE', #1443, #3550, #455, .T. ) ;
#8900 =( NAMED_UNIT ( * ) SI_UNIT ( $, .STERADIAN. ) SOLID_ANGLE_UNIT ( ) );
#8901 = PRESENTATION_STYLE_ASSIGNMENT (( #2257 ) ) ;
#8902 = PLANE ( 'NONE',  #2369 ) ;
#8903 = SURFACE_SIDE_STYLE ('',( #6570 ) ) ;
#8904 = PRESENTATION_LAYER_ASSIGNMENT (  '', '', ( #2828 ) ) ;
#8905 = ORIENTED_EDGE ( 'NONE', *, *, #9403, .T. ) ;
#8906 = SURFACE_STYLE_USAGE ( .BOTH. , #751 ) ;
#8907 = AXIS2_PLACEMENT_3D ( 'NONE', #1109, #10215, #10271 ) ;
#8908 = VECTOR ( 'NONE', #9283, 1000.000000000000000 ) ;
#8909 = CARTESIAN_POINT ( 'NONE',  ( -14.90026666726099869, 13.24042790316280005, 5.135000000010998988 ) ) ;
#8910 = PRODUCT_DEFINITION_FORMATION_WITH_SPECIFIED_SOURCE ( 'ANY', '', #369, .NOT_KNOWN. ) ;
#8911 = FILL_AREA_STYLE ('',( #6578 ) ) ;
#8912 = AXIS2_PLACEMENT_3D ( 'NONE', #1861, #9286, #9189 ) ;
#8913 = STYLED_ITEM ( 'NONE', ( #7947 ), #5032 ) ;
#8914 =( NAMED_UNIT ( * ) SI_UNIT ( $, .STERADIAN. ) SOLID_ANGLE_UNIT ( ) );
#8915 = MANIFOLD_SOLID_BREP ( 'NONE', #408 ) ;
#8916 = PRODUCT_DEFINITION_CONTEXT ( 'detailed design', #654, 'design' ) ;
#8917 = DIRECTION ( 'NONE',  ( 0.3481553119113945938, -0.8703882797784902037, 0.3481553119113945938 ) ) ;
#8918 = ORIENTED_EDGE ( 'NONE', *, *, #991, .F. ) ;
#8919 = PLANE ( 'NONE',  #182 ) ;
#8920 = DIRECTION ( 'NONE',  ( 0.000000000000000000, -1.000000000000000000, 0.000000000000000000 ) ) ;
#8921 = ORIENTED_EDGE ( 'NONE', *, *, #3746, .F. ) ;
#8922 = STYLED_ITEM ( 'NONE', ( #600 ), #5880 ) ;
#8923 = PRESENTATION_LAYER_ASSIGNMENT (  '', '', ( #5963 ) ) ;
#8924 = ORIENTED_EDGE ( 'NONE', *, *, #298, .F. ) ;
#8925 = PRESENTATION_STYLE_ASSIGNMENT (( #7198 ) ) ;
#8926 = AXIS2_PLACEMENT_3D ( 'NONE', #5305, #4386, #6844 ) ;
#8927 = MECHANICAL_DESIGN_GEOMETRIC_PRESENTATION_REPRESENTATION (  '', ( #9956 ), #4924 ) ;
#8928 = CARTESIAN_POINT ( 'NONE',  ( -21.74029191166209785, 2.773121729659039580, 2.345000000010998065 ) ) ;
#8929 = PLANE ( 'NONE',  #4414 ) ;
#8930 = FILL_AREA_STYLE ('',( #4738 ) ) ;
#8931 = ADVANCED_FACE ( 'NONE', ( #4116 ), #6339, .F. ) ;
#8932 = CARTESIAN_POINT ( 'NONE',  ( -14.90026666726099869, 14.24042790316280005, 5.135000000010998988 ) ) ;
#8933 = DIRECTION ( 'NONE',  ( 0.000000000000000000, 2.220446049250309876E-16, 1.000000000000000000 ) ) ;
#8934 = DIRECTION ( 'NONE',  ( 0.000000000000000000, -1.000000000000000000, 2.220446049250309876E-16 ) ) ;
#8935 = DIRECTION ( 'NONE',  ( 0.000000000000000000, -1.000000000000000000, 0.000000000000000000 ) ) ;
#8936 = PRESENTATION_LAYER_ASSIGNMENT (  '', '', ( #3187 ) ) ;
#8937 = PRESENTATION_STYLE_ASSIGNMENT (( #501 ) ) ;
#8938 = ORIENTED_EDGE ( 'NONE', *, *, #4220, .F. ) ;
#8939 = AXIS2_PLACEMENT_3D ( 'NONE', #7004, #6348, #3741 ) ;
#8940 = ORIENTED_EDGE ( 'NONE', *, *, #7556, .F. ) ;
#8941 = ADVANCED_FACE ( 'NONE', ( #4396 ), #415, .F. ) ;
#8942 = AXIS2_PLACEMENT_3D ( 'NONE', #4218, #9278, #7546 ) ;
#8943 =( NAMED_UNIT ( * ) SI_UNIT ( $, .STERADIAN. ) SOLID_ANGLE_UNIT ( ) );
#8944 = PRESENTATION_STYLE_ASSIGNMENT (( #2403 ) ) ;
#8945 = DIRECTION ( 'NONE',  ( -1.000000000000000000, 0.000000000000000000, 0.000000000000000000 ) ) ;
#8946 = SURFACE_STYLE_FILL_AREA ( #405 ) ;
#8947 = VECTOR ( 'NONE', #799, 1000.000000000000000 ) ;
#8948 = DIRECTION ( 'NONE',  ( -1.000000000000000000, 0.000000000000000000, 0.000000000000000000 ) ) ;
#8949 = DIRECTION ( 'NONE',  ( 0.000000000000000000, 1.000000000000000000, -4.336808689942017736E-16 ) ) ;
#8950 = DIRECTION ( 'NONE',  ( 0.000000000000000000, 2.220446049250309876E-16, 1.000000000000000000 ) ) ;
#8951 = ORIENTED_EDGE ( 'NONE', *, *, #3579, .T. ) ;
#8952 = ORIENTED_EDGE ( 'NONE', *, *, #168, .F. ) ;
#8953 = ORIENTED_EDGE ( 'NONE', *, *, #4571, .F. ) ;
#8954 = EDGE_CURVE ( 'NONE', #2631, #7569, #1361, .T. ) ;
#8955 = VECTOR ( 'NONE', #904, 1000.000000000000000 ) ;
#8956 = FACE_OUTER_BOUND ( 'NONE', #2067, .T. ) ;
#8957 = FACE_BOUND ( 'NONE', #156, .T. ) ;
#8958 = DIRECTION ( 'NONE',  ( 0.000000000000000000, 2.220446049250309876E-16, 1.000000000000000000 ) ) ;
#8959 =( NAMED_UNIT ( * ) SI_UNIT ( $, .STERADIAN. ) SOLID_ANGLE_UNIT ( ) );
#8960 = DIRECTION ( 'NONE',  ( 1.000000000000000000, 0.000000000000000000, 0.000000000000000000 ) ) ;
#8961 = SURFACE_STYLE_USAGE ( .BOTH. , #5590 ) ;
#8962 = VERTEX_POINT ( 'NONE', #6192 ) ;
#8963 = LINE ( 'NONE', #4937, #4735 ) ;
#8964 = DIRECTION ( 'NONE',  ( 0.000000000000000000, -1.000000000000000000, 2.220446049250309876E-16 ) ) ;
#8965 = PRESENTATION_STYLE_ASSIGNMENT (( #5650 ) ) ;
#8966 = CIRCLE ( 'NONE', #7575, 1.599999999999999867 ) ;
#8967 = FILL_AREA_STYLE ('',( #5652 ) ) ;
#8968 = LINE ( 'NONE', #3205, #5573 ) ;
#8969 = DIRECTION ( 'NONE',  ( 0.000000000000000000, 1.000000000000000000, -2.220446049250309876E-16 ) ) ;
#8970 = PLANE ( 'NONE',  #1346 ) ;
#8971 = VERTEX_POINT ( 'NONE', #7825 ) ;
#8972 = DIRECTION ( 'NONE',  ( -0.000000000000000000, 1.000000000000000000, 0.000000000000000000 ) ) ;
#8973 = ORIENTED_EDGE ( 'NONE', *, *, #8258, .T. ) ;
#8974 = ORIENTED_EDGE ( 'NONE', *, *, #3886, .F. ) ;
#8975 = FACE_OUTER_BOUND ( 'NONE', #6491, .T. ) ;
#8976 = SURFACE_SIDE_STYLE ('',( #7299 ) ) ;
#8977 = STYLED_ITEM ( 'NONE', ( #5533 ), #218 ) ;
#8978 = CARTESIAN_POINT ( 'NONE',  ( -15.74029191166209962, 2.755277039305740416, 5.135000000010998988 ) ) ;
#8979 = PRESENTATION_STYLE_ASSIGNMENT (( #2833 ) ) ;
#8980 = CARTESIAN_POINT ( 'NONE',  ( -27.20302962540589675, 20.61451869865799935, 3.945000000010995045 ) ) ;
#8981 = DIRECTION ( 'NONE',  ( 0.000000000000000000, 1.000000000000000000, -2.220446049250309876E-16 ) ) ;
#8982 = VERTEX_POINT ( 'NONE', #3793 ) ;
#8983 = AXIS2_PLACEMENT_3D ( 'NONE', #2022, #5356, #9651 ) ;
#8984 = ADVANCED_FACE ( 'NONE', ( #299 ), #1029, .F. ) ;
#8985 = VERTEX_POINT ( 'NONE', #4815 ) ;
#8986 = COLOUR_RGB ( '',1.000000000000000000, 0.9568627450980391469, 0.8862745098039215286 ) ;
#8987 = SURFACE_STYLE_FILL_AREA ( #2350 ) ;
#8988 = CARTESIAN_POINT ( 'NONE',  ( -31.67854998418980017, 1.257512981500239935, 3.945000000010995045 ) ) ;
#8989 = CARTESIAN_POINT ( 'NONE',  ( -39.54026666726100103, 16.29451869865799551, 5.135000000010998988 ) ) ;
#8990 = FILL_AREA_STYLE ('',( #5024 ) ) ;
#8991 = MECHANICAL_DESIGN_GEOMETRIC_PRESENTATION_REPRESENTATION (  '', ( #433 ), #9349 ) ;
#8992 = DIRECTION ( 'NONE',  ( 0.000000000000000000, 1.000000000000000000, 0.000000000000000000 ) ) ;
#8993 = ADVANCED_FACE ( 'NONE', ( #7324 ), #5480, .F. ) ;
#8994 = FILL_AREA_STYLE ('',( #8007 ) ) ;
#8995 = CYLINDRICAL_SURFACE ( 'NONE', #1618, 0.1999999999999987899 ) ;
#8996 = UNCERTAINTY_MEASURE_WITH_UNIT (LENGTH_MEASURE( 1.000000000000000082E-05 ), #1141, 'distance_accuracy_value', 'NONE');
#8997 = EDGE_LOOP ( 'NONE', ( #4247, #2273, #4842, #8607 ) ) ;
#8998 = DIRECTION ( 'NONE',  ( 1.000000000000000000, 0.000000000000000000, 0.000000000000000000 ) ) ;
#8999 = VERTEX_POINT ( 'NONE', #918 ) ;
#9000 = ORIENTED_EDGE ( 'NONE', *, *, #8857, .T. ) ;
#9001 = VECTOR ( 'NONE', #8825, 1000.000000000000000 ) ;
#9002 = FILL_AREA_STYLE_COLOUR ( '', #7686 ) ;
#9003 = LINE ( 'NONE', #2310, #7426 ) ;
#9004 = CARTESIAN_POINT ( 'NONE',  ( -14.90026666726099869, 11.70042790316279913, 5.135000000010998988 ) ) ;
#9005 = FILL_AREA_STYLE ('',( #10635 ) ) ;
#9006 = CARTESIAN_POINT ( 'NONE',  ( -48.84026666726100530, 26.27451869865799949, 2.945000000010994157 ) ) ;
#9007 =( GEOMETRIC_REPRESENTATION_CONTEXT ( 3 ) GLOBAL_UNCERTAINTY_ASSIGNED_CONTEXT ( ( #8486 ) ) GLOBAL_UNIT_ASSIGNED_CONTEXT ( ( #8470, #10284, #7627 ) ) REPRESENTATION_CONTEXT ( 'NONE', 'WORKASPACE' ) );
#9008 = EDGE_CURVE ( 'NONE', #1112, #6026, #3327, .T. ) ;
#9009 = FILL_AREA_STYLE ('',( #3195 ) ) ;
#9010 = PRESENTATION_STYLE_ASSIGNMENT (( #8234 ) ) ;
#9011 = VERTEX_POINT ( 'NONE', #3300 ) ;
#9012 = FACE_OUTER_BOUND ( 'NONE', #3833, .T. ) ;
#9013 = CARTESIAN_POINT ( 'NONE',  ( -21.70302962540590030, 9.114518698657999352, 3.945000000010995045 ) ) ;
#9014 = SURFACE_STYLE_FILL_AREA ( #8911 ) ;
#9015 = DIRECTION ( 'NONE',  ( 0.000000000000000000, 2.220446049250309876E-16, 1.000000000000000000 ) ) ;
#9016 = SURFACE_STYLE_FILL_AREA ( #3152 ) ;
#9017 = CARTESIAN_POINT ( 'NONE',  ( -45.84026666726099819, 18.63451869865799893, 3.545000000010997798 ) ) ;
#9018 = ORIENTED_EDGE ( 'NONE', *, *, #9853, .T. ) ;
#9019 = DIRECTION ( 'NONE',  ( 0.000000000000000000, -1.000000000000000000, 2.220446049250309876E-16 ) ) ;
#9020 = DIRECTION ( 'NONE',  ( 0.000000000000000000, 2.220446049250309876E-16, 1.000000000000000000 ) ) ;
#9021 = ORIENTED_EDGE ( 'NONE', *, *, #4861, .T. ) ;
#9022 = MECHANICAL_DESIGN_GEOMETRIC_PRESENTATION_REPRESENTATION (  '', ( #9204 ), #7632 ) ;
#9023 = VECTOR ( 'NONE', #8297, 1000.000000000000000 ) ;
#9024 = ORIENTED_EDGE ( 'NONE', *, *, #9782, .F. ) ;
#9025 = CARTESIAN_POINT ( 'NONE',  ( -39.54026666726100103, 5.294518698657999956, 5.135000000010998988 ) ) ;
#9026 = LINE ( 'NONE', #5056, #6855 ) ;
#9027 = PRESENTATION_LAYER_ASSIGNMENT (  '', '', ( #7982 ) ) ;
#9028 = COLOUR_RGB ( '',1.000000000000000000, 0.9568627450980391469, 0.8862745098039215286 ) ;
#9029 = FACE_OUTER_BOUND ( 'NONE', #8288, .T. ) ;
#9030 = FILL_AREA_STYLE ('',( #830 ) ) ;
#9031 = DIRECTION ( 'NONE',  ( 0.000000000000000000, 1.000000000000000000, 0.000000000000000000 ) ) ;
#9032 = ADVANCED_FACE ( 'NONE', ( #5949, #2538, #8440, #6565, #4987, #6176, #4488, #2079, #8616, #3569, #7646, #2745, #10365, #7054, #126, #8488, #4380, #6841, #6894, #1132, #6063, #8555, #1080, #7811, #2021 ), #3623, .F. ) ;
#9033 = DIRECTION ( 'NONE',  ( 0.000000000000000000, 2.220446049250309876E-16, 1.000000000000000000 ) ) ;
#9034 = ORIENTED_EDGE ( 'NONE', *, *, #6488, .F. ) ;
#9035 = COLOUR_RGB ( '',1.000000000000000000, 0.8078431372549019773, 0.4980392156862745168 ) ;
#9036 = PLANE ( 'NONE',  #5957 ) ;
#9037 = AXIS2_PLACEMENT_3D ( 'NONE', #589, #10596, #4117 ) ;
#9038 = VECTOR ( 'NONE', #10566, 1000.000000000000000 ) ;
#9039 = CARTESIAN_POINT ( 'NONE',  ( -19.70302962540589675, 8.714518698658000773, 3.545000000010997798 ) ) ;
#9040 = ORIENTED_EDGE ( 'NONE', *, *, #6538, .F. ) ;
#9041 = SURFACE_STYLE_FILL_AREA ( #7312 ) ;
#9042 = PRESENTATION_LAYER_ASSIGNMENT (  '', '', ( #5396 ) ) ;
#9043 =( NAMED_UNIT ( * ) SI_UNIT ( $, .STERADIAN. ) SOLID_ANGLE_UNIT ( ) );
#9044 = CARTESIAN_POINT ( 'NONE',  ( -15.74029191166209962, 2.755277039305740416, 3.955000000010998384 ) ) ;
#9045 = VECTOR ( 'NONE', #10464, 1000.000000000000000 ) ;
#9046 =( LENGTH_UNIT ( ) NAMED_UNIT ( * ) SI_UNIT ( .MILLI., .METRE. ) );
#9047 = CARTESIAN_POINT ( 'NONE',  ( -45.74026666726099677, 11.48013899890130141, 3.945000000010995045 ) ) ;
#9048 = CARTESIAN_POINT ( 'NONE',  ( -26.77854998418979804, 3.714518698657950146, 3.745000000010996644 ) ) ;
#9049 = ORIENTED_EDGE ( 'NONE', *, *, #3223, .T. ) ;
#9050 = VERTEX_POINT ( 'NONE', #7614 ) ;
#9051 = ORIENTED_EDGE ( 'NONE', *, *, #4940, .T. ) ;
#9052 = PRESENTATION_STYLE_ASSIGNMENT (( #5680 ) ) ;
#9053 =( GEOMETRIC_REPRESENTATION_CONTEXT ( 3 ) GLOBAL_UNCERTAINTY_ASSIGNED_CONTEXT ( ( #4484 ) ) GLOBAL_UNIT_ASSIGNED_CONTEXT ( ( #10270, #9410, #6808 ) ) REPRESENTATION_CONTEXT ( 'NONE', 'WORKASPACE' ) );
#9054 = FILL_AREA_STYLE ('',( #2365 ) ) ;
#9055 = PRODUCT_DEFINITION ( 'UNKNOWN', '', #1903, #7924 ) ;
#9056 =( NAMED_UNIT ( * ) PLANE_ANGLE_UNIT ( ) SI_UNIT ( $, .RADIAN. ) );
#9057 = CARTESIAN_POINT ( 'NONE',  ( -21.50302962540590102, 9.914518698658000062, 3.145000000011000107 ) ) ;
#9058 = ADVANCED_FACE ( 'NONE', ( #9299 ), #7566, .F. ) ;
#9059 = EDGE_CURVE ( 'NONE', #1461, #6599, #5493, .T. ) ;
#9060 =( NAMED_UNIT ( * ) PLANE_ANGLE_UNIT ( ) SI_UNIT ( $, .RADIAN. ) );
#9061 = AXIS2_PLACEMENT_3D ( 'NONE', #3699, #7727, #2826 ) ;
#9062 = SURFACE_SIDE_STYLE ('',( #10801 ) ) ;
#9063 = FACE_BOUND ( 'NONE', #6417, .T. ) ;
#9064 = FILL_AREA_STYLE_COLOUR ( '', #7157 ) ;
#9065 = MECHANICAL_DESIGN_GEOMETRIC_PRESENTATION_REPRESENTATION (  '', ( #8524 ), #321 ) ;
#9066 = SURFACE_STYLE_FILL_AREA ( #5857 ) ;
#9067 = DIRECTION ( 'NONE',  ( 0.000000000000000000, -2.220446049250309876E-16, -1.000000000000000000 ) ) ;
#9068 = ORIENTED_EDGE ( 'NONE', *, *, #8078, .F. ) ;
#9069 = COLOUR_RGB ( '',1.000000000000000000, 0.9568627450980391469, 0.8862745098039215286 ) ;
#9070 = FACE_OUTER_BOUND ( 'NONE', #9747, .T. ) ;
#9071 = STYLED_ITEM ( 'NONE', ( #3083 ), #6968 ) ;
#9072 = AXIS2_PLACEMENT_3D ( 'NONE', #205, #4177, #49 ) ;
#9073 = DIRECTION ( 'NONE',  ( 0.000000000000000000, -1.000000000000000000, 2.220446049250309876E-16 ) ) ;
#9074 = DIRECTION ( 'NONE',  ( 1.000000000000000000, 0.000000000000000000, 0.000000000000000000 ) ) ;
#9075 = EDGE_CURVE ( 'NONE', #3047, #2189, #9408, .T. ) ;
#9076 = LINE ( 'NONE', #2742, #828 ) ;
#9077 = FILL_AREA_STYLE_COLOUR ( '', #6787 ) ;
#9078 = MECHANICAL_DESIGN_GEOMETRIC_PRESENTATION_REPRESENTATION (  '', ( #8538 ), #7864 ) ;
#9079 = EDGE_LOOP ( 'NONE', ( #9658, #8008, #7752, #10029 ) ) ;
#9080 = MECHANICAL_DESIGN_GEOMETRIC_PRESENTATION_REPRESENTATION (  '', ( #1929 ), #9940 ) ;
#9081 = PRESENTATION_LAYER_ASSIGNMENT (  '', '', ( #1395 ) ) ;
#9082 = VERTEX_POINT ( 'NONE', #1323 ) ;
#9083 = VERTEX_POINT ( 'NONE', #3705 ) ;
#9084 = DIRECTION ( 'NONE',  ( 1.000000000000000000, 0.000000000000000000, 0.000000000000000000 ) ) ;
#9085 = PRESENTATION_STYLE_ASSIGNMENT (( #10661 ) ) ;
#9086 = PRESENTATION_LAYER_ASSIGNMENT (  '', '', ( #8913 ) ) ;
#9087 = EDGE_CURVE ( 'NONE', #2002, #10616, #7150, .T. ) ;
#9088 = STYLED_ITEM ( 'NONE', ( #582 ), #8367 ) ;
#9089 = MECHANICAL_DESIGN_GEOMETRIC_PRESENTATION_REPRESENTATION (  '', ( #8739 ), #7877 ) ;
#9090 =( NAMED_UNIT ( * ) SI_UNIT ( $, .STERADIAN. ) SOLID_ANGLE_UNIT ( ) );
#9091 = SURFACE_STYLE_FILL_AREA ( #9030 ) ;
#9092 = SURFACE_SIDE_STYLE ('',( #10715 ) ) ;
#9093 = MECHANICAL_DESIGN_GEOMETRIC_PRESENTATION_REPRESENTATION (  '', ( #9786 ), #348 ) ;
#9094 = ADVANCED_BREP_SHAPE_REPRESENTATION ( '', ( #9117, #1039 ), #2291 ) ;
#9095 = LINE ( 'NONE', #8260, #541 ) ;
#9096 = DIRECTION ( 'NONE',  ( 0.000000000000000000, 2.220446049250309876E-16, 1.000000000000000000 ) ) ;
#9097 = AXIS2_PLACEMENT_3D ( 'NONE', #3680, #7906, #3572 ) ;
#9098 = ORIENTED_EDGE ( 'NONE', *, *, #7027, .F. ) ;
#9099 = AXIS2_PLACEMENT_3D ( 'NONE', #650, #4239, #1657 ) ;
#9100 =( NAMED_UNIT ( * ) SI_UNIT ( $, .STERADIAN. ) SOLID_ANGLE_UNIT ( ) );
#9101 = ORIENTED_EDGE ( 'NONE', *, *, #1190, .T. ) ;
#9102 = PRESENTATION_STYLE_ASSIGNMENT (( #1495 ) ) ;
#9103 =( NAMED_UNIT ( * ) PLANE_ANGLE_UNIT ( ) SI_UNIT ( $, .RADIAN. ) );
#9104 = STYLED_ITEM ( 'NONE', ( #5631 ), #8598 ) ;
#9105 = VECTOR ( 'NONE', #1547, 1000.000000000000000 ) ;
#9106 = CARTESIAN_POINT ( 'NONE',  ( -46.04026666726100103, 16.29451869865799551, 5.135000000010998988 ) ) ;
#9107 = DIRECTION ( 'NONE',  ( 0.000000000000000000, 2.220446049250309876E-16, 1.000000000000000000 ) ) ;
#9108 = CYLINDRICAL_SURFACE ( 'NONE', #3262, 2.000000000000000000 ) ;
#9109 =( GEOMETRIC_REPRESENTATION_CONTEXT ( 3 ) GLOBAL_UNCERTAINTY_ASSIGNED_CONTEXT ( ( #753 ) ) GLOBAL_UNIT_ASSIGNED_CONTEXT ( ( #6180, #7861, #7165 ) ) REPRESENTATION_CONTEXT ( 'NONE', 'WORKASPACE' ) );
#9110 = PRESENTATION_STYLE_ASSIGNMENT (( #4974 ) ) ;
#9111 =( GEOMETRIC_REPRESENTATION_CONTEXT ( 3 ) GLOBAL_UNCERTAINTY_ASSIGNED_CONTEXT ( ( #3362 ) ) GLOBAL_UNIT_ASSIGNED_CONTEXT ( ( #5451, #6103, #9527 ) ) REPRESENTATION_CONTEXT ( 'NONE', 'WORKASPACE' ) );
#9112 = UNCERTAINTY_MEASURE_WITH_UNIT (LENGTH_MEASURE( 1.000000000000000082E-05 ), #6003, 'distance_accuracy_value', 'NONE');
#9113 = EDGE_LOOP ( 'NONE', ( #5296, #59, #1837, #3546, #5655, #8721, #7411, #7687, #2921, #463 ) ) ;
#9114 = ORIENTED_EDGE ( 'NONE', *, *, #10775, .F. ) ;
#9115 =( GEOMETRIC_REPRESENTATION_CONTEXT ( 3 ) GLOBAL_UNCERTAINTY_ASSIGNED_CONTEXT ( ( #6981 ) ) GLOBAL_UNIT_ASSIGNED_CONTEXT ( ( #2585, #5088, #32 ) ) REPRESENTATION_CONTEXT ( 'NONE', 'WORKASPACE' ) );
#9116 = VERTEX_POINT ( 'NONE', #6261 ) ;
#9117 = MANIFOLD_SOLID_BREP ( 'NEO6M.step-1/GPS_ublox_board.step-1/Component6.step-1-solid1', #3770 ) ;
#9118 = CARTESIAN_POINT ( 'NONE',  ( -46.24026666726099677, 23.13451869865799893, 3.955000000010998384 ) ) ;
#9119 = CARTESIAN_POINT ( 'NONE',  ( -45.84026666726099819, 18.38451869865799893, 2.745000000010995755 ) ) ;
#9120 =( GEOMETRIC_REPRESENTATION_CONTEXT ( 3 ) GLOBAL_UNCERTAINTY_ASSIGNED_CONTEXT ( ( #7439 ) ) GLOBAL_UNIT_ASSIGNED_CONTEXT ( ( #2245, #8881, #5405 ) ) REPRESENTATION_CONTEXT ( 'NONE', 'WORKASPACE' ) );
#9121 = CARTESIAN_POINT ( 'NONE',  ( -40.28771170588249362, 15.03451869865800106, 3.745000000010996644 ) ) ;
#9122 = LINE ( 'NONE', #746, #6229 ) ;
#9123 = PRESENTATION_STYLE_ASSIGNMENT (( #7589 ) ) ;
#9124 = DIRECTION ( 'NONE',  ( 0.000000000000000000, -1.000000000000000000, 2.220446049250309876E-16 ) ) ;
#9125 = UNCERTAINTY_MEASURE_WITH_UNIT (LENGTH_MEASURE( 1.000000000000000082E-05 ), #9503, 'distance_accuracy_value', 'NONE');
#9126 = FILL_AREA_STYLE_COLOUR ( '', #5841 ) ;
#9127 = MECHANICAL_DESIGN_GEOMETRIC_PRESENTATION_REPRESENTATION (  '', ( #10520 ), #8249 ) ;
#9128 = ORIENTED_EDGE ( 'NONE', *, *, #581, .F. ) ;
#9129 =( LENGTH_UNIT ( ) NAMED_UNIT ( * ) SI_UNIT ( .MILLI., .METRE. ) );
#9130 = MECHANICAL_DESIGN_GEOMETRIC_PRESENTATION_REPRESENTATION (  '', ( #2168 ), #1269 ) ;
#9131 = EDGE_CURVE ( 'NONE', #2056, #7765, #10443, .T. ) ;
#9132 = CARTESIAN_POINT ( 'NONE',  ( -19.50302962540589746, 7.914518698658000062, 3.945000000010995045 ) ) ;
#9133 = SURFACE_SIDE_STYLE ('',( #9014 ) ) ;
#9134 = VECTOR ( 'NONE', #3271, 1000.000000000000000 ) ;
#9135 =( LENGTH_UNIT ( ) NAMED_UNIT ( * ) SI_UNIT ( .MILLI., .METRE. ) );
#9136 = CARTESIAN_POINT ( 'NONE',  ( -15.74029191166209962, 24.69527703930580032, 5.135000000010998988 ) ) ;
#9137 = ORIENTED_EDGE ( 'NONE', *, *, #9792, .F. ) ;
#9138 = SURFACE_STYLE_FILL_AREA ( #3812 ) ;
#9139 = EDGE_LOOP ( 'NONE', ( #763, #779 ) ) ;
#9140 = EDGE_CURVE ( 'NONE', #7592, #2232, #2383, .T. ) ;
#9141 = ORIENTED_EDGE ( 'NONE', *, *, #3358, .F. ) ;
#9142 =( NAMED_UNIT ( * ) SI_UNIT ( $, .STERADIAN. ) SOLID_ANGLE_UNIT ( ) );
#9143 = SURFACE_SIDE_STYLE ('',( #8193 ) ) ;
#9144 = STYLED_ITEM ( 'NONE', ( #9726 ), #4385 ) ;
#9145 = COLOUR_RGB ( '',1.000000000000000000, 1.000000000000000000, 1.000000000000000000 ) ;
#9146 = DIRECTION ( 'NONE',  ( 0.000000000000000000, 0.000000000000000000, -1.000000000000000000 ) ) ;
#9147 = PLANE ( 'NONE',  #3332 ) ;
#9148 = DIRECTION ( 'NONE',  ( 0.000000000000000000, -1.000000000000000000, 2.220446049250309876E-16 ) ) ;
#9149 = CARTESIAN_POINT ( 'NONE',  ( -46.24026666726099677, 2.794518698657940003, 3.955000000010998384 ) ) ;
#9150 = FILL_AREA_STYLE ('',( #6916 ) ) ;
#9151 =( NAMED_UNIT ( * ) PLANE_ANGLE_UNIT ( ) SI_UNIT ( $, .RADIAN. ) );
#9152 = DIRECTION ( 'NONE',  ( 0.000000000000000000, -2.220446049250309876E-16, -1.000000000000000000 ) ) ;
#9153 = ADVANCED_FACE ( 'NONE', ( #2228 ), #1368, .F. ) ;
#9154 = ORIENTED_EDGE ( 'NONE', *, *, #1708, .T. ) ;
#9155 = UNCERTAINTY_MEASURE_WITH_UNIT (LENGTH_MEASURE( 1.000000000000000082E-05 ), #1820, 'distance_accuracy_value', 'NONE');
#9156 = SURFACE_SIDE_STYLE ('',( #7409 ) ) ;
#9157 =( NAMED_UNIT ( * ) SI_UNIT ( $, .STERADIAN. ) SOLID_ANGLE_UNIT ( ) );
#9158 = VERTEX_POINT ( 'NONE', #9613 ) ;
#9159 = CARTESIAN_POINT ( 'NONE',  ( -19.70302962540589675, 8.714518698658000773, 3.745000000010996644 ) ) ;
#9160 = SURFACE_STYLE_USAGE ( .BOTH. , #5989 ) ;
#9161 = SURFACE_SIDE_STYLE ('',( #4970 ) ) ;
#9162 = DIRECTION ( 'NONE',  ( 0.000000000000000000, -1.000000000000000000, 2.220446049250309876E-16 ) ) ;
#9163 = DIRECTION ( 'NONE',  ( 0.000000000000000000, 1.000000000000000000, -2.220446049250309876E-16 ) ) ;
#9164 = VECTOR ( 'NONE', #3296, 1000.000000000000000 ) ;
#9165 = PLANE ( 'NONE',  #1895 ) ;
#9166 = DIRECTION ( 'NONE',  ( 0.000000000000000000, -1.000000000000000000, 0.000000000000000000 ) ) ;
#9167 = VECTOR ( 'NONE', #7367, 1000.000000000000000 ) ;
#9168 = LINE ( 'NONE', #7474, #1478 ) ;
#9169 = ORIENTED_EDGE ( 'NONE', *, *, #10543, .T. ) ;
#9170 = ORIENTED_EDGE ( 'NONE', *, *, #5755, .T. ) ;
#9171 = EDGE_LOOP ( 'NONE', ( #4462, #5002, #8560, #3451, #88, #9049 ) ) ;
#9172 = VECTOR ( 'NONE', #915, 1000.000000000000000 ) ;
#9173 = CARTESIAN_POINT ( 'NONE',  ( 0.000000000000000000, 3.200000000000000178, 0.6500000000000000222 ) ) ;
#9174 = CIRCLE ( 'NONE', #8637, 0.1999999999999987899 ) ;
#9175 = DIRECTION ( 'NONE',  ( 0.000000000000000000, -1.000000000000000000, 0.000000000000000000 ) ) ;
#9176 = SURFACE_SIDE_STYLE ('',( #5741 ) ) ;
#9177 = PRESENTATION_LAYER_ASSIGNMENT (  '', '', ( #3616 ) ) ;
#9179 = PLANE ( 'NONE',  #4645 ) ;
#9178 = FACE_OUTER_BOUND ( 'NONE', #3279, .T. ) ;
#9180 = CARTESIAN_POINT ( 'NONE',  ( -48.84026666726100530, 26.27451869865799949, 2.945000000010994157 ) ) ;
#9181 =( LENGTH_UNIT ( ) NAMED_UNIT ( * ) SI_UNIT ( .MILLI., .METRE. ) );
#9182 = ORIENTED_EDGE ( 'NONE', *, *, #5211, .T. ) ;
#9183 = SURFACE_SIDE_STYLE ('',( #36 ) ) ;
#9184 = VECTOR ( 'NONE', #1965, 1000.000000000000000 ) ;
#9185 = SURFACE_STYLE_USAGE ( .BOTH. , #8237 ) ;
#9186 = UNCERTAINTY_MEASURE_WITH_UNIT (LENGTH_MEASURE( 1.000000000000000082E-05 ), #9311, 'distance_accuracy_value', 'NONE');
#9187 = PLANE ( 'NONE',  #8358 ) ;
#9188 = PLANE ( 'NONE',  #4809 ) ;
#9189 = DIRECTION ( 'NONE',  ( 0.000000000000000000, -1.000000000000000000, 0.000000000000000000 ) ) ;
#9190 = VECTOR ( 'NONE', #6943, 1000.000000000000000 ) ;
#9191 = DIRECTION ( 'NONE',  ( -0.9284766908852600809, 0.3713906763541020561, 0.000000000000000000 ) ) ;
#9192 = DIRECTION ( 'NONE',  ( -1.000000000000000000, 0.000000000000000000, 0.000000000000000000 ) ) ;
#9193 = EDGE_CURVE ( 'NONE', #5128, #5475, #7773, .T. ) ;
#9194 = DIRECTION ( 'NONE',  ( -1.000000000000000000, 0.000000000000000000, 0.000000000000000000 ) ) ;
#9195 = ADVANCED_FACE ( 'NONE', ( #9453 ), #1094, .T. ) ;
#9196 = CYLINDRICAL_SURFACE ( 'NONE', #10299, 2.000000000000001776 ) ;
#9197 = ORIENTED_EDGE ( 'NONE', *, *, #638, .T. ) ;
#9198 = EDGE_LOOP ( 'NONE', ( #9659, #8752 ) ) ;
#9199 = STYLED_ITEM ( 'NONE', ( #6549 ), #1446 ) ;
#9200 = CARTESIAN_POINT ( 'NONE',  ( -46.24026666726099677, 24.73451869865800035, 3.945000000010995045 ) ) ;
#9201 = SURFACE_STYLE_USAGE ( .BOTH. , #5159 ) ;
#9202 = PRODUCT_RELATED_PRODUCT_CATEGORY ( 'part', '', ( #7122 ) ) ;
#9203 = DIRECTION ( 'NONE',  ( -1.000000000000000000, 2.209838822900390096E-16, -4.906827883789130189E-32 ) ) ;
#9204 = STYLED_ITEM ( 'NONE', ( #9678 ), #2733 ) ;
#9205 = ADVANCED_FACE ( 'NONE', ( #1518 ), #8840, .F. ) ;
#9206 = AXIS2_PLACEMENT_3D ( 'NONE', #6274, #7847, #3723 ) ;
#9207 = ADVANCED_FACE ( 'NONE', ( #9178 ), #2586, .F. ) ;
#9208 = FILL_AREA_STYLE ('',( #5834 ) ) ;
#9209 = ORIENTED_EDGE ( 'NONE', *, *, #2522, .F. ) ;
#9210 = LINE ( 'NONE', #942, #10280 ) ;
#9211 = VERTEX_POINT ( 'NONE', #6818 ) ;
#9212 = CIRCLE ( 'NONE', #6260, 0.1999999999999987899 ) ;
#9213 = MECHANICAL_DESIGN_GEOMETRIC_PRESENTATION_REPRESENTATION (  '', ( #8476 ), #1176 ) ;
#9214 =( BOUNDED_SURFACE ( )  B_SPLINE_SURFACE ( 2, 2, ( 
 ( #1678, #7538, #6727, #5031, #25, #3407, #5851, #8329, #854 ),
 ( #4210, #5485, #9669, #307, #3914, #1312, #10384, #3801, #7920 ),
 ( #9509, #2220, #2934, #1209, #6366, #7879, #10501, #7075, #1363 ) ),
 .UNSPECIFIED., .F., .T., .T. ) 
 B_SPLINE_SURFACE_WITH_KNOTS ( ( 3, 3 ),
 ( 3, 2, 2, 2, 3 ),
 ( -3.539935536902450116E-14, 1.570796326794919873 ),
 ( -3.141592653589790007, -1.570796326794899889, 0.000000000000000000, 1.570796326794899889, 3.141592653589790007 ),
 .UNSPECIFIED. ) 
 GEOMETRIC_REPRESENTATION_ITEM ( )  RATIONAL_B_SPLINE_SURFACE ( (
 ( 1.000000000000000000, 0.7071067811865480168, 1.000000000000000000, 0.7071067811865480168, 1.000000000000000000, 0.7071067811865480168, 1.000000000000000000, 0.7071067811865480168, 1.000000000000000000),
 ( 0.7071067811865340280, 0.4999999999999909517, 0.7071067811865340280, 0.4999999999999909517, 0.7071067811865340280, 0.4999999999999909517, 0.7071067811865340280, 0.4999999999999909517, 0.7071067811865340280),
 ( 1.000000000000000000, 0.7071067811865480168, 1.000000000000000000, 0.7071067811865480168, 1.000000000000000000, 0.7071067811865480168, 1.000000000000000000, 0.7071067811865480168, 1.000000000000000000) ) ) 
 REPRESENTATION_ITEM ( '' )  SURFACE ( )  );
#9215 = EDGE_CURVE ( 'NONE', #5279, #7960, #10618, .T. ) ;
#9216 =( NAMED_UNIT ( * ) SI_UNIT ( $, .STERADIAN. ) SOLID_ANGLE_UNIT ( ) );
#9217 = LINE ( 'NONE', #3180, #3490 ) ;
#9218 = ORIENTED_EDGE ( 'NONE', *, *, #2884, .T. ) ;
#9219 = STYLED_ITEM ( 'NONE', ( #8681 ), #2181 ) ;
#9220 = CARTESIAN_POINT ( 'NONE',  ( -14.90026666726099869, 14.24042790316280005, 3.945000000010995045 ) ) ;
#9221 = VERTEX_POINT ( 'NONE', #165 ) ;
#9222 = ORIENTED_EDGE ( 'NONE', *, *, #6767, .T. ) ;
#9223 = ORIENTED_EDGE ( 'NONE', *, *, #3111, .F. ) ;
#9224 = PRESENTATION_LAYER_ASSIGNMENT (  '', '', ( #7650 ) ) ;
#9225 = PRESENTATION_LAYER_ASSIGNMENT (  '', '', ( #4697 ) ) ;
#9226 = DIRECTION ( 'NONE',  ( 0.000000000000000000, -1.000000000000000000, 0.000000000000000000 ) ) ;
#9227 = CARTESIAN_POINT ( 'NONE',  ( -42.73771170588249646, 16.63451869865799537, 3.945000000010995045 ) ) ;
#9228 = LINE ( 'NONE', #4985, #10739 ) ;
#9229 = DIRECTION ( 'NONE',  ( 0.000000000000000000, -1.000000000000000000, 2.220446049250309876E-16 ) ) ;
#9230 = ORIENTED_EDGE ( 'NONE', *, *, #2207, .T. ) ;
#9231 = PRESENTATION_LAYER_ASSIGNMENT (  '', '', ( #6796 ) ) ;
#9232 =( LENGTH_UNIT ( ) NAMED_UNIT ( * ) SI_UNIT ( .MILLI., .METRE. ) );
#9233 = EDGE_CURVE ( 'NONE', #9240, #9388, #3554, .T. ) ;
#9234 = AXIS2_PLACEMENT_3D ( 'NONE', #4250, #7573, #3444 ) ;
#9235 = LINE ( 'NONE', #3635, #2847 ) ;
#9236 = SURFACE_STYLE_FILL_AREA ( #4997 ) ;
#9237 =( LENGTH_UNIT ( ) NAMED_UNIT ( * ) SI_UNIT ( .MILLI., .METRE. ) );
#9238 = EDGE_LOOP ( 'NONE', ( #4193, #2362 ) ) ;
#9239 = SURFACE_STYLE_FILL_AREA ( #7604 ) ;
#9240 = VERTEX_POINT ( 'NONE', #8651 ) ;
#9241 = COLOUR_RGB ( '',1.000000000000000000, 0.9568627450980391469, 0.8862745098039215286 ) ;
#9242 =( NAMED_UNIT ( * ) PLANE_ANGLE_UNIT ( ) SI_UNIT ( $, .RADIAN. ) );
#9243 = CARTESIAN_POINT ( 'NONE',  ( -29.47854998418979733, 1.214518698657939710, 3.745000000010996644 ) ) ;
#9244 =( GEOMETRIC_REPRESENTATION_CONTEXT ( 3 ) GLOBAL_UNCERTAINTY_ASSIGNED_CONTEXT ( ( #726 ) ) GLOBAL_UNIT_ASSIGNED_CONTEXT ( ( #5960, #6742, #3369 ) ) REPRESENTATION_CONTEXT ( 'NONE', 'WORKASPACE' ) );
#9245 = CARTESIAN_POINT ( 'NONE',  ( -46.24026666726099677, 23.13451869865799893, 5.135000000010998988 ) ) ;
#9246 = CARTESIAN_POINT ( 'NONE',  ( -14.90026666726099869, 11.70042790316279913, 3.945000000010995045 ) ) ;
#9247 =( LENGTH_UNIT ( ) NAMED_UNIT ( * ) SI_UNIT ( .MILLI., .METRE. ) );
#9248 = DIRECTION ( 'NONE',  ( -1.000000000000000000, 0.000000000000000000, 0.000000000000000000 ) ) ;
#9249 = VECTOR ( 'NONE', #7358, 1000.000000000000000 ) ;
#9250 = SURFACE_SIDE_STYLE ('',( #10213 ) ) ;
#9251 = CARTESIAN_POINT ( 'NONE',  ( 1.344999999999999973, 3.000000000000000000, -0.8750000000000000000 ) ) ;
#9252 = ORIENTED_EDGE ( 'NONE', *, *, #5651, .T. ) ;
#9253 = DIRECTION ( 'NONE',  ( 0.000000000000000000, -1.000000000000000000, 2.220446049250309876E-16 ) ) ;
#9254 = CARTESIAN_POINT ( 'NONE',  ( -21.40302962540589604, 10.21451869865800077, 3.745000000010996644 ) ) ;
#9255 = ORIENTED_EDGE ( 'NONE', *, *, #8899, .T. ) ;
#9256 = EDGE_CURVE ( 'NONE', #9082, #10616, #2845, .T. ) ;
#9257 = ADVANCED_FACE ( 'NONE', ( #2783 ), #4585, .F. ) ;
#9258 = COLOUR_RGB ( '',1.000000000000000000, 0.8078431372549019773, 0.4980392156862745168 ) ;
#9259 = EDGE_CURVE ( 'NONE', #4966, #10069, #3220, .T. ) ;
#9260 =( NAMED_UNIT ( * ) PLANE_ANGLE_UNIT ( ) SI_UNIT ( $, .RADIAN. ) );
#9261 = CARTESIAN_POINT ( 'NONE',  ( -14.90026666726099869, 9.160427903162849717, 3.955000000010998384 ) ) ;
#9262 = PRESENTATION_LAYER_ASSIGNMENT (  '', '', ( #2664 ) ) ;
#9263 = PRESENTATION_LAYER_ASSIGNMENT (  '', '', ( #8739 ) ) ;
#9264 = ORIENTED_EDGE ( 'NONE', *, *, #564, .F. ) ;
#9265 = EDGE_LOOP ( 'NONE', ( #10511, #10357, #648, #8510, #2072, #895 ) ) ;
#9266 = ADVANCED_FACE ( 'NONE', ( #1485, #4834 ), #1543, .T. ) ;
#9267 = CIRCLE ( 'NONE', #4404, 1.000000000000000888 ) ;
#9268 = ORIENTED_EDGE ( 'NONE', *, *, #6125, .F. ) ;
#9269 = COLOUR_RGB ( '',1.000000000000000000, 0.9568627450980391469, 0.8862745098039215286 ) ;
#9270 = VECTOR ( 'NONE', #5984, 1000.000000000000000 ) ;
#9271 =( NAMED_UNIT ( * ) PLANE_ANGLE_UNIT ( ) SI_UNIT ( $, .RADIAN. ) );
#9272 = SURFACE_STYLE_FILL_AREA ( #10072 ) ;
#9273 =( LENGTH_UNIT ( ) NAMED_UNIT ( * ) SI_UNIT ( .MILLI., .METRE. ) );
#9274 = PRESENTATION_STYLE_ASSIGNMENT (( #28 ) ) ;
#9275 = FACE_OUTER_BOUND ( 'NONE', #8085, .T. ) ;
#9276 = UNCERTAINTY_MEASURE_WITH_UNIT (LENGTH_MEASURE( 1.000000000000000082E-05 ), #6972, 'distance_accuracy_value', 'NONE');
#9277 = STYLED_ITEM ( 'NONE', ( #1914 ), #5468 ) ;
#9278 = DIRECTION ( 'NONE',  ( 0.000000000000000000, -1.000000000000000000, 2.220446049250309876E-16 ) ) ;
#9279 = CARTESIAN_POINT ( 'NONE',  ( -29.27854998418980159, 3.014518698657940199, 2.345000000010998065 ) ) ;
#9280 = LINE ( 'NONE', #7704, #10136 ) ;
#9281 = ORIENTED_EDGE ( 'NONE', *, *, #6503, .T. ) ;
#9282 = EDGE_CURVE ( 'NONE', #633, #7960, #2666, .T. ) ;
#9283 = DIRECTION ( 'NONE',  ( 0.000000000000000000, 2.220446049250309876E-16, 1.000000000000000000 ) ) ;
#9284 = PRESENTATION_LAYER_ASSIGNMENT (  '', '', ( #3905 ) ) ;
#9285 = PLANE ( 'NONE',  #8528 ) ;
#9286 = DIRECTION ( 'NONE',  ( 0.000000000000000000, 2.220446049250309876E-16, 1.000000000000000000 ) ) ;
#9287 = PRESENTATION_STYLE_ASSIGNMENT (( #6854 ) ) ;
#9288 = DIRECTION ( 'NONE',  ( 0.000000000000000000, 1.000000000000000000, -2.220446049250309876E-16 ) ) ;
#9289 = MECHANICAL_DESIGN_GEOMETRIC_PRESENTATION_REPRESENTATION (  '', ( #9635 ), #9120 ) ;
#9290 = FILL_AREA_STYLE_COLOUR ( '', #5946 ) ;
#9291 = EDGE_LOOP ( 'NONE', ( #4821, #3775, #2659, #5732 ) ) ;
#9292 = ADVANCED_FACE ( 'NONE', ( #8415 ), #9147, .F. ) ;
#9293 = DIRECTION ( 'NONE',  ( 0.7071067811865474617, 0.000000000000000000, 0.7071067811865474617 ) ) ;
#9294 = CARTESIAN_POINT ( 'NONE',  ( -21.74029191166209785, 5.273121729659040469, 2.145000000010998775 ) ) ;
#9295 = FILL_AREA_STYLE_COLOUR ( '', #5267 ) ;
#9296 = AXIS2_PLACEMENT_3D ( 'NONE', #6604, #5843, #9162 ) ;
#9297 = DIRECTION ( 'NONE',  ( 1.000000000000000000, 1.224646799147353207E-16, 0.000000000000000000 ) ) ;
#9298 = CARTESIAN_POINT ( 'NONE',  ( -19.50302962540589746, 7.914518698658000062, 3.745000000010996644 ) ) ;
#9300 = ORIENTED_EDGE ( 'NONE', *, *, #7286, .F. ) ;
#9299 = FACE_OUTER_BOUND ( 'NONE', #9171, .T. ) ;
#9301 = CARTESIAN_POINT ( 'NONE',  ( -41.74026666726099677, 1.594518698657940048, 3.545000000010997798 ) ) ;
#9302 = CARTESIAN_POINT ( 'NONE',  ( -45.84026666726099108, 18.88451869865799182, 2.545000000010970709 ) ) ;
#9303 = AXIS2_PLACEMENT_3D ( 'NONE', #8978, #1709, #1488 ) ;
#9304 = ORIENTED_EDGE ( 'NONE', *, *, #1126, .F. ) ;
#9305 = DIRECTION ( 'NONE',  ( 1.000000000000000000, 4.440892098500630106E-16, 1.446364879034132372E-61 ) ) ;
#9306 = DIRECTION ( 'NONE',  ( 0.000000000000000000, 0.000000000000000000, -1.000000000000000000 ) ) ;
#9307 = ORIENTED_EDGE ( 'NONE', *, *, #9820, .F. ) ;
#9308 = LINE ( 'NONE', #6983, #5268 ) ;
#9309 = SURFACE_SIDE_STYLE ('',( #6821 ) ) ;
#9310 =( GEOMETRIC_REPRESENTATION_CONTEXT ( 3 ) GLOBAL_UNCERTAINTY_ASSIGNED_CONTEXT ( ( #2223 ) ) GLOBAL_UNIT_ASSIGNED_CONTEXT ( ( #9558, #422, #7435 ) ) REPRESENTATION_CONTEXT ( 'NONE', 'WORKASPACE' ) );
#9311 =( LENGTH_UNIT ( ) NAMED_UNIT ( * ) SI_UNIT ( .MILLI., .METRE. ) );
#9312 = FACE_OUTER_BOUND ( 'NONE', #4708, .T. ) ;
#9313 = ORIENTED_EDGE ( 'NONE', *, *, #4939, .T. ) ;
#9314 = EDGE_CURVE ( 'NONE', #6092, #3069, #10336, .T. ) ;
#9315 = EDGE_CURVE ( 'NONE', #10506, #2375, #6147, .T. ) ;
#9316 = CARTESIAN_POINT ( 'NONE',  ( -14.90026666726099869, 12.70042790316279913, 3.955000000010998384 ) ) ;
#9317 = EDGE_LOOP ( 'NONE', ( #4550, #1360, #3402, #5297 ) ) ;
#9318 = COLOUR_RGB ( '',1.000000000000000000, 0.9568627450980391469, 0.8862745098039215286 ) ;
#9319 = ORIENTED_EDGE ( 'NONE', *, *, #3233, .F. ) ;
#9320 = VERTEX_POINT ( 'NONE', #10389 ) ;
#9321 =( NAMED_UNIT ( * ) PLANE_ANGLE_UNIT ( ) SI_UNIT ( $, .RADIAN. ) );
#9322 = EDGE_CURVE ( 'NONE', #575, #10163, #9404, .T. ) ;
#9323 = AXIS2_PLACEMENT_3D ( 'NONE', #803, #4931, #4818 ) ;
#9324 = CARTESIAN_POINT ( 'NONE',  ( -15.74029191166209962, 0.7552770393057404164, 3.955000000010999273 ) ) ;
#9325 = DIRECTION ( 'NONE',  ( 0.000000000000000000, -1.000000000000000000, 2.220446049250309876E-16 ) ) ;
#9326 = ORIENTED_EDGE ( 'NONE', *, *, #1651, .F. ) ;
#9327 = STYLED_ITEM ( 'NONE', ( #8787 ), #6308 ) ;
#9328 = DIRECTION ( 'NONE',  ( 0.000000000000000000, -2.220446049250309876E-16, -1.000000000000000000 ) ) ;
#9329 = UNCERTAINTY_MEASURE_WITH_UNIT (LENGTH_MEASURE( 1.000000000000000082E-05 ), #1442, 'distance_accuracy_value', 'NONE');
#9330 = ORIENTED_EDGE ( 'NONE', *, *, #8540, .T. ) ;
#9331 = DIRECTION ( 'NONE',  ( 0.000000000000000000, 2.220446049250309876E-16, 1.000000000000000000 ) ) ;
#9332 = MECHANICAL_DESIGN_GEOMETRIC_PRESENTATION_REPRESENTATION (  '', ( #8446 ), #10385 ) ;
#9333 = STYLED_ITEM ( 'NONE', ( #9564 ), #6178 ) ;
#9334 = CARTESIAN_POINT ( 'NONE',  ( -15.74029191166209962, 4.355277039305740061, 3.945000000010995045 ) ) ;
#9335 = CARTESIAN_POINT ( 'NONE',  ( -45.74026666726099677, 13.58013899890130105, 3.945000000010994601 ) ) ;
#9336 = PRESENTATION_LAYER_ASSIGNMENT (  '', '', ( #5521 ) ) ;
#9337 = ADVANCED_FACE ( 'NONE', ( #4631 ), #9513, .T. ) ;
#9338 = ADVANCED_FACE ( 'NONE', ( #3701 ), #3590, .F. ) ;
#9339 = FILL_AREA_STYLE ('',( #3426 ) ) ;
#9340 = DIRECTION ( 'NONE',  ( 1.000000000000000000, 0.000000000000000000, 0.000000000000000000 ) ) ;
#9341 = CIRCLE ( 'NONE', #6574, 0.1999999999999999833 ) ;
#9342 = CARTESIAN_POINT ( 'NONE',  ( -39.94026666726099961, 0.7945186986579400035, 3.545000000010997798 ) ) ;
#9343 =( LENGTH_UNIT ( ) NAMED_UNIT ( * ) SI_UNIT ( .MILLI., .METRE. ) );
#9344 = VERTEX_POINT ( 'NONE', #4570 ) ;
#9345 = COLOUR_RGB ( '',1.000000000000000000, 0.8078431372549019773, 0.4980392156862745168 ) ;
#9346 =( NAMED_UNIT ( * ) PLANE_ANGLE_UNIT ( ) SI_UNIT ( $, .RADIAN. ) );
#9347 = CARTESIAN_POINT ( 'NONE',  ( -41.74026666726099677, 3.194518698657949685, 3.745000000010996644 ) ) ;
#9348 = FACE_OUTER_BOUND ( 'NONE', #7911, .T. ) ;
#9349 =( GEOMETRIC_REPRESENTATION_CONTEXT ( 3 ) GLOBAL_UNCERTAINTY_ASSIGNED_CONTEXT ( ( #398 ) ) GLOBAL_UNIT_ASSIGNED_CONTEXT ( ( #8897, #3954, #10266 ) ) REPRESENTATION_CONTEXT ( 'NONE', 'WORKASPACE' ) );
#9350 = CARTESIAN_POINT ( 'NONE',  ( -44.54026666726100103, 19.98451869865800035, 3.545000000010997798 ) ) ;
#9351 = EDGE_CURVE ( 'NONE', #2825, #6151, #6913, .T. ) ;
#9352 = FACE_OUTER_BOUND ( 'NONE', #3577, .T. ) ;
#9353 = CYLINDRICAL_SURFACE ( 'NONE', #5037, 0.1999999999999987899 ) ;
#9354 = VERTEX_POINT ( 'NONE', #378 ) ;
#9355 = LINE ( 'NONE', #6757, #2819 ) ;
#9356 = VECTOR ( 'NONE', #1239, 1000.000000000000000 ) ;
#9357 = ORIENTED_EDGE ( 'NONE', *, *, #10051, .F. ) ;
#9358 = DIRECTION ( 'NONE',  ( 1.000000000000000000, 0.000000000000000000, 0.000000000000000000 ) ) ;
#9359 = PRESENTATION_STYLE_ASSIGNMENT (( #4359 ) ) ;
#9360 = ORIENTED_EDGE ( 'NONE', *, *, #9314, .F. ) ;
#9361 = DIRECTION ( 'NONE',  ( -1.000000000000000000, 0.000000000000000000, 0.000000000000000000 ) ) ;
#9362 = DIRECTION ( 'NONE',  ( -1.000000000000000000, 0.000000000000000000, 0.000000000000000000 ) ) ;
#9363 = PRESENTATION_LAYER_ASSIGNMENT (  '', '', ( #6429 ) ) ;
#9364 = ADVANCED_FACE ( 'NONE', ( #1990 ), #5437, .F. ) ;
#9365 = CYLINDRICAL_SURFACE ( 'NONE', #10148, 0.4799999999999995381 ) ;
#9366 = SURFACE_STYLE_FILL_AREA ( #8428 ) ;
#9367 = DIRECTION ( 'NONE',  ( 0.000000000000000000, -1.000000000000000000, 2.220446049250309876E-16 ) ) ;
#9368 = FILL_AREA_STYLE ('',( #6051 ) ) ;
#9369 = EDGE_LOOP ( 'NONE', ( #4596, #6937 ) ) ;
#9370 = EDGE_LOOP ( 'NONE', ( #10290, #5622, #1140, #6799 ) ) ;
#9371 = PRESENTATION_LAYER_ASSIGNMENT (  '', '', ( #7293 ) ) ;
#9372 = ORIENTED_EDGE ( 'NONE', *, *, #1503, .T. ) ;
#9373 = ORIENTED_EDGE ( 'NONE', *, *, #3388, .T. ) ;
#9374 = UNCERTAINTY_MEASURE_WITH_UNIT (LENGTH_MEASURE( 1.000000000000000082E-05 ), #7716, 'distance_accuracy_value', 'NONE');
#9375 = CARTESIAN_POINT ( 'NONE',  ( -21.40302962540589604, 17.01451869865799793, 3.345000000010998953 ) ) ;
#9376 = SURFACE_STYLE_USAGE ( .BOTH. , #6060 ) ;
#9377 = CARTESIAN_POINT ( 'NONE',  ( -22.88026666726100089, 20.29451869865799551, 5.135000000010998988 ) ) ;
#9378 = AXIS2_PLACEMENT_3D ( 'NONE', #10037, #878, #4453 ) ;
#9379 = VECTOR ( 'NONE', #7639, 1000.000000000000000 ) ;
#9380 = SURFACE_SIDE_STYLE ('',( #5355 ) ) ;
#9381 = FILL_AREA_STYLE_COLOUR ( '', #1827 ) ;
#9382 = CARTESIAN_POINT ( 'NONE',  ( -14.90026666726099869, 15.78042790316279742, 5.135000000010998988 ) ) ;
#9383 = CARTESIAN_POINT ( 'NONE',  ( -46.24026666726099677, 25.13451869865800248, 3.955000000010997496 ) ) ;
#9384 = ORIENTED_EDGE ( 'NONE', *, *, #4618, .T. ) ;
#9385 = PRESENTATION_STYLE_ASSIGNMENT (( #10190 ) ) ;
#9386 = ORIENTED_EDGE ( 'NONE', *, *, #5930, .T. ) ;
#9387 = STYLED_ITEM ( 'NONE', ( #9493 ), #8870 ) ;
#9388 = VERTEX_POINT ( 'NONE', #4008 ) ;
#9389 = EDGE_CURVE ( 'NONE', #1477, #1108, #3050, .T. ) ;
#9390 = EDGE_CURVE ( 'NONE', #633, #9221, #7472, .T. ) ;
#9391 = CARTESIAN_POINT ( 'NONE',  ( -14.90026666726099869, 15.78042790316279742, 3.945000000010995045 ) ) ;
#9392 = LINE ( 'NONE', #243, #7195 ) ;
#9393 = DIRECTION ( 'NONE',  ( -1.000000000000000000, 0.000000000000000000, 0.000000000000000000 ) ) ;
#9394 = CARTESIAN_POINT ( 'NONE',  ( -15.74029191166209962, 25.09527703930580245, 3.955000000010997496 ) ) ;
#9395 = AXIS2_PLACEMENT_3D ( 'NONE', #5440, #10651, #3054 ) ;
#9396 = CARTESIAN_POINT ( 'NONE',  ( -21.60302962540589888, 10.21451869865800077, 3.745000000010996644 ) ) ;
#9397 = SURFACE_STYLE_USAGE ( .BOTH. , #2655 ) ;
#9398 =( NAMED_UNIT ( * ) SI_UNIT ( $, .STERADIAN. ) SOLID_ANGLE_UNIT ( ) );
#9399 = MECHANICAL_DESIGN_GEOMETRIC_PRESENTATION_REPRESENTATION (  '', ( #6796 ), #9744 ) ;
#9400 =( LENGTH_UNIT ( ) NAMED_UNIT ( * ) SI_UNIT ( .MILLI., .METRE. ) );
#9401 = LINE ( 'NONE', #2824, #9548 ) ;
#9402 = VERTEX_POINT ( 'NONE', #6469 ) ;
#9403 = EDGE_CURVE ( 'NONE', #1152, #2013, #7287, .T. ) ;
#9404 = CIRCLE ( 'NONE', #4009, 0.2500000000000002220 ) ;
#9405 =( NAMED_UNIT ( * ) PLANE_ANGLE_UNIT ( ) SI_UNIT ( $, .RADIAN. ) );
#9406 = DIRECTION ( 'NONE',  ( 0.000000000000000000, 1.000000000000000000, -2.220446049250309876E-16 ) ) ;
#9407 = DIRECTION ( 'NONE',  ( 0.000000000000000000, -1.000000000000000000, 2.220446049250309876E-16 ) ) ;
#9409 = ORIENTED_EDGE ( 'NONE', *, *, #2744, .T. ) ;
#9408 = LINE ( 'NONE', #5274, #4004 ) ;
#9410 =( NAMED_UNIT ( * ) PLANE_ANGLE_UNIT ( ) SI_UNIT ( $, .RADIAN. ) );
#9411 = CARTESIAN_POINT ( 'NONE',  ( -19.20302962540590030, 12.51451869865799971, 3.945000000010995045 ) ) ;
#9412 = ORIENTED_EDGE ( 'NONE', *, *, #5198, .F. ) ;
#9413 =( LENGTH_UNIT ( ) NAMED_UNIT ( * ) SI_UNIT ( .MILLI., .METRE. ) );
#9414 = DIRECTION ( 'NONE',  ( 0.000000000000000000, -1.000000000000000000, 2.220446049250309876E-16 ) ) ;
#9415 = EDGE_CURVE ( 'NONE', #2328, #5336, #587, .T. ) ;
#9416 = COLOUR_RGB ( '',0.07058823529411764608, 0.07058823529411764608, 0.07058823529411764608 ) ;
#9417 = ORIENTED_EDGE ( 'NONE', *, *, #1315, .F. ) ;
#9419 = UNCERTAINTY_MEASURE_WITH_UNIT (LENGTH_MEASURE( 1.000000000000000082E-05 ), #9129, 'distance_accuracy_value', 'NONE');
#9418 = CIRCLE ( 'NONE', #7513, 0.4799999999999995381 ) ;
#9420 = CARTESIAN_POINT ( 'NONE',  ( -0.9449999999999999512, 3.200000000000000178, -0.6250000000000000000 ) ) ;
#9421 = FILL_AREA_STYLE_COLOUR ( '', #4080 ) ;
#9422 = SURFACE_STYLE_USAGE ( .BOTH. , #6929 ) ;
#9423 = PRESENTATION_STYLE_ASSIGNMENT (( #6881 ) ) ;
#9424 = SURFACE_SIDE_STYLE ('',( #10225 ) ) ;
#9425 = VERTEX_POINT ( 'NONE', #4776 ) ;
#9426 = CARTESIAN_POINT ( 'NONE',  ( -16.38026666726099734, 10.29451869865800084, 5.135000000010998988 ) ) ;
#9427 = STYLED_ITEM ( 'NONE', ( #9783 ), #8123 ) ;
#9428 = ORIENTED_EDGE ( 'NONE', *, *, #2398, .T. ) ;
#9429 =( GEOMETRIC_REPRESENTATION_CONTEXT ( 3 ) GLOBAL_UNCERTAINTY_ASSIGNED_CONTEXT ( ( #9419 ) ) GLOBAL_UNIT_ASSIGNED_CONTEXT ( ( #9129, #3144, #8129 ) ) REPRESENTATION_CONTEXT ( 'NONE', 'WORKASPACE' ) );
#9430 = ORIENTED_EDGE ( 'NONE', *, *, #8208, .F. ) ;
#9431 = ORIENTED_EDGE ( 'NONE', *, *, #4672, .F. ) ;
#9432 = STYLED_ITEM ( 'NONE', ( #5132 ), #5011 ) ;
#9433 = CARTESIAN_POINT ( 'NONE',  ( -46.09026666726101240, 18.63451869865789590, 2.545000000010970709 ) ) ;
#9434 = CARTESIAN_POINT ( 'NONE',  ( -22.88026666726100089, 16.29451869865799551, 5.135000000010998988 ) ) ;
#9435 = PRESENTATION_LAYER_ASSIGNMENT (  '', '', ( #3717 ) ) ;
#9436 = CARTESIAN_POINT ( 'NONE',  ( -36.17854998418980017, 1.257512981500239935, 3.945000000010995045 ) ) ;
#9437 = LINE ( 'NONE', #7856, #9184 ) ;
#9438 = DIRECTION ( 'NONE',  ( 0.000000000000000000, -2.220446049250309876E-16, -1.000000000000000000 ) ) ;
#9439 = PRESENTATION_LAYER_ASSIGNMENT (  '', '', ( #8922 ) ) ;
#9440 = PLANE ( 'NONE',  #9790 ) ;
#9441 = SURFACE_STYLE_USAGE ( .BOTH. , #2199 ) ;
#9442 = EDGE_LOOP ( 'NONE', ( #8265, #2346, #5774, #3573 ) ) ;
#9443 = VERTEX_POINT ( 'NONE', #3964 ) ;
#9444 = MECHANICAL_DESIGN_GEOMETRIC_PRESENTATION_REPRESENTATION (  '', ( #3375 ), #533 ) ;
#9445 = ORIENTED_EDGE ( 'NONE', *, *, #8134, .F. ) ;
#9446 =( LENGTH_UNIT ( ) NAMED_UNIT ( * ) SI_UNIT ( .MILLI., .METRE. ) );
#9447 =( GEOMETRIC_REPRESENTATION_CONTEXT ( 3 ) GLOBAL_UNCERTAINTY_ASSIGNED_CONTEXT ( ( #3737 ) ) GLOBAL_UNIT_ASSIGNED_CONTEXT ( ( #3648, #92, #10092 ) ) REPRESENTATION_CONTEXT ( 'NONE', 'WORKASPACE' ) );
#9448 = DIRECTION ( 'NONE',  ( 0.000000000000000000, 2.220446049250309876E-16, 1.000000000000000000 ) ) ;
#9449 =( LENGTH_UNIT ( ) NAMED_UNIT ( * ) SI_UNIT ( .MILLI., .METRE. ) );
#9450 = COLOUR_RGB ( '',1.000000000000000000, 0.9568627450980391469, 0.8862745098039215286 ) ;
#9451 = CARTESIAN_POINT ( 'NONE',  ( 0.000000000000000000, 0.4500000000000000111, 0.000000000000000000 ) ) ;
#9452 = LINE ( 'NONE', #7968, #1707 ) ;
#9454 =( NAMED_UNIT ( * ) PLANE_ANGLE_UNIT ( ) SI_UNIT ( $, .RADIAN. ) );
#9453 = FACE_OUTER_BOUND ( 'NONE', #9442, .T. ) ;
#9455 = ORIENTED_EDGE ( 'NONE', *, *, #8312, .F. ) ;
#9456 = EDGE_CURVE ( 'NONE', #882, #1561, #10602, .T. ) ;
#9457 = ADVANCED_FACE ( 'NONE', ( #4676 ), #2378, .T. ) ;
#9458 = FILL_AREA_STYLE_COLOUR ( '', #7237 ) ;
#9459 = EDGE_CURVE ( 'NONE', #10734, #10780, #6439, .T. ) ;
#9460 = VECTOR ( 'NONE', #9712, 1000.000000000000000 ) ;
#9461 =( NAMED_UNIT ( * ) SI_UNIT ( $, .STERADIAN. ) SOLID_ANGLE_UNIT ( ) );
#9462 = DIRECTION ( 'NONE',  ( 0.000000000000000000, -2.220446049250309876E-16, -1.000000000000000000 ) ) ;
#9463 = LINE ( 'NONE', #7229, #3797 ) ;
#9464 = LINE ( 'NONE', #7670, #3932 ) ;
#9465 = SURFACE_STYLE_FILL_AREA ( #4677 ) ;
#9466 = ORIENTED_EDGE ( 'NONE', *, *, #1050, .F. ) ;
#9467 = APPLICATION_CONTEXT ( 'automotive_design' ) ;
#9468 =( NAMED_UNIT ( * ) SI_UNIT ( $, .STERADIAN. ) SOLID_ANGLE_UNIT ( ) );
#9469 = ADVANCED_FACE ( 'NONE', ( #8034 ), #4875, .F. ) ;
#9470 =( NAMED_UNIT ( * ) PLANE_ANGLE_UNIT ( ) SI_UNIT ( $, .RADIAN. ) );
#9471 = PRESENTATION_STYLE_ASSIGNMENT (( #6152 ) ) ;
#9472 = VERTEX_POINT ( 'NONE', #10753 ) ;
#9473 = APPLICATION_PROTOCOL_DEFINITION ( 'draft international standard', 'automotive_design', 1998, #9467 ) ;
#9474 = DIRECTION ( 'NONE',  ( 0.000000000000000000, 2.220446049250309876E-16, 1.000000000000000000 ) ) ;
#9475 = COLOUR_RGB ( '',0.07058823529411764608, 0.07058823529411764608, 0.07058823529411764608 ) ;
#9476 = UNCERTAINTY_MEASURE_WITH_UNIT (LENGTH_MEASURE( 1.000000000000000082E-05 ), #419, 'distance_accuracy_value', 'NONE');
#9477 = EDGE_LOOP ( 'NONE', ( #2503, #2689, #6696, #351 ) ) ;
#9478 = FACE_OUTER_BOUND ( 'NONE', #9943, .T. ) ;
#9479 = DIRECTION ( 'NONE',  ( 0.000000000000000000, 1.000000000000000000, 0.000000000000000000 ) ) ;
#9480 = SURFACE_STYLE_USAGE ( .BOTH. , #1169 ) ;
#9481 = PRESENTATION_LAYER_ASSIGNMENT (  '', '', ( #4087 ) ) ;
#9482 = ORIENTED_EDGE ( 'NONE', *, *, #9536, .F. ) ;
#9483 = DIRECTION ( 'NONE',  ( 0.000000000000000000, -1.000000000000000000, 2.220446049250309876E-16 ) ) ;
#9484 = VERTEX_POINT ( 'NONE', #6579 ) ;
#9485 = ORIENTED_EDGE ( 'NONE', *, *, #3886, .T. ) ;
#9486 = ORIENTED_EDGE ( 'NONE', *, *, #5641, .F. ) ;
#9487 = STYLED_ITEM ( 'NONE', ( #6806 ), #4326 ) ;
#9488 = MECHANICAL_DESIGN_GEOMETRIC_PRESENTATION_REPRESENTATION (  '', ( #6719 ), #8401 ) ;
#9489 = DIRECTION ( 'NONE',  ( 0.000000000000000000, -2.220446049250309876E-16, -1.000000000000000000 ) ) ;
#9490 =( NAMED_UNIT ( * ) SI_UNIT ( $, .STERADIAN. ) SOLID_ANGLE_UNIT ( ) );
#9491 = UNCERTAINTY_MEASURE_WITH_UNIT (LENGTH_MEASURE( 1.000000000000000082E-05 ), #4831, 'distance_accuracy_value', 'NONE');
#9492 = PLANE ( 'NONE',  #8824 ) ;
#9493 = PRESENTATION_STYLE_ASSIGNMENT (( #2803 ) ) ;
#9494 = DIRECTION ( 'NONE',  ( 0.000000000000000000, 2.220446049250309876E-16, 1.000000000000000000 ) ) ;
#9495 = CARTESIAN_POINT ( 'NONE',  ( -46.04026666726100103, 16.29451869865799551, 5.135000000010998988 ) ) ;
#9496 = ORIENTED_EDGE ( 'NONE', *, *, #2060, .F. ) ;
#9497 = FACE_OUTER_BOUND ( 'NONE', #7805, .T. ) ;
#9498 = ORIENTED_EDGE ( 'NONE', *, *, #9922, .F. ) ;
#9499 = CARTESIAN_POINT ( 'NONE',  ( -14.90026666726099869, 9.160427903162849717, 5.135000000010998988 ) ) ;
#9500 = CARTESIAN_POINT ( 'NONE',  ( -41.49026666726099677, 0.7945186986579400035, 3.295000000010997354 ) ) ;
#9501 = DIRECTION ( 'NONE',  ( -1.000000000000000000, 0.000000000000000000, 0.000000000000000000 ) ) ;
#9502 = AXIS2_PLACEMENT_3D ( 'NONE', #10545, #8841, #3092 ) ;
#9503 =( LENGTH_UNIT ( ) NAMED_UNIT ( * ) SI_UNIT ( .MILLI., .METRE. ) );
#9504 = EDGE_CURVE ( 'NONE', #1975, #1724, #9076, .T. ) ;
#9505 =( NAMED_UNIT ( * ) SI_UNIT ( $, .STERADIAN. ) SOLID_ANGLE_UNIT ( ) );
#9506 = LINE ( 'NONE', #3640, #4106 ) ;
#9507 = FACE_OUTER_BOUND ( 'NONE', #9959, .T. ) ;
#9508 = EDGE_LOOP ( 'NONE', ( #4919, #3888, #8420, #676 ) ) ;
#9509 = CARTESIAN_POINT ( 'NONE',  ( -45.84026666726099819, 18.58451869865799821, 2.545000000010996910 ) ) ;
#9510 = FACE_OUTER_BOUND ( 'NONE', #5064, .T. ) ;
#9511 = MECHANICAL_DESIGN_GEOMETRIC_PRESENTATION_REPRESENTATION (  '', ( #8102 ), #3918 ) ;
#9512 = CARTESIAN_POINT ( 'NONE',  ( -45.84026666726099819, 19.63451869865799537, 2.620000000010995311 ) ) ;
#9513 = PLANE ( 'NONE',  #9915 ) ;
#9514 = EDGE_CURVE ( 'NONE', #3159, #3213, #1592, .T. ) ;
#9515 = VECTOR ( 'NONE', #1104, 1000.000000000000000 ) ;
#9516 = PLANE ( 'NONE',  #1110 ) ;
#9517 = DIRECTION ( 'NONE',  ( 0.000000000000000000, -1.000000000000000000, 0.000000000000000000 ) ) ;
#9518 = ORIENTED_EDGE ( 'NONE', *, *, #5886, .T. ) ;
#9519 = SURFACE_STYLE_USAGE ( .BOTH. , #9730 ) ;
#9520 = ORIENTED_EDGE ( 'NONE', *, *, #6887, .F. ) ;
#9521 =( NAMED_UNIT ( * ) SI_UNIT ( $, .STERADIAN. ) SOLID_ANGLE_UNIT ( ) );
#9522 = SURFACE_STYLE_FILL_AREA ( #990 ) ;
#9523 = AXIS2_PLACEMENT_3D ( 'NONE', #10542, #10799, #5896 ) ;
#9524 = UNCERTAINTY_MEASURE_WITH_UNIT (LENGTH_MEASURE( 1.000000000000000082E-05 ), #8397, 'distance_accuracy_value', 'NONE');
#9525 = LINE ( 'NONE', #4586, #5792 ) ;
#9526 = ADVANCED_FACE ( 'NONE', ( #3314 ), #1844, .F. ) ;
#9527 =( NAMED_UNIT ( * ) SI_UNIT ( $, .STERADIAN. ) SOLID_ANGLE_UNIT ( ) );
#9528 = EDGE_CURVE ( 'NONE', #10470, #2025, #3621, .T. ) ;
#9529 = SURFACE_STYLE_USAGE ( .BOTH. , #7994 ) ;
#9530 = FILL_AREA_STYLE ('',( #8869 ) ) ;
#9531 = VECTOR ( 'NONE', #4366, 1000.000000000000000 ) ;
#9532 = DIRECTION ( 'NONE',  ( 0.000000000000000000, 1.000000000000000000, 0.000000000000000000 ) ) ;
#9533 = VERTEX_POINT ( 'NONE', #9434 ) ;
#9534 = ORIENTED_EDGE ( 'NONE', *, *, #4774, .F. ) ;
#9535 = VERTEX_POINT ( 'NONE', #1962 ) ;
#9536 = EDGE_CURVE ( 'NONE', #3659, #413, #10132, .T. ) ;
#9537 = PRESENTATION_STYLE_ASSIGNMENT (( #1235 ) ) ;
#9538 = CARTESIAN_POINT ( 'NONE',  ( -45.89026666726100245, 18.58451869865800532, 2.545000000010994246 ) ) ;
#9539 = DIRECTION ( 'NONE',  ( 0.000000000000000000, 1.000000000000000000, -2.220446049250309876E-16 ) ) ;
#9540 = DIRECTION ( 'NONE',  ( 1.387778780781449866E-16, -1.000000000000000000, 2.220446049250309876E-16 ) ) ;
#9541 =( LENGTH_UNIT ( ) NAMED_UNIT ( * ) SI_UNIT ( .MILLI., .METRE. ) );
#9542 =( NAMED_UNIT ( * ) PLANE_ANGLE_UNIT ( ) SI_UNIT ( $, .RADIAN. ) );
#9543 = VECTOR ( 'NONE', #7390, 1000.000000000000000 ) ;
#9544 = CARTESIAN_POINT ( 'NONE',  ( -40.19026666726099961, 1.594518698657940048, 3.295000000010997354 ) ) ;
#9545 = ORIENTED_EDGE ( 'NONE', *, *, #10593, .T. ) ;
#9546 = ORIENTED_EDGE ( 'NONE', *, *, #10711, .F. ) ;
#9547 = CARTESIAN_POINT ( 'NONE',  ( -14.90026666726099869, 11.70042790316279913, 5.135000000010998988 ) ) ;
#9548 = VECTOR ( 'NONE', #8352, 1000.000000000000000 ) ;
#9549 = VECTOR ( 'NONE', #2696, 1000.000000000000000 ) ;
#9550 = CARTESIAN_POINT ( 'NONE',  ( -41.53771170588249362, 18.83451869865799821, 3.745000000010996644 ) ) ;
#9551 = FACE_OUTER_BOUND ( 'NONE', #2711, .T. ) ;
#9552 = SURFACE_SIDE_STYLE ('',( #8568 ) ) ;
#9553 = FILL_AREA_STYLE_COLOUR ( '', #7702 ) ;
#9554 = DIRECTION ( 'NONE',  ( -1.000000000000000000, 0.000000000000000000, 0.000000000000000000 ) ) ;
#9555 = FILL_AREA_STYLE ('',( #2821 ) ) ;
#9556 = FILL_AREA_STYLE_COLOUR ( '', #5566 ) ;
#9557 =( NAMED_UNIT ( * ) SI_UNIT ( $, .STERADIAN. ) SOLID_ANGLE_UNIT ( ) );
#9558 =( LENGTH_UNIT ( ) NAMED_UNIT ( * ) SI_UNIT ( .MILLI., .METRE. ) );
#9559 = EDGE_LOOP ( 'NONE', ( #1166, #4388, #7372, #3055 ) ) ;
#9560 = AXIS2_PLACEMENT_3D ( 'NONE', #4541, #5245, #1014 ) ;
#9561 = PRESENTATION_STYLE_ASSIGNMENT (( #2045 ) ) ;
#9562 = FILL_AREA_STYLE ('',( #1415 ) ) ;
#9563 = EDGE_CURVE ( 'NONE', #6529, #8657, #6005, .T. ) ;
#9564 = PRESENTATION_STYLE_ASSIGNMENT (( #2936 ) ) ;
#9565 =( NAMED_UNIT ( * ) SI_UNIT ( $, .STERADIAN. ) SOLID_ANGLE_UNIT ( ) );
#9566 = MECHANICAL_DESIGN_GEOMETRIC_PRESENTATION_REPRESENTATION (  '', ( #4358 ), #8341 ) ;
#9567 = COLOUR_RGB ( '',1.000000000000000000, 0.9568627450980391469, 0.8862745098039215286 ) ;
#9568 = FILL_AREA_STYLE_COLOUR ( '', #5313 ) ;
#9569 = FILL_AREA_STYLE_COLOUR ( '', #2064 ) ;
#9570 = EDGE_LOOP ( 'NONE', ( #6973, #1017, #6977, #1902 ) ) ;
#9571 = CARTESIAN_POINT ( 'NONE',  ( -26.07854998418979875, 3.014518698657940199, 2.345000000010998065 ) ) ;
#9572 = LINE ( 'NONE', #1274, #2061 ) ;
#9573 = EDGE_LOOP ( 'NONE', ( #927, #9546, #10577, #2249 ) ) ;
#9574 = APPLICATION_PROTOCOL_DEFINITION ( 'draft international standard', 'automotive_design', 1998, #5018 ) ;
#9575 =( NAMED_UNIT ( * ) PLANE_ANGLE_UNIT ( ) SI_UNIT ( $, .RADIAN. ) );
#9576 =( GEOMETRIC_REPRESENTATION_CONTEXT ( 3 ) GLOBAL_UNCERTAINTY_ASSIGNED_CONTEXT ( ( #8481 ) ) GLOBAL_UNIT_ASSIGNED_CONTEXT ( ( #3115, #6437, #394 ) ) REPRESENTATION_CONTEXT ( 'NONE', 'WORKASPACE' ) );
#9577 = UNCERTAINTY_MEASURE_WITH_UNIT (LENGTH_MEASURE( 1.000000000000000082E-05 ), #3784, 'distance_accuracy_value', 'NONE');
#9578 = DIRECTION ( 'NONE',  ( 0.000000000000000000, -2.220446049250309876E-16, -1.000000000000000000 ) ) ;
#9579 = AXIS2_PLACEMENT_3D ( 'NONE', #4125, #10709, #9084 ) ;
#9580 = LINE ( 'NONE', #8050, #7158 ) ;
#9581 = VECTOR ( 'NONE', #4825, 1000.000000000000000 ) ;
#9582 = VERTEX_POINT ( 'NONE', #10699 ) ;
#9583 = ADVANCED_FACE ( 'NONE', ( #3257 ), #2325, .F. ) ;
#9584 = UNCERTAINTY_MEASURE_WITH_UNIT (LENGTH_MEASURE( 1.000000000000000082E-05 ), #3783, 'distance_accuracy_value', 'NONE');
#9585 = EDGE_CURVE ( 'NONE', #6511, #7114, #6086, .T. ) ;
#9586 = ORIENTED_EDGE ( 'NONE', *, *, #9628, .F. ) ;
#9587 = VECTOR ( 'NONE', #1856, 1000.000000000000000 ) ;
#9588 = ORIENTED_EDGE ( 'NONE', *, *, #10580, .F. ) ;
#9589 = COLOUR_RGB ( '',0.7921568627450980005, 0.8196078431372548767, 0.9333333333333333481 ) ;
#9590 = ADVANCED_FACE ( 'NONE', ( #8036 ), #10700, .F. ) ;
#9591 = DIRECTION ( 'NONE',  ( 0.000000000000000000, 1.000000000000000000, 0.000000000000000000 ) ) ;
#9592 = STYLED_ITEM ( 'NONE', ( #3997 ), #4802 ) ;
#9593 = SURFACE_STYLE_FILL_AREA ( #2195 ) ;
#9594 = SURFACE_STYLE_USAGE ( .BOTH. , #1344 ) ;
#9595 = UNCERTAINTY_MEASURE_WITH_UNIT (LENGTH_MEASURE( 1.000000000000000082E-05 ), #9232, 'distance_accuracy_value', 'NONE');
#9596 = AXIS2_PLACEMENT_3D ( 'NONE', #5810, #1644, #4871 ) ;
#9597 = LINE ( 'NONE', #2080, #3355 ) ;
#9598 = SURFACE_SIDE_STYLE ('',( #7905 ) ) ;
#9599 = ADVANCED_FACE ( 'NONE', ( #7389 ), #639, .F. ) ;
#9600 = SURFACE_STYLE_USAGE ( .BOTH. , #9811 ) ;
#9601 = CARTESIAN_POINT ( 'NONE',  ( -19.90302962540589959, 11.01451869865799971, 3.345000000010998953 ) ) ;
#9602 = ORIENTED_EDGE ( 'NONE', *, *, #6320, .T. ) ;
#9603 = EDGE_LOOP ( 'NONE', ( #4299, #3035, #3231, #4644 ) ) ;
#9604 =( GEOMETRIC_REPRESENTATION_CONTEXT ( 3 ) GLOBAL_UNCERTAINTY_ASSIGNED_CONTEXT ( ( #7977 ) ) GLOBAL_UNIT_ASSIGNED_CONTEXT ( ( #231, #3508, #5183 ) ) REPRESENTATION_CONTEXT ( 'NONE', 'WORKASPACE' ) );
#9605 = EDGE_LOOP ( 'NONE', ( #8116, #9586 ) ) ;
#9606 = PLANE ( 'NONE',  #5767 ) ;
#9607 = VECTOR ( 'NONE', #3045, 1000.000000000000000 ) ;
#9608 = SURFACE_STYLE_FILL_AREA ( #6298 ) ;
#9609 =( GEOMETRIC_REPRESENTATION_CONTEXT ( 3 ) GLOBAL_UNCERTAINTY_ASSIGNED_CONTEXT ( ( #8716 ) ) GLOBAL_UNIT_ASSIGNED_CONTEXT ( ( #6536, #3329, #4079 ) ) REPRESENTATION_CONTEXT ( 'NONE', 'WORKASPACE' ) );
#9610 = LINE ( 'NONE', #4448, #1001 ) ;
#9611 = PRESENTATION_STYLE_ASSIGNMENT (( #3042 ) ) ;
#9612 = DIRECTION ( 'NONE',  ( 0.000000000000000000, -1.000000000000000000, 2.220446049250309876E-16 ) ) ;
#9614 = DIRECTION ( 'NONE',  ( 0.000000000000000000, 2.220446049250309876E-16, 1.000000000000000000 ) ) ;
#9613 = CARTESIAN_POINT ( 'NONE',  ( -14.90026666726099869, 17.26042790316279962, 3.955000000010998384 ) ) ;
#9615 = EDGE_CURVE ( 'NONE', #5505, #6240, #5544, .T. ) ;
#9616 = CIRCLE ( 'NONE', #8926, 1.000000000000000888 ) ;
#9617 =( NAMED_UNIT ( * ) PLANE_ANGLE_UNIT ( ) SI_UNIT ( $, .RADIAN. ) );
#9618 = ORIENTED_EDGE ( 'NONE', *, *, #497, .T. ) ;
#9619 = LINE ( 'NONE', #5321, #2830 ) ;
#9620 = MECHANICAL_DESIGN_GEOMETRIC_PRESENTATION_REPRESENTATION (  '', ( #9277 ), #539 ) ;
#9621 = UNCERTAINTY_MEASURE_WITH_UNIT (LENGTH_MEASURE( 1.000000000000000082E-05 ), #781, 'distance_accuracy_value', 'NONE');
#9622 = FACE_OUTER_BOUND ( 'NONE', #1877, .T. ) ;
#9623 = PRESENTATION_LAYER_ASSIGNMENT (  '', '', ( #3375 ) ) ;
#9624 = DIRECTION ( 'NONE',  ( 0.000000000000000000, 2.220446049250309876E-16, 1.000000000000000000 ) ) ;
#9625 =( LENGTH_UNIT ( ) NAMED_UNIT ( * ) SI_UNIT ( .MILLI., .METRE. ) );
#9626 = ORIENTED_EDGE ( 'NONE', *, *, #2701, .T. ) ;
#9627 = VECTOR ( 'NONE', #4387, 1000.000000000000000 ) ;
#9628 = EDGE_CURVE ( 'NONE', #3347, #8100, #8331, .T. ) ;
#9629 = CARTESIAN_POINT ( 'NONE',  ( -39.94026666726099961, 3.194518698657949685, 3.545000000010997798 ) ) ;
#9630 = CARTESIAN_POINT ( 'NONE',  ( -39.54026666726100103, 20.29451869865799551, 5.135000000010998988 ) ) ;
#9631 = COLOUR_RGB ( '',1.000000000000000000, 0.9568627450980391469, 0.8862745098039215286 ) ;
#9632 =( GEOMETRIC_REPRESENTATION_CONTEXT ( 3 ) GLOBAL_UNCERTAINTY_ASSIGNED_CONTEXT ( ( #7843 ) ) GLOBAL_UNIT_ASSIGNED_CONTEXT ( ( #472, #5531, #630 ) ) REPRESENTATION_CONTEXT ( 'NONE', 'WORKASPACE' ) );
#9633 = ORIENTED_EDGE ( 'NONE', *, *, #7902, .F. ) ;
#9634 = PRODUCT_DEFINITION_SHAPE ( 'NONE', 'NONE',  #10828 ) ;
#9635 = STYLED_ITEM ( 'NONE', ( #1897 ), #3677 ) ;
#9636 = SURFACE_STYLE_USAGE ( .BOTH. , #5394 ) ;
#9637 =( NAMED_UNIT ( * ) SI_UNIT ( $, .STERADIAN. ) SOLID_ANGLE_UNIT ( ) );
#9638 = DIRECTION ( 'NONE',  ( 0.000000000000000000, -1.000000000000000000, 4.336808689942017736E-16 ) ) ;
#9639 = CARTESIAN_POINT ( 'NONE',  ( -15.74029191166209962, 23.09527703930579889, 5.135000000010998988 ) ) ;
#9640 = CARTESIAN_POINT ( 'NONE',  ( -46.24026666726099677, 25.13451869865800248, 5.145000000010997887 ) ) ;
#9641 = CIRCLE ( 'NONE', #7384, 2.000000000000001776 ) ;
#9642 = ORIENTED_EDGE ( 'NONE', *, *, #7733, .T. ) ;
#9643 = ORIENTED_EDGE ( 'NONE', *, *, #3291, .T. ) ;
#9644 = LINE ( 'NONE', #9039, #4206 ) ;
#9645 = ORIENTED_EDGE ( 'NONE', *, *, #10529, .T. ) ;
#9646 =( NAMED_UNIT ( * ) SI_UNIT ( $, .STERADIAN. ) SOLID_ANGLE_UNIT ( ) );
#9647 = FILL_AREA_STYLE ('',( #8104 ) ) ;
#9648 = LINE ( 'NONE', #8107, #3804 ) ;
#9649 = EDGE_CURVE ( 'NONE', #3069, #9011, #8968, .T. ) ;
#9650 = ADVANCED_FACE ( 'NONE', ( #2381 ), #2708, .T. ) ;
#9651 = DIRECTION ( 'NONE',  ( 0.000000000000000000, 0.000000000000000000, 1.000000000000000000 ) ) ;
#9652 = DIRECTION ( 'NONE',  ( 0.000000000000000000, -2.220446049250309876E-16, -1.000000000000000000 ) ) ;
#9653 = CARTESIAN_POINT ( 'NONE',  ( -15.74029191166209962, 23.09527703930579889, 5.135000000010998988 ) ) ;
#9654 = ORIENTED_EDGE ( 'NONE', *, *, #1807, .T. ) ;
#9655 =( NAMED_UNIT ( * ) PLANE_ANGLE_UNIT ( ) SI_UNIT ( $, .RADIAN. ) );
#9656 = FILL_AREA_STYLE ('',( #1194 ) ) ;
#9657 = CIRCLE ( 'NONE', #8081, 2.000000000000001776 ) ;
#9658 = ORIENTED_EDGE ( 'NONE', *, *, #3719, .T. ) ;
#9659 = ORIENTED_EDGE ( 'NONE', *, *, #4077, .F. ) ;
#9660 =( NAMED_UNIT ( * ) PLANE_ANGLE_UNIT ( ) SI_UNIT ( $, .RADIAN. ) );
#9661 = ADVANCED_FACE ( 'NONE', ( #8504 ), #8451, .T. ) ;
#9662 =( NAMED_UNIT ( * ) SI_UNIT ( $, .STERADIAN. ) SOLID_ANGLE_UNIT ( ) );
#9663 = DIRECTION ( 'NONE',  ( 0.000000000000000000, 1.000000000000000000, -2.220446049250309876E-16 ) ) ;
#9664 = ADVANCED_FACE ( 'NONE', ( #3425 ), #2553, .T. ) ;
#9665 = LINE ( 'NONE', #3794, #9460 ) ;
#9666 = DIRECTION ( 'NONE',  ( 0.000000000000000000, -1.000000000000000000, 2.220446049250309876E-16 ) ) ;
#9667 = LINE ( 'NONE', #4866, #4913 ) ;
#9668 = ORIENTED_EDGE ( 'NONE', *, *, #7663, .F. ) ;
#9669 = CARTESIAN_POINT ( 'NONE',  ( -46.09026666726101240, 18.63451869865789590, 2.545000000010970709 ) ) ;
#9670 = ADVANCED_FACE ( 'NONE', ( #6302 ), #10438, .T. ) ;
#9671 = CARTESIAN_POINT ( 'NONE',  ( -14.90026666726099869, 11.70042790316279913, 3.955000000010998384 ) ) ;
#9672 =( GEOMETRIC_REPRESENTATION_CONTEXT ( 3 ) GLOBAL_UNCERTAINTY_ASSIGNED_CONTEXT ( ( #3988 ) ) GLOBAL_UNIT_ASSIGNED_CONTEXT ( ( #6954, #3633, #1304 ) ) REPRESENTATION_CONTEXT ( 'NONE', 'WORKASPACE' ) );
#9673 = SURFACE_STYLE_FILL_AREA ( #544 ) ;
#9674 = CYLINDRICAL_SURFACE ( 'NONE', #8678, 2.500000000000000000 ) ;
#9675 = ORIENTED_EDGE ( 'NONE', *, *, #4672, .T. ) ;
#9676 = AXIS2_PLACEMENT_3D ( 'NONE', #3679, #128, #7701 ) ;
#9677 = SURFACE_STYLE_USAGE ( .BOTH. , #9834 ) ;
#9678 = PRESENTATION_STYLE_ASSIGNMENT (( #9519 ) ) ;
#9679 = ORIENTED_EDGE ( 'NONE', *, *, #5734, .T. ) ;
#9680 = ORIENTED_EDGE ( 'NONE', *, *, #5349, .T. ) ;
#9681 = AXIS2_PLACEMENT_3D ( 'NONE', #8823, #9751, #2292 ) ;
#9682 = DIRECTION ( 'NONE',  ( 0.000000000000000000, 1.000000000000000000, -2.220446049250309876E-16 ) ) ;
#9683 = VECTOR ( 'NONE', #10730, 1000.000000000000000 ) ;
#9684 =( NAMED_UNIT ( * ) PLANE_ANGLE_UNIT ( ) SI_UNIT ( $, .RADIAN. ) );
#9685 = SURFACE_SIDE_STYLE ('',( #1438 ) ) ;
#9686 = VECTOR ( 'NONE', #7335, 1000.000000000000000 ) ;
#9687 = CARTESIAN_POINT ( 'NONE',  ( -15.74029191166209962, 23.09527703930579889, 3.955000000010998384 ) ) ;
#9688 =( NAMED_UNIT ( * ) PLANE_ANGLE_UNIT ( ) SI_UNIT ( $, .RADIAN. ) );
#9689 = CARTESIAN_POINT ( 'NONE',  ( -15.74029191166209962, 23.09527703930579889, 3.945000000010995045 ) ) ;
#9690 = CARTESIAN_POINT ( 'NONE',  ( -14.90026666726099869, 17.78042790316279920, 5.145000000010998775 ) ) ;
#9691 = PRESENTATION_LAYER_ASSIGNMENT (  '', '', ( #6403 ) ) ;
#9692 = ORIENTED_EDGE ( 'NONE', *, *, #8845, .F. ) ;
#9693 = ORIENTED_EDGE ( 'NONE', *, *, #6320, .F. ) ;
#9694 = ORIENTED_EDGE ( 'NONE', *, *, #1952, .F. ) ;
#9695 = EDGE_CURVE ( 'NONE', #9970, #7706, #9610, .T. ) ;
#9696 =( LENGTH_UNIT ( ) NAMED_UNIT ( * ) SI_UNIT ( .MILLI., .METRE. ) );
#9697 = CIRCLE ( 'NONE', #3448, 0.4799999999999995381 ) ;
#9698 = DIRECTION ( 'NONE',  ( 0.000000000000000000, 2.220446049250309876E-16, 1.000000000000000000 ) ) ;
#9699 = DIRECTION ( 'NONE',  ( 0.000000000000000000, -1.000000000000000000, 2.220446049250309876E-16 ) ) ;
#9700 = LINE ( 'NONE', #5576, #7891 ) ;
#9701 = EDGE_LOOP ( 'NONE', ( #6073, #4921, #6910, #3263 ) ) ;
#9702 = COLOUR_RGB ( '',0.07058823529411764608, 0.07058823529411764608, 0.07058823529411764608 ) ;
#9703 = VERTEX_POINT ( 'NONE', #2877 ) ;
#9704 = ORIENTED_EDGE ( 'NONE', *, *, #8307, .F. ) ;
#9705 = DIRECTION ( 'NONE',  ( 0.000000000000000000, 2.220446049250309876E-16, 1.000000000000000000 ) ) ;
#9706 = SURFACE_STYLE_USAGE ( .BOTH. , #5418 ) ;
#9707 = CARTESIAN_POINT ( 'NONE',  ( -27.20302962540589675, 5.314518698658000417, 3.945000000010995045 ) ) ;
#9708 =( LENGTH_UNIT ( ) NAMED_UNIT ( * ) SI_UNIT ( .MILLI., .METRE. ) );
#9709 = DIRECTION ( 'NONE',  ( 0.000000000000000000, -1.000000000000000000, 2.220446049250309876E-16 ) ) ;
#9710 = VECTOR ( 'NONE', #3868, 1000.000000000000000 ) ;
#9711 = PRESENTATION_LAYER_ASSIGNMENT (  '', '', ( #4149 ) ) ;
#9712 = DIRECTION ( 'NONE',  ( -1.000000000000000000, 0.000000000000000000, 0.000000000000000000 ) ) ;
#9713 = DIRECTION ( 'NONE',  ( 0.000000000000000000, 1.000000000000000000, -4.336808689942013792E-16 ) ) ;
#9715 = CARTESIAN_POINT ( 'NONE',  ( -21.50302962540590102, 7.914518698658000062, 3.545000000010997798 ) ) ;
#9714 = SURFACE_STYLE_FILL_AREA ( #2423 ) ;
#9716 = CARTESIAN_POINT ( 'NONE',  ( -14.90026666726099869, 11.70042790316279913, 5.135000000010998988 ) ) ;
#9717 = CARTESIAN_POINT ( 'NONE',  ( -46.24026666726099677, 2.794518698657940003, 3.955000000010998384 ) ) ;
#9718 = ORIENTED_EDGE ( 'NONE', *, *, #9695, .F. ) ;
#9719 = SURFACE_SIDE_STYLE ('',( #1153 ) ) ;
#9720 = EDGE_CURVE ( 'NONE', #3047, #9757, #4558, .T. ) ;
#9721 =( NAMED_UNIT ( * ) SI_UNIT ( $, .STERADIAN. ) SOLID_ANGLE_UNIT ( ) );
#9722 = EDGE_CURVE ( 'NONE', #3550, #5, #4498, .T. ) ;
#9723 = UNCERTAINTY_MEASURE_WITH_UNIT (LENGTH_MEASURE( 1.000000000000000082E-05 ), #9845, 'distance_accuracy_value', 'NONE');
#9724 = EDGE_CURVE ( 'NONE', #3213, #3117, #1982, .T. ) ;
#9725 = DIRECTION ( 'NONE',  ( 0.000000000000000000, 2.220446049250309876E-16, 1.000000000000000000 ) ) ;
#9726 = PRESENTATION_STYLE_ASSIGNMENT (( #3052 ) ) ;
#9727 = ORIENTED_EDGE ( 'NONE', *, *, #8181, .F. ) ;
#9728 = AXIS2_PLACEMENT_3D ( 'NONE', #1365, #5695, #4724 ) ;
#9729 = DIRECTION ( 'NONE',  ( 2.055968564120659776E-16, 1.000000000000000000, -2.220446049250309876E-16 ) ) ;
#9730 = SURFACE_SIDE_STYLE ('',( #6376 ) ) ;
#9731 = ORIENTED_EDGE ( 'NONE', *, *, #9390, .F. ) ;
#9732 = EDGE_CURVE ( 'NONE', #9320, #7501, #5257, .T. ) ;
#9733 = ORIENTED_EDGE ( 'NONE', *, *, #10239, .F. ) ;
#9734 = DIRECTION ( 'NONE',  ( 0.000000000000000000, 0.000000000000000000, 1.000000000000000000 ) ) ;
#9735 = DIRECTION ( 'NONE',  ( 0.000000000000000000, 1.000000000000000000, -2.220446049250309876E-16 ) ) ;
#9736 = STYLED_ITEM ( 'NONE', ( #873 ), #8915 ) ;
#9737 = STYLED_ITEM ( 'NONE', ( #9287 ), #9650 ) ;
#9738 = PRESENTATION_LAYER_ASSIGNMENT (  '', '', ( #3669 ) ) ;
#9739 = LINE ( 'NONE', #6790, #2154 ) ;
#9740 = SURFACE_STYLE_FILL_AREA ( #3008 ) ;
#9741 =( LENGTH_UNIT ( ) NAMED_UNIT ( * ) SI_UNIT ( .MILLI., .METRE. ) );
#9742 = CARTESIAN_POINT ( 'NONE',  ( -40.19026666726099961, 1.594518698657940048, 3.545000000010997798 ) ) ;
#9743 = STYLED_ITEM ( 'NONE', ( #7110 ), #9032 ) ;
#9744 =( GEOMETRIC_REPRESENTATION_CONTEXT ( 3 ) GLOBAL_UNCERTAINTY_ASSIGNED_CONTEXT ( ( #3510 ) ) GLOBAL_UNIT_ASSIGNED_CONTEXT ( ( #734, #10622, #786 ) ) REPRESENTATION_CONTEXT ( 'NONE', 'WORKASPACE' ) );
#9745 = EDGE_CURVE ( 'NONE', #10372, #5900, #1008, .T. ) ;
#9746 = ORIENTED_EDGE ( 'NONE', *, *, #1528, .T. ) ;
#9747 = EDGE_LOOP ( 'NONE', ( #8542, #4208, #3712, #10089 ) ) ;
#9748 = AXIS2_PLACEMENT_3D ( 'NONE', #9245, #1760, #4345 ) ;
#9749 = CIRCLE ( 'NONE', #5063, 0.1999999999999996503 ) ;
#9750 =( NAMED_UNIT ( * ) SI_UNIT ( $, .STERADIAN. ) SOLID_ANGLE_UNIT ( ) );
#9751 = DIRECTION ( 'NONE',  ( 0.000000000000000000, -1.000000000000000000, 2.220446049250309876E-16 ) ) ;
#9752 = LINE ( 'NONE', #2962, #7226 ) ;
#9753 = PRESENTATION_STYLE_ASSIGNMENT (( #9594 ) ) ;
#9754 = PRESENTATION_STYLE_ASSIGNMENT (( #9600 ) ) ;
#9755 = SURFACE_STYLE_USAGE ( .BOTH. , #9862 ) ;
#9756 = UNCERTAINTY_MEASURE_WITH_UNIT (LENGTH_MEASURE( 1.000000000000000082E-05 ), #620, 'distance_accuracy_value', 'NONE');
#9757 = VERTEX_POINT ( 'NONE', #7068 ) ;
#9758 = ORIENTED_EDGE ( 'NONE', *, *, #661, .F. ) ;
#9759 = ORIENTED_EDGE ( 'NONE', *, *, #6676, .T. ) ;
#9760 = VECTOR ( 'NONE', #2549, 1000.000000000000000 ) ;
#9761 = CARTESIAN_POINT ( 'NONE',  ( -46.04026666726100103, 5.294518698657999956, 5.135000000010998988 ) ) ;
#9762 = PRESENTATION_LAYER_ASSIGNMENT (  '', '', ( #3513 ) ) ;
#9763 = PRESENTATION_LAYER_ASSIGNMENT (  '', '', ( #8363 ) ) ;
#9764 = DIRECTION ( 'NONE',  ( 0.000000000000000000, 2.220446049250309876E-16, 1.000000000000000000 ) ) ;
#9765 = DIRECTION ( 'NONE',  ( 0.000000000000000000, 1.000000000000000000, 0.000000000000000000 ) ) ;
#9766 = FACE_OUTER_BOUND ( 'NONE', #6952, .T. ) ;
#9767 = CARTESIAN_POINT ( 'NONE',  ( -14.90026666726099869, 16.78042790316279920, 3.955000000010998384 ) ) ;
#9768 = PRESENTATION_LAYER_ASSIGNMENT (  '', '', ( #9592 ) ) ;
#9769 = VERTEX_POINT ( 'NONE', #7869 ) ;
#9770 = DIRECTION ( 'NONE',  ( 0.000000000000000000, 2.220446049250309876E-16, 1.000000000000000000 ) ) ;
#9771 = PRESENTATION_LAYER_ASSIGNMENT (  '', '', ( #8369 ) ) ;
#9772 = VECTOR ( 'NONE', #5592, 1000.000000000000000 ) ;
#9773 = DIRECTION ( 'NONE',  ( -1.000000000000000000, 0.000000000000000000, 0.000000000000000000 ) ) ;
#9774 = AXIS2_PLACEMENT_3D ( 'NONE', #2146, #5332, #10345 ) ;
#9775 = VECTOR ( 'NONE', #82, 1000.000000000000000 ) ;
#9776 =( GEOMETRIC_REPRESENTATION_CONTEXT ( 3 ) GLOBAL_UNCERTAINTY_ASSIGNED_CONTEXT ( ( #8744 ) ) GLOBAL_UNIT_ASSIGNED_CONTEXT ( ( #10414, #3071, #9646 ) ) REPRESENTATION_CONTEXT ( 'NONE', 'WORKASPACE' ) );
#9777 = DIRECTION ( 'NONE',  ( 0.000000000000000000, -1.000000000000000000, 3.469446951953614189E-16 ) ) ;
#9778 = SURFACE_SIDE_STYLE ('',( #8241 ) ) ;
#9779 = DIRECTION ( 'NONE',  ( -1.000000000000000000, 0.000000000000000000, 0.000000000000000000 ) ) ;
#9780 = EDGE_CURVE ( 'NONE', #6264, #5475, #2627, .T. ) ;
#9781 = EDGE_LOOP ( 'NONE', ( #7830, #597, #7436, #7582 ) ) ;
#9782 = EDGE_CURVE ( 'NONE', #1955, #397, #8700, .T. ) ;
#9783 = PRESENTATION_STYLE_ASSIGNMENT (( #4728 ) ) ;
#9784 =( LENGTH_UNIT ( ) NAMED_UNIT ( * ) SI_UNIT ( .MILLI., .METRE. ) );
#9785 = VERTEX_POINT ( 'NONE', #10321 ) ;
#9786 = STYLED_ITEM ( 'NONE', ( #2093 ), #5828 ) ;
#9787 = VECTOR ( 'NONE', #4907, 1000.000000000000000 ) ;
#9788 = ORIENTED_EDGE ( 'NONE', *, *, #6758, .F. ) ;
#9789 = PLANE ( 'NONE',  #1413 ) ;
#9790 = AXIS2_PLACEMENT_3D ( 'NONE', #7703, #1134, #1900 ) ;
#9791 = SURFACE_STYLE_USAGE ( .BOTH. , #3218 ) ;
#9792 = EDGE_CURVE ( 'NONE', #660, #5163, #10253, .T. ) ;
#9793 = PRESENTATION_LAYER_ASSIGNMENT (  '', '', ( #9277 ) ) ;
#9794 = FILL_AREA_STYLE ('',( #9950 ) ) ;
#9795 =( LENGTH_UNIT ( ) NAMED_UNIT ( * ) SI_UNIT ( .MILLI., .METRE. ) );
#9796 = PLANE ( 'NONE',  #2981 ) ;
#9797 = CARTESIAN_POINT ( 'NONE',  ( -28.47854998418979733, 3.714518698657950146, 3.745000000010996644 ) ) ;
#9798 = EDGE_LOOP ( 'NONE', ( #6379, #1907 ) ) ;
#9799 = CIRCLE ( 'NONE', #5283, 0.1999999999999987899 ) ;
#9800 = CARTESIAN_POINT ( 'NONE',  ( -39.54026666726100103, 9.294518698657999067, 5.135000000010998988 ) ) ;
#9801 = ORIENTED_EDGE ( 'NONE', *, *, #3145, .F. ) ;
#9802 = SURFACE_SIDE_STYLE ('',( #8101 ) ) ;
#9803 = EDGE_CURVE ( 'NONE', #5081, #6056, #6082, .T. ) ;
#9804 = FILL_AREA_STYLE_COLOUR ( '', #4748 ) ;
#9805 = CARTESIAN_POINT ( 'NONE',  ( -14.90026666726099869, 8.160427903162851493, 3.955000000010998384 ) ) ;
#9806 = DIRECTION ( 'NONE',  ( 0.000000000000000000, -2.220446049250309876E-16, -1.000000000000000000 ) ) ;
#9807 = PLANE ( 'NONE',  #4675 ) ;
#9808 = DIRECTION ( 'NONE',  ( 0.000000000000000000, 1.000000000000000000, 0.000000000000000000 ) ) ;
#9809 = VECTOR ( 'NONE', #1732, 999.9999999999998863 ) ;
#9810 = DIRECTION ( 'NONE',  ( 0.000000000000000000, 2.220446049250309876E-16, 1.000000000000000000 ) ) ;
#9811 = SURFACE_SIDE_STYLE ('',( #10573 ) ) ;
#9812 = CARTESIAN_POINT ( 'NONE',  ( -42.73771170588249646, 16.83451869865799821, 3.145000000011000107 ) ) ;
#9813 = VERTEX_POINT ( 'NONE', #1092 ) ;
#9814 = DIRECTION ( 'NONE',  ( 0.000000000000000000, 1.000000000000000000, 0.000000000000000000 ) ) ;
#9815 = ORIENTED_EDGE ( 'NONE', *, *, #5997, .F. ) ;
#9816 = EDGE_LOOP ( 'NONE', ( #9496, #9386, #4311, #8595 ) ) ;
#9817 =( LENGTH_UNIT ( ) NAMED_UNIT ( * ) SI_UNIT ( .MILLI., .METRE. ) );
#9818 = DIRECTION ( 'NONE',  ( 0.000000000000000000, 1.000000000000000000, -2.220446049250309876E-16 ) ) ;
#9819 = CARTESIAN_POINT ( 'NONE',  ( -14.90026666726099869, 16.78042790316279920, 5.135000000010998988 ) ) ;
#9820 = EDGE_CURVE ( 'NONE', #8819, #1443, #3637, .T. ) ;
#9821 = FACE_OUTER_BOUND ( 'NONE', #740, .T. ) ;
#9822 = FACE_OUTER_BOUND ( 'NONE', #2102, .T. ) ;
#9823 = CARTESIAN_POINT ( 'NONE',  ( -41.78771170588249362, 15.03451869865800106, 3.545000000010997798 ) ) ;
#9824 = DIRECTION ( 'NONE',  ( 0.000000000000000000, -1.000000000000000000, 2.220446049250309876E-16 ) ) ;
#9825 = CARTESIAN_POINT ( 'NONE',  ( -41.74026666726099677, 1.594518698657940048, 3.545000000010997798 ) ) ;
#9826 = EDGE_LOOP ( 'NONE', ( #9654, #6000, #7171, #7224 ) ) ;
#9827 = CYLINDRICAL_SURFACE ( 'NONE', #3521, 1.000000000000000888 ) ;
#9828 = SURFACE_STYLE_USAGE ( .BOTH. , #4062 ) ;
#9829 =( GEOMETRIC_REPRESENTATION_CONTEXT ( 3 ) GLOBAL_UNCERTAINTY_ASSIGNED_CONTEXT ( ( #6651 ) ) GLOBAL_UNIT_ASSIGNED_CONTEXT ( ( #10210, #8460, #4243 ) ) REPRESENTATION_CONTEXT ( 'NONE', 'WORKASPACE' ) );
#9830 = STYLED_ITEM ( 'NONE', ( #7072 ), #3016 ) ;
#9831 = EDGE_CURVE ( 'NONE', #2200, #5943, #8161, .T. ) ;
#9832 = CARTESIAN_POINT ( 'NONE',  ( -46.24026666726099677, 2.794518698657940003, 3.955000000010998384 ) ) ;
#9833 = ORIENTED_EDGE ( 'NONE', *, *, #5340, .F. ) ;
#9834 = SURFACE_SIDE_STYLE ('',( #2274 ) ) ;
#9835 =( NAMED_UNIT ( * ) SI_UNIT ( $, .STERADIAN. ) SOLID_ANGLE_UNIT ( ) );
#9836 = ORIENTED_EDGE ( 'NONE', *, *, #10333, .F. ) ;
#9837 = MECHANICAL_DESIGN_GEOMETRIC_PRESENTATION_REPRESENTATION (  '', ( #1465 ), #4277 ) ;
#9838 = VERTEX_POINT ( 'NONE', #2575 ) ;
#9839 = PLANE ( 'NONE',  #715 ) ;
#9840 =( LENGTH_UNIT ( ) NAMED_UNIT ( * ) SI_UNIT ( .MILLI., .METRE. ) );
#9841 = STYLED_ITEM ( 'NONE', ( #4437 ), #427 ) ;
#9842 = DIRECTION ( 'NONE',  ( 0.000000000000000000, 1.000000000000000000, -4.336808689942017736E-16 ) ) ;
#9843 = DIRECTION ( 'NONE',  ( -1.000000000000000000, 0.000000000000000000, 0.000000000000000000 ) ) ;
#9844 = DIRECTION ( 'NONE',  ( -1.000000000000000000, 0.000000000000000000, 0.000000000000000000 ) ) ;
#9845 =( LENGTH_UNIT ( ) NAMED_UNIT ( * ) SI_UNIT ( .MILLI., .METRE. ) );
#9846 = STYLED_ITEM ( 'NONE', ( #4617 ), #6291 ) ;
#9847 = ORIENTED_EDGE ( 'NONE', *, *, #1290, .F. ) ;
#9848 = CARTESIAN_POINT ( 'NONE',  ( 0.000000000000000000, 5.299999999999999822, 0.6500000000000000222 ) ) ;
#9849 = EDGE_CURVE ( 'NONE', #2025, #3305, #6660, .T. ) ;
#9850 = DIRECTION ( 'NONE',  ( 0.000000000000000000, -1.000000000000000000, 2.220446049250309876E-16 ) ) ;
#9851 = ORIENTED_EDGE ( 'NONE', *, *, #3358, .T. ) ;
#9852 = EDGE_CURVE ( 'NONE', #9757, #1152, #7151, .T. ) ;
#9853 = EDGE_CURVE ( 'NONE', #4256, #8063, #4144, .T. ) ;
#9854 =( GEOMETRIC_REPRESENTATION_CONTEXT ( 3 ) GLOBAL_UNCERTAINTY_ASSIGNED_CONTEXT ( ( #9112 ) ) GLOBAL_UNIT_ASSIGNED_CONTEXT ( ( #6003, #1010, #3565 ) ) REPRESENTATION_CONTEXT ( 'NONE', 'WORKASPACE' ) );
#9855 = FILL_AREA_STYLE_COLOUR ( '', #8388 ) ;
#9856 = LINE ( 'NONE', #5022, #5300 ) ;
#9857 = DIRECTION ( 'NONE',  ( 0.000000000000000000, 0.000000000000000000, 1.000000000000000000 ) ) ;
#9858 = CARTESIAN_POINT ( 'NONE',  ( -0.6949999999999999512, 5.299999999999999822, 1.525000000000000133 ) ) ;
#9859 = CIRCLE ( 'NONE', #5010, 0.9999999999999991118 ) ;
#9860 = CARTESIAN_POINT ( 'NONE',  ( -48.84026666726100530, 0.1945186986579429955, 3.945000000010995045 ) ) ;
#9861 = FILL_AREA_STYLE_COLOUR ( '', #2323 ) ;
#9862 = SURFACE_SIDE_STYLE ('',( #6448 ) ) ;
#9863 = UNCERTAINTY_MEASURE_WITH_UNIT (LENGTH_MEASURE( 1.000000000000000082E-05 ), #2153, 'distance_accuracy_value', 'NONE');
#9864 = VERTEX_POINT ( 'NONE', #3341 ) ;
#9865 = DIRECTION ( 'NONE',  ( 1.446364879034132372E-61, -4.926439913641934043E-47, 1.000000000000000000 ) ) ;
#9866 = ADVANCED_FACE ( 'NONE', ( #1723 ), #10678, .F. ) ;
#9867 = ORIENTED_EDGE ( 'NONE', *, *, #9780, .F. ) ;
#9868 = ORIENTED_EDGE ( 'NONE', *, *, #562, .T. ) ;
#9869 = STYLED_ITEM ( 'NONE', ( #5036 ), #1142 ) ;
#9870 = PRESENTATION_STYLE_ASSIGNMENT (( #3295 ) ) ;
#9871 = CARTESIAN_POINT ( 'NONE',  ( -41.94026666726099961, 0.7945186986579400035, 3.945000000010995045 ) ) ;
#9872 = CARTESIAN_POINT ( 'NONE',  ( -39.00302962540590102, 20.61451869865799935, 1.285000000010999566 ) ) ;
#9873 = STYLED_ITEM ( 'NONE', ( #10223 ), #1447 ) ;
#9874 =( NAMED_UNIT ( * ) PLANE_ANGLE_UNIT ( ) SI_UNIT ( $, .RADIAN. ) );
#9875 =( NAMED_UNIT ( * ) PLANE_ANGLE_UNIT ( ) SI_UNIT ( $, .RADIAN. ) );
#9876 = ORIENTED_EDGE ( 'NONE', *, *, #6944, .F. ) ;
#9877 = EDGE_CURVE ( 'NONE', #4313, #592, #9217, .T. ) ;
#9878 = DIRECTION ( 'NONE',  ( 0.000000000000000000, -1.000000000000000000, 0.000000000000000000 ) ) ;
#9879 = DIRECTION ( 'NONE',  ( 0.000000000000000000, -2.220446049250309876E-16, -1.000000000000000000 ) ) ;
#9880 = FILL_AREA_STYLE_COLOUR ( '', #6999 ) ;
#9881 = CARTESIAN_POINT ( 'NONE',  ( -15.74029191166209962, 23.09527703930579889, 5.145000000010998775 ) ) ;
#9882 = CARTESIAN_POINT ( 'NONE',  ( -45.84026666726099819, 18.38451869865799893, 2.745000000010995755 ) ) ;
#9883 = VERTEX_POINT ( 'NONE', #3237 ) ;
#9884 =( NAMED_UNIT ( * ) PLANE_ANGLE_UNIT ( ) SI_UNIT ( $, .RADIAN. ) );
#9885 = EDGE_LOOP ( 'NONE', ( #6616, #1888, #9867 ) ) ;
#9886 = CIRCLE ( 'NONE', #10050, 1.000000000000000888 ) ;
#9887 = EDGE_CURVE ( 'NONE', #5446, #3608, #8873, .T. ) ;
#9888 = ORIENTED_EDGE ( 'NONE', *, *, #6217, .T. ) ;
#9889 = DIRECTION ( 'NONE',  ( 0.000000000000000000, -1.000000000000000000, 0.000000000000000000 ) ) ;
#9890 = CARTESIAN_POINT ( 'NONE',  ( -27.20302962540589675, 5.114518698658000240, 3.945000000010995045 ) ) ;
#9891 = DIRECTION ( 'NONE',  ( 0.000000000000000000, 2.220446049250309876E-16, 1.000000000000000000 ) ) ;
#9892 =( LENGTH_UNIT ( ) NAMED_UNIT ( * ) SI_UNIT ( .MILLI., .METRE. ) );
#9893 = DIRECTION ( 'NONE',  ( 1.000000000000000000, 0.000000000000000000, 0.000000000000000000 ) ) ;
#9894 = CARTESIAN_POINT ( 'NONE',  ( -39.74026666726099677, 0.7945186986579400035, 3.745000000010996644 ) ) ;
#9895 = CARTESIAN_POINT ( 'NONE',  ( -19.70302962540589675, 9.114518698657999352, 3.145000000011000107 ) ) ;
#9896 = PLANE ( 'NONE',  #2298 ) ;
#9897 = DIRECTION ( 'NONE',  ( 0.000000000000000000, 2.220446049250309876E-16, 1.000000000000000000 ) ) ;
#9898 = EDGE_LOOP ( 'NONE', ( #1215, #1158 ) ) ;
#9899 = UNCERTAINTY_MEASURE_WITH_UNIT (LENGTH_MEASURE( 1.000000000000000082E-05 ), #9247, 'distance_accuracy_value', 'NONE');
#9900 = VECTOR ( 'NONE', #7120, 1000.000000000000000 ) ;
#9901 = COLOUR_RGB ( '',1.000000000000000000, 0.8078431372549019773, 0.4980392156862745168 ) ;
#9902 = CARTESIAN_POINT ( 'NONE',  ( -22.88026666726100089, 6.294518698657999956, 5.135000000010998988 ) ) ;
#9903 = EDGE_LOOP ( 'NONE', ( #10038, #7134, #6039, #9679 ) ) ;
#9904 = PLANE ( 'NONE',  #674 ) ;
#9905 = LINE ( 'NONE', #10785, #5830 ) ;
#9906 = CARTESIAN_POINT ( 'NONE',  ( -46.24026666726099677, 4.794518698657939559, 5.135000000010998100 ) ) ;
#9907 = PRESENTATION_LAYER_ASSIGNMENT (  '', '', ( #5915 ) ) ;
#9908 = PRESENTATION_STYLE_ASSIGNMENT (( #7527 ) ) ;
#9909 = LINE ( 'NONE', #5630, #9683 ) ;
#9910 = ADVANCED_FACE ( 'NONE', ( #5074, #16 ), #9165, .T. ) ;
#9911 = EDGE_CURVE ( 'NONE', #5636, #6556, #10444, .T. ) ;
#9912 = VERTEX_POINT ( 'NONE', #998 ) ;
#9913 = DIRECTION ( 'NONE',  ( 1.446364879034132372E-61, -4.926439913641934043E-47, 1.000000000000000000 ) ) ;
#9914 = ORIENTED_EDGE ( 'NONE', *, *, #3975, .F. ) ;
#9915 = AXIS2_PLACEMENT_3D ( 'NONE', #2047, #10265, #7079 ) ;
#9916 = EDGE_LOOP ( 'NONE', ( #10601, #1178, #278, #1066 ) ) ;
#9917 = STYLED_ITEM ( 'NONE', ( #4962 ), #10125 ) ;
#9918 = CYLINDRICAL_SURFACE ( 'NONE', #3177, 0.9999999999999991118 ) ;
#9919 = SURFACE_SIDE_STYLE ('',( #3189 ) ) ;
#9920 = CARTESIAN_POINT ( 'NONE',  ( -41.53771170588249362, 16.63451869865799537, 3.945000000010995045 ) ) ;
#9921 = FACE_OUTER_BOUND ( 'NONE', #210, .T. ) ;
#9922 = EDGE_CURVE ( 'NONE', #7606, #7318, #5122, .T. ) ;
#9923 = PRESENTATION_LAYER_ASSIGNMENT (  '', '', ( #860 ) ) ;
#9924 = SURFACE_STYLE_FILL_AREA ( #8336 ) ;
#9925 = PRESENTATION_LAYER_ASSIGNMENT (  '', '', ( #8889 ) ) ;
#9926 = SURFACE_STYLE_USAGE ( .BOTH. , #130 ) ;
#9927 = ORIENTED_EDGE ( 'NONE', *, *, #7218, .T. ) ;
#9928 = DIRECTION ( 'NONE',  ( 0.000000000000000000, 2.220446049250309876E-16, 1.000000000000000000 ) ) ;
#9929 = VECTOR ( 'NONE', #1596, 1000.000000000000000 ) ;
#9930 = FILL_AREA_STYLE ('',( #1524 ) ) ;
#9931 = UNCERTAINTY_MEASURE_WITH_UNIT (LENGTH_MEASURE( 1.000000000000000082E-05 ), #4934, 'distance_accuracy_value', 'NONE');
#9932 = PRESENTATION_LAYER_ASSIGNMENT (  '', '', ( #3869 ) ) ;
#9933 = PRESENTATION_LAYER_ASSIGNMENT (  '', '', ( #3174 ) ) ;
#9934 = DIRECTION ( 'NONE',  ( 0.000000000000000000, -2.220446049250309876E-16, -1.000000000000000000 ) ) ;
#9935 =( NAMED_UNIT ( * ) PLANE_ANGLE_UNIT ( ) SI_UNIT ( $, .RADIAN. ) );
#9936 = EDGE_CURVE ( 'NONE', #1352, #1601, #4307, .T. ) ;
#9937 = STYLED_ITEM ( 'NONE', ( #9870 ), #4905 ) ;
#9938 = DIRECTION ( 'NONE',  ( 0.000000000000000000, -2.220446049250309876E-16, -1.000000000000000000 ) ) ;
#9939 = ORIENTED_EDGE ( 'NONE', *, *, #6647, .F. ) ;
#9940 =( GEOMETRIC_REPRESENTATION_CONTEXT ( 3 ) GLOBAL_UNCERTAINTY_ASSIGNED_CONTEXT ( ( #2784 ) ) GLOBAL_UNIT_ASSIGNED_CONTEXT ( ( #5760, #6425, #2330 ) ) REPRESENTATION_CONTEXT ( 'NONE', 'WORKASPACE' ) );
#9941 = CARTESIAN_POINT ( 'NONE',  ( -26.07854998418979875, 1.214518698657939710, 2.345000000010998065 ) ) ;
#9942 = CARTESIAN_POINT ( 'NONE',  ( 0.000000000000000000, 5.299999999999999822, 0.000000000000000000 ) ) ;
#9943 = EDGE_LOOP ( 'NONE', ( #10436, #4880, #4371, #5838 ) ) ;
#9944 =( GEOMETRIC_REPRESENTATION_CONTEXT ( 3 ) GLOBAL_UNCERTAINTY_ASSIGNED_CONTEXT ( ( #814 ) ) GLOBAL_UNIT_ASSIGNED_CONTEXT ( ( #4463, #1563, #10104 ) ) REPRESENTATION_CONTEXT ( 'NONE', 'WORKASPACE' ) );
#9945 = ORIENTED_EDGE ( 'NONE', *, *, #9732, .T. ) ;
#9946 = FILL_AREA_STYLE ('',( #8356 ) ) ;
#9947 = LINE ( 'NONE', #4890, #169 ) ;
#9948 = COLOUR_RGB ( '',0.07058823529411764608, 0.07058823529411764608, 0.07058823529411764608 ) ;
#9949 = COLOUR_RGB ( '',0.8274509803921568096, 0.6666666666666666297, 0.1294117647058823373 ) ;
#9950 = FILL_AREA_STYLE_COLOUR ( '', #8419 ) ;
#9951 = DIRECTION ( 'NONE',  ( 0.000000000000000000, -1.000000000000000000, 4.336808689942017736E-16 ) ) ;
#9952 = AXIS2_PLACEMENT_3D ( 'NONE', #9243, #5157, #10152 ) ;
#9953 = FILL_AREA_STYLE ('',( #4963 ) ) ;
#9954 = COLOUR_RGB ( '',0.07058823529411764608, 0.07058823529411764608, 0.07058823529411764608 ) ;
#9955 = ORIENTED_EDGE ( 'NONE', *, *, #1035, .T. ) ;
#9956 = STYLED_ITEM ( 'NONE', ( #8925 ), #7700 ) ;
#9957 = FACE_OUTER_BOUND ( 'NONE', #1777, .T. ) ;
#9958 = CARTESIAN_POINT ( 'NONE',  ( -14.90026666726099869, 11.22042790316280048, 5.135000000010998988 ) ) ;
#9959 = EDGE_LOOP ( 'NONE', ( #7449, #8223, #5601, #3922 ) ) ;
#9960 = PRESENTATION_LAYER_ASSIGNMENT (  '', '', ( #8742 ) ) ;
#9961 = VECTOR ( 'NONE', #2092, 1000.000000000000000 ) ;
#9962 =( NAMED_UNIT ( * ) SI_UNIT ( $, .STERADIAN. ) SOLID_ANGLE_UNIT ( ) );
#9963 = SURFACE_STYLE_USAGE ( .BOTH. , #8425 ) ;
#9964 = DIRECTION ( 'NONE',  ( 0.000000000000000000, -2.220446049250309876E-16, -1.000000000000000000 ) ) ;
#9965 = COLOUR_RGB ( '',1.000000000000000000, 0.9568627450980391469, 0.8862745098039215286 ) ;
#9966 = SURFACE_SIDE_STYLE ('',( #5784 ) ) ;
#9967 = DIRECTION ( 'NONE',  ( 1.000000000000000000, 0.000000000000000000, 0.000000000000000000 ) ) ;
#9968 = CARTESIAN_POINT ( 'NONE',  ( -14.90026666726099869, 15.24042790316279827, 5.145000000010998775 ) ) ;
#9969 = COLOUR_RGB ( '',1.000000000000000000, 0.9568627450980391469, 0.8862745098039215286 ) ;
#9970 = VERTEX_POINT ( 'NONE', #6049 ) ;
#9971 = ORIENTED_EDGE ( 'NONE', *, *, #9722, .F. ) ;
#9972 = PRESENTATION_LAYER_ASSIGNMENT (  '', '', ( #10513 ) ) ;
#9973 = ORIENTED_EDGE ( 'NONE', *, *, #2341, .F. ) ;
#9974 = ADVANCED_FACE ( 'NONE', ( #3447 ), #10285, .F. ) ;
#9975 = SURFACE_STYLE_USAGE ( .BOTH. , #1570 ) ;
#9976 = MECHANICAL_DESIGN_GEOMETRIC_PRESENTATION_REPRESENTATION (  '', ( #27 ), #4073 ) ;
#9977 = ADVANCED_FACE ( 'NONE', ( #6930 ), #2628, .T. ) ;
#9978 = LINE ( 'NONE', #9057, #7443 ) ;
#9979 = DIRECTION ( 'NONE',  ( 0.000000000000000000, 2.220446049250309876E-16, 1.000000000000000000 ) ) ;
#9980 =( NAMED_UNIT ( * ) SI_UNIT ( $, .STERADIAN. ) SOLID_ANGLE_UNIT ( ) );
#9981 = UNCERTAINTY_MEASURE_WITH_UNIT (LENGTH_MEASURE( 1.000000000000000082E-05 ), #6434, 'distance_accuracy_value', 'NONE');
#9982 = CARTESIAN_POINT ( 'NONE',  ( -15.74029191166209962, 25.09527703930580245, 5.135000000010998100 ) ) ;
#9983 = COLOUR_RGB ( '',1.000000000000000000, 0.9568627450980391469, 0.8862745098039215286 ) ;
#9984 = ORIENTED_EDGE ( 'NONE', *, *, #5766, .F. ) ;
#9985 = LINE ( 'NONE', #1247, #2308 ) ;
#9986 = COLOUR_RGB ( '',0.07058823529411764608, 0.07058823529411764608, 0.07058823529411764608 ) ;
#9987 = DIRECTION ( 'NONE',  ( 0.000000000000000000, 1.000000000000000000, 0.000000000000000000 ) ) ;
#9988 = EDGE_CURVE ( 'NONE', #849, #115, #7578, .T. ) ;
#9989 = PRESENTATION_STYLE_ASSIGNMENT (( #7493 ) ) ;
#9990 =( GEOMETRIC_REPRESENTATION_CONTEXT ( 3 ) GLOBAL_UNCERTAINTY_ASSIGNED_CONTEXT ( ( #10773 ) ) GLOBAL_UNIT_ASSIGNED_CONTEXT ( ( #4471, #9260, #7793 ) ) REPRESENTATION_CONTEXT ( 'NONE', 'WORKASPACE' ) );
#9991 = CARTESIAN_POINT ( 'NONE',  ( -48.84026666726100530, 20.61451869865799935, 1.285000000010999566 ) ) ;
#9992 = CARTESIAN_POINT ( 'NONE',  ( -19.20302962540590030, 12.51451869865799971, 3.945000000010995045 ) ) ;
#9993 = ORIENTED_EDGE ( 'NONE', *, *, #2712, .F. ) ;
#9994 =( LENGTH_UNIT ( ) NAMED_UNIT ( * ) SI_UNIT ( .MILLI., .METRE. ) );
#9995 =( LENGTH_UNIT ( ) NAMED_UNIT ( * ) SI_UNIT ( .MILLI., .METRE. ) );
#9996 = ORIENTED_EDGE ( 'NONE', *, *, #5540, .T. ) ;
#9997 = DIRECTION ( 'NONE',  ( 0.000000000000000000, 2.220446049250309876E-16, 1.000000000000000000 ) ) ;
#9998 = COLOUR_RGB ( '',1.000000000000000000, 0.9568627450980391469, 0.8862745098039215286 ) ;
#9999 = EDGE_CURVE ( 'NONE', #9425, #6557, #7252, .T. ) ;
#10000 =( GEOMETRIC_REPRESENTATION_CONTEXT ( 3 ) GLOBAL_UNCERTAINTY_ASSIGNED_CONTEXT ( ( #9931 ) ) GLOBAL_UNIT_ASSIGNED_CONTEXT ( ( #4934, #8287, #6682 ) ) REPRESENTATION_CONTEXT ( 'NONE', 'WORKASPACE' ) );
#10001 = FACE_OUTER_BOUND ( 'NONE', #4309, .T. ) ;
#10002 = CARTESIAN_POINT ( 'NONE',  ( -19.50302962540589746, 7.914518698658000062, 3.745000000010996644 ) ) ;
#10003 = LINE ( 'NONE', #5664, #43 ) ;
#10004 =( NAMED_UNIT ( * ) SI_UNIT ( $, .STERADIAN. ) SOLID_ANGLE_UNIT ( ) );
#10005 = EDGE_LOOP ( 'NONE', ( #3766, #2416, #9498, #4547, #2555 ) ) ;
#10006 = DIRECTION ( 'NONE',  ( 0.000000000000000000, -1.000000000000000000, 2.220446049250309876E-16 ) ) ;
#10007 = EDGE_CURVE ( 'NONE', #2278, #4534, #6328, .T. ) ;
#10008 = CARTESIAN_POINT ( 'NONE',  ( -27.20302962540589675, 20.61451869865799935, 1.285000000010999566 ) ) ;
#10009 = ORIENTED_EDGE ( 'NONE', *, *, #1367, .T. ) ;
#10010 = AXIS2_PLACEMENT_3D ( 'NONE', #6459, #6361, #8074 ) ;
#10011 = CARTESIAN_POINT ( 'NONE',  ( -45.84026666726099819, 19.48451869865800035, 2.545000000010996910 ) ) ;
#10012 =( NAMED_UNIT ( * ) PLANE_ANGLE_UNIT ( ) SI_UNIT ( $, .RADIAN. ) );
#10013 =( NAMED_UNIT ( * ) PLANE_ANGLE_UNIT ( ) SI_UNIT ( $, .RADIAN. ) );
#10014 =( GEOMETRIC_REPRESENTATION_CONTEXT ( 3 ) GLOBAL_UNCERTAINTY_ASSIGNED_CONTEXT ( ( #570 ) ) GLOBAL_UNIT_ASSIGNED_CONTEXT ( ( #10689, #6562, #1356 ) ) REPRESENTATION_CONTEXT ( 'NONE', 'WORKASPACE' ) );
#10015 =( NAMED_UNIT ( * ) SI_UNIT ( $, .STERADIAN. ) SOLID_ANGLE_UNIT ( ) );
#10016 = EDGE_LOOP ( 'NONE', ( #10547, #4432, #2521, #6587 ) ) ;
#10017 = ORIENTED_EDGE ( 'NONE', *, *, #699, .T. ) ;
#10018 = EDGE_CURVE ( 'NONE', #1652, #7395, #7939, .T. ) ;
#10019 = ORIENTED_EDGE ( 'NONE', *, *, #8281, .F. ) ;
#10020 = ORIENTED_EDGE ( 'NONE', *, *, #7416, .F. ) ;
#10021 =( GEOMETRIC_REPRESENTATION_CONTEXT ( 3 ) GLOBAL_UNCERTAINTY_ASSIGNED_CONTEXT ( ( #1560 ) ) GLOBAL_UNIT_ASSIGNED_CONTEXT ( ( #9696, #6443, #8880 ) ) REPRESENTATION_CONTEXT ( 'NONE', 'WORKASPACE' ) );
#10022 = CARTESIAN_POINT ( 'NONE',  ( -28.47854998418979733, 4.514518698657940199, 3.345000000010998953 ) ) ;
#10023 = VECTOR ( 'NONE', #8603, 1000.000000000000000 ) ;
#10024 =( LENGTH_UNIT ( ) NAMED_UNIT ( * ) SI_UNIT ( .MILLI., .METRE. ) );
#10025 = FILL_AREA_STYLE_COLOUR ( '', #1492 ) ;
#10026 = PLANE ( 'NONE',  #4943 ) ;
#10027 =( LENGTH_UNIT ( ) NAMED_UNIT ( * ) SI_UNIT ( .MILLI., .METRE. ) );
#10028 = CARTESIAN_POINT ( 'NONE',  ( -41.94026666726099961, 0.7945186986579400035, 3.745000000010996644 ) ) ;
#10029 = ORIENTED_EDGE ( 'NONE', *, *, #4445, .F. ) ;
#10030 = CARTESIAN_POINT ( 'NONE',  ( -45.74026666726099677, 9.380138998901301761, 3.945000000010995933 ) ) ;
#10031 = SURFACE_STYLE_USAGE ( .BOTH. , #2755 ) ;
#10032 = DIRECTION ( 'NONE',  ( 1.000000000000000000, 0.000000000000000000, 0.000000000000000000 ) ) ;
#10033 = DIRECTION ( 'NONE',  ( 0.000000000000000000, 0.000000000000000000, -1.000000000000000000 ) ) ;
#10034 =( GEOMETRIC_REPRESENTATION_CONTEXT ( 3 ) GLOBAL_UNCERTAINTY_ASSIGNED_CONTEXT ( ( #6778 ) ) GLOBAL_UNIT_ASSIGNED_CONTEXT ( ( #6722, #6659, #2464 ) ) REPRESENTATION_CONTEXT ( 'NONE', 'WORKASPACE' ) );
#10035 = SURFACE_SIDE_STYLE ('',( #1696 ) ) ;
#10036 = EDGE_LOOP ( 'NONE', ( #9675, #3924, #10383, #10227, #5441, #1620 ) ) ;
#10037 = CARTESIAN_POINT ( 'NONE',  ( -48.84026666726100530, 26.27451869865799949, 3.545000000010997798 ) ) ;
#10038 = ORIENTED_EDGE ( 'NONE', *, *, #4424, .F. ) ;
#10039 = EDGE_CURVE ( 'NONE', #4188, #2782, #2634, .T. ) ;
#10040 = ADVANCED_FACE ( 'NONE', ( #3772 ), #4527, .T. ) ;
#10041 = LINE ( 'NONE', #1810, #506 ) ;
#10042 = CIRCLE ( 'NONE', #6245, 0.1999999999999987899 ) ;
#10043 = DIRECTION ( 'NONE',  ( 0.000000000000000000, -1.000000000000000000, 0.000000000000000000 ) ) ;
#10044 =( LENGTH_UNIT ( ) NAMED_UNIT ( * ) SI_UNIT ( .MILLI., .METRE. ) );
#10045 = DIRECTION ( 'NONE',  ( 0.000000000000000000, 2.220446049250309876E-16, 1.000000000000000000 ) ) ;
#10046 = PLANE ( 'NONE',  #1283 ) ;
#10047 = CARTESIAN_POINT ( 'NONE',  ( 0.000000000000000000, 5.299999999999999822, 0.000000000000000000 ) ) ;
#10048 = AXIS2_PLACEMENT_3D ( 'NONE', #7617, #10052, #3487 ) ;
#10049 = FILL_AREA_STYLE_COLOUR ( '', #1730 ) ;
#10050 = AXIS2_PLACEMENT_3D ( 'NONE', #9017, #9938, #3154 ) ;
#10051 = EDGE_CURVE ( 'NONE', #6052, #4755, #9580, .T. ) ;
#10052 = DIRECTION ( 'NONE',  ( 0.000000000000000000, -1.000000000000000000, 2.220446049250309876E-16 ) ) ;
#10053 = EDGE_LOOP ( 'NONE', ( #738, #4678, #7170, #1337 ) ) ;
#10054 = CARTESIAN_POINT ( 'NONE',  ( -14.90026666726099869, 15.24042790316279827, 3.945000000010995045 ) ) ;
#10055 = DIRECTION ( 'NONE',  ( 0.000000000000000000, 2.220446049250309876E-16, 1.000000000000000000 ) ) ;
#10056 = ORIENTED_EDGE ( 'NONE', *, *, #538, .F. ) ;
#10057 = MECHANICAL_DESIGN_GEOMETRIC_PRESENTATION_REPRESENTATION (  '', ( #2252 ), #10765 ) ;
#10058 = VECTOR ( 'NONE', #3639, 1000.000000000000000 ) ;
#10059 = DIRECTION ( 'NONE',  ( 0.000000000000000000, 2.220446049250309876E-16, 1.000000000000000000 ) ) ;
#10060 = DIRECTION ( 'NONE',  ( 0.000000000000000000, -2.220446049250309876E-16, -1.000000000000000000 ) ) ;
#10061 = LINE ( 'NONE', #1775, #6938 ) ;
#10062 = EDGE_CURVE ( 'NONE', #4853, #9320, #5561, .T. ) ;
#10063 = STYLED_ITEM ( 'NONE', ( #3373 ), #8931 ) ;
#10064 = ORIENTED_EDGE ( 'NONE', *, *, #3420, .T. ) ;
#10065 = AXIS2_PLACEMENT_3D ( 'NONE', #10379, #7915, #5424 ) ;
#10066 = VECTOR ( 'NONE', #6412, 1000.000000000000000 ) ;
#10067 = SURFACE_STYLE_FILL_AREA ( #3403 ) ;
#10068 = ORIENTED_EDGE ( 'NONE', *, *, #8719, .F. ) ;
#10069 = VERTEX_POINT ( 'NONE', #9640 ) ;
#10070 = VERTEX_POINT ( 'NONE', #9742 ) ;
#10071 = SURFACE_STYLE_FILL_AREA ( #6774 ) ;
#10072 = FILL_AREA_STYLE ('',( #8480 ) ) ;
#10073 = PRESENTATION_STYLE_ASSIGNMENT (( #5947 ) ) ;
#10074 = EDGE_CURVE ( 'NONE', #2753, #7049, #7148, .T. ) ;
#10075 = FACE_OUTER_BOUND ( 'NONE', #5735, .T. ) ;
#10076 = LINE ( 'NONE', #964, #8094 ) ;
#10077 = LINE ( 'NONE', #2749, #10309 ) ;
#10078 = ORIENTED_EDGE ( 'NONE', *, *, #4235, .F. ) ;
#10079 = MECHANICAL_DESIGN_GEOMETRIC_PRESENTATION_REPRESENTATION (  '', ( #1211 ), #1548 ) ;
#10080 = LINE ( 'NONE', #5250, #8726 ) ;
#10081 = CARTESIAN_POINT ( 'NONE',  ( -21.50302962540590102, 7.914518698658000062, 3.545000000010997798 ) ) ;
#10082 = CARTESIAN_POINT ( 'NONE',  ( -41.74026666726099677, 1.594518698657940048, 3.745000000010996644 ) ) ;
#10083 =( GEOMETRIC_REPRESENTATION_CONTEXT ( 3 ) GLOBAL_UNCERTAINTY_ASSIGNED_CONTEXT ( ( #10232 ) ) GLOBAL_UNIT_ASSIGNED_CONTEXT ( ( #4296, #5164, #8523 ) ) REPRESENTATION_CONTEXT ( 'NONE', 'WORKASPACE' ) );
#10084 =( NAMED_UNIT ( * ) SI_UNIT ( $, .STERADIAN. ) SOLID_ANGLE_UNIT ( ) );
#10085 = DIRECTION ( 'NONE',  ( 0.000000000000000000, -1.000000000000000000, 0.000000000000000000 ) ) ;
#10086 = LINE ( 'NONE', #2656, #4797 ) ;
#10087 = DIRECTION ( 'NONE',  ( 0.000000000000000000, -1.000000000000000000, 4.558853294867050622E-15 ) ) ;
#10088 = AXIS2_PLACEMENT_3D ( 'NONE', #4065, #3255, #9073 ) ;
#10089 = ORIENTED_EDGE ( 'NONE', *, *, #7663, .T. ) ;
#10090 = PRESENTATION_STYLE_ASSIGNMENT (( #1811 ) ) ;
#10091 = AXIS2_PLACEMENT_3D ( 'NONE', #2463, #8269, #9964 ) ;
#10092 =( NAMED_UNIT ( * ) SI_UNIT ( $, .STERADIAN. ) SOLID_ANGLE_UNIT ( ) );
#10093 = AXIS2_PLACEMENT_3D ( 'NONE', #2152, #10631, #5478 ) ;
#10094 = SURFACE_SIDE_STYLE ('',( #6804 ) ) ;
#10095 = ADVANCED_FACE ( 'NONE', ( #1334, #3881 ), #5453, .T. ) ;
#10096 = EDGE_CURVE ( 'NONE', #730, #4796, #7044, .T. ) ;
#10097 = MECHANICAL_DESIGN_GEOMETRIC_PRESENTATION_REPRESENTATION (  '', ( #9071 ), #4565 ) ;
#10098 = FACE_OUTER_BOUND ( 'NONE', #6225, .T. ) ;
#10099 = FILL_AREA_STYLE ('',( #209 ) ) ;
#10100 = CIRCLE ( 'NONE', #9072, 1.599999999999999867 ) ;
#10101 = CARTESIAN_POINT ( 'NONE',  ( -46.24026666726099677, 25.13451869865800248, 3.955000000010997496 ) ) ;
#10102 = VECTOR ( 'NONE', #1857, 1000.000000000000000 ) ;
#10103 = ORIENTED_EDGE ( 'NONE', *, *, #7597, .T. ) ;
#10104 =( NAMED_UNIT ( * ) SI_UNIT ( $, .STERADIAN. ) SOLID_ANGLE_UNIT ( ) );
#10105 = FACE_OUTER_BOUND ( 'NONE', #258, .T. ) ;
#10106 = AXIS2_PLACEMENT_3D ( 'NONE', #3959, #8025, #4718 ) ;
#10107 =( LENGTH_UNIT ( ) NAMED_UNIT ( * ) SI_UNIT ( .MILLI., .METRE. ) );
#10108 = EDGE_LOOP ( 'NONE', ( #8089, #8055, #10791, #5361 ) ) ;
#10109 = EDGE_CURVE ( 'NONE', #6056, #8586, #2455, .T. ) ;
#10110 = SURFACE_SIDE_STYLE ('',( #166 ) ) ;
#10111 = SURFACE_STYLE_USAGE ( .BOTH. , #9309 ) ;
#10112 = STYLED_ITEM ( 'NONE', ( #1745 ), #5827 ) ;
#10113 = COLOUR_RGB ( '',1.000000000000000000, 0.7568627450980391913, 0.5647058823529411686 ) ;
#10114 = DIRECTION ( 'NONE',  ( 0.000000000000000000, 1.000000000000000000, -4.130293990420969883E-16 ) ) ;
#10115 = CARTESIAN_POINT ( 'NONE',  ( -19.70302962540589675, 16.21451869865800077, 3.945000000010995045 ) ) ;
#10116 = DIRECTION ( 'NONE',  ( 0.000000000000000000, -1.000000000000000000, 2.220446049250309876E-16 ) ) ;
#10117 = VECTOR ( 'NONE', #2867, 1000.000000000000114 ) ;
#10118 =( NAMED_UNIT ( * ) SI_UNIT ( $, .STERADIAN. ) SOLID_ANGLE_UNIT ( ) );
#10119 = ORIENTED_EDGE ( 'NONE', *, *, #5670, .T. ) ;
#10120 = PLANE ( 'NONE',  #1131 ) ;
#10121 = ORIENTED_EDGE ( 'NONE', *, *, #5872, .F. ) ;
#10122 = MECHANICAL_DESIGN_GEOMETRIC_PRESENTATION_REPRESENTATION (  '', ( #8742 ), #2855 ) ;
#10123 = ORIENTED_EDGE ( 'NONE', *, *, #1923, .T. ) ;
#10124 = ORIENTED_EDGE ( 'NONE', *, *, #5000, .T. ) ;
#10125 = ADVANCED_FACE ( 'NONE', ( #2236 ), #2905, .F. ) ;
#10126 = EDGE_CURVE ( 'NONE', #8985, #9703, #3226, .T. ) ;
#10127 = AXIS2_PLACEMENT_3D ( 'NONE', #3854, #8958, #10493 ) ;
#10128 = PRODUCT_DEFINITION_SHAPE ( 'NONE', 'NONE',  #7273 ) ;
#10129 = DIRECTION ( 'NONE',  ( -1.000000000000000000, 0.000000000000000000, 0.000000000000000000 ) ) ;
#10130 =( NAMED_UNIT ( * ) SI_UNIT ( $, .STERADIAN. ) SOLID_ANGLE_UNIT ( ) );
#10131 = UNCERTAINTY_MEASURE_WITH_UNIT (LENGTH_MEASURE( 1.000000000000000082E-05 ), #6825, 'distance_accuracy_value', 'NONE');
#10132 = LINE ( 'NONE', #8184, #9549 ) ;
#10133 =( LENGTH_UNIT ( ) NAMED_UNIT ( * ) SI_UNIT ( .MILLI., .METRE. ) );
#10134 =( LENGTH_UNIT ( ) NAMED_UNIT ( * ) SI_UNIT ( .MILLI., .METRE. ) );
#10135 = UNCERTAINTY_MEASURE_WITH_UNIT (LENGTH_MEASURE( 1.000000000000000082E-05 ), #64, 'distance_accuracy_value', 'NONE');
#10136 = VECTOR ( 'NONE', #5858, 1000.000000000000000 ) ;
#10137 = DIRECTION ( 'NONE',  ( 0.000000000000000000, 2.220446049250309876E-16, 1.000000000000000000 ) ) ;
#10138 = CARTESIAN_POINT ( 'NONE',  ( -47.14026666726099535, 19.98451869865800035, 3.945000000010995045 ) ) ;
#10139 = DIRECTION ( 'NONE',  ( 0.000000000000000000, -1.000000000000000000, 2.220446049250309876E-16 ) ) ;
#10140 = ORIENTED_EDGE ( 'NONE', *, *, #2210, .F. ) ;
#10141 = CARTESIAN_POINT ( 'NONE',  ( -39.00302962540590102, 20.61451869865799935, 3.945000000010995045 ) ) ;
#10142 = VERTEX_POINT ( 'NONE', #4027 ) ;
#10143 = DIRECTION ( 'NONE',  ( 0.000000000000000000, -1.000000000000000000, 0.000000000000000000 ) ) ;
#10144 =( NAMED_UNIT ( * ) PLANE_ANGLE_UNIT ( ) SI_UNIT ( $, .RADIAN. ) );
#10145 = FILL_AREA_STYLE_COLOUR ( '', #2790 ) ;
#10146 =( NAMED_UNIT ( * ) SI_UNIT ( $, .STERADIAN. ) SOLID_ANGLE_UNIT ( ) );
#10147 =( LENGTH_UNIT ( ) NAMED_UNIT ( * ) SI_UNIT ( .MILLI., .METRE. ) );
#10148 = AXIS2_PLACEMENT_3D ( 'NONE', #4425, #6928, #8427 ) ;
#10149 = EDGE_LOOP ( 'NONE', ( #3673, #3060, #8328, #10639, #2396, #5736 ) ) ;
#10150 =( NAMED_UNIT ( * ) SI_UNIT ( $, .STERADIAN. ) SOLID_ANGLE_UNIT ( ) );
#10151 = EDGE_CURVE ( 'NONE', #9354, #9344, #2280, .T. ) ;
#10152 = DIRECTION ( 'NONE',  ( 1.000000000000000000, 0.000000000000000000, 0.000000000000000000 ) ) ;
#10153 = AXIS2_PLACEMENT_3D ( 'NONE', #5768, #1610, #2392 ) ;
#10154 = DIRECTION ( 'NONE',  ( 0.000000000000000000, 2.220446049250309876E-16, 1.000000000000000000 ) ) ;
#10155 = CARTESIAN_POINT ( 'NONE',  ( 0.5621212121212119106, 11.26969696969696066, 0.08787878787878819487 ) ) ;
#10156 = FACE_OUTER_BOUND ( 'NONE', #1483, .T. ) ;
#10157 = DIRECTION ( 'NONE',  ( 0.000000000000000000, 1.000000000000000000, 0.000000000000000000 ) ) ;
#10159 = ORIENTED_EDGE ( 'NONE', *, *, #917, .F. ) ;
#10158 = PRESENTATION_STYLE_ASSIGNMENT (( #5922 ) ) ;
#10160 = DIRECTION ( 'NONE',  ( 0.000000000000000000, 0.000000000000000000, 1.000000000000000000 ) ) ;
#10161 = PRESENTATION_STYLE_ASSIGNMENT (( #7738 ) ) ;
#10162 = COLOUR_RGB ( '',1.000000000000000000, 0.9568627450980391469, 0.8862745098039215286 ) ;
#10163 = VERTEX_POINT ( 'NONE', #8201 ) ;
#10164 = DIRECTION ( 'NONE',  ( 0.000000000000000000, 1.000000000000000000, -4.336808689942017736E-16 ) ) ;
#10165 = ORIENTED_EDGE ( 'NONE', *, *, #7276, .T. ) ;
#10166 = DIRECTION ( 'NONE',  ( 0.000000000000000000, -1.000000000000000000, 2.220446049250309876E-16 ) ) ;
#10167 = UNCERTAINTY_MEASURE_WITH_UNIT (LENGTH_MEASURE( 1.000000000000000082E-05 ), #8112, 'distance_accuracy_value', 'NONE');
#10168 = CARTESIAN_POINT ( 'NONE',  ( -14.90026666726099869, 9.160427903162849717, 3.955000000010998384 ) ) ;
#10169 = LINE ( 'NONE', #2008, #923 ) ;
#10170 = CARTESIAN_POINT ( 'NONE',  ( -45.84026666726099819, 17.78451869865799750, 2.545000000010996910 ) ) ;
#10171 =( NAMED_UNIT ( * ) SI_UNIT ( $, .STERADIAN. ) SOLID_ANGLE_UNIT ( ) );
#10172 = ORIENTED_EDGE ( 'NONE', *, *, #10789, .T. ) ;
#10173 = CARTESIAN_POINT ( 'NONE',  ( -38.80302962540589817, 5.314518698658000417, 1.285000000010999566 ) ) ;
#10174 = ORIENTED_EDGE ( 'NONE', *, *, #2410, .F. ) ;
#10175 = ADVANCED_FACE ( 'NONE', ( #4186 ), #9796, .F. ) ;
#10176 = ORIENTED_EDGE ( 'NONE', *, *, #157, .T. ) ;
#10177 = ORIENTED_EDGE ( 'NONE', *, *, #9282, .T. ) ;
#10178 = DIRECTION ( 'NONE',  ( 0.000000000000000000, -1.000000000000000000, 0.000000000000000000 ) ) ;
#10179 = DIRECTION ( 'NONE',  ( 0.000000000000000000, 1.000000000000000000, 0.000000000000000000 ) ) ;
#10180 =( NAMED_UNIT ( * ) SI_UNIT ( $, .STERADIAN. ) SOLID_ANGLE_UNIT ( ) );
#10181 = CARTESIAN_POINT ( 'NONE',  ( -0.9449999999999999512, 3.000000000000000000, -0.6250000000000000000 ) ) ;
#10182 = COLOUR_RGB ( '',1.000000000000000000, 0.7568627450980391913, 0.5647058823529411686 ) ;
#10183 = SURFACE_SIDE_STYLE ('',( #5184 ) ) ;
#10184 = LINE ( 'NONE', #5951, #4460 ) ;
#10185 = EDGE_CURVE ( 'NONE', #1601, #2673, #658, .T. ) ;
#10186 = CARTESIAN_POINT ( 'NONE',  ( -19.70302962540589675, 9.914518698658000062, 3.145000000011000107 ) ) ;
#10187 = SURFACE_SIDE_STYLE ('',( #8443 ) ) ;
#10188 = ORIENTED_EDGE ( 'NONE', *, *, #2692, .T. ) ;
#10189 =( GEOMETRIC_REPRESENTATION_CONTEXT ( 3 ) GLOBAL_UNCERTAINTY_ASSIGNED_CONTEXT ( ( #9863 ) ) GLOBAL_UNIT_ASSIGNED_CONTEXT ( ( #2153, #7117, #7768 ) ) REPRESENTATION_CONTEXT ( 'NONE', 'WORKASPACE' ) );
#10190 = SURFACE_STYLE_USAGE ( .BOTH. , #9183 ) ;
#10191 = UNCERTAINTY_MEASURE_WITH_UNIT (LENGTH_MEASURE( 1.000000000000000082E-05 ), #2485, 'distance_accuracy_value', 'NONE');
#10192 = ORIENTED_EDGE ( 'NONE', *, *, #9988, .F. ) ;
#10193 = DIRECTION ( 'NONE',  ( 0.000000000000000000, -1.000000000000000000, 4.336808689942017736E-16 ) ) ;
#10194 =( GEOMETRIC_REPRESENTATION_CONTEXT ( 3 ) GLOBAL_UNCERTAINTY_ASSIGNED_CONTEXT ( ( #6333 ) ) GLOBAL_UNIT_ASSIGNED_CONTEXT ( ( #5025, #6447, #2300 ) ) REPRESENTATION_CONTEXT ( 'NONE', 'WORKASPACE' ) );
#10195 = PRESENTATION_STYLE_ASSIGNMENT (( #10248 ) ) ;
#10196 = CARTESIAN_POINT ( 'NONE',  ( -14.90026666726099869, 16.30042790316279877, 5.135000000010998988 ) ) ;
#10197 = LINE ( 'NONE', #10251, #1755 ) ;
#10198 = PRESENTATION_STYLE_ASSIGNMENT (( #7067 ) ) ;
#10199 = DIRECTION ( 'NONE',  ( 1.000000000000000000, 0.000000000000000000, 0.000000000000000000 ) ) ;
#10200 = DIRECTION ( 'NONE',  ( -1.000000000000000000, 0.000000000000000000, 0.000000000000000000 ) ) ;
#10201 = CYLINDRICAL_SURFACE ( 'NONE', #221, 0.4800000000000012590 ) ;
#10202 = EDGE_CURVE ( 'NONE', #9083, #2191, #9749, .T. ) ;
#10203 = AXIS2_PLACEMENT_3D ( 'NONE', #9220, #7688, #1725 ) ;
#10204 = SURFACE_STYLE_USAGE ( .BOTH. , #2931 ) ;
#10205 = FILL_AREA_STYLE ('',( #7776 ) ) ;
#10206 = ORIENTED_EDGE ( 'NONE', *, *, #9887, .T. ) ;
#10207 = AXIS2_PLACEMENT_3D ( 'NONE', #5904, #2651, #3467 ) ;
#10208 = SURFACE_SIDE_STYLE ('',( #6912 ) ) ;
#10209 = CARTESIAN_POINT ( 'NONE',  ( -48.84026666726100530, 0.1945186986579429955, 3.945000000010995045 ) ) ;
#10210 =( LENGTH_UNIT ( ) NAMED_UNIT ( * ) SI_UNIT ( .MILLI., .METRE. ) );
#10211 = PRESENTATION_STYLE_ASSIGNMENT (( #2669 ) ) ;
#10212 = ORIENTED_EDGE ( 'NONE', *, *, #10096, .F. ) ;
#10213 = SURFACE_STYLE_FILL_AREA ( #3653 ) ;
#10214 =( NAMED_UNIT ( * ) SI_UNIT ( $, .STERADIAN. ) SOLID_ANGLE_UNIT ( ) );
#10215 = DIRECTION ( 'NONE',  ( 0.000000000000000000, 2.220446049250309876E-16, 1.000000000000000000 ) ) ;
#10216 = CARTESIAN_POINT ( 'NONE',  ( -22.88026666726100089, 16.29451869865799551, 5.145000000010998775 ) ) ;
#10217 = ORIENTED_EDGE ( 'NONE', *, *, #7393, .T. ) ;
#10218 = DIRECTION ( 'NONE',  ( 1.446364879034132372E-61, -4.926439913641934043E-47, 1.000000000000000000 ) ) ;
#10219 = ORIENTED_EDGE ( 'NONE', *, *, #7310, .F. ) ;
#10220 = SURFACE_SIDE_STYLE ('',( #7574 ) ) ;
#10221 = DIRECTION ( 'NONE',  ( 0.000000000000000000, -1.000000000000000000, 2.220446049250309876E-16 ) ) ;
#10222 = DIRECTION ( 'NONE',  ( 0.000000000000000000, -1.000000000000000000, 0.000000000000000000 ) ) ;
#10223 = PRESENTATION_STYLE_ASSIGNMENT (( #9422 ) ) ;
#10224 = CARTESIAN_POINT ( 'NONE',  ( 1.435000000000000053, 3.000000000000000000, 1.435000000000000053 ) ) ;
#10225 = SURFACE_STYLE_FILL_AREA ( #8601 ) ;
#10226 = ORIENTED_EDGE ( 'NONE', *, *, #4131, .T. ) ;
#10227 = ORIENTED_EDGE ( 'NONE', *, *, #1528, .F. ) ;
#10228 = ORIENTED_EDGE ( 'NONE', *, *, #10778, .F. ) ;
#10229 = VERTEX_POINT ( 'NONE', #1489 ) ;
#10230 = SURFACE_STYLE_FILL_AREA ( #1074 ) ;
#10231 = CARTESIAN_POINT ( 'NONE',  ( 0.5500000000000000444, 11.29999999999999893, 0.5500000000000000444 ) ) ;
#10232 = UNCERTAINTY_MEASURE_WITH_UNIT (LENGTH_MEASURE( 1.000000000000000082E-05 ), #4296, 'distance_accuracy_value', 'NONE');
#10233 =( LENGTH_UNIT ( ) NAMED_UNIT ( * ) SI_UNIT ( .MILLI., .METRE. ) );
#10234 =( NAMED_UNIT ( * ) SI_UNIT ( $, .STERADIAN. ) SOLID_ANGLE_UNIT ( ) );
#10235 = DIRECTION ( 'NONE',  ( 0.000000000000000000, 1.000000000000000000, -2.220446049250309876E-16 ) ) ;
#10236 = EDGE_CURVE ( 'NONE', #4171, #4730, #4895, .T. ) ;
#10237 = VECTOR ( 'NONE', #9624, 1000.000000000000000 ) ;
#10238 =( GEOMETRIC_REPRESENTATION_CONTEXT ( 3 ) GLOBAL_UNCERTAINTY_ASSIGNED_CONTEXT ( ( #133 ) ) GLOBAL_UNIT_ASSIGNED_CONTEXT ( ( #9237, #45, #6907 ) ) REPRESENTATION_CONTEXT ( 'NONE', 'WORKASPACE' ) );
#10239 = EDGE_CURVE ( 'NONE', #2579, #534, #6629, .T. ) ;
#10240 =( NAMED_UNIT ( * ) PLANE_ANGLE_UNIT ( ) SI_UNIT ( $, .RADIAN. ) );
#10241 = CARTESIAN_POINT ( 'NONE',  ( -14.90026666726099869, 11.22042790316280048, 3.955000000010998384 ) ) ;
#10242 =( NAMED_UNIT ( * ) SI_UNIT ( $, .STERADIAN. ) SOLID_ANGLE_UNIT ( ) );
#10243 = CARTESIAN_POINT ( 'NONE',  ( -21.40302962540589604, 17.01451869865799793, 3.345000000010998953 ) ) ;
#10244 = ORIENTED_EDGE ( 'NONE', *, *, #7262, .T. ) ;
#10245 = ORIENTED_EDGE ( 'NONE', *, *, #6204, .F. ) ;
#10246 = MECHANICAL_DESIGN_GEOMETRIC_PRESENTATION_REPRESENTATION (  '', ( #8863 ), #834 ) ;
#10247 = DIRECTION ( 'NONE',  ( 0.000000000000000000, -1.000000000000000000, 2.220446049250309876E-16 ) ) ;
#10248 = SURFACE_STYLE_USAGE ( .BOTH. , #4394 ) ;
#10249 = ADVANCED_FACE ( 'NONE', ( #4837 ), #8149, .F. ) ;
#10250 = DIRECTION ( 'NONE',  ( 0.7071067811865475727, 0.000000000000000000, 0.7071067811865475727 ) ) ;
#10251 = CARTESIAN_POINT ( 'NONE',  ( 0.000000000000000000, 11.05000000000000071, 0.6500000000000000222 ) ) ;
#10252 = DIRECTION ( 'NONE',  ( 0.000000000000000000, -1.000000000000000000, 0.000000000000000000 ) ) ;
#10253 = LINE ( 'NONE', #3985, #7997 ) ;
#10254 = PRESENTATION_LAYER_ASSIGNMENT (  '', '', ( #10784 ) ) ;
#10255 = PRESENTATION_STYLE_ASSIGNMENT (( #3638 ) ) ;
#10256 = FACE_OUTER_BOUND ( 'NONE', #7061, .T. ) ;
#10257 = LINE ( 'NONE', #7659, #3937 ) ;
#10258 = AXIS2_PLACEMENT_3D ( 'NONE', #4666, #244, #1148 ) ;
#10259 = FILL_AREA_STYLE_COLOUR ( '', #5724 ) ;
#10260 = ORIENTED_EDGE ( 'NONE', *, *, #5677, .F. ) ;
#10261 = PLANE ( 'NONE',  #7751 ) ;
#10262 = VECTOR ( 'NONE', #5613, 1000.000000000000000 ) ;
#10263 = COLOUR_RGB ( '',0.07058823529411764608, 0.07058823529411764608, 0.07058823529411764608 ) ;
#10264 =( GEOMETRIC_REPRESENTATION_CONTEXT ( 3 ) GLOBAL_UNCERTAINTY_ASSIGNED_CONTEXT ( ( #3619 ) ) GLOBAL_UNIT_ASSIGNED_CONTEXT ( ( #3273, #9151, #5771 ) ) REPRESENTATION_CONTEXT ( 'NONE', 'WORKASPACE' ) );
#10265 = DIRECTION ( 'NONE',  ( 0.000000000000000000, -1.000000000000000000, 0.000000000000000000 ) ) ;
#10266 =( NAMED_UNIT ( * ) SI_UNIT ( $, .STERADIAN. ) SOLID_ANGLE_UNIT ( ) );
#10267 = PRESENTATION_STYLE_ASSIGNMENT (( #8799 ) ) ;
#10268 = CARTESIAN_POINT ( 'NONE',  ( -39.54026666726100103, 9.294518698657999067, 5.135000000010998988 ) ) ;
#10269 = VERTEX_POINT ( 'NONE', #5276 ) ;
#10270 =( LENGTH_UNIT ( ) NAMED_UNIT ( * ) SI_UNIT ( .MILLI., .METRE. ) );
#10271 = DIRECTION ( 'NONE',  ( 0.000000000000000000, -1.000000000000000000, 4.336808689942013792E-16 ) ) ;
#10272 = SURFACE_STYLE_FILL_AREA ( #5981 ) ;
#10273 =( GEOMETRIC_REPRESENTATION_CONTEXT ( 3 ) GLOBAL_UNCERTAINTY_ASSIGNED_CONTEXT ( ( #8219 ) ) GLOBAL_UNIT_ASSIGNED_CONTEXT ( ( #2046, #8687, #9721 ) ) REPRESENTATION_CONTEXT ( 'NONE', 'WORKASPACE' ) );
#10274 = VECTOR ( 'NONE', #2835, 1000.000000000000000 ) ;
#10275 = ORIENTED_EDGE ( 'NONE', *, *, #724, .F. ) ;
#10276 = CONTEXT_DEPENDENT_SHAPE_REPRESENTATION ( #3493, #9634 ) ;
#10277 = DIRECTION ( 'NONE',  ( -1.000000000000000000, 0.000000000000000000, 0.000000000000000000 ) ) ;
#10278 = ORIENTED_EDGE ( 'NONE', *, *, #2986, .T. ) ;
#10279 = COLOUR_RGB ( '',1.000000000000000000, 0.9568627450980391469, 0.8862745098039215286 ) ;
#10281 = UNCERTAINTY_MEASURE_WITH_UNIT (LENGTH_MEASURE( 1.000000000000000082E-05 ), #8737, 'distance_accuracy_value', 'NONE');
#10280 = VECTOR ( 'NONE', #3278, 1000.000000000000000 ) ;
#10282 = FILL_AREA_STYLE ('',( #8373 ) ) ;
#10283 = SURFACE_STYLE_USAGE ( .BOTH. , #8469 ) ;
#10284 =( NAMED_UNIT ( * ) PLANE_ANGLE_UNIT ( ) SI_UNIT ( $, .RADIAN. ) );
#10285 = PLANE ( 'NONE',  #2797 ) ;
#10286 = VECTOR ( 'NONE', #523, 1000.000000000000000 ) ;
#10287 = VERTEX_POINT ( 'NONE', #6093 ) ;
#10288 = LINE ( 'NONE', #5294, #2390 ) ;
#10289 = PRESENTATION_LAYER_ASSIGNMENT (  '', '', ( #1929 ) ) ;
#10290 = ORIENTED_EDGE ( 'NONE', *, *, #5509, .T. ) ;
#10291 = VECTOR ( 'NONE', #3629, 1000.000000000000000 ) ;
#10292 = CARTESIAN_POINT ( 'NONE',  ( -46.04026666726100103, 20.29451869865799551, 5.135000000010998988 ) ) ;
#10293 = ORIENTED_EDGE ( 'NONE', *, *, #3424, .F. ) ;
#10294 = EDGE_LOOP ( 'NONE', ( #8891, #6512, #8178, #9602 ) ) ;
#10295 = MECHANICAL_DESIGN_GEOMETRIC_PRESENTATION_REPRESENTATION (  '', ( #6688 ), #9111 ) ;
#10296 = CIRCLE ( 'NONE', #1234, 0.9999999999999991118 ) ;
#10297 = CARTESIAN_POINT ( 'NONE',  ( -21.40302962540589604, 10.21451869865800077, 3.345000000010998953 ) ) ;
#10298 = CARTESIAN_POINT ( 'NONE',  ( -45.59026666726102661, 18.88451869865788879, 2.745000000010979768 ) ) ;
#10299 = AXIS2_PLACEMENT_3D ( 'NONE', #7875, #3755, #6141 ) ;
#10300 = MECHANICAL_DESIGN_GEOMETRIC_PRESENTATION_REPRESENTATION (  '', ( #10488 ), #3531 ) ;
#10301 = PRESENTATION_STYLE_ASSIGNMENT (( #6942 ) ) ;
#10302 = DIRECTION ( 'NONE',  ( 0.000000000000000000, 1.000000000000000000, -4.336808689942013792E-16 ) ) ;
#10303 = AXIS2_PLACEMENT_3D ( 'NONE', #1659, #7298, #7346 ) ;
#10304 = LINE ( 'NONE', #235, #2314 ) ;
#10305 = CARTESIAN_POINT ( 'NONE',  ( -19.90302962540589959, 17.01451869865799793, 3.345000000010998953 ) ) ;
#10306 = AXIS2_PLACEMENT_3D ( 'NONE', #7743, #4304, #8596 ) ;
#10307 = VERTEX_POINT ( 'NONE', #7615 ) ;
#10308 = ORIENTED_EDGE ( 'NONE', *, *, #564, .T. ) ;
#10309 = VECTOR ( 'NONE', #2699, 1000.000000000000000 ) ;
#10310 = VECTOR ( 'NONE', #4178, 1000.000000000000000 ) ;
#10311 = LINE ( 'NONE', #5526, #681 ) ;
#10312 = ADVANCED_FACE ( 'NONE', ( #259 ), #211, .F. ) ;
#10313 = EDGE_CURVE ( 'NONE', #262, #8430, #9355, .T. ) ;
#10314 =( NAMED_UNIT ( * ) SI_UNIT ( $, .STERADIAN. ) SOLID_ANGLE_UNIT ( ) );
#10315 = PLANE ( 'NONE',  #948 ) ;
#10316 = VECTOR ( 'NONE', #3749, 1000.000000000000000 ) ;
#10317 = FILL_AREA_STYLE ('',( #1980 ) ) ;
#10318 = DIRECTION ( 'NONE',  ( -1.000000000000000000, 0.000000000000000000, 0.000000000000000000 ) ) ;
#10319 =( LENGTH_UNIT ( ) NAMED_UNIT ( * ) SI_UNIT ( .MILLI., .METRE. ) );
#10320 = PRESENTATION_LAYER_ASSIGNMENT (  '', '', ( #2507 ) ) ;
#10321 = CARTESIAN_POINT ( 'NONE',  ( -45.84026666726099819, 17.63451869865799893, 3.545000000010998242 ) ) ;
#10322 = DIRECTION ( 'NONE',  ( 0.000000000000000000, 1.000000000000000000, -2.220446049250309876E-16 ) ) ;
#10323 = DIRECTION ( 'NONE',  ( 0.000000000000000000, 2.220446049250309876E-16, 1.000000000000000000 ) ) ;
#10324 = DIRECTION ( 'NONE',  ( 0.000000000000000000, 2.220446049250309876E-16, 1.000000000000000000 ) ) ;
#10325 = LINE ( 'NONE', #6197, #8608 ) ;
#10326 = ORIENTED_EDGE ( 'NONE', *, *, #9459, .F. ) ;
#10327 = FILL_AREA_STYLE ('',( #10548 ) ) ;
#10328 = PRODUCT_RELATED_PRODUCT_CATEGORY ( 'part', '', ( #6338 ) ) ;
#10329 = VECTOR ( 'NONE', #8618, 1000.000000000000000 ) ;
#10330 = AXIS2_PLACEMENT_3D ( 'NONE', #7846, #331, #4469 ) ;
#10331 = DIRECTION ( 'NONE',  ( 0.000000000000000000, -1.000000000000000000, 2.220446049250309876E-16 ) ) ;
#10332 = ADVANCED_FACE ( 'NONE', ( #98 ), #8418, .F. ) ;
#10333 = EDGE_CURVE ( 'NONE', #2384, #6933, #317, .T. ) ;
#10334 = CIRCLE ( 'NONE', #722, 0.1999999999999987899 ) ;
#10335 = DIRECTION ( 'NONE',  ( 0.000000000000000000, -2.220446049250309876E-16, -1.000000000000000000 ) ) ;
#10336 = LINE ( 'NONE', #9350, #8704 ) ;
#10337 = PRESENTATION_LAYER_ASSIGNMENT (  '', '', ( #10517 ) ) ;
#10338 = CARTESIAN_POINT ( 'NONE',  ( -41.78771170588249362, 15.83451869865799821, 3.545000000010997798 ) ) ;
#10339 = LINE ( 'NONE', #5492, #7822 ) ;
#10340 = ORIENTED_EDGE ( 'NONE', *, *, #1909, .T. ) ;
#10341 = CARTESIAN_POINT ( 'NONE',  ( -14.90026666726099869, 14.24042790316280005, 5.135000000010998988 ) ) ;
#10342 = CYLINDRICAL_SURFACE ( 'NONE', #7642, 2.000000000000001776 ) ;
#10343 = ADVANCED_FACE ( 'NONE', ( #5721 ), #9904, .T. ) ;
#10344 = ORIENTED_EDGE ( 'NONE', *, *, #8248, .F. ) ;
#10345 = DIRECTION ( 'NONE',  ( 1.000000000000000000, 0.000000000000000000, 0.000000000000000000 ) ) ;
#10346 = COLOUR_RGB ( '',1.000000000000000000, 0.9568627450980391469, 0.8862745098039215286 ) ;
#10347 = UNCERTAINTY_MEASURE_WITH_UNIT (LENGTH_MEASURE( 1.000000000000000082E-05 ), #4185, 'distance_accuracy_value', 'NONE');
#10348 = CARTESIAN_POINT ( 'NONE',  ( -15.74029191166209962, 21.49527703930579747, 3.945000000010995045 ) ) ;
#10349 = DIRECTION ( 'NONE',  ( 0.000000000000000000, 1.000000000000000000, 0.000000000000000000 ) ) ;
#10350 = SURFACE_SIDE_STYLE ('',( #10402 ) ) ;
#10351 = FILL_AREA_STYLE ('',( #6436 ) ) ;
#10352 = DIRECTION ( 'NONE',  ( 0.000000000000000000, -1.000000000000000000, 2.220446049250309876E-16 ) ) ;
#10353 = VECTOR ( 'NONE', #6591, 1000.000000000000000 ) ;
#10354 = CARTESIAN_POINT ( 'NONE',  ( -13.24026666726099855, 0.1945186986579429955, 3.945000000010995045 ) ) ;
#10355 = EDGE_CURVE ( 'NONE', #1817, #9582, #6113, .T. ) ;
#10356 = ORIENTED_EDGE ( 'NONE', *, *, #2, .T. ) ;
#10357 = ORIENTED_EDGE ( 'NONE', *, *, #10151, .T. ) ;
#10358 = EDGE_LOOP ( 'NONE', ( #10078, #615, #9680, #6402 ) ) ;
#10359 = VECTOR ( 'NONE', #5273, 1000.000000000000000 ) ;
#10360 = PRESENTATION_LAYER_ASSIGNMENT (  '', '', ( #9830 ) ) ;
#10361 = LINE ( 'NONE', #2193, #5091 ) ;
#10362 = CARTESIAN_POINT ( 'NONE',  ( -45.59026666726102661, 18.38451869865790300, 2.745000000010979768 ) ) ;
#10363 = DIRECTION ( 'NONE',  ( 0.000000000000000000, 1.000000000000000000, 0.000000000000000000 ) ) ;
#10364 = UNCERTAINTY_MEASURE_WITH_UNIT (LENGTH_MEASURE( 1.000000000000000082E-05 ), #9449, 'distance_accuracy_value', 'NONE');
#10365 = FACE_BOUND ( 'NONE', #10294, .T. ) ;
#10366 = FILL_AREA_STYLE_COLOUR ( '', #1259 ) ;
#10367 = PRESENTATION_STYLE_ASSIGNMENT (( #2918 ) ) ;
#10368 = CARTESIAN_POINT ( 'NONE',  ( -15.74029191166209962, 21.09527703930579889, 3.945000000010995933 ) ) ;
#10369 = CARTESIAN_POINT ( 'NONE',  ( -21.70302962540590030, 8.714518698658000773, 3.745000000010996644 ) ) ;
#10370 = VERTEX_POINT ( 'NONE', #4908 ) ;
#10371 = SURFACE_SIDE_STYLE ('',( #7059 ) ) ;
#10372 = VERTEX_POINT ( 'NONE', #1621 ) ;
#10373 = DIRECTION ( 'NONE',  ( 1.000000000000000000, 0.000000000000000000, 0.000000000000000000 ) ) ;
#10374 = FILL_AREA_STYLE ('',( #2924 ) ) ;
#10375 = CIRCLE ( 'NONE', #2209, 0.1999999999999987899 ) ;
#10376 = CARTESIAN_POINT ( 'NONE',  ( -21.40302962540589604, 10.21451869865800077, 3.745000000010996644 ) ) ;
#10377 = DIRECTION ( 'NONE',  ( 0.000000000000000000, -1.000000000000000000, 2.220446049250309876E-16 ) ) ;
#10378 =( NAMED_UNIT ( * ) PLANE_ANGLE_UNIT ( ) SI_UNIT ( $, .RADIAN. ) );
#10379 = CARTESIAN_POINT ( 'NONE',  ( -21.74029191166209785, 2.773121729659039580, 2.345000000010998065 ) ) ;
#10380 = CYLINDRICAL_SURFACE ( 'NONE', #7362, 0.9999999999999991118 ) ;
#10381 = CARTESIAN_POINT ( 'NONE',  ( -38.80302962540589817, 5.114518698658000240, 3.945000000010995045 ) ) ;
#10382 = STYLED_ITEM ( 'NONE', ( #7174 ), #6293 ) ;
#10383 = ORIENTED_EDGE ( 'NONE', *, *, #3719, .F. ) ;
#10384 = CARTESIAN_POINT ( 'NONE',  ( -45.59026666726097687, 18.63451869865789590, 2.545000000010970709 ) ) ;
#10385 =( GEOMETRIC_REPRESENTATION_CONTEXT ( 3 ) GLOBAL_UNCERTAINTY_ASSIGNED_CONTEXT ( ( #5458 ) ) GLOBAL_UNIT_ASSIGNED_CONTEXT ( ( #7163, #9542, #2139 ) ) REPRESENTATION_CONTEXT ( 'NONE', 'WORKASPACE' ) );
#10386 = UNCERTAINTY_MEASURE_WITH_UNIT (LENGTH_MEASURE( 1.000000000000000082E-05 ), #3849, 'distance_accuracy_value', 'NONE');
#10387 = COLOUR_RGB ( '',1.000000000000000000, 0.9568627450980391469, 0.8862745098039215286 ) ;
#10388 = PLANE ( 'NONE',  #7936 ) ;
#10389 = CARTESIAN_POINT ( 'NONE',  ( -22.00302962540589746, 14.51451869865799971, 2.945000000010994157 ) ) ;
#10390 = DIRECTION ( 'NONE',  ( -1.000000000000000000, 0.000000000000000000, 0.000000000000000000 ) ) ;
#10391 = CARTESIAN_POINT ( 'NONE',  ( -21.74029191166209785, 2.773121729659039580, 2.145000000010999219 ) ) ;
#10393 = ORIENTED_EDGE ( 'NONE', *, *, #9528, .T. ) ;
#10392 = CARTESIAN_POINT ( 'NONE',  ( -15.74029191166209962, 23.09527703930579889, 5.135000000010998988 ) ) ;
#10394 = ADVANCED_FACE ( 'NONE', ( #5783 ), #6603, .F. ) ;
#10395 = DIRECTION ( 'NONE',  ( 0.000000000000000000, -2.220446049250309876E-16, -1.000000000000000000 ) ) ;
#10396 = DIRECTION ( 'NONE',  ( 0.000000000000000000, 1.000000000000000000, -2.220446049250309876E-16 ) ) ;
#10397 = ORIENTED_EDGE ( 'NONE', *, *, #10793, .F. ) ;
#10398 = DIRECTION ( 'NONE',  ( 0.000000000000000000, -1.000000000000000000, 2.220446049250309876E-16 ) ) ;
#10399 = COLOUR_RGB ( '',1.000000000000000000, 0.9568627450980391469, 0.8862745098039215286 ) ;
#10400 = UNCERTAINTY_MEASURE_WITH_UNIT (LENGTH_MEASURE( 1.000000000000000082E-05 ), #10027, 'distance_accuracy_value', 'NONE');
#10401 =( NAMED_UNIT ( * ) SI_UNIT ( $, .STERADIAN. ) SOLID_ANGLE_UNIT ( ) );
#10402 = SURFACE_STYLE_FILL_AREA ( #5227 ) ;
#10403 = ADVANCED_FACE ( 'NONE', ( #1671 ), #5659, .F. ) ;
#10404 = LINE ( 'NONE', #6326, #2351 ) ;
#10405 = DIRECTION ( 'NONE',  ( 0.000000000000000000, -2.220446049250309876E-16, -1.000000000000000000 ) ) ;
#10406 = CARTESIAN_POINT ( 'NONE',  ( 1.594999999999999973, 5.299999999999999822, -0.8750000000000000000 ) ) ;
#10407 = AXIS2_PLACEMENT_3D ( 'NONE', #5844, #9163, #8321 ) ;
#10408 = ORIENTED_EDGE ( 'NONE', *, *, #8558, .T. ) ;
#10409 = VERTEX_POINT ( 'NONE', #10607 ) ;
#10410 = ORIENTED_EDGE ( 'NONE', *, *, #9315, .T. ) ;
#10411 = VECTOR ( 'NONE', #7512, 1000.000000000000000 ) ;
#10412 = PRODUCT_DEFINITION_SHAPE ( 'NONE', 'NONE',  #2138 ) ;
#10413 = EDGE_CURVE ( 'NONE', #1390, #6832, #2989, .T. ) ;
#10414 =( LENGTH_UNIT ( ) NAMED_UNIT ( * ) SI_UNIT ( .MILLI., .METRE. ) );
#10415 =( LENGTH_UNIT ( ) NAMED_UNIT ( * ) SI_UNIT ( .MILLI., .METRE. ) );
#10416 = DIRECTION ( 'NONE',  ( 0.000000000000000000, 0.000000000000000000, -1.000000000000000000 ) ) ;
#10417 = LINE ( 'NONE', #6444, #6354 ) ;
#10418 = CARTESIAN_POINT ( 'NONE',  ( -46.04026666726100103, 20.29451869865799551, 5.145000000010998775 ) ) ;
#10419 = VECTOR ( 'NONE', #8086, 1000.000000000000000 ) ;
#10420 =( NAMED_UNIT ( * ) SI_UNIT ( $, .STERADIAN. ) SOLID_ANGLE_UNIT ( ) );
#10421 = STYLED_ITEM ( 'NONE', ( #8038 ), #1845 ) ;
#10422 = DIRECTION ( 'NONE',  ( -1.000000000000000000, 0.000000000000000000, 0.000000000000000000 ) ) ;
#10423 = VERTEX_POINT ( 'NONE', #713 ) ;
#10424 = DIRECTION ( 'NONE',  ( 0.000000000000000000, -1.000000000000000000, 2.220446049250309876E-16 ) ) ;
#10425 = ORIENTED_EDGE ( 'NONE', *, *, #8381, .T. ) ;
#10426 = ORIENTED_EDGE ( 'NONE', *, *, #7332, .T. ) ;
#10427 = CARTESIAN_POINT ( 'NONE',  ( -25.87854998418979946, 3.014518698657940199, 3.745000000010996644 ) ) ;
#10428 = CIRCLE ( 'NONE', #3986, 2.000000000000001776 ) ;
#10429 = FILL_AREA_STYLE_COLOUR ( '', #4064 ) ;
#10430 = CARTESIAN_POINT ( 'NONE',  ( -19.90302962540589959, 17.01451869865799793, 3.345000000010998953 ) ) ;
#10431 = SURFACE_STYLE_FILL_AREA ( #3956 ) ;
#10433 = FACE_OUTER_BOUND ( 'NONE', #8128, .T. ) ;
#10432 = SURFACE_STYLE_USAGE ( .BOTH. , #4500 ) ;
#10434 = FILL_AREA_STYLE_COLOUR ( '', #1403 ) ;
#10435 = DIRECTION ( 'NONE',  ( 0.000000000000000000, 2.220446049250309876E-16, 1.000000000000000000 ) ) ;
#10436 = ORIENTED_EDGE ( 'NONE', *, *, #10202, .F. ) ;
#10437 = PRESENTATION_LAYER_ASSIGNMENT (  '', '', ( #9736 ) ) ;
#10438 = TOROIDAL_SURFACE ( 'NONE', #10065, 2.299999999999999822, 0.2000000000000000111 ) ;
#10439 = DIRECTION ( 'NONE',  ( 0.000000000000000000, 1.000000000000000000, 0.000000000000000000 ) ) ;
#10440 = STYLED_ITEM ( 'NONE', ( #4528 ), #2297 ) ;
#10441 = DIRECTION ( 'NONE',  ( 0.000000000000000000, 1.000000000000000000, -4.336808689942013792E-16 ) ) ;
#10442 = SURFACE_SIDE_STYLE ('',( #7131 ) ) ;
#10443 = CIRCLE ( 'NONE', #9395, 0.1999999999999987899 ) ;
#10444 = CIRCLE ( 'NONE', #5058, 0.9999999999999991118 ) ;
#10445 = FILL_AREA_STYLE ('',( #7132 ) ) ;
#10446 =( NAMED_UNIT ( * ) SI_UNIT ( $, .STERADIAN. ) SOLID_ANGLE_UNIT ( ) );
#10447 = ORIENTED_EDGE ( 'NONE', *, *, #9724, .F. ) ;
#10448 = CARTESIAN_POINT ( 'NONE',  ( -41.74026666726099677, 0.7945186986579400035, 3.545000000010997798 ) ) ;
#10449 = CARTESIAN_POINT ( 'NONE',  ( -14.90026666726099869, 17.26042790316279962, 3.945000000010995045 ) ) ;
#10450 = ORIENTED_EDGE ( 'NONE', *, *, #8448, .T. ) ;
#10451 = PRODUCT_CONTEXT ( 'NONE', #5018, 'mechanical' ) ;
#10452 = COLOUR_RGB ( '',1.000000000000000000, 0.9568627450980391469, 0.8862745098039215286 ) ;
#10453 = SURFACE_SIDE_STYLE ('',( #5609 ) ) ;
#10454 = PRESENTATION_LAYER_ASSIGNMENT (  '', '', ( #4018 ) ) ;
#10455 = UNCERTAINTY_MEASURE_WITH_UNIT (LENGTH_MEASURE( 1.000000000000000082E-05 ), #6137, 'distance_accuracy_value', 'NONE');
#10456 = EDGE_CURVE ( 'NONE', #397, #1955, #6811, .T. ) ;
#10457 = ADVANCED_FACE ( 'NONE', ( #4885 ), #7246, .F. ) ;
#10458 = DIRECTION ( 'NONE',  ( 0.000000000000000000, 2.220446049250309876E-16, 1.000000000000000000 ) ) ;
#10459 =( NAMED_UNIT ( * ) SI_UNIT ( $, .STERADIAN. ) SOLID_ANGLE_UNIT ( ) );
#10460 = CIRCLE ( 'NONE', #320, 0.9999999999999991118 ) ;
#10461 = DIRECTION ( 'NONE',  ( 0.000000000000000000, -2.220446049250309876E-16, -1.000000000000000000 ) ) ;
#10462 =( NAMED_UNIT ( * ) SI_UNIT ( $, .STERADIAN. ) SOLID_ANGLE_UNIT ( ) );
#10463 = MECHANICAL_DESIGN_GEOMETRIC_PRESENTATION_REPRESENTATION (  '', ( #3690 ), #8010 ) ;
#10464 = DIRECTION ( 'NONE',  ( -1.000000000000000000, 0.000000000000000000, 0.000000000000000000 ) ) ;
#10465 = CARTESIAN_POINT ( 'NONE',  ( -39.54026666726100103, 20.29451869865799551, 5.135000000010998988 ) ) ;
#10466 = CIRCLE ( 'NONE', #3342, 0.1999999999999987899 ) ;
#10467 = ORIENTED_EDGE ( 'NONE', *, *, #3027, .T. ) ;
#10468 = EDGE_CURVE ( 'NONE', #8962, #1112, #2279, .T. ) ;
#10469 = UNCERTAINTY_MEASURE_WITH_UNIT (LENGTH_MEASURE( 1.000000000000000082E-05 ), #2690, 'distance_accuracy_value', 'NONE');
#10470 = VERTEX_POINT ( 'NONE', #9025 ) ;
#10471 = FACE_OUTER_BOUND ( 'NONE', #606, .T. ) ;
#10472 = ORIENTED_EDGE ( 'NONE', *, *, #604, .T. ) ;
#10473 = CIRCLE ( 'NONE', #3522, 0.1999999999999987899 ) ;
#10474 = CIRCLE ( 'NONE', #5431, 0.8500000000000000888 ) ;
#10475 = PRESENTATION_STYLE_ASSIGNMENT (( #7904 ) ) ;
#10476 = VECTOR ( 'NONE', #2173, 1000.000000000000000 ) ;
#10477 = STYLED_ITEM ( 'NONE', ( #9385 ), #7355 ) ;
#10478 = SURFACE_STYLE_FILL_AREA ( #3274 ) ;
#10479 = PRESENTATION_STYLE_ASSIGNMENT (( #1453 ) ) ;
#10480 = ORIENTED_EDGE ( 'NONE', *, *, #4244, .T. ) ;
#10481 =( NAMED_UNIT ( * ) SI_UNIT ( $, .STERADIAN. ) SOLID_ANGLE_UNIT ( ) );
#10482 = CARTESIAN_POINT ( 'NONE',  ( -21.50302962540590102, 7.914518698658000062, 3.545000000010997798 ) ) ;
#10483 = ADVANCED_FACE ( 'NONE', ( #8975 ), #4342, .T. ) ;
#10484 = ORIENTED_EDGE ( 'NONE', *, *, #10711, .T. ) ;
#10485 = COLOUR_RGB ( '',1.000000000000000000, 0.9568627450980391469, 0.8862745098039215286 ) ;
#10486 = EDGE_LOOP ( 'NONE', ( #164, #8042, #5892, #793, #1231, #8709, #4088, #4003 ) ) ;
#10487 = AXIS2_PLACEMENT_3D ( 'NONE', #5005, #3473, #819 ) ;
#10488 = STYLED_ITEM ( 'NONE', ( #3684 ), #7401 ) ;
#10489 = DIRECTION ( 'NONE',  ( -0.000000000000000000, 0.3713906763541020561, 0.9284766908852600809 ) ) ;
#10490 = FACE_OUTER_BOUND ( 'NONE', #119, .T. ) ;
#10491 = COLOUR_RGB ( '',1.000000000000000000, 0.9568627450980391469, 0.8862745098039215286 ) ;
#10492 = PRESENTATION_LAYER_ASSIGNMENT (  '', '', ( #4230 ) ) ;
#10493 = DIRECTION ( 'NONE',  ( 0.000000000000000000, -1.000000000000000000, 0.000000000000000000 ) ) ;
#10494 = LINE ( 'NONE', #7871, #3477 ) ;
#10495 = DIRECTION ( 'NONE',  ( 0.000000000000000000, 1.000000000000000000, -4.336808689942013792E-16 ) ) ;
#10496 = CIRCLE ( 'NONE', #8564, 2.000000000000000000 ) ;
#10497 = CARTESIAN_POINT ( 'NONE',  ( 0.6500000000000000222, 3.200000000000000178, 0.6500000000000000222 ) ) ;
#10498 = LINE ( 'NONE', #3046, #6191 ) ;
#10499 = VECTOR ( 'NONE', #6158, 1000.000000000000000 ) ;
#10500 = ORIENTED_EDGE ( 'NONE', *, *, #581, .T. ) ;
#10501 = CARTESIAN_POINT ( 'NONE',  ( -45.79026666726100103, 18.63451869865799893, 2.545000000010996910 ) ) ;
#10502 = UNCERTAINTY_MEASURE_WITH_UNIT (LENGTH_MEASURE( 1.000000000000000082E-05 ), #9343, 'distance_accuracy_value', 'NONE');
#10503 = VECTOR ( 'NONE', #6080, 1000.000000000000000 ) ;
#10504 = DIRECTION ( 'NONE',  ( 0.000000000000000000, -2.220446049250309876E-16, -1.000000000000000000 ) ) ;
#10505 = SURFACE_STYLE_USAGE ( .BOTH. , #8693 ) ;
#10506 = VERTEX_POINT ( 'NONE', #649 ) ;
#10507 = VECTOR ( 'NONE', #2412, 1000.000000000000000 ) ;
#10508 = FACE_BOUND ( 'NONE', #1550, .T. ) ;
#10509 = FILL_AREA_STYLE_COLOUR ( '', #822 ) ;
#10510 = CIRCLE ( 'NONE', #10330, 1.600000000000000755 ) ;
#10511 = ORIENTED_EDGE ( 'NONE', *, *, #5959, .T. ) ;
#10512 = ADVANCED_FACE ( 'NONE', ( #6701 ), #4286, .F. ) ;
#10513 = STYLED_ITEM ( 'NONE', ( #9611 ), #8785 ) ;
#10514 = VERTEX_POINT ( 'NONE', #2660 ) ;
#10515 = PRODUCT_DEFINITION_SHAPE ( 'NONE', 'NONE',  #10829 ) ;
#10516 = SURFACE_STYLE_FILL_AREA ( #8699 ) ;
#10517 = STYLED_ITEM ( 'NONE', ( #9110 ), #3479 ) ;
#10518 = FILL_AREA_STYLE_COLOUR ( '', #7388 ) ;
#10519 = FACE_OUTER_BOUND ( 'NONE', #8529, .T. ) ;
#10520 = STYLED_ITEM ( 'NONE', ( #2683 ), #6610 ) ;
#10521 = STYLED_ITEM ( 'NONE', ( #3399 ), #3810 ) ;
#10522 = ORIENTED_EDGE ( 'NONE', *, *, #7576, .F. ) ;
#10523 = ORIENTED_EDGE ( 'NONE', *, *, #10126, .T. ) ;
#10524 = EDGE_LOOP ( 'NONE', ( #3430, #1852, #7446, #1602 ) ) ;
#10525 = AXIS2_PLACEMENT_3D ( 'NONE', #3771, #10461, #7095 ) ;
#10526 = DIRECTION ( 'NONE',  ( 0.000000000000000000, 2.220446049250309876E-16, 1.000000000000000000 ) ) ;
#10527 = DIRECTION ( 'NONE',  ( 0.000000000000000000, 2.220446049250309876E-16, 1.000000000000000000 ) ) ;
#10528 = EDGE_CURVE ( 'NONE', #7005, #1230, #5942, .T. ) ;
#10529 = EDGE_CURVE ( 'NONE', #7762, #4256, #7562, .T. ) ;
#10530 =( NAMED_UNIT ( * ) PLANE_ANGLE_UNIT ( ) SI_UNIT ( $, .RADIAN. ) );
#10531 = LINE ( 'NONE', #6554, #3210 ) ;
#10532 = EDGE_LOOP ( 'NONE', ( #2333, #21, #5568, #5494 ) ) ;
#10533 =( NAMED_UNIT ( * ) SI_UNIT ( $, .STERADIAN. ) SOLID_ANGLE_UNIT ( ) );
#10534 = CIRCLE ( 'NONE', #7753, 0.1999999999999987899 ) ;
#10535 = COLOUR_RGB ( '',1.000000000000000000, 0.9568627450980391469, 0.8862745098039215286 ) ;
#10536 = EDGE_LOOP ( 'NONE', ( #2241, #4098, #4625, #3378 ) ) ;
#10537 = ORIENTED_EDGE ( 'NONE', *, *, #10456, .F. ) ;
#10538 = SURFACE_STYLE_USAGE ( .BOTH. , #4709 ) ;
#10539 =( NAMED_UNIT ( * ) SI_UNIT ( $, .STERADIAN. ) SOLID_ANGLE_UNIT ( ) );
#10540 = DIRECTION ( 'NONE',  ( 0.000000000000000000, 0.000000000000000000, 1.000000000000000000 ) ) ;
#10541 = FILL_AREA_STYLE ('',( #10429 ) ) ;
#10542 = CARTESIAN_POINT ( 'NONE',  ( -19.50302962540589746, 9.114518698657999352, 3.745000000010996644 ) ) ;
#10543 = EDGE_CURVE ( 'NONE', #3229, #6052, #10041, .T. ) ;
#10544 = CARTESIAN_POINT ( 'NONE',  ( -45.84026666726099819, 18.63451869865799893, 2.620000000010995311 ) ) ;
#10545 = CARTESIAN_POINT ( 'NONE',  ( -15.74029191166209962, 2.755277039305740416, 5.135000000010998988 ) ) ;
#10546 = DIRECTION ( 'NONE',  ( 1.000000000000000000, 0.000000000000000000, 0.000000000000000000 ) ) ;
#10547 = ORIENTED_EDGE ( 'NONE', *, *, #2613, .T. ) ;
#10548 = FILL_AREA_STYLE_COLOUR ( '', #6830 ) ;
#10549 = SURFACE_SIDE_STYLE ('',( #2887 ) ) ;
#10550 = SURFACE_SIDE_STYLE ('',( #8133 ) ) ;
#10551 = UNCERTAINTY_MEASURE_WITH_UNIT (LENGTH_MEASURE( 1.000000000000000082E-05 ), #572, 'distance_accuracy_value', 'NONE');
#10552 = PRESENTATION_LAYER_ASSIGNMENT (  '', '', ( #5860 ) ) ;
#10553 = FILL_AREA_STYLE ('',( #4779 ) ) ;
#10554 = DIRECTION ( 'NONE',  ( 0.000000000000000000, 2.220446049250309876E-16, 1.000000000000000000 ) ) ;
#10555 = DIRECTION ( 'NONE',  ( 1.000000000000000000, 0.000000000000000000, 0.000000000000000000 ) ) ;
#10556 = ORIENTED_EDGE ( 'NONE', *, *, #7673, .T. ) ;
#10557 = CARTESIAN_POINT ( 'NONE',  ( -14.90026666726099869, 13.24042790316280005, 3.945000000010995045 ) ) ;
#10558 = VERTEX_POINT ( 'NONE', #6028 ) ;
#10559 = ORIENTED_EDGE ( 'NONE', *, *, #4006, .F. ) ;
#10560 = CARTESIAN_POINT ( 'NONE',  ( -46.24026666726099677, 25.13451869865800248, 5.135000000010998100 ) ) ;
#10561 = FILL_AREA_STYLE ('',( #1279 ) ) ;
#10562 = FILL_AREA_STYLE ('',( #8812 ) ) ;
#10563 = ADVANCED_FACE ( 'NONE', ( #1753 ), #5155, .T. ) ;
#10564 = FACE_OUTER_BOUND ( 'NONE', #875, .T. ) ;
#10565 = PRESENTATION_STYLE_ASSIGNMENT (( #334 ) ) ;
#10566 = DIRECTION ( 'NONE',  ( 0.000000000000000000, 2.220446049250309876E-16, 1.000000000000000000 ) ) ;
#10567 = PRESENTATION_LAYER_ASSIGNMENT (  '', '', ( #4485 ) ) ;
#10568 = ORIENTED_EDGE ( 'NONE', *, *, #628, .T. ) ;
#10569 = ORIENTED_EDGE ( 'NONE', *, *, #3420, .F. ) ;
#10570 = VECTOR ( 'NONE', #4971, 1000.000000000000000 ) ;
#10571 = CARTESIAN_POINT ( 'NONE',  ( -14.90026666726099869, 15.24042790316279827, 3.955000000010998384 ) ) ;
#10572 = APPLICATION_CONTEXT ( 'automotive_design' ) ;
#10573 = SURFACE_STYLE_FILL_AREA ( #513 ) ;
#10574 = LINE ( 'NONE', #8885, #5812 ) ;
#10575 = EDGE_LOOP ( 'NONE', ( #1509, #3601, #4071, #7901 ) ) ;
#10576 =( GEOMETRIC_REPRESENTATION_CONTEXT ( 3 ) GLOBAL_UNCERTAINTY_ASSIGNED_CONTEXT ( ( #3512 ) ) GLOBAL_UNIT_ASSIGNED_CONTEXT ( ( #5885, #8378, #7577 ) ) REPRESENTATION_CONTEXT ( 'NONE', 'WORKASPACE' ) );
#10577 = ORIENTED_EDGE ( 'NONE', *, *, #3344, .F. ) ;
#10578 = ORIENTED_EDGE ( 'NONE', *, *, #4889, .F. ) ;
#10579 = CARTESIAN_POINT ( 'NONE',  ( -41.49026666726099677, 0.7945186986579400035, 3.295000000010997354 ) ) ;
#10580 = EDGE_CURVE ( 'NONE', #2443, #5358, #10100, .T. ) ;
#10581 = DIRECTION ( 'NONE',  ( 0.000000000000000000, 1.000000000000000000, -2.220446049250309876E-16 ) ) ;
#10582 = EDGE_CURVE ( 'NONE', #9472, #4171, #5110, .T. ) ;
#10583 =( NAMED_UNIT ( * ) SI_UNIT ( $, .STERADIAN. ) SOLID_ANGLE_UNIT ( ) );
#10584 = DIRECTION ( 'NONE',  ( 0.000000000000000000, 1.000000000000000000, -4.336808689942017736E-16 ) ) ;
#10585 =( GEOMETRIC_REPRESENTATION_CONTEXT ( 3 ) GLOBAL_UNCERTAINTY_ASSIGNED_CONTEXT ( ( #2641 ) ) GLOBAL_UNIT_ASSIGNED_CONTEXT ( ( #9795, #6486, #7350 ) ) REPRESENTATION_CONTEXT ( 'NONE', 'WORKASPACE' ) );
#10586 = PRESENTATION_STYLE_ASSIGNMENT (( #7121 ) ) ;
#10587 = SURFACE_SIDE_STYLE ('',( #8793 ) ) ;
#10588 = DIRECTION ( 'NONE',  ( 0.000000000000000000, 1.000000000000000000, -2.220446049250309876E-16 ) ) ;
#10589 = SURFACE_STYLE_FILL_AREA ( #4059 ) ;
#10590 = VERTEX_POINT ( 'NONE', #6390 ) ;
#10591 = PRESENTATION_STYLE_ASSIGNMENT (( #8906 ) ) ;
#10592 = PRESENTATION_LAYER_ASSIGNMENT (  '', '', ( #3651 ) ) ;
#10593 = EDGE_CURVE ( 'NONE', #9883, #3159, #10673, .T. ) ;
#10594 =( LENGTH_UNIT ( ) NAMED_UNIT ( * ) SI_UNIT ( .MILLI., .METRE. ) );
#10595 = DIRECTION ( 'NONE',  ( 0.000000000000000000, -2.220446049250309876E-16, -1.000000000000000000 ) ) ;
#10596 = DIRECTION ( 'NONE',  ( 0.000000000000000000, 1.000000000000000000, -2.220446049250309876E-16 ) ) ;
#10597 = FILL_AREA_STYLE_COLOUR ( '', #9416 ) ;
#10598 = AXIS2_PLACEMENT_3D ( 'NONE', #2370, #1466, #6517 ) ;
#10599 = CARTESIAN_POINT ( 'NONE',  ( -14.90026666726099869, 9.640427903162850143, 3.955000000010998384 ) ) ;
#10601 = ORIENTED_EDGE ( 'NONE', *, *, #3538, .T. ) ;
#10600 =( NAMED_UNIT ( * ) SI_UNIT ( $, .STERADIAN. ) SOLID_ANGLE_UNIT ( ) );
#10602 = CIRCLE ( 'NONE', #3660, 1.600000000000000089 ) ;
#10603 = AXIS2_PLACEMENT_3D ( 'NONE', #246, #1203, #3855 ) ;
#10604 = ORIENTED_EDGE ( 'NONE', *, *, #3476, .F. ) ;
#10605 =( BOUNDED_CURVE ( )  B_SPLINE_CURVE ( 2, ( #9882, #4119, #6528 ),
 .UNSPECIFIED., .F., .T. ) 
 B_SPLINE_CURVE_WITH_KNOTS ( ( 3, 3 ),
 ( -3.539935536902450116E-14, 1.570796326794919873 ),
 .UNSPECIFIED. ) 
 CURVE ( )  GEOMETRIC_REPRESENTATION_ITEM ( )  RATIONAL_B_SPLINE_CURVE ( ( 1.000000000000000000, 0.7071067811865340280, 1.000000000000000000 ) ) 
 REPRESENTATION_ITEM ( '' )  );
#10606 = ORIENTED_EDGE ( 'NONE', *, *, #3813, .T. ) ;
#10607 = CARTESIAN_POINT ( 'NONE',  ( 0.000000000000000000, 3.200000000000000178, 0.6500000000000000222 ) ) ;
#10608 = MECHANICAL_DESIGN_GEOMETRIC_PRESENTATION_REPRESENTATION (  '', ( #9737 ), #1714 ) ;
#10609 = CARTESIAN_POINT ( 'NONE',  ( -21.50302962540590102, 9.914518698658000062, 3.745000000010996644 ) ) ;
#10610 = DIRECTION ( 'NONE',  ( 0.000000000000000000, 0.000000000000000000, 1.000000000000000000 ) ) ;
#10611 = CARTESIAN_POINT ( 'NONE',  ( -46.04026666726100103, 9.294518698657999067, 5.135000000010998988 ) ) ;
#10612 = CARTESIAN_POINT ( 'NONE',  ( -21.40302962540589604, 11.01451869865799971, 3.345000000010998953 ) ) ;
#10613 = FILL_AREA_STYLE ('',( #8052 ) ) ;
#10614 =( GEOMETRIC_REPRESENTATION_CONTEXT ( 3 ) GLOBAL_UNCERTAINTY_ASSIGNED_CONTEXT ( ( #8594 ) ) GLOBAL_UNIT_ASSIGNED_CONTEXT ( ( #5770, #3782, #1546 ) ) REPRESENTATION_CONTEXT ( 'NONE', 'WORKASPACE' ) );
#10615 = VECTOR ( 'NONE', #8570, 1000.000000000000000 ) ;
#10616 = VERTEX_POINT ( 'NONE', #3230 ) ;
#10617 = ORIENTED_EDGE ( 'NONE', *, *, #813, .F. ) ;
#10618 = CIRCLE ( 'NONE', #6802, 0.9999999999999991118 ) ;
#10619 = FACE_OUTER_BOUND ( 'NONE', #9816, .T. ) ;
#10620 = SURFACE_STYLE_FILL_AREA ( #5626 ) ;
#10621 = FACE_OUTER_BOUND ( 'NONE', #4258, .T. ) ;
#10622 =( NAMED_UNIT ( * ) PLANE_ANGLE_UNIT ( ) SI_UNIT ( $, .RADIAN. ) );
#10623 = DIRECTION ( 'NONE',  ( 0.000000000000000000, 1.000000000000000000, 0.000000000000000000 ) ) ;
#10624 = UNCERTAINTY_MEASURE_WITH_UNIT (LENGTH_MEASURE( 1.000000000000000082E-05 ), #5649, 'distance_accuracy_value', 'NONE');
#10625 =( GEOMETRIC_REPRESENTATION_CONTEXT ( 3 ) GLOBAL_UNCERTAINTY_ASSIGNED_CONTEXT ( ( #10733 ) ) GLOBAL_UNIT_ASSIGNED_CONTEXT ( ( #8847, #3802, #7973 ) ) REPRESENTATION_CONTEXT ( 'NONE', 'WORKASPACE' ) );
#10626 = PLANE ( 'NONE',  #1564 ) ;
#10627 = ADVANCED_FACE ( 'NONE', ( #10471 ), #8264, .T. ) ;
#10628 = ORIENTED_EDGE ( 'NONE', *, *, #8017, .T. ) ;
#10629 = ORIENTED_EDGE ( 'NONE', *, *, #9911, .T. ) ;
#10630 = AXIS2_PLACEMENT_3D ( 'NONE', #10751, #9934, #754 ) ;
#10631 = DIRECTION ( 'NONE',  ( 0.000000000000000000, -2.220446049250309876E-16, -1.000000000000000000 ) ) ;
#10632 =( GEOMETRIC_REPRESENTATION_CONTEXT ( 3 ) GLOBAL_UNCERTAINTY_ASSIGNED_CONTEXT ( ( #8996 ) ) GLOBAL_UNIT_ASSIGNED_CONTEXT ( ( #1141, #6185, #3847 ) ) REPRESENTATION_CONTEXT ( 'NONE', 'WORKASPACE' ) );
#10633 = FILL_AREA_STYLE_COLOUR ( '', #3101 ) ;
#10634 = FILL_AREA_STYLE_COLOUR ( '', #5907 ) ;
#10635 = FILL_AREA_STYLE_COLOUR ( '', #714 ) ;
#10636 = CYLINDRICAL_SURFACE ( 'NONE', #8736, 0.1999999999999987899 ) ;
#10637 =( LENGTH_UNIT ( ) NAMED_UNIT ( * ) SI_UNIT ( .MILLI., .METRE. ) );
#10638 = VECTOR ( 'NONE', #7062, 1000.000000000000000 ) ;
#10639 = ORIENTED_EDGE ( 'NONE', *, *, #3589, .F. ) ;
#10640 = EDGE_CURVE ( 'NONE', #56, #5176, #9644, .T. ) ;
#10641 = CARTESIAN_POINT ( 'NONE',  ( -31.67854998418980017, 4.257512981500140015, 2.945000000010994157 ) ) ;
#10642 = AXIS2_PLACEMENT_3D ( 'NONE', #4236, #7447, #10757 ) ;
#10643 = CARTESIAN_POINT ( 'NONE',  ( -29.27854998418980159, 3.014518698657940199, 3.745000000010996644 ) ) ;
#10644 =( NAMED_UNIT ( * ) PLANE_ANGLE_UNIT ( ) SI_UNIT ( $, .RADIAN. ) );
#10645 = AXIS2_PLACEMENT_3D ( 'NONE', #8254, #4128, #6589 ) ;
#10646 =( LENGTH_UNIT ( ) NAMED_UNIT ( * ) SI_UNIT ( .MILLI., .METRE. ) );
#10647 =( GEOMETRIC_REPRESENTATION_CONTEXT ( 3 ) GLOBAL_UNCERTAINTY_ASSIGNED_CONTEXT ( ( #5393 ) ) GLOBAL_UNIT_ASSIGNED_CONTEXT ( ( #8670, #5248, #10242 ) ) REPRESENTATION_CONTEXT ( 'NONE', 'WORKASPACE' ) );
#10648 = CARTESIAN_POINT ( 'NONE',  ( -21.74029191166209785, 2.773121729659039580, 3.945000000010995045 ) ) ;
#10649 = AXIS2_PLACEMENT_3D ( 'NONE', #2397, #6652, #5776 ) ;
#10650 = LINE ( 'NONE', #2271, #9929 ) ;
#10652 = EDGE_LOOP ( 'NONE', ( #10617, #8494, #4046, #853 ) ) ;
#10651 = DIRECTION ( 'NONE',  ( 0.000000000000000000, -1.000000000000000000, 2.220446049250309876E-16 ) ) ;
#10653 =( NAMED_UNIT ( * ) SI_UNIT ( $, .STERADIAN. ) SOLID_ANGLE_UNIT ( ) );
#10654 =( NAMED_UNIT ( * ) PLANE_ANGLE_UNIT ( ) SI_UNIT ( $, .RADIAN. ) );
#10655 = ORIENTED_EDGE ( 'NONE', *, *, #4354, .T. ) ;
#10656 = EDGE_CURVE ( 'NONE', #7320, #3659, #9418, .T. ) ;
#10657 = EDGE_CURVE ( 'NONE', #1387, #5401, #9210, .T. ) ;
#10658 = COLOUR_RGB ( '',1.000000000000000000, 0.9568627450980391469, 0.8862745098039215286 ) ;
#10659 = VERTEX_POINT ( 'NONE', #2458 ) ;
#10660 = SURFACE_STYLE_FILL_AREA ( #2444 ) ;
#10661 = SURFACE_STYLE_USAGE ( .BOTH. , #9143 ) ;
#10662 = AXIS2_PLACEMENT_3D ( 'NONE', #4638, #9735, #1329 ) ;
#10663 = CARTESIAN_POINT ( 'NONE',  ( -13.24026666726099855, 0.1945186986579429955, 5.145000000010998775 ) ) ;
#10664 = SURFACE_STYLE_USAGE ( .BOTH. , #556 ) ;
#10665 = STYLED_ITEM ( 'NONE', ( #4609 ), #3281 ) ;
#10666 = LINE ( 'NONE', #6485, #6001 ) ;
#10667 = CYLINDRICAL_SURFACE ( 'NONE', #6763, 2.000000000000000000 ) ;
#10668 =( NAMED_UNIT ( * ) SI_UNIT ( $, .STERADIAN. ) SOLID_ANGLE_UNIT ( ) );
#10669 = EDGE_CURVE ( 'NONE', #9402, #9838, #7410, .T. ) ;
#10670 = LINE ( 'NONE', #6285, #9105 ) ;
#10671 = ORIENTED_EDGE ( 'NONE', *, *, #10236, .F. ) ;
#10672 = AXIS2_PLACEMENT_3D ( 'NONE', #8614, #1130, #124 ) ;
#10673 = LINE ( 'NONE', #2347, #9249 ) ;
#10674 = ORIENTED_EDGE ( 'NONE', *, *, #6875, .T. ) ;
#10675 = PRESENTATION_STYLE_ASSIGNMENT (( #4032 ) ) ;
#10676 = DIRECTION ( 'NONE',  ( 1.000000000000000000, 0.000000000000000000, 0.000000000000000000 ) ) ;
#10677 = CARTESIAN_POINT ( 'NONE',  ( -19.90302962540589959, 16.21451869865800077, 3.345000000010998953 ) ) ;
#10678 = CYLINDRICAL_SURFACE ( 'NONE', #1541, 1.600000000000000755 ) ;
#10679 = VECTOR ( 'NONE', #6673, 1000.000000000000000 ) ;
#10680 = FACE_OUTER_BOUND ( 'NONE', #6473, .T. ) ;
#10681 = SURFACE_STYLE_FILL_AREA ( #7368 ) ;
#10682 = LINE ( 'NONE', #9812, #7724 ) ;
#10683 = ORIENTED_EDGE ( 'NONE', *, *, #783, .F. ) ;
#10684 = SHAPE_REPRESENTATION_RELATIONSHIP ( 'NONE' , 'NONE' ,  #7680, #9094 ) ;
#10685 = EDGE_LOOP ( 'NONE', ( #583, #1566, #7478, #8350 ) ) ;
#10686 = ORIENTED_EDGE ( 'NONE', *, *, #3121, .F. ) ;
#10687 = FACE_OUTER_BOUND ( 'NONE', #5040, .T. ) ;
#10688 = CARTESIAN_POINT ( 'NONE',  ( -19.70302962540589675, 9.914518698658000062, 3.745000000010996644 ) ) ;
#10689 =( LENGTH_UNIT ( ) NAMED_UNIT ( * ) SI_UNIT ( .MILLI., .METRE. ) );
#10690 =( NAMED_UNIT ( * ) SI_UNIT ( $, .STERADIAN. ) SOLID_ANGLE_UNIT ( ) );
#10691 = CARTESIAN_POINT ( 'NONE',  ( 0.000000000000000000, 11.05000000000000071, 0.6500000000000000222 ) ) ;
#10692 = SURFACE_STYLE_FILL_AREA ( #3909 ) ;
#10693 =( NAMED_UNIT ( * ) SI_UNIT ( $, .STERADIAN. ) SOLID_ANGLE_UNIT ( ) );
#10694 = VECTOR ( 'NONE', #3166, 1000.000000000000000 ) ;
#10695 = ORIENTED_EDGE ( 'NONE', *, *, #1470, .F. ) ;
#10696 = DIRECTION ( 'NONE',  ( 0.7071067811865475727, 0.000000000000000000, -0.7071067811865475727 ) ) ;
#10697 = CARTESIAN_POINT ( 'NONE',  ( -19.70302962540589675, 17.01451869865799793, 3.945000000010995045 ) ) ;
#10698 = DIRECTION ( 'NONE',  ( 0.000000000000000000, -1.000000000000000000, 2.220446049250309876E-16 ) ) ;
#10699 = CARTESIAN_POINT ( 'NONE',  ( -19.70302962540589675, 9.914518698658000062, 3.745000000010996644 ) ) ;
#10700 = PLANE ( 'NONE',  #6090 ) ;
#10701 = CARTESIAN_POINT ( 'NONE',  ( -19.90302962540589959, 11.01451869865799971, 3.345000000010998953 ) ) ;
#10702 = CARTESIAN_POINT ( 'NONE',  ( -41.74026666726099677, 2.394518698657940536, 3.545000000010997798 ) ) ;
#10703 = EDGE_LOOP ( 'NONE', ( #8139, #7115, #2014, #9746 ) ) ;
#10704 = SURFACE_STYLE_FILL_AREA ( #7394 ) ;
#10705 =( LENGTH_UNIT ( ) NAMED_UNIT ( * ) SI_UNIT ( .MILLI., .METRE. ) );
#10706 = VERTEX_POINT ( 'NONE', #2400 ) ;
#10707 = CIRCLE ( 'NONE', #2551, 0.9999999999999991118 ) ;
#10708 = EDGE_LOOP ( 'NONE', ( #9626, #306, #7781, #7103 ) ) ;
#10709 = DIRECTION ( 'NONE',  ( 0.000000000000000000, 1.000000000000000000, -2.220446049250309876E-16 ) ) ;
#10710 =( NAMED_UNIT ( * ) SI_UNIT ( $, .STERADIAN. ) SOLID_ANGLE_UNIT ( ) );
#10711 = EDGE_CURVE ( 'NONE', #4853, #1781, #7463, .T. ) ;
#10712 = VECTOR ( 'NONE', #1969, 1000.000000000000114 ) ;
#10713 = EDGE_CURVE ( 'NONE', #5380, #3517, #4384, .T. ) ;
#10714 = DIRECTION ( 'NONE',  ( 0.000000000000000000, 2.220446049250309876E-16, 1.000000000000000000 ) ) ;
#10715 = SURFACE_STYLE_FILL_AREA ( #603 ) ;
#10716 = SURFACE_STYLE_FILL_AREA ( #1294 ) ;
#10717 = DIRECTION ( 'NONE',  ( 0.000000000000000000, 2.220446049250309876E-16, 1.000000000000000000 ) ) ;
#10718 = COLOUR_RGB ( '',1.000000000000000000, 0.9568627450980391469, 0.8862745098039215286 ) ;
#10719 = EDGE_LOOP ( 'NONE', ( #794, #476, #7086, #647 ) ) ;
#10720 = VECTOR ( 'NONE', #6663, 1000.000000000000000 ) ;
#10721 = CARTESIAN_POINT ( 'NONE',  ( -39.94026666726099961, 2.394518698657940536, 3.545000000010997798 ) ) ;
#10722 = VERTEX_POINT ( 'NONE', #9902 ) ;
#10723 = EDGE_CURVE ( 'NONE', #2387, #7005, #2619, .T. ) ;
#10724 = PRESENTATION_LAYER_ASSIGNMENT (  '', '', ( #2566 ) ) ;
#10725 = DIRECTION ( 'NONE',  ( 0.000000000000000000, -1.000000000000000000, 2.220446049250309876E-16 ) ) ;
#10726 = LINE ( 'NONE', #62, #5474 ) ;
#10727 =( LENGTH_UNIT ( ) NAMED_UNIT ( * ) SI_UNIT ( .MILLI., .METRE. ) );
#10728 = FILL_AREA_STYLE ('',( #2354 ) ) ;
#10729 = MECHANICAL_DESIGN_GEOMETRIC_PRESENTATION_REPRESENTATION (  '', ( #5345 ), #1320 ) ;
#10730 = DIRECTION ( 'NONE',  ( 0.000000000000000000, 0.000000000000000000, 1.000000000000000000 ) ) ;
#10731 = FILL_AREA_STYLE_COLOUR ( '', #4948 ) ;
#10732 = COLOUR_RGB ( '',1.000000000000000000, 0.9568627450980391469, 0.8862745098039215286 ) ;
#10733 = UNCERTAINTY_MEASURE_WITH_UNIT (LENGTH_MEASURE( 1.000000000000000082E-05 ), #8847, 'distance_accuracy_value', 'NONE');
#10734 = VERTEX_POINT ( 'NONE', #4192 ) ;
#10735 =( NAMED_UNIT ( * ) SI_UNIT ( $, .STERADIAN. ) SOLID_ANGLE_UNIT ( ) );
#10736 = VERTEX_POINT ( 'NONE', #6653 ) ;
#10737 = ORIENTED_EDGE ( 'NONE', *, *, #3813, .F. ) ;
#10738 = EDGE_CURVE ( 'NONE', #6278, #9785, #7520, .T. ) ;
#10739 = VECTOR ( 'NONE', #800, 1000.000000000000000 ) ;
#10740 = SURFACE_STYLE_FILL_AREA ( #9054 ) ;
#10741 = LINE ( 'NONE', #9871, #9164 ) ;
#10742 = DIRECTION ( 'NONE',  ( 0.000000000000000000, -1.000000000000000000, 0.000000000000000000 ) ) ;
#10743 = CARTESIAN_POINT ( 'NONE',  ( -48.84026666726100530, 0.1945186986579429955, 5.145000000010998775 ) ) ;
#10744 = PRESENTATION_STYLE_ASSIGNMENT (( #3957 ) ) ;
#10745 = DIRECTION ( 'NONE',  ( 2.209838822900390096E-16, 1.000000000000000000, -2.220446049250309876E-16 ) ) ;
#10746 = PLANE ( 'NONE',  #8790 ) ;
#10747 = VERTEX_POINT ( 'NONE', #10721 ) ;
#10748 = CARTESIAN_POINT ( 'NONE',  ( -19.70302962540589675, 10.21451869865800077, 3.945000000010995045 ) ) ;
#10749 = DIRECTION ( 'NONE',  ( -0.7071067811865500152, 0.000000000000000000, 0.7071067811865450192 ) ) ;
#10750 = VECTOR ( 'NONE', #6329, 1000.000000000000000 ) ;
#10751 = CARTESIAN_POINT ( 'NONE',  ( -46.24026666726099677, 2.794518698657940003, 3.955000000010998384 ) ) ;
#10752 = FACE_OUTER_BOUND ( 'NONE', #9559, .T. ) ;
#10753 = CARTESIAN_POINT ( 'NONE',  ( -39.54026666726100103, 9.294518698657999067, 5.135000000010998988 ) ) ;
#10754 = DIRECTION ( 'NONE',  ( 1.000000000000000000, 0.000000000000000000, 0.000000000000000000 ) ) ;
#10755 = LINE ( 'NONE', #6630, #5197 ) ;
#10756 = EDGE_LOOP ( 'NONE', ( #4564, #9731, #10177, #2239 ) ) ;
#10757 = DIRECTION ( 'NONE',  ( 0.000000000000000000, 1.000000000000000000, -4.336808689942017736E-16 ) ) ;
#10758 =( NAMED_UNIT ( * ) SI_UNIT ( $, .STERADIAN. ) SOLID_ANGLE_UNIT ( ) );
#10759 = ORIENTED_EDGE ( 'NONE', *, *, #8208, .T. ) ;
#10760 = STYLED_ITEM ( 'NONE', ( #9471 ), #2652 ) ;
#10761 = COLOUR_RGB ( '',1.000000000000000000, 0.9568627450980391469, 0.8862745098039215286 ) ;
#10762 = VERTEX_POINT ( 'NONE', #5928 ) ;
#10763 = CARTESIAN_POINT ( 'NONE',  ( -40.19026666726099961, 1.594518698657940048, 3.295000000010997354 ) ) ;
#10764 = SURFACE_STYLE_USAGE ( .BOTH. , #1436 ) ;
#10765 =( GEOMETRIC_REPRESENTATION_CONTEXT ( 3 ) GLOBAL_UNCERTAINTY_ASSIGNED_CONTEXT ( ( #5134 ) ) GLOBAL_UNIT_ASSIGNED_CONTEXT ( ( #380, #484, #6372 ) ) REPRESENTATION_CONTEXT ( 'NONE', 'WORKASPACE' ) );
#10766 = VECTOR ( 'NONE', #9192, 1000.000000000000000 ) ;
#10767 = SURFACE_SIDE_STYLE ('',( #7402 ) ) ;
#10768 = DIRECTION ( 'NONE',  ( 0.000000000000000000, 1.000000000000000000, -2.220446049250309876E-16 ) ) ;
#10769 = SURFACE_SIDE_STYLE ('',( #10478 ) ) ;
#10770 =( NAMED_UNIT ( * ) PLANE_ANGLE_UNIT ( ) SI_UNIT ( $, .RADIAN. ) );
#10771 = VERTEX_POINT ( 'NONE', #9958 ) ;
#10773 = UNCERTAINTY_MEASURE_WITH_UNIT (LENGTH_MEASURE( 1.000000000000000082E-05 ), #4471, 'distance_accuracy_value', 'NONE');
#10772 = COLOUR_RGB ( '',1.000000000000000000, 0.7568627450980391913, 0.5647058823529411686 ) ;
#10774 = FILL_AREA_STYLE_COLOUR ( '', #8032 ) ;
#10775 = EDGE_CURVE ( 'NONE', #5498, #4188, #2520, .T. ) ;
#10776 = MECHANICAL_DESIGN_GEOMETRIC_PRESENTATION_REPRESENTATION (  '', ( #4697 ), #3996 ) ;
#10777 = VECTOR ( 'NONE', #4159, 1000.000000000000000 ) ;
#10778 = EDGE_CURVE ( 'NONE', #2854, #1601, #1715, .T. ) ;
#10779 = DIRECTION ( 'NONE',  ( 0.000000000000000000, 2.220446049250309876E-16, 1.000000000000000000 ) ) ;
#10780 = VERTEX_POINT ( 'NONE', #897 ) ;
#10781 =( NAMED_UNIT ( * ) PLANE_ANGLE_UNIT ( ) SI_UNIT ( $, .RADIAN. ) );
#10782 = FILL_AREA_STYLE ('',( #5671 ) ) ;
#10783 = FILL_AREA_STYLE ('',( #3495 ) ) ;
#10784 = STYLED_ITEM ( 'NONE', ( #141 ), #9153 ) ;
#10785 = CARTESIAN_POINT ( 'NONE',  ( -27.20302962540589675, 20.61451869865799935, 1.085000000011000720 ) ) ;
#10786 = PRESENTATION_LAYER_ASSIGNMENT (  '', '', ( #7842 ) ) ;
#10787 = SURFACE_STYLE_FILL_AREA ( #10728 ) ;
#10788 = LINE ( 'NONE', #2466, #10720 ) ;
#10789 = EDGE_CURVE ( 'NONE', #4669, #2056, #4301, .T. ) ;
#10790 = LINE ( 'NONE', #789, #5515 ) ;
#10791 = ORIENTED_EDGE ( 'NONE', *, *, #4354, .F. ) ;
#10792 = DIRECTION ( 'NONE',  ( 1.000000000000000000, 0.000000000000000000, 0.000000000000000000 ) ) ;
#10793 = EDGE_CURVE ( 'NONE', #2189, #5176, #10473, .T. ) ;
#10794 = ORIENTED_EDGE ( 'NONE', *, *, #2341, .T. ) ;
#10795 = EDGE_LOOP ( 'NONE', ( #4478, #7572, #909, #8641 ) ) ;
#10796 = COLOUR_RGB ( '',1.000000000000000000, 0.9568627450980391469, 0.8862745098039215286 ) ;
#10797 = LINE ( 'NONE', #10022, #7097 ) ;
#10798 = CYLINDRICAL_SURFACE ( 'NONE', #1787, 0.1999999999999987899 ) ;
#10799 = DIRECTION ( 'NONE',  ( 0.000000000000000000, 1.000000000000000000, -2.220446049250309876E-16 ) ) ;
#10800 = CIRCLE ( 'NONE', #1218, 1.600000000000000089 ) ;
#10801 = SURFACE_STYLE_FILL_AREA ( #6566 ) ;
#10802 = CARTESIAN_POINT ( 'NONE',  ( -21.60302962540589888, 17.01451869865799793, 3.745000000010996644 ) ) ;
#10803 =( GEOMETRIC_REPRESENTATION_CONTEXT ( 3 ) GLOBAL_UNCERTAINTY_ASSIGNED_CONTEXT ( ( #6115 ) ) GLOBAL_UNIT_ASSIGNED_CONTEXT ( ( #10727, #3339, #611 ) ) REPRESENTATION_CONTEXT ( 'NONE', 'WORKASPACE' ) );
#10804 = ADVANCED_FACE ( 'NONE', ( #5170 ), #1825, .F. ) ;
#10805 = ADVANCED_FACE ( 'NONE', ( #2359, #7268 ), #10626, .F. ) ;
#10806 = VERTEX_POINT ( 'NONE', #461 ) ;
#10807 =( NAMED_UNIT ( * ) SI_UNIT ( $, .STERADIAN. ) SOLID_ANGLE_UNIT ( ) );
#10808 = CIRCLE ( 'NONE', #144, 0.1999999999999987899 ) ;
#10809 = CARTESIAN_POINT ( 'NONE',  ( -14.90026666726099869, 9.640427903162850143, 5.135000000010998988 ) ) ;
#10810 = UNCERTAINTY_MEASURE_WITH_UNIT (LENGTH_MEASURE( 1.000000000000000082E-05 ), #3984, 'distance_accuracy_value', 'NONE');
#10811 = CIRCLE ( 'NONE', #327, 0.1999999999999987899 ) ;
#10812 = AXIS2_PLACEMENT_3D ( 'NONE', #930, #8303, #7503 ) ;
#10813 = FILL_AREA_STYLE ('',( #9880 ) ) ;
#10814 = CARTESIAN_POINT ( 'NONE',  ( -28.47854998418979733, 3.714518698657950146, 3.345000000010998953 ) ) ;
#10815 = CIRCLE ( 'NONE', #4211, 0.1999999999999987899 ) ;
#10816 = CARTESIAN_POINT ( 'NONE',  ( -21.50302962540590102, 8.714518698658000773, 3.745000000010996644 ) ) ;
#10817 = VERTEX_POINT ( 'NONE', #8830 ) ;
#10818 = VECTOR ( 'NONE', #7137, 1000.000000000000000 ) ;
#10819 = SURFACE_STYLE_FILL_AREA ( #5822 ) ;
#10820 = CIRCLE ( 'NONE', #3356, 0.1999999999999987899 ) ;
#10821 = ORIENTED_EDGE ( 'NONE', *, *, #8540, .F. ) ;
#10822 = COLOUR_RGB ( '',0.07058823529411764608, 0.07058823529411764608, 0.07058823529411764608 ) ;
#10823 = EDGE_LOOP ( 'NONE', ( #6351, #10174, #9927, #10124 ) ) ;
#10824 = DIRECTION ( 'NONE',  ( 0.000000000000000000, 0.000000000000000000, -1.000000000000000000 ) ) ;
#10825 = SURFACE_STYLE_FILL_AREA ( #4127 ) ;
#10826 = PRESENTATION_LAYER_ASSIGNMENT (  '', '', ( #1967 ) ) ;
#10827 = FILL_AREA_STYLE_COLOUR ( '', #10796 ) ;
#10828 = NEXT_ASSEMBLY_USAGE_OCCURRENCE ( 'NAUO1', ' ', ' ', #2138, #7273, $ ) ;
#10829 = NEXT_ASSEMBLY_USAGE_OCCURRENCE ( 'NAUO2', ' ', ' ', #2138, #6474, $ ) ;
#10830 = NEXT_ASSEMBLY_USAGE_OCCURRENCE ( 'NAUO3', ' ', ' ', #6474, #9055, $ ) ;
#10831 = NEXT_ASSEMBLY_USAGE_OCCURRENCE ( 'NAUO4', ' ', ' ', #6474, #9055, $ ) ;
#10832 = NEXT_ASSEMBLY_USAGE_OCCURRENCE ( 'NAUO5', ' ', ' ', #6474, #9055, $ ) ;
#10833 = NEXT_ASSEMBLY_USAGE_OCCURRENCE ( 'NAUO6', ' ', ' ', #6474, #9055, $ ) ;
ENDSEC;
END-ISO-10303-21;
